{"type": "FeatureCollection", "features": [{"type": "Feature", "properties": {"District": "Karimnagar", "Mandal": "Chigurumamidi", "Company": "A & T Systems", "Address": "M/s. A & T Systems H. No. 71619/A/10 Flat No. 301Naina Residency Srinivasa Nagar (E)Ameerpet", "Mineral": "Black Granite", "MineralTyp": "QL", "SurveyNumb": "143", "LandType": "Govt.Land", "Production": 150000, "Dispatch": 150000, "ETS": 200000, "Notice": 50000, "Reg_From": "2024-11-04", "Reg_To": "2025-11-03", "ORIG_FID": 0}, "geometry": {"type": "Point", "coordinates": [79.235006, 18.22614]}}, {"type": "Feature", "properties": {"District": "Adilabad", "Mandal": "Bhainsa", "Company": "M/s. Aditi Pvt. Ltd. Plot No. 17 Road No. 11 Aleap Industrial Estate Via. KPHB JNTU Pragati Nagar Bachupally (M) Medchal dist.", "Address": "M/s. Aditi Pvt. Ltd. Plot No. 17 Road No. 11 Aleap Industrial Estate Via. KPHB JNTU Pragati Nagar Bachupally (M) Medchal dist.", "Mineral": "Colour Granite", "MineralTyp": "QL", "SurveyNumb": "163/B2", "LandType": "Patta Land", "Production": 75000, "Dispatch": 75000, "ETS": 100000, "Notice": 25000, "Reg_From": "2024-03-01", "Reg_To": "2026-02-28", "ORIG_FID": 2}, "geometry": {"type": "Point", "coordinates": [77.976184, 19.060754]}}, {"type": "Feature", "properties": {"District": "Nizamabad", "Mandal": "Makloor", "Company": "M/s. Arka Build Technologies Pvt. Ltd. Flot No. 106 Happy Homes Apartments Moti Nagar Erragadda", "Address": "M/s. Arka Build Technologies Pvt. Ltd. Flot No. 106 Happy Homes Apartments Moti Nagar Erragadda", "Mineral": "Colour Granite", "MineralTyp": "QL", "SurveyNumb": "941", "LandType": "Patta Land", "Production": 75000, "Dispatch": 75000, "ETS": 100000, "Notice": 25000, "Reg_From": "2018-07-16", "Reg_To": "2020-07-15", "ORIG_FID": 7}, "geometry": {"type": "Point", "coordinates": [78.196493, 18.759696]}}, {"type": "Feature", "properties": {"District": "Nizamabad", "Mandal": "Makloor", "Company": "M/s. Assure Energy Systems # 51 Aruna Enclave Trimulgherry Sec'bad", "Address": "M/s. Assure Energy Systems # 51 Aruna Enclave Trimulgherry Sec'bad", "Mineral": "Colour Granite", "MineralTyp": "QL", "SurveyNumb": "945", "LandType": "Govt.Land", "Production": 75000, "Dispatch": 75000, "ETS": 100000, "Notice": 25000, "Reg_From": "2024-07-10", "Reg_To": "2026-07-09", "ORIG_FID": 8}, "geometry": {"type": "Point", "coordinates": [78.083212, 18.817605]}}, {"type": "Feature", "properties": {"District": "Adilabad", "Mandal": "Mudhole", "Company": "M/s. Avghni Renewable Energy Systems India Pvt. Ltd. Plot. No.# 63/64 Seshachal Colony West Marredpally Sec'bad", "Address": "M/s. Avghni Renewable Energy Systems India Pvt. Ltd. Plot. No.# 63/64 Seshachal Colony West Marredpally Sec'bad", "Mineral": "Black Granite", "MineralTyp": "QL", "SurveyNumb": "127 & 128", "LandType": "Govt.Land", "Production": 150000, "Dispatch": 150000, "ETS": 200000, "Notice": 50000, "Reg_From": "2024-07-10", "Reg_To": "2026-07-09", "ORIG_FID": 9}, "geometry": {"type": "Point", "coordinates": [77.941466, 18.958186]}}, {"type": "Feature", "properties": {"District": "Nizamabad", "Mandal": "Nizamabad", "Company": "M/s. Axis Systems Shop No. 10 Sony Commercial Complex Prasanthi Nagar Industrial Estate Kukatpally 72.", "Address": "M/s. Axis Systems Shop No. 10 Sony Commercial Complex Prasanthi Nagar Industrial Estate Kukatpally 72.", "Mineral": "Black Granite", "MineralTyp": "QL", "SurveyNumb": "180 & 181 \r", "LandType": "Patta Land", "Production": 150000, "Dispatch": 150000, "ETS": 200000, "Notice": 50000, "Reg_From": "2024-07-01", "Reg_To": "2026-06-30", "ORIG_FID": 10}, "geometry": {"type": "Point", "coordinates": [78.049915, 18.718938]}}, {"type": "Feature", "properties": {"District": "Nizamabad", "Mandal": "Nizamabad", "Company": "M/s. Bandaru Energies Pvt. Ltd. # 21 63569/1/2/1 Rockdale Compound Somajiguda \u2013", "Address": "M/s. Bandaru Energies Pvt. Ltd. # 21 63569/1/2/1 Rockdale Compound Somajiguda \u2013", "Mineral": "Black Granite", "MineralTyp": "QL", "SurveyNumb": "334", "LandType": "Patta Land", "Production": 150000, "Dispatch": 150000, "ETS": 200000, "Notice": 50000, "Reg_From": "2021-07-10", "Reg_To": "2023-07-09", "ORIG_FID": 11}, "geometry": {"type": "Point", "coordinates": [78.032465, 18.596323]}}, {"type": "Feature", "properties": {"District": "Nizamabad", "Mandal": "Nizamabad", "Company": "M/s. Bhanu Energy Systems 108 A Block Vasudha Appt. Suchitra Medchal", "Address": "M/s. Bhanu Energy Systems 108 A Block Vasudha Appt. Suchitra Medchal", "Mineral": "Colour Granite", "MineralTyp": "QL", "SurveyNumb": "844,842, 838 and 843", "LandType": "Patta Land", "Production": 75000, "Dispatch": 75000, "ETS": 100000, "Notice": 25000, "Reg_From": "2018-07-10", "Reg_To": "2020-07-09", "ORIG_FID": 12}, "geometry": {"type": "Point", "coordinates": [78.077223, 18.658703]}}, {"type": "Feature", "properties": {"District": "Nizamabad", "Mandal": "Nizamabad", "Company": "M/s. Bhargava Engineers 58218/1 Pantakaluva Road Patamata Vijayawada", "Address": "M/s. Bhargava Engineers 58218/1 Pantakaluva Road Patamata Vijayawada", "Mineral": "Colour Granite", "MineralTyp": "QL", "SurveyNumb": "162/B1, B2 & B3", "LandType": "Patta Land", "Production": 75000, "Dispatch": 75000, "ETS": 100000, "Notice": 25000, "Reg_From": "2018-09-01", "Reg_To": "2020-08-31", "ORIG_FID": 13}, "geometry": {"type": "Point", "coordinates": [78.100111, 18.531339]}}, {"type": "Feature", "properties": {"District": "Nizamabad", "Mandal": "Nizamabad", "Company": "M/s. Budding Leaf Infratech Pvt. Ltd. Flot No. 603 RivieraAppt. Dwarakapuri Colony Punjagutta", "Address": "M/s. Budding Leaf Infratech Pvt. Ltd. Flot No. 603 RivieraAppt. Dwarakapuri Colony Punjagutta", "Mineral": "Black Granite", "MineralTyp": "QL", "SurveyNumb": "306/A/1", "LandType": "Patta Land", "Production": 150000, "Dispatch": 150000, "ETS": 200000, "Notice": 50000, "Reg_From": "2024-07-10", "Reg_To": "2026-07-09", "ORIG_FID": 14}, "geometry": {"type": "Point", "coordinates": [78.124686, 18.527092]}}, {"type": "Feature", "properties": {"District": "Adilabad", "Mandal": "Bhainsa", "Company": "M/s. BayMa 2 Engg. Solutions (P) Ltd. Flot No. 305 Virat Resedency Kompally Qutubullapur", "Address": "M/s. BayMa 2 Engg. Solutions (P) Ltd. Flot No. 305 Virat Resedency Kompally Qutubullapur", "Mineral": "Black Granite", "MineralTyp": "QL", "SurveyNumb": "305/A, 306/B", "LandType": "Patta Land", "Production": 150000, "Dispatch": 150000, "ETS": 200000, "Notice": 50000, "Reg_From": "2024-07-01", "Reg_To": "2026-06-30", "ORIG_FID": 15}, "geometry": {"type": "Point", "coordinates": [78.007946, 19.059761]}}, {"type": "Feature", "properties": {"District": "Adilabad", "Mandal": "Lokeswaram", "Company": "M/s. Coolkaru Info Solutions Pvt. Ltd. (OPC) 4th floor Plot No. 13 Kavuri Hills Phase II Ext Madhapur", "Address": "M/s. Coolkaru Info Solutions Pvt. Ltd. (OPC) 4th floor Plot No. 13 Kavuri Hills Phase II Ext Madhapur", "Mineral": "Black Granite", "MineralTyp": "QL", "SurveyNumb": "133", "LandType": "Govt.Land", "Production": 150000, "Dispatch": 150000, "ETS": 200000, "Notice": 50000, "Reg_From": "2025-12-10", "Reg_To": "2026-12-09", "ORIG_FID": 16}, "geometry": {"type": "Point", "coordinates": [78.086399, 18.994327]}}, {"type": "Feature", "properties": {"District": "Nizamabad", "Mandal": "Velpur", "Company": "M/s. Four Energy Systems Pvt. Ltd. /1/P/4024th floor Jewel Pawani Tower Somajiguda .", "Address": "M/s. Four Energy Systems Pvt. Ltd. /1/P/4024th floor Jewel Pawani Tower Somajiguda .", "Mineral": "Black Granite", "MineralTyp": "QL", "SurveyNumb": "104,105,107,108 & 108/D", "LandType": "Patta Land", "Production": 150000, "Dispatch": 150000, "ETS": 200000, "Notice": 50000, "Reg_From": "2024-07-10", "Reg_To": "2026-07-09", "ORIG_FID": 21}, "geometry": {"type": "Point", "coordinates": [78.343418, 18.753689]}}, {"type": "Feature", "properties": {"District": "Nizamabad", "Mandal": "Velpur", "Company": "M/s. Fourth Partner Energy Pvt. Ltd. Plot No. N46 No. 4910 HMT Nagar", "Address": "M/s. Fourth Partner Energy Pvt. Ltd. Plot No. N46 No. 4910 HMT Nagar", "Mineral": "Black Granite", "MineralTyp": "QL", "SurveyNumb": "265", "LandType": "Govt.Land", "Production": 150000, "Dispatch": 150000, "ETS": 200000, "Notice": 50000, "Reg_From": "2018-10-20", "Reg_To": "2020-10-19", "ORIG_FID": 22}, "geometry": {"type": "Point", "coordinates": [78.402586, 18.78095]}}, {"type": "Feature", "properties": {"District": "Nizamabad", "Mandal": "Velpur", "Company": "M/s.Free Energy Systems H.No. 61218 Namdevwada Nizambad", "Address": "M/s.Free Energy Systems H.No. 61218 Namdevwada Nizambad", "Mineral": "Black Granite", "MineralTyp": "QL", "SurveyNumb": "265", "LandType": "Govt.Land", "Production": 150000, "Dispatch": 150000, "ETS": 200000, "Notice": 50000, "Reg_From": "2023-03-14", "Reg_To": "2025-03-13", "ORIG_FID": 23}, "geometry": {"type": "Point", "coordinates": [78.362973, 18.812125]}}, {"type": "Feature", "properties": {"District": "Nizamabad", "Mandal": "Armur", "Company": "M/s. Fusion Technologies Pvt Ltd", "Address": "M/s. Fusion Technologies Pvt Ltd", "Mineral": "Black Granite", "MineralTyp": "QL", "SurveyNumb": "265", "LandType": "Govt.Land", "Production": 150000, "Dispatch": 150000, "ETS": 200000, "Notice": 50000, "Reg_From": "2018-07-10", "Reg_To": "2020-07-09", "ORIG_FID": 24}, "geometry": {"type": "Point", "coordinates": [78.323747, 18.805442]}}, {"type": "Feature", "properties": {"District": "Nizamabad", "Mandal": "Balkonda", "Company": "M/s. Go Grid Ltd. Flat No. 104 & 103 Block No. 13Rain Tree Park Malaysian Town Ship KPHB Colony", "Address": "M/s. Go Grid Ltd. Flat No. 104 & 103 Block No. 13Rain Tree Park Malaysian Town Ship KPHB Colony", "Mineral": "Gravel", "MineralTyp": "QL", "SurveyNumb": "168", "LandType": "Govt.Land", "Production": 250000, "Dispatch": 200000, "ETS": 300000, "Notice": 100000, "Reg_From": "2018-09-01", "Reg_To": "2020-08-31", "ORIG_FID": 26}, "geometry": {"type": "Point", "coordinates": [78.324703, 18.868257]}}, {"type": "Feature", "properties": {"District": "Adilabad", "Mandal": "Mudhole", "Company": "M/s. Ghrian Renewables Pvt. Ltd. Plot. No. 19 \"Green Tech Square\"4th Floor Kavurai Hills Phase III", "Address": "M/s. Ghrian Renewables Pvt. Ltd. Plot. No. 19 \"Green Tech Square\"4th Floor Kavurai Hills Phase III", "Mineral": "Colour Granite", "MineralTyp": "QL", "SurveyNumb": "48", "LandType": "Govt.Land", "Production": 75000, "Dispatch": 75000, "ETS": 100000, "Notice": 25000, "Reg_From": "2020-07-26", "Reg_To": "2022-07-25", "ORIG_FID": 28}, "geometry": {"type": "Point", "coordinates": [77.96592, 19.009401]}}, {"type": "Feature", "properties": {"District": "Adilabad", "Mandal": "Mudhole", "Company": "M/s. Gigawatt Pvt. Ltd. 1831 to 41 Kapadia Towers 3rd Floor Bapubagh Colony P.G. Road Secunderabad", "Address": "M/s. Gigawatt Pvt. Ltd. 1831 to 41 Kapadia Towers 3rd Floor Bapubagh Colony P.G. Road Secunderabad", "Mineral": "Colour Granite", "MineralTyp": "QL", "SurveyNumb": "154/1/F/3", "LandType": "Patta Land", "Production": 75000, "Dispatch": 75000, "ETS": 100000, "Notice": 25000, "Reg_From": "2022-07-16", "Reg_To": "2024-07-15", "ORIG_FID": 29}, "geometry": {"type": "Point", "coordinates": [78.015272, 18.940418]}}, {"type": "Feature", "properties": {"District": "Nizamabad", "Mandal": "Navipet", "Company": "M/s. Green Life Energy Solutions LLP H. No. LIGH 171/2RT Ground Floor Vijaya Nagar ColonyNear Andhra Bank Masab Tank", "Address": "M/s. Green Life Energy Solutions LLP H. No. LIGH 171/2RT Ground Floor Vijaya Nagar ColonyNear Andhra Bank Masab Tank", "Mineral": "Colour Granite", "MineralTyp": "QL", "SurveyNumb": "154/1/F/3", "LandType": "Patta Land", "Production": 75000, "Dispatch": 75000, "ETS": 100000, "Notice": 25000, "Reg_From": "2024-11-05", "Reg_To": "2025-11-04", "ORIG_FID": 30}, "geometry": {"type": "Point", "coordinates": [78.052629, 18.935386]}}, {"type": "Feature", "properties": {"District": "Nizamabad", "Mandal": "Dichpalle", "Company": "M/s. Hykon India (p) Ltd Hykon House Ikkandawarrier Road Thrissur Kerala India", "Address": "M/s. Hykon India (p) Ltd Hykon House Ikkandawarrier Road Thrissur Kerala India", "Mineral": "Black Granite", "MineralTyp": "QL", "SurveyNumb": "239,240 & 307", "LandType": "Govt.Land & Patta Land", "Production": 150000, "Dispatch": 150000, "ETS": 200000, "Notice": 50000, "Reg_From": "2018-07-23", "Reg_To": "2020-07-22", "ORIG_FID": 34}, "geometry": {"type": "Point", "coordinates": [78.213248, 18.534176]}}, {"type": "Feature", "properties": {"District": "Nizamabad", "Mandal": "Jakranpalle", "Company": "M/s. Junna Systems P. Ltd Plot No.17&18 IDA Prasanthi Nagar Ext. Vignanapuri ColonyKukutpally \u2013", "Address": "M/s. Junna Systems P. Ltd Plot No.17&18 IDA Prasanthi Nagar Ext. Vignanapuri ColonyKukutpally \u2013", "Mineral": "Colour Granite", "MineralTyp": "QL", "SurveyNumb": "162/A & 163/A", "LandType": "Patta Land", "Production": 75000, "Dispatch": 75000, "ETS": 100000, "Notice": 25000, "Reg_From": "2024-07-01", "Reg_To": "2026-06-30", "ORIG_FID": 36}, "geometry": {"type": "Point", "coordinates": [78.270515, 18.70874]}}, {"type": "Feature", "properties": {"District": "Medak", "Mandal": "Narayankhed", "Company": "M/s. Karvy Renewable Energy Projects Ltd. Karvy Millennium \u2013 Annex Building 1st Floor Plot No.31 Financial District Nanakramguda Gachibowli \u2013 .", "Address": "M/s. Karvy Renewable Energy Projects Ltd. Karvy Millennium \u2013 Annex Building 1st Floor Plot No.31 Financial District Nanakramguda Gachibowli \u2013 .", "Mineral": "Colour Granite", "MineralTyp": "QL", "SurveyNumb": "947", "LandType": "Govt.Land", "Production": 75000, "Dispatch": 75000, "ETS": 100000, "Notice": 25000, "Reg_From": "2020-12-16", "Reg_To": "2021-12-15", "ORIG_FID": 37}, "geometry": {"type": "Point", "coordinates": [77.7923, 18.045571]}}, {"type": "Feature", "properties": {"District": "Medak", "Mandal": "Shankarampet[A]", "Company": "M/s. LV's Sun Dwaraka Nagar Kahammam \u2013 Cell No.", "Address": "M/s. LV's Sun Dwaraka Nagar Kahammam \u2013 Cell No.", "Mineral": "Colour Granite", "MineralTyp": "QL", "SurveyNumb": "323", "LandType": "Govt.Land", "Production": 75000, "Dispatch": 75000, "ETS": 100000, "Notice": 25000, "Reg_From": "2020-11-25", "Reg_To": "2021-11-24", "ORIG_FID": 38}, "geometry": {"type": "Point", "coordinates": [77.867696, 18.025517]}}, {"type": "Feature", "properties": {"District": "Medak", "Mandal": "Raikode", "Company": "M/s. Mithra Systems H. No. 601/1/1/8 2nd floor Venkateshwara Enclave Suchitra 'X' Road Quthbullapur Jeedimetla", "Address": "M/s. Mithra Systems H. No. 601/1/1/8 2nd floor Venkateshwara Enclave Suchitra 'X' Road Quthbullapur Jeedimetla", "Mineral": "Black Granite", "MineralTyp": "QL", "SurveyNumb": "181/B & 183", "LandType": "Patta Land", "Production": 150000, "Dispatch": 150000, "ETS": 200000, "Notice": 50000, "Reg_From": "2020-09-01", "Reg_To": "2022-08-31", "ORIG_FID": 41}, "geometry": {"type": "Point", "coordinates": [77.826217, 17.821143]}}, {"type": "Feature", "properties": {"District": "Medak", "Mandal": "Regode", "Company": "M/s. Novus Green Energy Sys. Pvt. Ltd. # 100 Siddhi 1 st & 2nd floor P & T Colony Trimulgherry Sec'bad", "Address": "M/s. Novus Green Energy Sys. Pvt. Ltd. # 100 Siddhi 1 st & 2nd floor P & T Colony Trimulgherry Sec'bad", "Mineral": "Black Granite", "MineralTyp": "QL", "SurveyNumb": "156 & 183", "LandType": "Patta Land", "Production": 150000, "Dispatch": 150000, "ETS": 200000, "Notice": 50000, "Reg_From": "2020-08-10", "Reg_To": "2022-08-09", "ORIG_FID": 42}, "geometry": {"type": "Point", "coordinates": [77.854102, 17.995272]}}, {"type": "Feature", "properties": {"District": "Adilabad", "Mandal": "Khanapur1", "Company": "M/s. Guru H.No. 73310 Beside Ramakrishna Gardens ByPass Road Khammam", "Address": "M/s. Guru H.No. 73310 Beside Ramakrishna Gardens ByPass Road Khammam", "Mineral": "Black Granite", "MineralTyp": "QL", "SurveyNumb": "284", "LandType": "Govt.Land", "Production": 150000, "Dispatch": 150000, "ETS": 200000, "Notice": 50000, "Reg_From": "2024-06-25", "Reg_To": "2026-06-24", "ORIG_FID": 59}, "geometry": {"type": "Point", "coordinates": [78.54431, 19.143394]}}, {"type": "Feature", "properties": {"District": "Karimnagar", "Mandal": "Julapalle", "Company": "M/s. Soltek photovoltek pvt. Ltd. Head Office: Plot No. 47 & 62 Block A 03 New Autonagar Kanuru Vijayawada Branch Office: Flat No. 402 Plot No. 50 Gouthami Layout Manya Arcadia Kondapur (V) Ranga Reddy Dist.", "Address": "M/s. Soltek photovoltek pvt. Ltd. Head Office: Plot No. 47 & 62 Block A 03 New Autonagar Kanuru Vijayawada Branch Office: Flat No. 402 Plot No. 50 Gouthami Layout Manya Arcadia Kondapur (V) Ranga Reddy Dist.", "Mineral": "Mosaic Chips", "MineralTyp": "QL", "SurveyNumb": "11", "LandType": "Govt.Land", "Production": 250000, "Dispatch": 250000, "ETS": 255000, "Notice": 5000, "Reg_From": "2019-09-20", "Reg_To": "2020-09-19", "ORIG_FID": 61}, "geometry": {"type": "Point", "coordinates": [79.262902, 18.652399]}}, {"type": "Feature", "properties": {"District": "Adilabad", "Mandal": "Khanapur1", "Company": "M/s. Sparkman Infra Advisors (India) Private Limited H. No. 82248/A/5/42&29 Venkateshwara Hills ColonyRd. no. 3 Banjara Hills Cont. Person: Mr. Sudhir Tinnagiri", "Address": "M/s. Sparkman Infra Advisors (India) Private Limited H. No. 82248/A/5/42&29 Venkateshwara Hills ColonyRd. no. 3 Banjara Hills Cont. Person: Mr. Sudhir Tinnagiri", "Mineral": "Limestone Slabs", "MineralTyp": "QL", "SurveyNumb": "58", "LandType": "Patta Land", "Production": 50000, "Dispatch": 50000, "ETS": 52000, "Notice": 2000, "Reg_From": "2019-08-22", "Reg_To": "2020-08-21", "ORIG_FID": 62}, "geometry": {"type": "Point", "coordinates": [78.535185, 19.160242]}}, {"type": "Feature", "properties": {"District": "Karimnagar", "Mandal": "Dharmaram", "Company": "M/s. Sri Associates H.No. 14160/52 Plot No.52 Retreat Colony Old Awal", "Address": "M/s. Sri Associates H.No. 14160/52 Plot No.52 Retreat Colony Old Awal", "Mineral": "Limestone Slabs", "MineralTyp": "QL", "SurveyNumb": "129", "LandType": "Govt.Land", "Production": 50000, "Dispatch": 50000, "ETS": 52000, "Notice": 2000, "Reg_From": "2024-07-10", "Reg_To": "2026-07-09", "ORIG_FID": 63}, "geometry": {"type": "Point", "coordinates": [79.239197, 18.664756]}}, {"type": "Feature", "properties": {"District": "Karimnagar", "Mandal": "Dharmaram", "Company": "M/s. Sri Balaji Energies #6134 1st floor Chintala Narasimhulu Complex Lashkar Bazar Hanumakonda Warangal", "Address": "M/s. Sri Balaji Energies #6134 1st floor Chintala Narasimhulu Complex Lashkar Bazar Hanumakonda Warangal", "Mineral": "Black Granite", "MineralTyp": "QL", "SurveyNumb": "280", "LandType": "Govt.Land", "Production": 150000, "Dispatch": 150000, "ETS": 200000, "Notice": 50000, "Reg_From": "2024-10-20", "Reg_To": "2026-10-19", "ORIG_FID": 64}, "geometry": {"type": "Point", "coordinates": [79.223312, 18.676652]}}, {"type": "Feature", "properties": {"District": "Karimnagar", "Mandal": "Dharmaram", "Company": "M/s. Sri Savitr Pvt. Ltd. Plot No: F11/D IDA Kukatpally Gandhi Nagar .", "Address": "M/s. Sri Savitr Pvt. Ltd. Plot No: F11/D IDA Kukatpally Gandhi Nagar .", "Mineral": "Laterite", "MineralTyp": "QL", "SurveyNumb": "396/P", "LandType": "Govt.Land", "Production": 500000, "Dispatch": 500000, "ETS": 600000, "Notice": 100000, "Reg_From": "2025-11-26", "Reg_To": "2027-11-25", "ORIG_FID": 67}, "geometry": {"type": "Point", "coordinates": [79.269397, 18.726804]}}, {"type": "Feature", "properties": {"District": "Karimnagar", "Mandal": "Kamanpur", "Company": "M/s. Span Pumps Private Limited Off. No. 1001 Tower 2 10th floor Montreal Business Centre Baner RoadBaner Pune", "Address": "M/s. Span Pumps Private Limited Off. No. 1001 Tower 2 10th floor Montreal Business Centre Baner RoadBaner Pune", "Mineral": "Black Granite", "MineralTyp": "QL", "SurveyNumb": "138", "LandType": "Govt.Land", "Production": 150000, "Dispatch": 150000, "ETS": 200000, "Notice": 50000, "Reg_From": "2018-08-01", "Reg_To": "2019-07-31", "ORIG_FID": 68}, "geometry": {"type": "Point", "coordinates": [79.508902, 18.69347]}}, {"type": "Feature", "properties": {"District": "Karimnagar", "Mandal": "Kamanpur", "Company": "M/s. Sun Technologies 23 B Royal Enclave Manovikas NagarBowenpally Secbad \u2013", "Address": "M/s. Sun Technologies 23 B Royal Enclave Manovikas NagarBowenpally Secbad \u2013", "Mineral": "Black Granite", "MineralTyp": "QL", "SurveyNumb": "54", "LandType": "Govt.Land", "Production": 150000, "Dispatch": 150000, "ETS": 200000, "Notice": 50000, "Reg_From": "2023-05-16", "Reg_To": "2025-05-15", "ORIG_FID": 70}, "geometry": {"type": "Point", "coordinates": [79.535613, 18.715481]}}, {"type": "Feature", "properties": {"District": "Karimnagar", "Mandal": "Velgatoor", "Company": "M/s. Sunfield Energy Pvt. Ltd. Plot No: B3 Phase V IDA Kukatpally Gandhinagar \u2013", "Address": "M/s. Sunfield Energy Pvt. Ltd. Plot No: B3 Phase V IDA Kukatpally Gandhinagar \u2013", "Mineral": "Black Granite", "MineralTyp": "QL", "SurveyNumb": "729/21", "LandType": "Govt.Land", "Production": 150000, "Dispatch": 150000, "ETS": 200000, "Notice": 50000, "Reg_From": "2023-07-15", "Reg_To": "2024-07-16", "ORIG_FID": 72}, "geometry": {"type": "Point", "coordinates": [79.140235, 18.760677]}}, {"type": "Feature", "properties": {"District": "Karimnagar", "Mandal": "Velgatoor", "Company": "M/S. Sungrace Energy Solutions P. Ltd. F4 Road No. 12 IDA Nacharam", "Address": "M/S. Sungrace Energy Solutions P. Ltd. F4 Road No. 12 IDA Nacharam", "Mineral": "Black Granite", "MineralTyp": "QL", "SurveyNumb": "312", "LandType": "Govt.Land", "Production": 150000, "Dispatch": 150000, "ETS": 200000, "Notice": 50000, "Reg_From": "2023-08-26", "Reg_To": "2025-08-25", "ORIG_FID": 74}, "geometry": {"type": "Point", "coordinates": [79.256477, 18.766977]}}, {"type": "Feature", "properties": {"District": "Medak", "Mandal": "Pulkal", "Company": "M/s. Suntek Energy Systems Pvt. Ltd. Plot No. 77 2nd Floor Subhodaya Colony (Jashu Society) Allwyn Colony RoadKukatpally", "Address": "M/s. Suntek Energy Systems Pvt. Ltd. Plot No. 77 2nd Floor Subhodaya Colony (Jashu Society) Allwyn Colony RoadKukatpally", "Mineral": "Black Granite", "MineralTyp": "QL", "SurveyNumb": "870, 875 and 877", "LandType": "Patta Land", "Production": 150000, "Dispatch": 150000, "ETS": 200000, "Notice": 50000, "Reg_From": "2024-07-13", "Reg_To": "2026-07-12", "ORIG_FID": 75}, "geometry": {"type": "Point", "coordinates": [78.042083, 17.709499]}}, {"type": "Feature", "properties": {"District": "Karimnagar", "Mandal": "Velgatoor", "Company": "", "Address": "", "Mineral": "Black Granite", "MineralTyp": "QL", "SurveyNumb": "870", "LandType": "Govt.Land", "Production": 150000, "Dispatch": 150000, "ETS": 200000, "Notice": 50000, "Reg_From": "2022-04-21", "Reg_To": "2024-04-20", "ORIG_FID": 76}, "geometry": {"type": "Point", "coordinates": [79.258146, 18.78631]}}, {"type": "Feature", "properties": {"District": "Karimnagar", "Mandal": "Velgatoor", "Company": "M/s. Sunworks Energy Pvt. Ltd. Plot. No. 126 2nd Floor Jubilee Hills Road No.11 33", "Address": "M/s. Sunworks Energy Pvt. Ltd. Plot. No. 126 2nd Floor Jubilee Hills Road No.11 33", "Mineral": "Colour Granite", "MineralTyp": "QL", "SurveyNumb": "127", "LandType": "Govt.Land", "Production": 75000, "Dispatch": 75000, "ETS": 100000, "Notice": 25000, "Reg_From": "2024-01-16", "Reg_To": "2026-01-15", "ORIG_FID": 77}, "geometry": {"type": "Point", "coordinates": [79.162941, 18.784384]}}, {"type": "Feature", "properties": {"District": "Karimnagar", "Mandal": "Ramagundam", "Company": "M/s. Swelect Energy Systems Ltd. \"Swelect House\" No. 53rd floor Sir P. Sivaswamy Salai Mylapore Chennai Tamilnadu", "Address": "M/s. Swelect Energy Systems Ltd. \"Swelect House\" No. 53rd floor Sir P. Sivaswamy Salai Mylapore Chennai Tamilnadu", "Mineral": "Black Granite", "MineralTyp": "QL", "SurveyNumb": "149", "LandType": "Govt.Land", "Production": 150000, "Dispatch": 150000, "ETS": 200000, "Notice": 50000, "Reg_From": "2021-12-28", "Reg_To": "2023-12-27", "ORIG_FID": 78}, "geometry": {"type": "Point", "coordinates": [79.514724, 18.745751]}}, {"type": "Feature", "properties": {"District": "Karimnagar", "Mandal": "Velgatoor", "Company": "M/s. TATA Systems Limited No. 78 Electronic City Phase \u2013 1 Hosur Road Bangalore \u2013", "Address": "M/s. TATA Systems Limited No. 78 Electronic City Phase \u2013 1 Hosur Road Bangalore \u2013", "Mineral": "Black Granite", "MineralTyp": "QL", "SurveyNumb": "263", "LandType": "Govt.Land", "Production": 150000, "Dispatch": 150000, "ETS": 200000, "Notice": 50000, "Reg_From": "2018-10-01", "Reg_To": "2019-09-30", "ORIG_FID": 79}, "geometry": {"type": "Point", "coordinates": [79.290794, 18.805698]}}, {"type": "Feature", "properties": {"District": "Karimnagar", "Mandal": "Gollapalle", "Company": "M/s. Thrive Energy Pvt Ltd Plot No. 38/B Phase I IDA Cherlapally", "Address": "M/s. Thrive Energy Pvt Ltd Plot No. 38/B Phase I IDA Cherlapally", "Mineral": "Black Granite", "MineralTyp": "QL", "SurveyNumb": "280", "LandType": "Govt.Land", "Production": 150000, "Dispatch": 150000, "ETS": 200000, "Notice": 50000, "Reg_From": "2018-07-10", "Reg_To": "2020-07-09", "ORIG_FID": 81}, "geometry": {"type": "Point", "coordinates": [79.144888, 18.802855]}}, {"type": "Feature", "properties": {"District": "Medak", "Mandal": "Pulkal", "Company": "M/s. Uni Pvt.Ltd. TRT 377 Vidyanagar Beside Hanuman Temple", "Address": "M/s. Uni Pvt.Ltd. TRT 377 Vidyanagar Beside Hanuman Temple", "Mineral": "Laterite", "MineralTyp": "QL", "SurveyNumb": "116/P", "LandType": "Govt.Land", "Production": 500000, "Dispatch": 500000, "ETS": 600000, "Notice": 100000, "Reg_From": "2024-04-09", "Reg_To": "2026-04-08", "ORIG_FID": 82}, "geometry": {"type": "Point", "coordinates": [78.013474, 17.73863]}}, {"type": "Feature", "properties": {"District": "Adilabad", "Mandal": "Mancherial", "Company": "M/s. Vamana Energy Pvt. Ltd. Plot No. 20 82684/3/K/20 Kaushik Society Road No.12 Banjarahills", "Address": "M/s. Vamana Energy Pvt. Ltd. Plot No. 20 82684/3/K/20 Kaushik Society Road No.12 Banjarahills", "Mineral": "Black Granite", "MineralTyp": "QL", "SurveyNumb": "527", "LandType": "Govt.Land", "Production": 150000, "Dispatch": 150000, "ETS": 200000, "Notice": 50000, "Reg_From": "2022-07-26", "Reg_To": "2024-07-25", "ORIG_FID": 84}, "geometry": {"type": "Point", "coordinates": [79.315133, 18.815953]}}, {"type": "Feature", "properties": {"District": "Karimnagar", "Mandal": "Velgatoor", "Company": "M/s. Vulcan Energy Systems E6 Vikrampuri colony Karkhana Secunderabad", "Address": "M/s. Vulcan Energy Systems E6 Vikrampuri colony Karkhana Secunderabad", "Mineral": "Black Granite", "MineralTyp": "QL", "SurveyNumb": "264", "LandType": "Govt.Land", "Production": 150000, "Dispatch": 150000, "ETS": 200000, "Notice": 50000, "Reg_From": "2024-07-10", "Reg_To": "2026-07-09", "ORIG_FID": 85}, "geometry": {"type": "Point", "coordinates": [79.144864, 18.827285]}}, {"type": "Feature", "properties": {"District": "Karimnagar", "Mandal": "Velgatoor", "Company": "M/s. WAAREE Energies Ltd. 602 Western Edge \u2013 1 Western Express Highway Borivali (E) Mumbai \u2013 Contact Person: Mr. A. Kiran Kumar", "Address": "M/s. WAAREE Energies Ltd. 602 Western Edge \u2013 1 Western Express Highway Borivali (E) Mumbai \u2013 Contact Person: Mr. A. Kiran Kumar", "Mineral": "Black Granite", "MineralTyp": "QL", "SurveyNumb": "598", "LandType": "Govt.Land", "Production": 150000, "Dispatch": 150000, "ETS": 200000, "Notice": 50000, "Reg_From": "2018-12-01", "Reg_To": "2020-11-30", "ORIG_FID": 86}, "geometry": {"type": "Point", "coordinates": [79.216332, 18.827753]}}, {"type": "Feature", "properties": {"District": "Karimnagar", "Mandal": "Velgatoor", "Company": "M/s. Wind Stream Energy Technologies India Pvt. Ltd. Plot. No. 273 G2 SSH Pride Road No. 78 Jubilee Hills", "Address": "M/s. Wind Stream Energy Technologies India Pvt. Ltd. Plot. No. 273 G2 SSH Pride Road No. 78 Jubilee Hills", "Mineral": "Black Granite", "MineralTyp": "QL", "SurveyNumb": "598", "LandType": "Govt.Land", "Production": 150000, "Dispatch": 150000, "ETS": 200000, "Notice": 50000, "Reg_From": "2021-07-23", "Reg_To": "2022-07-22", "ORIG_FID": 87}, "geometry": {"type": "Point", "coordinates": [79.26395, 18.825641]}}, {"type": "Feature", "properties": {"District": "Karimnagar", "Mandal": "Velgatoor", "Company": "M/s. KKN Energy Private Limited Vridhi Flat No. D2 No. 45 1st Main Road Raja Annamalaipuram puram Chennai", "Address": "M/s. KKN Energy Private Limited Vridhi Flat No. D2 No. 45 1st Main Road Raja Annamalaipuram puram Chennai", "Mineral": "Black Granite", "MineralTyp": "QL", "SurveyNumb": "32", "LandType": "Patta Land", "Production": 150000, "Dispatch": 150000, "ETS": 200000, "Notice": 50000, "Reg_From": "2019-11-06", "Reg_To": "2021-11-05", "ORIG_FID": 88}, "geometry": {"type": "Point", "coordinates": [79.277875, 18.824514]}}, {"type": "Feature", "properties": {"District": "Karimnagar", "Mandal": "Chandurthi", "Company": "M/s. Zolt Energy Pvt. Ltd. B83 Gate No. 5 APIE Balanagar Balanagar", "Address": "M/s. Zolt Energy Pvt. Ltd. B83 Gate No. 5 APIE Balanagar Balanagar", "Mineral": "Colour Granite", "MineralTyp": "QL", "SurveyNumb": "141", "LandType": "Govt.Land", "Production": 75000, "Dispatch": 75000, "ETS": 100000, "Notice": 25000, "Reg_From": "2019-06-01", "Reg_To": "2021-05-31", "ORIG_FID": 90}, "geometry": {"type": "Point", "coordinates": [78.755449, 18.569668]}}, {"type": "Feature", "properties": {"District": "Karimnagar", "Mandal": "Chandurthi", "Company": "M/s. Volga Solutions Pvt. Ltd. S. No. Bachupally Rangareddy Pin. No. Cont. Person: Sri G. Karthik", "Address": "M/s. Volga Solutions Pvt. Ltd. S. No. Bachupally Rangareddy Pin. No. Cont. Person: Sri G. Karthik", "Mineral": "Black Granite", "MineralTyp": "QL", "SurveyNumb": "12", "LandType": "Govt.Land", "Production": 150000, "Dispatch": 150000, "ETS": 200000, "Notice": 50000, "Reg_From": "2019-09-13", "Reg_To": "2021-09-12", "ORIG_FID": 91}, "geometry": {"type": "Point", "coordinates": [78.770461, 18.571027]}}, {"type": "Feature", "properties": {"District": "Nizamabad", "Mandal": "Kammarpalle", "Company": "M/s. RK Systems H. No. 83214/7/1 Gajalakshmi Estates Srinivasa Colony (West) S.R. Nagar Cont. Person: Sri S. Rajkumar Abhimanyu", "Address": "M/s. RK Systems H. No. 83214/7/1 Gajalakshmi Estates Srinivasa Colony (West) S.R. Nagar Cont. Person: Sri S. Rajkumar Abhimanyu", "Mineral": "Black Granite", "MineralTyp": "QL", "SurveyNumb": "32", "LandType": "Patta Land", "Production": 100000, "Dispatch": 100000, "ETS": 120000, "Notice": 20000, "Reg_From": "2019-09-20", "Reg_To": "2020-09-19", "ORIG_FID": 93}, "geometry": {"type": "Point", "coordinates": [78.654593, 18.608108]}}, {"type": "Feature", "properties": {"District": "Karimnagar", "Mandal": "Kodimial", "Company": "M/s. Sauryouth Enterprises H. No. 4398 EWS Colony Opp. Sunshine Park Ghatkesar Medchal Dist. Cont. Person: Mr. Sathish Reddy", "Address": "M/s. Sauryouth Enterprises H. No. 4398 EWS Colony Opp. Sunshine Park Ghatkesar Medchal Dist. Cont. Person: Mr. Sathish Reddy", "Mineral": "Black Granite", "MineralTyp": "QL", "SurveyNumb": "207", "LandType": "Govt.Land", "Production": 100000, "Dispatch": 100000, "ETS": 120000, "Notice": 20000, "Reg_From": "2019-09-27", "Reg_To": "2021-09-26", "ORIG_FID": 94}, "geometry": {"type": "Point", "coordinates": [78.829343, 18.613841]}}, {"type": "Feature", "properties": {"District": "Karimnagar", "Mandal": "Chandurthi", "Company": "M/s. Ilios Pvt. Ltd. 1st floor Plot # 28 Ashwini Layout Jubilee Hills \u2013", "Address": "M/s. Ilios Pvt. Ltd. 1st floor Plot # 28 Ashwini Layout Jubilee Hills \u2013", "Mineral": "Black Granite", "MineralTyp": "QL", "SurveyNumb": "207", "LandType": "Govt.Land", "Production": 100000, "Dispatch": 100000, "ETS": 120000, "Notice": 20000, "Reg_From": "2018-10-15", "Reg_To": "2020-10-14", "ORIG_FID": 95}, "geometry": {"type": "Point", "coordinates": [78.806733, 18.612147]}}, {"type": "Feature", "properties": {"District": "Karimnagar", "Mandal": "Chandurthi", "Company": "M/s. Bull Enegy LLP. A202 Aditya Hill Top Film Nagar Near Senor Valley Villas", "Address": "M/s. Bull Enegy LLP. A202 Aditya Hill Top Film Nagar Near Senor Valley Villas", "Mineral": "Black Granite", "MineralTyp": "QL", "SurveyNumb": "207", "LandType": "Govt.Land", "Production": 100000, "Dispatch": 100000, "ETS": 120000, "Notice": 20000, "Reg_From": "2023-06-01", "Reg_To": "2025-05-31", "ORIG_FID": 96}, "geometry": {"type": "Point", "coordinates": [78.743951, 18.617181]}}, {"type": "Feature", "properties": {"District": "Nizamabad", "Mandal": "Kammarpalle", "Company": "M/s. Swadeshi Energy Solutions (India) Pvt. Ltd. F. No. 102 1st floor H. No. 1115140/1White House beside laneDoctor's Colony Sarror Nagar Hyd .", "Address": "M/s. Swadeshi Energy Solutions (India) Pvt. Ltd. F. No. 102 1st floor H. No. 1115140/1White House beside laneDoctor's Colony Sarror Nagar Hyd .", "Mineral": "Black Granite", "MineralTyp": "QL", "SurveyNumb": "12", "LandType": "Govt.Land", "Production": 100000, "Dispatch": 100000, "ETS": 120000, "Notice": 20000, "Reg_From": "2024-07-16", "Reg_To": "2026-07-15", "ORIG_FID": 97}, "geometry": {"type": "Point", "coordinates": [78.639669, 18.636816]}}, {"type": "Feature", "properties": {"District": "Karimnagar", "Mandal": "Medipalle", "Company": "M/s. Sravanthi H. No. 5713 Chandrabushan Reddy ComplexOpp. Balaji Lab KhaleelwadiNzb", "Address": "M/s. Sravanthi H. No. 5713 Chandrabushan Reddy ComplexOpp. Balaji Lab KhaleelwadiNzb", "Mineral": "Black Granite", "MineralTyp": "QL", "SurveyNumb": "12", "LandType": "Govt.Land", "Production": 100000, "Dispatch": 100000, "ETS": 120000, "Notice": 20000, "Reg_From": "2023-03-17", "Reg_To": "2025-03-16", "ORIG_FID": 98}, "geometry": {"type": "Point", "coordinates": [78.786973, 18.656571]}}, {"type": "Feature", "properties": {"District": "Karimnagar", "Mandal": "Kathlapur", "Company": "M/s. Planet Energy Technologies Pvt. Ltd. Plot No. 3/23/3 and 3/4 H. No. /3/2 3rd floor Tulasi Nagar HMT Hills Kukatpally", "Address": "M/s. Planet Energy Technologies Pvt. Ltd. Plot No. 3/23/3 and 3/4 H. No. /3/2 3rd floor Tulasi Nagar HMT Hills Kukatpally", "Mineral": "Black Granite", "MineralTyp": "QL", "SurveyNumb": "207", "LandType": "Govt.Land", "Production": 100000, "Dispatch": 100000, "ETS": 120000, "Notice": 20000, "Reg_From": "2023-07-23", "Reg_To": "2025-07-22", "ORIG_FID": 99}, "geometry": {"type": "Point", "coordinates": [78.714655, 18.658718]}}, {"type": "Feature", "properties": {"District": "Nizamabad", "Mandal": "Kammarpalle", "Company": "M/s. RRRK Associates Pvt. Ltd. 3134/Plot No. 4142 Balaji Park Town Nizampet", "Address": "M/s. RRRK Associates Pvt. Ltd. 3134/Plot No. 4142 Balaji Park Town Nizampet", "Mineral": "Black Granite", "MineralTyp": "QL", "SurveyNumb": "365, 366", "LandType": "Patta Land", "Production": 100000, "Dispatch": 100000, "ETS": 120000, "Notice": 20000, "Reg_From": "2019-09-27", "Reg_To": "2021-09-26", "ORIG_FID": 100}, "geometry": {"type": "Point", "coordinates": [78.637879, 18.663924]}}, {"type": "Feature", "properties": {"District": "Karimnagar", "Mandal": "Medipalle", "Company": "M/s. Bright Ltd. C 103 Titanium Square Nr. Thaltej Cross Road S.G.Highway Ahmedabad Gujarat", "Address": "M/s. Bright Ltd. C 103 Titanium Square Nr. Thaltej Cross Road S.G.Highway Ahmedabad Gujarat", "Mineral": "Colour Granite", "MineralTyp": "QL", "SurveyNumb": "280", "LandType": "Govt.Land", "Production": 75000, "Dispatch": 75000, "ETS": 100000, "Notice": 25000, "Reg_From": "2018-08-20", "Reg_To": "2020-08-19", "ORIG_FID": 101}, "geometry": {"type": "Point", "coordinates": [78.787102, 18.675856]}}, {"type": "Feature", "properties": {"District": "Medak", "Mandal": "Chinnakodur", "Company": "M/s. Apparna Engineering Works R/o Sy. No.176 Cherlapally(V) Kapra Gharkesar (M) Medchal dist.", "Address": "M/s. Apparna Engineering Works R/o Sy. No.176 Cherlapally(V) Kapra Gharkesar (M) Medchal dist.", "Mineral": "Colour Granite", "MineralTyp": "QL", "SurveyNumb": "382", "LandType": "Govt.Land", "Production": 75000, "Dispatch": 75000, "ETS": 100000, "Notice": 25000, "Reg_From": "2018-07-10", "Reg_To": "2020-07-09", "ORIG_FID": 102}, "geometry": {"type": "Point", "coordinates": [78.778826, 18.252564]}}, {"type": "Feature", "properties": {"District": "Karimnagar", "Mandal": "Medipalle", "Company": "M/s. SOLON India Pvt Ltd Regd Office. Plot No. D52 Phase \u2013 5 I.D.A Jeedimetla \u2013 Cell No.", "Address": "M/s. SOLON India Pvt Ltd Regd Office. Plot No. D52 Phase \u2013 5 I.D.A Jeedimetla \u2013 Cell No.", "Mineral": "Black Granite", "MineralTyp": "QL", "SurveyNumb": "207", "LandType": "Govt.Land", "Production": 100000, "Dispatch": 100000, "ETS": 120000, "Notice": 20000, "Reg_From": "2018-07-16", "Reg_To": "2020-07-15", "ORIG_FID": 103}, "geometry": {"type": "Point", "coordinates": [78.80556, 18.689048]}}, {"type": "Feature", "properties": {"District": "Karimnagar", "Mandal": "Medipalle", "Company": "M/s. Lakshmikunds Pvt. Ltd. Plat No. /RP/101 Sanath Nagar", "Address": "M/s. Lakshmikunds Pvt. Ltd. Plat No. /RP/101 Sanath Nagar", "Mineral": "Limestone Slabs", "MineralTyp": "QL", "SurveyNumb": "156", "LandType": "Patta Land", "Production": 50000, "Dispatch": 50000, "ETS": 52000, "Notice": 2000, "Reg_From": "2024-01-10", "Reg_To": "2026-01-09", "ORIG_FID": 104}, "geometry": {"type": "Point", "coordinates": [78.824516, 18.696416]}}, {"type": "Feature", "properties": {"District": "Karimnagar", "Mandal": "Sircilla", "Company": "M/s. Energy Devices 721/A/22 Balkampet (Near Petrol Pump) Cont. Person: Vijay Rahit", "Address": "M/s. Energy Devices 721/A/22 Balkampet (Near Petrol Pump) Cont. Person: Vijay Rahit", "Mineral": "Black Granite", "MineralTyp": "QL", "SurveyNumb": "300", "LandType": "Patta Land", "Production": 100000, "Dispatch": 100000, "ETS": 120000, "Notice": 20000, "Reg_From": "2023-04-11", "Reg_To": "2024-04-10", "ORIG_FID": 107}, "geometry": {"type": "Point", "coordinates": [78.83675, 18.291181]}}, {"type": "Feature", "properties": {"District": "Karimnagar", "Mandal": "Sircilla", "Company": "M/s. VARP Pvt. Ltd. 14879/B/4 Plot No. 4 Megacity 921 Bakaram Street 7Gandhinagar", "Address": "M/s. VARP Pvt. Ltd. 14879/B/4 Plot No. 4 Megacity 921 Bakaram Street 7Gandhinagar", "Mineral": "Black Granite", "MineralTyp": "QL", "SurveyNumb": "784", "LandType": "Govt.Land", "Production": 100000, "Dispatch": 100000, "ETS": 120000, "Notice": 20000, "Reg_From": "2019-09-27", "Reg_To": "2021-09-26", "ORIG_FID": 108}, "geometry": {"type": "Point", "coordinates": [78.85946, 18.289397]}}, {"type": "Feature", "properties": {"District": "Karimnagar", "Mandal": "Ellanthakunta", "Company": "M/s.Hyperion Green Energy Pvt Ltd", "Address": "M/s.Hyperion Green Energy Pvt Ltd", "Mineral": "Colour Granite", "MineralTyp": "QL", "SurveyNumb": "297", "LandType": "Govt.Land", "Production": 75000, "Dispatch": 75000, "ETS": 100000, "Notice": 25000, "Reg_From": "2018-07-16", "Reg_To": "2020-07-15", "ORIG_FID": 109}, "geometry": {"type": "Point", "coordinates": [78.898343, 18.308762]}}, {"type": "Feature", "properties": {"District": "Karimnagar", "Mandal": "Koratla", "Company": "M/s. Accutech Infosystems Pvt. Ltd. 31/7 2RT Prakash Nagar Begumpet", "Address": "M/s. Accutech Infosystems Pvt. Ltd. 31/7 2RT Prakash Nagar Begumpet", "Mineral": "Black Granite", "MineralTyp": "QL", "SurveyNumb": "154", "LandType": "Govt.Land", "Production": 100000, "Dispatch": 100000, "ETS": 120000, "Notice": 20000, "Reg_From": "2024-10-01", "Reg_To": "2026-09-30", "ORIG_FID": 117}, "geometry": {"type": "Point", "coordinates": [78.677677, 18.822527]}}, {"type": "Feature", "properties": {"District": "Karimnagar", "Mandal": "Koratla", "Company": "M/s. Sunalpha Energy Pvt. Ltd. 104105106107 1st floor C94 Fortune Heights Subhash Marg Jaipur Rajasthan Cont. Person: BVSS Saikrishna", "Address": "M/s. Sunalpha Energy Pvt. Ltd. 104105106107 1st floor C94 Fortune Heights Subhash Marg Jaipur Rajasthan Cont. Person: BVSS Saikrishna", "Mineral": "Black Granite", "MineralTyp": "QL", "SurveyNumb": "10", "LandType": "Govt.Land", "Production": 100000, "Dispatch": 100000, "ETS": 120000, "Notice": 20000, "Reg_From": "2019-08-05", "Reg_To": "2021-08-04", "ORIG_FID": 118}, "geometry": {"type": "Point", "coordinates": [78.74599, 18.838277]}}, {"type": "Feature", "properties": {"District": "Karimnagar", "Mandal": "Koratla", "Company": "M/s.Nava Bharat Construction 155/193/D2 CMC Layout Near Pearl Village Kondapur", "Address": "M/s.Nava Bharat Construction 155/193/D2 CMC Layout Near Pearl Village Kondapur", "Mineral": "Black Granite", "MineralTyp": "QL", "SurveyNumb": "81", "LandType": "Govt.Land", "Production": 100000, "Dispatch": 100000, "ETS": 120000, "Notice": 20000, "Reg_From": "2018-07-10", "Reg_To": "2020-07-09", "ORIG_FID": 119}, "geometry": {"type": "Point", "coordinates": [78.676961, 18.841692]}}, {"type": "Feature", "properties": {"District": "Medak", "Mandal": "Shankarampet[A]", "Company": "M/s. Sun Shine Solution Pvt. Ltd. Lakshmi Chambers 3rd Floor No. 30 Anna Salai Little Mount SaidapetChennai", "Address": "M/s. Sun Shine Solution Pvt. Ltd. Lakshmi Chambers 3rd Floor No. 30 Anna Salai Little Mount SaidapetChennai", "Mineral": "Black Granite", "MineralTyp": "QL", "SurveyNumb": "34 & 36", "LandType": "Govt.Land", "Production": 100000, "Dispatch": 100000, "ETS": 120000, "Notice": 20000, "Reg_From": "2019-08-16", "Reg_To": "2021-08-15", "ORIG_FID": 120}, "geometry": {"type": "Point", "coordinates": [77.959868, 18.057052]}}, {"type": "Feature", "properties": {"District": "Karimnagar", "Mandal": "Metpalle", "Company": "M/s. Sree Sai Electronics # Survey No 262 Near SBH Bank Phase II Cherlapally", "Address": "M/s. Sree Sai Electronics # Survey No 262 Near SBH Bank Phase II Cherlapally", "Mineral": "Limestone", "MineralTyp": "ML", "SurveyNumb": "517 to 558, 565 to 567, 569, 570, 572 to 587 & 34/P, 41 to 43, 49 to 52, 62", "LandType": "Govt Land (255.510) & Patta Land (98.726)", "Production": 1000000, "Dispatch": 1000000, "ETS": 1005000, "Notice": 5000, "Reg_From": "2024-07-23", "Reg_To": "2026-07-22", "ORIG_FID": 121}, "geometry": {"type": "Point", "coordinates": [78.603046, 18.841182]}}, {"type": "Feature", "properties": {"District": "Medak", "Mandal": "Ramayampet", "Company": "M/s. Sri Krishna Systems # /1 2nd Floor Chandragiri Colony Safilguda", "Address": "M/s. Sri Krishna Systems # /1 2nd Floor Chandragiri Colony Safilguda", "Mineral": "Quartz", "MineralTyp": "QL", "SurveyNumb": "153", "LandType": "Govt.Land", "Production": 250000, "Dispatch": 250000, "ETS": 255000, "Notice": 5000, "Reg_From": "2024-04-25", "Reg_To": "2025-04-24", "ORIG_FID": 125}, "geometry": {"type": "Point", "coordinates": [78.49697, 18.153133]}}, {"type": "Feature", "properties": {"District": "Adilabad", "Mandal": "Nennal", "Company": "M/s. Vigna Vijay Digital Solutions H.No. 599/6 Vignan Sadan Bhoopati Rao Nagar Loyola College Road Old Alwal Secunderabad", "Address": "M/s. Vigna Vijay Digital Solutions H.No. 599/6 Vignan Sadan Bhoopati Rao Nagar Loyola College Road Old Alwal Secunderabad", "Mineral": "Black Granite", "MineralTyp": "QL", "SurveyNumb": "75", "LandType": "Govt.Land", "Production": 100000, "Dispatch": 100000, "ETS": 120000, "Notice": 20000, "Reg_From": "2019-07-28", "Reg_To": "2020-07-27", "ORIG_FID": 131}, "geometry": {"type": "Point", "coordinates": [79.590341, 19.082306]}}, {"type": "Feature", "properties": {"District": "Adilabad", "Mandal": "Nennal", "Company": "M/s. Zunroof Tech. PVT. LTD. 6th floor Paras Trinity Sector 63Gurgaon Haryana", "Address": "M/s. Zunroof Tech. PVT. LTD. 6th floor Paras Trinity Sector 63Gurgaon Haryana", "Mineral": "Black Granite", "MineralTyp": "QL", "SurveyNumb": "16", "LandType": "Govt.Land", "Production": 100000, "Dispatch": 100000, "ETS": 120000, "Notice": 20000, "Reg_From": "2021-09-20", "Reg_To": "2022-09-19", "ORIG_FID": 132}, "geometry": {"type": "Point", "coordinates": [79.617927, 19.077342]}}, {"type": "Feature", "properties": {"District": "Adilabad", "Mandal": "Nennal", "Company": "M/s. ARCEDO Systems #402 4th floor Plot No. 1486 (Part)Amarendar Sunita Homes Pragathi Nagar", "Address": "M/s. ARCEDO Systems #402 4th floor Plot No. 1486 (Part)Amarendar Sunita Homes Pragathi Nagar", "Mineral": "Limestone Slabs", "MineralTyp": "QL", "SurveyNumb": "420", "LandType": "Govt.Land", "Production": 50000, "Dispatch": 50000, "ETS": 52000, "Notice": 2000, "Reg_From": "2020-11-16", "Reg_To": "2022-11-15", "ORIG_FID": 133}, "geometry": {"type": "Point", "coordinates": [79.692623, 19.070489]}}, {"type": "Feature", "properties": {"District": "Nalgonda", "Mandal": "Sali Gouraram", "Company": "M/s. Jaagruthi and Infra Private Limited Plot 122 & 123 Krishna Building 5th Floor Diamond Hills Lumbini Avenue Gachibowli", "Address": "M/s. Jaagruthi and Infra Private Limited Plot 122 & 123 Krishna Building 5th Floor Diamond Hills Lumbini Avenue Gachibowli", "Mineral": "Quartz", "MineralTyp": "QL", "SurveyNumb": "247", "LandType": "Govt.Land", "Production": 250000, "Dispatch": 250000, "ETS": 255000, "Notice": 5000, "Reg_From": "2024-05-18", "Reg_To": "2025-05-17", "ORIG_FID": 136}, "geometry": {"type": "Point", "coordinates": [79.397607, 17.264766]}}, {"type": "Feature", "properties": {"District": "Nalgonda", "Mandal": "Bhongir", "Company": "M/s. Access Technologies Ground Floor Plot No.997 Beside Karur Vysya Bank Lane Pragathi Nagar", "Address": "M/s. Access Technologies Ground Floor Plot No.997 Beside Karur Vysya Bank Lane Pragathi Nagar", "Mineral": "Mosaic Chips", "MineralTyp": "QL", "SurveyNumb": "123/1", "LandType": "Patta Land", "Production": 250000, "Dispatch": 250000, "ETS": 255000, "Notice": 5000, "Reg_From": "2020-11-25", "Reg_To": "2022-11-24", "ORIG_FID": 138}, "geometry": {"type": "Point", "coordinates": [78.904786, 17.465176]}}, {"type": "Feature", "properties": {"District": "Nalgonda", "Mandal": "Bibinagar", "Company": "M/s. Arka Energy Solutions H.No. 8 S.B.I. Colony Manovikas Nagar Secunderabad \u2013", "Address": "M/s. Arka Energy Solutions H.No. 8 S.B.I. Colony Manovikas Nagar Secunderabad \u2013", "Mineral": "Limestone Slabs", "MineralTyp": "QL", "SurveyNumb": "124", "LandType": "Patta Land", "Production": 50000, "Dispatch": 50000, "ETS": 52000, "Notice": 2000, "Reg_From": "2022-11-25", "Reg_To": "2024-11-24", "ORIG_FID": 139}, "geometry": {"type": "Point", "coordinates": [78.787114, 17.428941]}}, {"type": "Feature", "properties": {"District": "Nalgonda", "Mandal": "Bhongir", "Company": "M/s. Amplus KN One Pvt Ltd Level \u2013 6 Emaar \u2013 The Plan Square Golf Course Extension Road Sector \u2013 66 Gurgaon \u2013 Haryana.", "Address": "M/s. Amplus KN One Pvt Ltd Level \u2013 6 Emaar \u2013 The Plan Square Golf Course Extension Road Sector \u2013 66 Gurgaon \u2013 Haryana.", "Mineral": "Limestone Slabs", "MineralTyp": "QL", "SurveyNumb": "124", "LandType": "Patta Land", "Production": 50000, "Dispatch": 50000, "ETS": 52000, "Notice": 2000, "Reg_From": "2022-11-25", "Reg_To": "2024-11-24", "ORIG_FID": 140}, "geometry": {"type": "Point", "coordinates": [78.920815, 17.422243]}}, {"type": "Feature", "properties": {"District": "Nalgonda", "Mandal": "Bhongir", "Company": "M/s. Ishaan Pvt Ltd 11th Floor Bascon Future SV IT Park Venkat Narayan Road T. Nagar Chennai \u2013", "Address": "M/s. Ishaan Pvt Ltd 11th Floor Bascon Future SV IT Park Venkat Narayan Road T. Nagar Chennai \u2013", "Mineral": "Limestone Slabs", "MineralTyp": "QL", "SurveyNumb": "123", "LandType": "Patta Land", "Production": 50000, "Dispatch": 50000, "ETS": 52000, "Notice": 2000, "Reg_From": "2020-11-25", "Reg_To": "2022-11-24", "ORIG_FID": 141}, "geometry": {"type": "Point", "coordinates": [78.899899, 17.381454]}}, {"type": "Feature", "properties": {"District": "Nalgonda", "Mandal": "Pochampalle", "Company": "M/s. APN Energy Private Limited 21288 2nd Floor Khanna Residency Street No.13 Nallakunta", "Address": "M/s. APN Energy Private Limited 21288 2nd Floor Khanna Residency Street No.13 Nallakunta", "Mineral": "Quartz", "MineralTyp": "QL", "SurveyNumb": "192", "LandType": "Govt.Land", "Production": 250000, "Dispatch": 250000, "ETS": 255000, "Notice": 5000, "Reg_From": "2020-10-21", "Reg_To": "2021-10-20", "ORIG_FID": 142}, "geometry": {"type": "Point", "coordinates": [78.822181, 17.35626]}}, {"type": "Feature", "properties": {"District": "Nalgonda", "Mandal": "Munugode", "Company": "M/s. Spren Energy Private Limited Flat No.402 RV Heights Plot No.12 Opp. Mirras CyberSuites Hitech City to KPHB Road 18", "Address": "M/s. Spren Energy Private Limited Flat No.402 RV Heights Plot No.12 Opp. Mirras CyberSuites Hitech City to KPHB Road 18", "Mineral": "Colour Granite", "MineralTyp": "QL", "SurveyNumb": "780", "LandType": "Govt.Land", "Production": 75000, "Dispatch": 75000, "ETS": 100000, "Notice": 25000, "Reg_From": "2020-09-04", "Reg_To": "2021-09-03", "ORIG_FID": 154}, "geometry": {"type": "Point", "coordinates": [78.94277, 17.09129]}}, {"type": "Feature", "properties": {"District": "Nalgonda", "Mandal": "Mothkur", "Company": "M/s. Technosoft Solutions H.No.83191/59 Ramchandra NivasFlat No.102 1st Floor Vengal Rao Nagar SR Nagar \u2013", "Address": "M/s. Technosoft Solutions H.No.83191/59 Ramchandra NivasFlat No.102 1st Floor Vengal Rao Nagar SR Nagar \u2013", "Mineral": "Colour Granite", "MineralTyp": "QL", "SurveyNumb": "223", "LandType": "Patta Land", "Production": 75000, "Dispatch": 75000, "ETS": 100000, "Notice": 25000, "Reg_From": "2021-03-17", "Reg_To": "2022-03-16", "ORIG_FID": 167}, "geometry": {"type": "Point", "coordinates": [79.211221, 17.401342]}}, {"type": "Feature", "properties": {"District": "Nalgonda", "Mandal": "Kethepalle", "Company": "M/s. Fugenic Computer Services Pvt Ltd HNo. 7179 & 80 3rd FloorAnand Capital Building Ameerpet \u2013 16", "Address": "M/s. Fugenic Computer Services Pvt Ltd HNo. 7179 & 80 3rd FloorAnand Capital Building Ameerpet \u2013 16", "Mineral": "Colour Granite", "MineralTyp": "QL", "SurveyNumb": "100, 265", "LandType": "Govt.Land", "Production": 75000, "Dispatch": 75000, "ETS": 100000, "Notice": 25000, "Reg_From": "2021-03-23", "Reg_To": "2022-03-22", "ORIG_FID": 169}, "geometry": {"type": "Point", "coordinates": [79.499796, 17.229702]}}, {"type": "Feature", "properties": {"District": "Nalgonda", "Mandal": "Nakrekal", "Company": "M/s. Sri Venkateswara Electrical & Civil Contractors H.No. 73365/A Vijaya Nagar ColonyBypass Road Khammam \u2013", "Address": "M/s. Sri Venkateswara Electrical & Civil Contractors H.No. 73365/A Vijaya Nagar ColonyBypass Road Khammam \u2013", "Mineral": "Black Granite", "MineralTyp": "QL", "SurveyNumb": "103", "LandType": "Govt.Land", "Production": 100000, "Dispatch": 100000, "ETS": 120000, "Notice": 20000, "Reg_From": "2021-03-23", "Reg_To": "2022-03-22", "ORIG_FID": 170}, "geometry": {"type": "Point", "coordinates": [79.481739, 17.245495]}}, {"type": "Feature", "properties": {"District": "Nalgonda", "Mandal": "M.Turkapalle", "Company": "M/s. C S R Technologies 674 Main Road Sathupally khammam Telangana", "Address": "M/s. C S R Technologies 674 Main Road Sathupally khammam Telangana", "Mineral": "Quartz", "MineralTyp": "QL", "SurveyNumb": "609", "LandType": "Govt.Land", "Production": 250000, "Dispatch": 250000, "ETS": 255000, "Notice": 5000, "Reg_From": "2021-04-12", "Reg_To": "2022-04-11", "ORIG_FID": 191}, "geometry": {"type": "Point", "coordinates": [78.88091, 17.686657]}}, {"type": "Feature", "properties": {"District": "Nalgonda", "Mandal": "M.Turkapalle", "Company": "M/s. Pro Lite India F#102 Gayatri Plaza Alugaddabavi Secunderabad", "Address": "M/s. Pro Lite India F#102 Gayatri Plaza Alugaddabavi Secunderabad", "Mineral": "Quartz", "MineralTyp": "QL", "SurveyNumb": "329,91", "LandType": "Govt.Land", "Production": 250000, "Dispatch": 250000, "ETS": 255000, "Notice": 5000, "Reg_From": "2021-04-13", "Reg_To": "2022-04-12", "ORIG_FID": 193}, "geometry": {"type": "Point", "coordinates": [78.889299, 17.647269]}}, {"type": "Feature", "properties": {"District": "Nalgonda", "Mandal": "Jajireddi Gudem", "Company": "M/s. Kakatiya Energy Systems Pvt Ltd D2 Industrial Estate Moulali", "Address": "M/s. Kakatiya Energy Systems Pvt Ltd D2 Industrial Estate Moulali", "Mineral": "Quartz", "MineralTyp": "QL", "SurveyNumb": "570", "LandType": "Govt.Land", "Production": 250000, "Dispatch": 250000, "ETS": 255000, "Notice": 5000, "Reg_From": "2021-04-19", "Reg_To": "2022-04-18", "ORIG_FID": 197}, "geometry": {"type": "Point", "coordinates": [79.542377, 17.371056]}}, {"type": "Feature", "properties": {"District": "Nalgonda", "Mandal": "Huzurnagar", "Company": "M/s. Goldi Private Limited 1009 10th Floor Infinity Tower Beside Ayurvedic college Near Railway StationSurat395003GujaratIndia", "Address": "M/s. Goldi Private Limited 1009 10th Floor Infinity Tower Beside Ayurvedic college Near Railway StationSurat395003GujaratIndia", "Mineral": "Colour Granite", "MineralTyp": "QL", "SurveyNumb": "727/1", "LandType": "Govt.Land", "Production": 75000, "Dispatch": 75000, "ETS": 100000, "Notice": 25000, "Reg_From": "2021-08-02", "Reg_To": "2023-08-01", "ORIG_FID": 208}, "geometry": {"type": "Point", "coordinates": [79.813633, 16.861328]}}, {"type": "Feature", "properties": {"District": "Nalgonda", "Mandal": "Garidepalle", "Company": "Ms Sri Laxmi Energy Systems Plot No.205 Sai Ram colony Hasthinapuram Karmanghat", "Address": "Ms Sri Laxmi Energy Systems Plot No.205 Sai Ram colony Hasthinapuram Karmanghat", "Mineral": "Quartz", "MineralTyp": "QL", "SurveyNumb": "75/1", "LandType": "Govt.Land", "Production": 250000, "Dispatch": 250000, "ETS": 255000, "Notice": 5000, "Reg_From": "2023-02-09", "Reg_To": "2025-02-08", "ORIG_FID": 220}, "geometry": {"type": "Point", "coordinates": [79.732558, 16.932283]}}, {"type": "Feature", "properties": {"District": "Mahbubnagar", "Mandal": "Narva", "Company": "M/s. VERTEX ENTERPRISES Rgd off: 3762/1 SOUTHENDPAR K MANSOORABAD L B NAGAR", "Address": "M/s. VERTEX ENTERPRISES Rgd off: 3762/1 SOUTHENDPAR K MANSOORABAD L B NAGAR", "Mineral": "Quartz", "MineralTyp": "QL", "SurveyNumb": "14", "LandType": "Govt.Land", "Production": 250000, "Dispatch": 250000, "ETS": 255000, "Notice": 5000, "Reg_From": "2022-02-18", "Reg_To": "2023-02-17", "ORIG_FID": 221}, "geometry": {"type": "Point", "coordinates": [77.642141, 16.545023]}}, {"type": "Feature", "properties": {"District": "Nalgonda", "Mandal": "Nadigudem", "Company": "M/s. SHREE ROOFTOP SOLUTIONS PRIVATE LIMITED 1881/G TEMPLE ALWAL MEDCHAL MALKAJGIRI DISTRICT TELANGANA", "Address": "M/s. SHREE ROOFTOP SOLUTIONS PRIVATE LIMITED 1881/G TEMPLE ALWAL MEDCHAL MALKAJGIRI DISTRICT TELANGANA", "Mineral": "Colour Granite", "MineralTyp": "QL", "SurveyNumb": "692", "LandType": "Govt.Land", "Production": 75000, "Dispatch": 75000, "ETS": 100000, "Notice": 25000, "Reg_From": "2024-05-09", "Reg_To": "2026-05-08", "ORIG_FID": 225}, "geometry": {"type": "Point", "coordinates": [79.921192, 17.054197]}}, {"type": "Feature", "properties": {"District": "Mahbubnagar", "Mandal": "Dhanwada", "Company": "M/s.SUN ENERGY SYSTEMS PLOT NO :133/1/B PHASE2 IDA CHERLAPALLY MEDCHAL DT TELENGANA", "Address": "M/s.SUN ENERGY SYSTEMS PLOT NO :133/1/B PHASE2 IDA CHERLAPALLY MEDCHAL DT TELENGANA", "Mineral": "Colour Granite", "MineralTyp": "QL", "SurveyNumb": "252/1", "LandType": "Govt.Land", "Production": 75000, "Dispatch": 75000, "ETS": 100000, "Notice": 25000, "Reg_From": "2023-04-05", "Reg_To": "2024-04-04", "ORIG_FID": 226}, "geometry": {"type": "Point", "coordinates": [77.655669, 16.570056]}}, {"type": "Feature", "properties": {"District": "Mahbubnagar", "Mandal": "Dhanwada", "Company": "M/s.Chaitanya Energy Pvt Ltd 601 Vishwa Central Nizamia Observatory road Ameerpet .", "Address": "M/s.Chaitanya Energy Pvt Ltd 601 Vishwa Central Nizamia Observatory road Ameerpet .", "Mineral": "Colour Granite", "MineralTyp": "QL", "SurveyNumb": "173", "LandType": "Govt.Land", "Production": 75000, "Dispatch": 75000, "ETS": 100000, "Notice": 25000, "Reg_From": "2022-04-15", "Reg_To": "2024-04-14", "ORIG_FID": 228}, "geometry": {"type": "Point", "coordinates": [77.646006, 16.603253]}}, {"type": "Feature", "properties": {"District": "Mahbubnagar", "Mandal": "Narva", "Company": "M/s. SILRES ENERGY SOLUTIONS PRIVATE LIMITED First Floor No.30/5 SOWBHAGYA1st CrossStreet Raja Annamalaipuram Chennai Tamil Nadu", "Address": "M/s. SILRES ENERGY SOLUTIONS PRIVATE LIMITED First Floor No.30/5 SOWBHAGYA1st CrossStreet Raja Annamalaipuram Chennai Tamil Nadu", "Mineral": "Black Granite", "MineralTyp": "QL", "SurveyNumb": "168", "LandType": "Govt.Land", "Production": 150000, "Dispatch": 150000, "ETS": 165000, "Notice": 15000, "Reg_From": "2023-04-04", "Reg_To": "2025-04-03", "ORIG_FID": 230}, "geometry": {"type": "Point", "coordinates": [77.711252, 16.563987]}}, {"type": "Feature", "properties": {"District": "Mahbubnagar", "Mandal": "Bhoothpur", "Company": "M/s. MAHA TEJA TECHNOLOGIES HNO 8112 GATTAIGUDEM PALVANCHA PIN BHADRADRI DISTRICT TELANGANA STATE", "Address": "M/s. MAHA TEJA TECHNOLOGIES HNO 8112 GATTAIGUDEM PALVANCHA PIN BHADRADRI DISTRICT TELANGANA STATE", "Mineral": "Black Granite", "MineralTyp": "QL", "SurveyNumb": "46/1", "LandType": "Govt.Land", "Production": 150000, "Dispatch": 150000, "ETS": 165000, "Notice": 15000, "Reg_From": "2022-05-12", "Reg_To": "2024-05-11", "ORIG_FID": 233}, "geometry": {"type": "Point", "coordinates": [78.011583, 16.693436]}}, {"type": "Feature", "properties": {"District": "Mahbubnagar", "Mandal": "Bhoothpur", "Company": "M/s. INNOVATIVE INDUSTRIES SY NO 720 / A / 1 DEVARYAMJEL VILLAGE SHAMEERPET (M) MEDCHAL MALKAJGIRI DIST", "Address": "M/s. INNOVATIVE INDUSTRIES SY NO 720 / A / 1 DEVARYAMJEL VILLAGE SHAMEERPET (M) MEDCHAL MALKAJGIRI DIST", "Mineral": "Colour Granite", "MineralTyp": "QL", "SurveyNumb": "22", "LandType": "Govt.Land", "Production": 75000, "Dispatch": 75000, "ETS": 100000, "Notice": 25000, "Reg_From": "2022-03-09", "Reg_To": "2023-03-08", "ORIG_FID": 234}, "geometry": {"type": "Point", "coordinates": [77.994462, 16.682334]}}, {"type": "Feature", "properties": {"District": "Mahbubnagar", "Mandal": "Devarkadra", "Company": "M/s. AHLADA ENGINEERS LIMITED Door No: 4 56 Sy No: 62 / 1 / A & 67 Tech Mahindra Road Bahadurpally Village Quthbul lapur Mandal Telangana.", "Address": "M/s. AHLADA ENGINEERS LIMITED Door No: 4 56 Sy No: 62 / 1 / A & 67 Tech Mahindra Road Bahadurpally Village Quthbul lapur Mandal Telangana.", "Mineral": "Colour Granite", "MineralTyp": "QL", "SurveyNumb": "22", "LandType": "Govt.Land", "Production": 75000, "Dispatch": 75000, "ETS": 100000, "Notice": 25000, "Reg_From": "2022-03-09", "Reg_To": "2023-03-08", "ORIG_FID": 235}, "geometry": {"type": "Point", "coordinates": [77.885822, 16.639971]}}, {"type": "Feature", "properties": {"District": "Mahbubnagar", "Mandal": "Addakal", "Company": "M/s. Vanguard Energy Systems India Private Limited REGISTERED ADDRESS:E 508 WHISTLING WOODS APARTMENTS EUCAL YPTUS BLOCK NARSINGI RANGA REDDY TELANGANA", "Address": "M/s. Vanguard Energy Systems India Private Limited REGISTERED ADDRESS:E 508 WHISTLING WOODS APARTMENTS EUCAL YPTUS BLOCK NARSINGI RANGA REDDY TELANGANA", "Mineral": "Colour Granite", "MineralTyp": "QL", "SurveyNumb": "92", "LandType": "Govt.Land", "Production": 75000, "Dispatch": 75000, "ETS": 100000, "Notice": 25000, "Reg_From": "2024-05-17", "Reg_To": "2025-05-16", "ORIG_FID": 236}, "geometry": {"type": "Point", "coordinates": [77.932653, 16.67149]}}, {"type": "Feature", "properties": {"District": "Nalgonda", "Mandal": "Pedda Adiserla Palle", "Company": "M/s. AARDE GREEN ENERGY PVT LTD Plot No. 17 BBR Colony Pasumamula Pedda Ambarpet Hayathnagar Ranga reddy Telangana", "Address": "M/s. AARDE GREEN ENERGY PVT LTD Plot No. 17 BBR Colony Pasumamula Pedda Ambarpet Hayathnagar Ranga reddy Telangana", "Mineral": "Black Granite", "MineralTyp": "QL", "SurveyNumb": "252", "LandType": "Govt.Land", "Production": 150000, "Dispatch": 150000, "ETS": 165000, "Notice": 15000, "Reg_From": "2024-06-24", "Reg_To": "2026-06-23", "ORIG_FID": 238}, "geometry": {"type": "Point", "coordinates": [79.058119, 16.764662]}}, {"type": "Feature", "properties": {"District": "Nalgonda", "Mandal": "Pedda Adiserla Palle", "Company": "M/s. SRI SAARVAJANIK SOLUTIONS vinayaknagar Nizamabad Telangana", "Address": "M/s. SRI SAARVAJANIK SOLUTIONS vinayaknagar Nizamabad Telangana", "Mineral": "Black Granite", "MineralTyp": "QL", "SurveyNumb": "249", "LandType": "Govt.Land", "Production": 150000, "Dispatch": 150000, "ETS": 165000, "Notice": 15000, "Reg_From": "2023-06-28", "Reg_To": "2025-06-27", "ORIG_FID": 239}, "geometry": {"type": "Point", "coordinates": [79.029361, 16.750492]}}, {"type": "Feature", "properties": {"District": "Mahbubnagar", "Mandal": "Ghanpur", "Company": "M/s. AMC Services Private Limited 22 Workspace 1/22 Asaf Ali Road New Delhi 11002", "Address": "M/s. AMC Services Private Limited 22 Workspace 1/22 Asaf Ali Road New Delhi 11002", "Mineral": "Colour Granite", "MineralTyp": "QL", "SurveyNumb": "36/A", "LandType": "Govt.Land", "Production": 75000, "Dispatch": 75000, "ETS": 100000, "Notice": 25000, "Reg_From": "2022-08-23", "Reg_To": "2023-08-22", "ORIG_FID": 242}, "geometry": {"type": "Point", "coordinates": [78.03521, 16.624334]}}, {"type": "Feature", "properties": {"District": "Nalgonda", "Mandal": "Peddavoora", "Company": "M/s. THANU SYSTEMS PRIVATE LIMITED Plot No 41 DECCAN HOUSING SOCIETY OPP GOKUL FUNCTION HALL MALKAPUR X ROAD SANGAREDDY", "Address": "M/s. THANU SYSTEMS PRIVATE LIMITED Plot No 41 DECCAN HOUSING SOCIETY OPP GOKUL FUNCTION HALL MALKAPUR X ROAD SANGAREDDY", "Mineral": "Black Granite", "MineralTyp": "QL", "SurveyNumb": "239", "LandType": "Patta Land", "Production": 150000, "Dispatch": 150000, "ETS": 165000, "Notice": 15000, "Reg_From": "2024-02-21", "Reg_To": "2025-02-20", "ORIG_FID": 243}, "geometry": {"type": "Point", "coordinates": [79.196249, 16.793818]}}, {"type": "Feature", "properties": {"District": "Nalgonda", "Mandal": "Nalgonda", "Company": "M/s. GAUTAM PRIVATE LIMITED Plot No 6770 Sector8A IIE Ranipur Sidcul Haridwar Uttarakhand", "Address": "M/s. GAUTAM PRIVATE LIMITED Plot No 6770 Sector8A IIE Ranipur Sidcul Haridwar Uttarakhand", "Mineral": "Black Granite", "MineralTyp": "QL", "SurveyNumb": "155", "LandType": "Govt.Land", "Production": 150000, "Dispatch": 150000, "ETS": 165000, "Notice": 15000, "Reg_From": "2024-08-12", "Reg_To": "2026-08-11", "ORIG_FID": 245}, "geometry": {"type": "Point", "coordinates": [79.266888, 16.995016]}}, {"type": "Feature", "properties": {"District": "Adilabad", "Mandal": "Utnoor", "Company": "M/s. SK ELECTRICAL AND ENGINEERS H.No.114Mallikarjuna Nagar Co lony (North) Near Vishu Theater Chintalkunta LB Nagar", "Address": "M/s. SK ELECTRICAL AND ENGINEERS H.No.114Mallikarjuna Nagar Co lony (North) Near Vishu Theater Chintalkunta LB Nagar", "Mineral": "Colour Granite", "MineralTyp": "QL", "SurveyNumb": "316", "LandType": "Govt.Land", "Production": 75000, "Dispatch": 75000, "ETS": 100000, "Notice": 25000, "Reg_From": "2022-09-13", "Reg_To": "2024-09-12", "ORIG_FID": 246}, "geometry": {"type": "Point", "coordinates": [78.856036, 19.281732]}}, {"type": "Feature", "properties": {"District": "Adilabad", "Mandal": "Kaddam (Peddur)", "Company": "M/s. RUAB Solutions Private Limited 13186/3 P.No:4 Krishna Nagar MD Farm Road Telangana", "Address": "M/s. RUAB Solutions Private Limited 13186/3 P.No:4 Krishna Nagar MD Farm Road Telangana", "Mineral": "Black Granite", "MineralTyp": "QL", "SurveyNumb": "23", "LandType": "Govt.Land", "Production": 150000, "Dispatch": 150000, "ETS": 165000, "Notice": 15000, "Reg_From": "2022-09-28", "Reg_To": "2023-09-27", "ORIG_FID": 247}, "geometry": {"type": "Point", "coordinates": [78.87883, 19.261439]}}, {"type": "Feature", "properties": {"District": "Adilabad", "Mandal": "Kaddam (Peddur)", "Company": "M/s. SRINIVASA ENGINEERING SERVICES H.No: 77/1 MRO ROAD MULUGUMULUGU Dist.", "Address": "M/s. SRINIVASA ENGINEERING SERVICES H.No: 77/1 MRO ROAD MULUGUMULUGU Dist.", "Mineral": "Colour Granite", "MineralTyp": "QL", "SurveyNumb": "692", "LandType": "Govt.Land", "Production": 75000, "Dispatch": 75000, "ETS": 100000, "Notice": 25000, "Reg_From": "2018-07-23", "Reg_To": "2020-07-22", "ORIG_FID": 248}, "geometry": {"type": "Point", "coordinates": [78.860364, 19.230037]}}, {"type": "Feature", "properties": {"District": "Nalgonda", "Mandal": "Kangal", "Company": "M/s. SHARATH CHANDRA H.NO. /1 TEACHER'S COLONYII WADDEPALLY HANAMKONDA", "Address": "M/s. SHARATH CHANDRA H.NO. /1 TEACHER'S COLONYII WADDEPALLY HANAMKONDA", "Mineral": "Black Granite", "MineralTyp": "QL", "SurveyNumb": "243/1", "LandType": "Govt.Land", "Production": 150000, "Dispatch": 150000, "ETS": 165000, "Notice": 15000, "Reg_From": "2022-09-14", "Reg_To": "2024-09-13", "ORIG_FID": 249}, "geometry": {"type": "Point", "coordinates": [79.316442, 16.954306]}}, {"type": "Feature", "properties": {"District": "Adilabad", "Mandal": "Sirpur", "Company": "M/s. SURE ENERGY ONE PRIVATE LIMITED /C/191 PADMANABHA NAGAR COLONY RETHIBOWLI TELANGANA", "Address": "M/s. SURE ENERGY ONE PRIVATE LIMITED /C/191 PADMANABHA NAGAR COLONY RETHIBOWLI TELANGANA", "Mineral": "Black Granite", "MineralTyp": "QL", "SurveyNumb": "41", "LandType": "Govt.Land", "Production": 150000, "Dispatch": 150000, "ETS": 165000, "Notice": 15000, "Reg_From": "2022-10-19", "Reg_To": "2023-10-18", "ORIG_FID": 250}, "geometry": {"type": "Point", "coordinates": [78.907727, 19.357063]}}, {"type": "Feature", "properties": {"District": "Adilabad", "Mandal": "Utnoor", "Company": "M/s. ARVIND RECON (INDIA) PRIVATE LIMITED VILLA NO.2 ASHOKA ALA MAISON DULAPALLY HYDEARABAD", "Address": "M/s. ARVIND RECON (INDIA) PRIVATE LIMITED VILLA NO.2 ASHOKA ALA MAISON DULAPALLY HYDEARABAD", "Mineral": "Colour Granite", "MineralTyp": "QL", "SurveyNumb": "227", "LandType": "Govt.Land", "Production": 75000, "Dispatch": 75000, "ETS": 100000, "Notice": 25000, "Reg_From": "2022-10-29", "Reg_To": "2024-10-28", "ORIG_FID": 251}, "geometry": {"type": "Point", "coordinates": [78.8571, 19.349125]}}, {"type": "Feature", "properties": {"District": "Adilabad", "Mandal": "Jannaram", "Company": "M/s. ProstarM Info Systems Limited 12/103 NRI Complex Sect 54. Palm Beach road Near DPS School Seawood Nerul Navi Mumbai400706. Br.Office: Block No 24 Door no. 22490/72 73 & 74 Laxmi Narayan Nagar IDA Uppal Medchal Malkajgiri Telangana", "Address": "M/s. ProstarM Info Systems Limited 12/103 NRI Complex Sect 54. Palm Beach road Near DPS School Seawood Nerul Navi Mumbai400706. Br.Office: Block No 24 Door no. 22490/72 73 & 74 Laxmi Narayan Nagar IDA Uppal Medchal Malkajgiri Telangana", "Mineral": "Colour Granite", "MineralTyp": "QL", "SurveyNumb": "445/A", "LandType": "Govt.Land", "Production": 75000, "Dispatch": 75000, "ETS": 100000, "Notice": 25000, "Reg_From": "2022-10-28", "Reg_To": "2023-10-27", "ORIG_FID": 252}, "geometry": {"type": "Point", "coordinates": [78.939898, 19.138764]}}, {"type": "Feature", "properties": {"District": "Nalgonda", "Mandal": "Miryalaguda", "Company": "M/s. MIRVIC ENTERPRISES INDIA PRIVATE LIMITED 601 Sixth Floor Survey11/25 Br Prashanti Building Chanda Naik Nagar Tanda 100 Feet Road Madhapur Telangana", "Address": "M/s. MIRVIC ENTERPRISES INDIA PRIVATE LIMITED 601 Sixth Floor Survey11/25 Br Prashanti Building Chanda Naik Nagar Tanda 100 Feet Road Madhapur Telangana", "Mineral": "Colour Granite", "MineralTyp": "QL", "SurveyNumb": "126", "LandType": "Govt.Land", "Production": 75000, "Dispatch": 75000, "ETS": 100000, "Notice": 25000, "Reg_From": "2024-06-01", "Reg_To": "2025-05-31", "ORIG_FID": 253}, "geometry": {"type": "Point", "coordinates": [79.499431, 16.859565]}}, {"type": "Feature", "properties": {"District": "Nalgonda", "Mandal": "Miryalaguda", "Company": "M/s. SREE GURU TRADERS PLOT No. 44 SR NAGAR MARLU ROAD CHRISTIANPALLY MAHABUBNAGAR MAHABUBNAGAR", "Address": "M/s. SREE GURU TRADERS PLOT No. 44 SR NAGAR MARLU ROAD CHRISTIANPALLY MAHABUBNAGAR MAHABUBNAGAR", "Mineral": "Colour Granite", "MineralTyp": "QL", "SurveyNumb": "278", "LandType": "Govt.Land", "Production": 75000, "Dispatch": 75000, "ETS": 100000, "Notice": 25000, "Reg_From": "2022-12-02", "Reg_To": "2023-12-01", "ORIG_FID": 254}, "geometry": {"type": "Point", "coordinates": [79.527859, 16.835478]}}, {"type": "Feature", "properties": {"District": "Nalgonda", "Mandal": "Nidamanur", "Company": "M/s. MSL RENEWABLE ENERGY PRIVATE LIMITED 236A GANESH COLONY SRINIVASA NAGAR VISAKHAPATNAM ANDHRA PRADESH INDIA. PINCODE", "Address": "M/s. MSL RENEWABLE ENERGY PRIVATE LIMITED 236A GANESH COLONY SRINIVASA NAGAR VISAKHAPATNAM ANDHRA PRADESH INDIA. PINCODE", "Mineral": "Colour Granite", "MineralTyp": "QL", "SurveyNumb": "252", "LandType": "Patta Land", "Production": 75000, "Dispatch": 75000, "ETS": 100000, "Notice": 25000, "Reg_From": "2024-12-29", "Reg_To": "2026-12-28", "ORIG_FID": 257}, "geometry": {"type": "Point", "coordinates": [79.361251, 16.835602]}}, {"type": "Feature", "properties": {"District": "Nalgonda", "Mandal": "Nidamanur", "Company": "M/s. RURAY ENERGIES PRIVATE LIMITED H.NO. 1640/20/5 PLOT NO. 5 KISTAMMA ENCLAVE DAMAIGUDA OLD ALWAL SECUNDERABAD TELANGANA STATE.", "Address": "M/s. RURAY ENERGIES PRIVATE LIMITED H.NO. 1640/20/5 PLOT NO. 5 KISTAMMA ENCLAVE DAMAIGUDA OLD ALWAL SECUNDERABAD TELANGANA STATE.", "Mineral": "Colour Granite", "MineralTyp": "QL", "SurveyNumb": "1798", "LandType": "Govt.Land", "Production": 75000, "Dispatch": 75000, "ETS": 100000, "Notice": 25000, "Reg_From": "2023-01-30", "Reg_To": "2025-01-29", "ORIG_FID": 258}, "geometry": {"type": "Point", "coordinates": [79.31475, 16.900785]}}, {"type": "Feature", "properties": {"District": "Nalgonda", "Mandal": "Nidamanur", "Company": "M/s. V PRO SYSTEMS 63349SACHIVALAYA NAGAR VANASTHALI PURAM RANGA REDDY TELANGANA", "Address": "M/s. V PRO SYSTEMS 63349SACHIVALAYA NAGAR VANASTHALI PURAM RANGA REDDY TELANGANA", "Mineral": "Colour Granite", "MineralTyp": "QL", "SurveyNumb": "174", "LandType": "Patta Land", "Production": 75000, "Dispatch": 75000, "ETS": 100000, "Notice": 25000, "Reg_From": "2024-02-20", "Reg_To": "2026-02-19", "ORIG_FID": 260}, "geometry": {"type": "Point", "coordinates": [79.409046, 16.831807]}}, {"type": "Feature", "properties": {"District": "Nalgonda", "Mandal": "Nidamanur", "Company": "M/s.Renew House No. 7835 Goutham Nagar Bowenpally Post Office Secunderabad Telangana", "Address": "M/s.Renew House No. 7835 Goutham Nagar Bowenpally Post Office Secunderabad Telangana", "Mineral": "Colour Granite", "MineralTyp": "QL", "SurveyNumb": "232/C", "LandType": "Patta Land", "Production": 75000, "Dispatch": 75000, "ETS": 100000, "Notice": 25000, "Reg_From": "2024-02-21", "Reg_To": "2026-02-20", "ORIG_FID": 261}, "geometry": {"type": "Point", "coordinates": [79.431248, 16.801026]}}, {"type": "Feature", "properties": {"District": "Nalgonda", "Mandal": "Nidamanur", "Company": "DEHLSEN ENGINEERING LLP room no7 second floor CSI Shopping complex Mananchira P.O. Calicut Kerala", "Address": "DEHLSEN ENGINEERING LLP room no7 second floor CSI Shopping complex Mananchira P.O. Calicut Kerala", "Mineral": "Colour Granite", "MineralTyp": "QL", "SurveyNumb": "42/2", "LandType": "Govt.Land", "Production": 75000, "Dispatch": 75000, "ETS": 100000, "Notice": 25000, "Reg_From": "2024-02-23", "Reg_To": "2025-02-22", "ORIG_FID": 262}, "geometry": {"type": "Point", "coordinates": [79.419792, 16.757254]}}, {"type": "Feature", "properties": {"District": "Nalgonda", "Mandal": "Dameracherla", "Company": "M/s. Kendriya Bhandar Room No. 16 A \u2013 Block MCH Complex", "Address": "M/s. Kendriya Bhandar Room No. 16 A \u2013 Block MCH Complex", "Mineral": "Colour Granite", "MineralTyp": "QL", "SurveyNumb": "284", "LandType": "Govt.Land", "Production": 75000, "Dispatch": 75000, "ETS": 100000, "Notice": 25000, "Reg_From": "2023-11-04", "Reg_To": "2025-11-03", "ORIG_FID": 279}, "geometry": {"type": "Point", "coordinates": [79.630842, 16.746971]}}, {"type": "Feature", "properties": {"District": "Nalgonda", "Mandal": "Dameracherla", "Company": "M/s. COSMOS RENEWABLES PRIVATE LIMITED Flat No.803 D Block Sattva M agnus H.No.81328/1 H.No.8 1328/1/2 Sy. No.72(old)Old Mumbai Highway Shaikpet Telangana", "Address": "M/s. COSMOS RENEWABLES PRIVATE LIMITED Flat No.803 D Block Sattva M agnus H.No.81328/1 H.No.8 1328/1/2 Sy. No.72(old)Old Mumbai Highway Shaikpet Telangana", "Mineral": "Colour Granite", "MineralTyp": "QL", "SurveyNumb": "513, 514, 520", "LandType": "Patta Land", "Production": 100000, "Dispatch": 100000, "ETS": 100000, "Notice": 0, "Reg_From": "2023-11-23", "Reg_To": "2025-11-22", "ORIG_FID": 280}, "geometry": {"type": "Point", "coordinates": [79.511112, 16.671503]}}, {"type": "Feature", "properties": {"District": "Nalgonda", "Mandal": "Anumula", "Company": "M/s. EMPIRE ENERGY SYSTEMS PRIVATE LIMITED Plot No. 1100 5th Floor 36 Urban Center Road No. 36 Jub lee Hills Telangana", "Address": "M/s. EMPIRE ENERGY SYSTEMS PRIVATE LIMITED Plot No. 1100 5th Floor 36 Urban Center Road No. 36 Jub lee Hills Telangana", "Mineral": "Colour Granite", "MineralTyp": "QL", "SurveyNumb": "251", "LandType": "Patta Land", "Production": 100000, "Dispatch": 100000, "ETS": 100000, "Notice": 0, "Reg_From": "2024-12-13", "Reg_To": "2026-12-12", "ORIG_FID": 281}, "geometry": {"type": "Point", "coordinates": [79.401834, 16.717999]}}, {"type": "Feature", "properties": {"District": "Nalgonda", "Mandal": "Anumula", "Company": "", "Address": "", "Mineral": "Colour Granite", "MineralTyp": "QL", "SurveyNumb": "499 to 506 & 509 to 512", "LandType": "Patta Land", "Production": 100000, "Dispatch": 100000, "ETS": 100000, "Notice": 0, "Reg_From": "2025-01-02", "Reg_To": "2030-01-01", "ORIG_FID": 282}, "geometry": {"type": "Point", "coordinates": [79.342567, 16.72668]}}, {"type": "Feature", "properties": {"District": "Nalgonda", "Mandal": "Anumula", "Company": "Shiva Sakthi Enterprises Flat No. 504 Nadhi Happy Homes Sai Nagar Colony Vanasthalipuram", "Address": "Shiva Sakthi Enterprises Flat No. 504 Nadhi Happy Homes Sai Nagar Colony Vanasthalipuram", "Mineral": "Colour Granite", "MineralTyp": "QL", "SurveyNumb": "48", "LandType": "Govt.Land", "Production": 100000, "Dispatch": 100000, "ETS": 100000, "Notice": 0, "Reg_From": "2023-12-18", "Reg_To": "2025-12-17", "ORIG_FID": 283}, "geometry": {"type": "Point", "coordinates": [79.353535, 16.736848]}}, {"type": "Feature", "properties": {"District": "Nalgonda", "Mandal": "Peddavoora", "Company": "M/s. SRIJITH ENERGY PLOT NO 144 PRASHASAN NAGARROAD NO 17 JUBILEE HILLS ROAD NO 72 TELANGANA", "Address": "M/s. SRIJITH ENERGY PLOT NO 144 PRASHASAN NAGARROAD NO 17 JUBILEE HILLS ROAD NO 72 TELANGANA", "Mineral": "Colour Granite", "MineralTyp": "QL", "SurveyNumb": "496, 497, 498, 499 & 500", "LandType": "Govt.Land", "Production": 100000, "Dispatch": 100000, "ETS": 100000, "Notice": 0, "Reg_From": "2023-12-28", "Reg_To": "2024-12-27", "ORIG_FID": 284}, "geometry": {"type": "Point", "coordinates": [79.266356, 16.68545]}}, {"type": "Feature", "properties": {"District": "Nalgonda", "Mandal": "Peddavoora", "Company": "M/s. Sri Sarwartha Enterprises PLOT NO 16/E /1/1/A PADMA NIVAS NARASIMHAPURI COLONY SAROORNAGAR Rangareddy Telangana", "Address": "M/s. Sri Sarwartha Enterprises PLOT NO 16/E /1/1/A PADMA NIVAS NARASIMHAPURI COLONY SAROORNAGAR Rangareddy Telangana", "Mineral": "Colour Granite", "MineralTyp": "QL", "SurveyNumb": "231", "LandType": "Govt.Land", "Production": 100000, "Dispatch": 100000, "ETS": 100000, "Notice": 0, "Reg_From": "2024-01-09", "Reg_To": "2025-01-08", "ORIG_FID": 285}, "geometry": {"type": "Point", "coordinates": [79.182784, 16.699653]}}, {"type": "Feature", "properties": {"District": "Nalgonda", "Mandal": "Peddavoora", "Company": "M/s. RARKAS EV PROJECTS PRIVATE LIMITED H.NO : 02066/247TO277/89 Road No : 2 Samskruthi Avenues Gajularamaram", "Address": "M/s. RARKAS EV PROJECTS PRIVATE LIMITED H.NO : 02066/247TO277/89 Road No : 2 Samskruthi Avenues Gajularamaram", "Mineral": "Colour Granite", "MineralTyp": "QL", "SurveyNumb": "242", "LandType": "Govt.Land", "Production": 100000, "Dispatch": 100000, "ETS": 100000, "Notice": 0, "Reg_From": "2024-01-05", "Reg_To": "2024-01-04", "ORIG_FID": 286}, "geometry": {"type": "Point", "coordinates": [79.174997, 16.726176]}}, {"type": "Feature", "properties": {"District": "Nalgonda", "Mandal": "Pedda Adiserla Palle", "Company": "M/s. Jayram Industries India Private Limited Flat.no.203 Kadiris Apurupa Urban 2nd Floor Laxmi Nagar Botanical Garden Road Kondapur Telangana", "Address": "M/s. Jayram Industries India Private Limited Flat.no.203 Kadiris Apurupa Urban 2nd Floor Laxmi Nagar Botanical Garden Road Kondapur Telangana", "Mineral": "Colour Granite", "MineralTyp": "QL", "SurveyNumb": "48", "LandType": "Govt.Land", "Production": 100000, "Dispatch": 100000, "ETS": 100000, "Notice": 0, "Reg_From": "2024-01-16", "Reg_To": "2026-01-15", "ORIG_FID": 287}, "geometry": {"type": "Point", "coordinates": [79.126364, 16.739649]}}, {"type": "Feature", "properties": {"District": "Nalgonda", "Mandal": "Devarakonda", "Company": "M/s. JANICA ELECTRONICS PRIVATE LIMITED #81A/A MLA\u2019s COLONY ROAD NO:12 BANJARA HILLS", "Address": "M/s. JANICA ELECTRONICS PRIVATE LIMITED #81A/A MLA\u2019s COLONY ROAD NO:12 BANJARA HILLS", "Mineral": "Colour Granite", "MineralTyp": "QL", "SurveyNumb": "16", "LandType": "Patta Land", "Production": 100000, "Dispatch": 100000, "ETS": 100000, "Notice": 0, "Reg_From": "2024-01-24", "Reg_To": "2025-01-23", "ORIG_FID": 288}, "geometry": {"type": "Point", "coordinates": [78.975705, 16.670072]}}, {"type": "Feature", "properties": {"District": "Nalgonda", "Mandal": "Devarakonda", "Company": "M/s. SUGUNA INDUSTRIES GROUND FLOOR DOOR NO 54187/6/2/3 PM MODI COMPLEX KARBALA MAIDAN M G ROAD SECUNDERABA D Telangana", "Address": "M/s. SUGUNA INDUSTRIES GROUND FLOOR DOOR NO 54187/6/2/3 PM MODI COMPLEX KARBALA MAIDAN M G ROAD SECUNDERABA D Telangana", "Mineral": "Colour Granite", "MineralTyp": "QL", "SurveyNumb": "709", "LandType": "Govt.Land", "Production": 100000, "Dispatch": 100000, "ETS": 100000, "Notice": 0, "Reg_From": "2024-02-05", "Reg_To": "2026-02-04", "ORIG_FID": 289}, "geometry": {"type": "Point", "coordinates": [78.929955, 16.676184]}}, {"type": "Feature", "properties": {"District": "Nalgonda", "Mandal": "Devarakonda", "Company": "M/s. SRI RAJA RAJESHWARA DIGITAL COMMUNICATIONS SHOP NO 21 VELLULLA ROAD METPALLY DIST JAGITHYAL", "Address": "M/s. SRI RAJA RAJESHWARA DIGITAL COMMUNICATIONS SHOP NO 21 VELLULLA ROAD METPALLY DIST JAGITHYAL", "Mineral": "Colour Granite", "MineralTyp": "QL", "SurveyNumb": "709\r", "LandType": "Govt.Land", "Production": 100000, "Dispatch": 100000, "ETS": 100000, "Notice": 0, "Reg_From": "2024-02-07", "Reg_To": "2025-02-06", "ORIG_FID": 290}, "geometry": {"type": "Point", "coordinates": [78.915622, 16.711647]}}, {"type": "Feature", "properties": {"District": "Nalgonda", "Mandal": "Devarakonda", "Company": "M/s. SONY BACK SIDE SATYANARAYANA SWAMYTEMPLE RAMNAGARKARIMNAGARTE LANGANA INDIA", "Address": "M/s. SONY BACK SIDE SATYANARAYANA SWAMYTEMPLE RAMNAGARKARIMNAGARTE LANGANA INDIA", "Mineral": "Colour Granite", "MineralTyp": "QL", "SurveyNumb": "412/P", "LandType": "Govt.Land", "Production": 100000, "Dispatch": 100000, "ETS": 100000, "Notice": 0, "Reg_From": "2024-02-07", "Reg_To": "2025-02-06", "ORIG_FID": 291}, "geometry": {"type": "Point", "coordinates": [78.889987, 16.718295]}}, {"type": "Feature", "properties": {"District": "Nalgonda", "Mandal": "Devarakonda", "Company": "M/s. 3S SOLUTIONS Plot No.77 Subodaya Colony J ashua Society Allwyn Colony R oad Usha Mullapudi Kaman Op p: Hanuman Temple Telangana", "Address": "M/s. 3S SOLUTIONS Plot No.77 Subodaya Colony J ashua Society Allwyn Colony R oad Usha Mullapudi Kaman Op p: Hanuman Temple Telangana", "Mineral": "Colour Granite", "MineralTyp": "QL", "SurveyNumb": "232\r 232\r", "LandType": "Govt.Land", "Production": 100000, "Dispatch": 100000, "ETS": 100000, "Notice": 0, "Reg_From": "2024-02-17", "Reg_To": "2026-02-16", "ORIG_FID": 292}, "geometry": {"type": "Point", "coordinates": [78.790957, 16.673929]}}, {"type": "Feature", "properties": {"District": "Nalgonda", "Mandal": "Gundla Palle", "Company": "M/s. VIHAAN PRIVATE LIMITED Plot No: 214Sri Maruthi Nagar Badangpet 500058Telangana", "Address": "M/s. VIHAAN PRIVATE LIMITED Plot No: 214Sri Maruthi Nagar Badangpet 500058Telangana", "Mineral": "Colour Granite", "MineralTyp": "QL", "SurveyNumb": "285/P", "LandType": "Govt.Land", "Production": 100000, "Dispatch": 100000, "ETS": 100000, "Notice": 0, "Reg_From": "2024-02-19", "Reg_To": "2025-02-18", "ORIG_FID": 293}, "geometry": {"type": "Point", "coordinates": [78.74495, 16.670305]}}, {"type": "Feature", "properties": {"District": "Nalgonda", "Mandal": "Gundla Palle", "Company": "M/s. Infinity Energy Solutions H No 340 Shop No 61 Kammagu da Turka Yamjal Abdullapurm et Mandal Telanga na", "Address": "M/s. Infinity Energy Solutions H No 340 Shop No 61 Kammagu da Turka Yamjal Abdullapurm et Mandal Telanga na", "Mineral": "Colour Granite", "MineralTyp": "QL", "SurveyNumb": "661", "LandType": "Govt.Land", "Production": 100000, "Dispatch": 100000, "ETS": 100000, "Notice": 0, "Reg_From": "2024-01-30", "Reg_To": "2025-01-29", "ORIG_FID": 294}, "geometry": {"type": "Point", "coordinates": [78.758696, 16.634717]}}, {"type": "Feature", "properties": {"District": "Nalgonda", "Mandal": "Atmakur (M)", "Company": "M/s. Kypas Pvt Ltd 301 3rd floor Imperial Tower s Ameerpet", "Address": "M/s. Kypas Pvt Ltd 301 3rd floor Imperial Tower s Ameerpet", "Mineral": "Colour Granite", "MineralTyp": "QL", "SurveyNumb": "279/A\r", "LandType": "Govt.Land", "Production": 100000, "Dispatch": 100000, "ETS": 100000, "Notice": 0, "Reg_From": "2024-02-21", "Reg_To": "2025-02-20", "ORIG_FID": 298}, "geometry": {"type": "Point", "coordinates": [79.18962, 17.363263]}}, {"type": "Feature", "properties": {"District": "Nalgonda", "Mandal": "Bibinagar", "Company": "Punarvi Projects Pvt Ltd Plot no 5 Chandragiri Colony above SBI 3rd floor Trimalgh irry", "Address": "Punarvi Projects Pvt Ltd Plot no 5 Chandragiri Colony above SBI 3rd floor Trimalgh irry", "Mineral": "Colour Granite", "MineralTyp": "QL", "SurveyNumb": "279/1\r", "LandType": "Govt.Land", "Production": 100000, "Dispatch": 100000, "ETS": 100000, "Notice": 0, "Reg_From": "2023-12-01", "Reg_To": "2024-11-30", "ORIG_FID": 299}, "geometry": {"type": "Point", "coordinates": [78.757288, 17.403612]}}, {"type": "Feature", "properties": {"District": "Nalgonda", "Mandal": "Ramannapeta", "Company": "sol # 631152B NGO's Colony Vanasthalipuram RR Dist T.S.", "Address": "sol # 631152B NGO's Colony Vanasthalipuram RR Dist T.S.", "Mineral": "Colour Granite", "MineralTyp": "QL", "SurveyNumb": "438\r", "LandType": "Govt.Land", "Production": 100000, "Dispatch": 100000, "ETS": 100000, "Notice": 0, "Reg_From": "2024-02-23", "Reg_To": "2026-02-22", "ORIG_FID": 300}, "geometry": {"type": "Point", "coordinates": [79.146112, 17.327262]}}, {"type": "Feature", "properties": {"District": "Nalgonda", "Mandal": "Ramannapeta", "Company": "M/s. PVV Private LIMITED Plot No. 42 D.No. 5428/35 Opp: Gurudwara Behind OBC Ban k Gurunanak Colony Krishna Di strict Vijayawada Andhra Prad esh India.", "Address": "M/s. PVV Private LIMITED Plot No. 42 D.No. 5428/35 Opp: Gurudwara Behind OBC Ban k Gurunanak Colony Krishna Di strict Vijayawada Andhra Prad esh India.", "Mineral": "Colour Granite", "MineralTyp": "QL", "SurveyNumb": "728", "LandType": "Govt.Land", "Production": 100000, "Dispatch": 100000, "ETS": 100000, "Notice": 0, "Reg_From": "2024-02-24", "Reg_To": "2025-02-23", "ORIG_FID": 301}, "geometry": {"type": "Point", "coordinates": [79.122749, 17.326314]}}, {"type": "Feature", "properties": {"District": "Adilabad", "Mandal": "Mandamarri", "Company": "ARGO PRIVATE LIMITED #401 4TH FLOOR SHANMUKH EMPIRE PLOT NO 83 SWAMY AYYAPPASOCIETY MADHAPUR TELANGANA", "Address": "ARGO PRIVATE LIMITED #401 4TH FLOOR SHANMUKH EMPIRE PLOT NO 83 SWAMY AYYAPPASOCIETY MADHAPUR TELANGANA", "Mineral": "Colour Granite", "MineralTyp": "QL", "SurveyNumb": "728", "LandType": "Govt.Land", "Production": 100000, "Dispatch": 100000, "ETS": 100000, "Notice": 0, "Reg_From": "2024-02-26", "Reg_To": "2025-02-25", "ORIG_FID": 302}, "geometry": {"type": "Point", "coordinates": [79.562077, 18.913731]}}, {"type": "Feature", "properties": {"District": "Adilabad", "Mandal": "Mandamarri", "Company": "VENKATA SAI TRADERS 43241/39 KAMALAPRASANNA NAG AR ALLWYN COLONY Kukatpally Medchal Malkajgiri Telangana", "Address": "VENKATA SAI TRADERS 43241/39 KAMALAPRASANNA NAG AR ALLWYN COLONY Kukatpally Medchal Malkajgiri Telangana", "Mineral": "Colour Granite", "MineralTyp": "QL", "SurveyNumb": "728/1", "LandType": "Govt.Land", "Production": 100000, "Dispatch": 100000, "ETS": 100000, "Notice": 0, "Reg_From": "2024-02-26", "Reg_To": "2025-02-25", "ORIG_FID": 303}, "geometry": {"type": "Point", "coordinates": [79.568977, 18.901534]}}, {"type": "Feature", "properties": {"District": "Nalgonda", "Mandal": "Munugode", "Company": "M/s. VNR GLOBAL SY NO 236/U1/2/1 236/E/1 Ket hepally Inpamula Nalgonda T elangana", "Address": "M/s. VNR GLOBAL SY NO 236/U1/2/1 236/E/1 Ket hepally Inpamula Nalgonda T elangana", "Mineral": "Colour Granite", "MineralTyp": "QL", "SurveyNumb": "728/1", "LandType": "Govt.Land", "Production": 100000, "Dispatch": 100000, "ETS": 100000, "Notice": 0, "Reg_From": "2024-02-27", "Reg_To": "2026-02-26", "ORIG_FID": 304}, "geometry": {"type": "Point", "coordinates": [79.163274, 17.118771]}}, {"type": "Feature", "properties": {"District": "Nalgonda", "Mandal": "Nalgonda", "Company": "FUTURE EMERGING TECH SOLUTIONS PRIVATE LIMITED H.NO 44102/1 Chunchupally ST. ANDREW'S CHURCH COMPLEX KOTHAGUDEM TELANGANA", "Address": "FUTURE EMERGING TECH SOLUTIONS PRIVATE LIMITED H.NO 44102/1 Chunchupally ST. ANDREW'S CHURCH COMPLEX KOTHAGUDEM TELANGANA", "Mineral": "Colour Granite", "MineralTyp": "QL", "SurveyNumb": "728\r", "LandType": "Govt.Land", "Production": 100000, "Dispatch": 100000, "ETS": 100000, "Notice": 0, "Reg_From": "2024-02-28", "Reg_To": "2025-02-27", "ORIG_FID": 305}, "geometry": {"type": "Point", "coordinates": [79.217571, 17.127732]}}, {"type": "Feature", "properties": {"District": "Nalgonda", "Mandal": "Mella Cheruvu", "Company": "SYNERGY GROUP PLOT NO: 438 & 439 RAMPALLY R EVENUE VILLAGE KEESARAMEDCHA LMALKAJGIRI", "Address": "SYNERGY GROUP PLOT NO: 438 & 439 RAMPALLY R EVENUE VILLAGE KEESARAMEDCHA LMALKAJGIRI", "Mineral": "Colour Granite", "MineralTyp": "QL", "SurveyNumb": "159", "LandType": "Govt.Land", "Production": 100000, "Dispatch": 100000, "ETS": 100000, "Notice": 0, "Reg_From": "2024-02-29", "Reg_To": "2025-02-27", "ORIG_FID": 306}, "geometry": {"type": "Point", "coordinates": [79.976381, 16.860593]}}, {"type": "Feature", "properties": {"District": "Nalgonda", "Mandal": "Nalgonda", "Company": "Sairitik Technologies Private Limited 301 Sai Sree Apartment PS Ra o Nagar", "Address": "Sairitik Technologies Private Limited 301 Sai Sree Apartment PS Ra o Nagar", "Mineral": "Colour Granite", "MineralTyp": "QL", "SurveyNumb": "157", "LandType": "Govt.Land", "Production": 100000, "Dispatch": 100000, "ETS": 100000, "Notice": 0, "Reg_From": "2024-03-03", "Reg_To": "2026-03-02", "ORIG_FID": 307}, "geometry": {"type": "Point", "coordinates": [79.297075, 16.986881]}}, {"type": "Feature", "properties": {"District": "Nalgonda", "Mandal": "Kangal", "Company": "M/s. SHRI KAILASH PVT LTD NO.8Veekay manor Flat no. 15 3rd Floor Gopalakrishna Roa d T. Nagar Chennai Tamilnadu", "Address": "M/s. SHRI KAILASH PVT LTD NO.8Veekay manor Flat no. 15 3rd Floor Gopalakrishna Roa d T. Nagar Chennai Tamilnadu", "Mineral": "Colour Granite", "MineralTyp": "QL", "SurveyNumb": "728", "LandType": "Govt.Land", "Production": 100000, "Dispatch": 100000, "ETS": 100000, "Notice": 0, "Reg_From": "2024-02-12", "Reg_To": "2025-02-11", "ORIG_FID": 308}, "geometry": {"type": "Point", "coordinates": [79.314919, 16.97778]}}, {"type": "Feature", "properties": {"District": "Mahbubnagar", "Mandal": "Ieej", "Company": "Jahnavi Engineering And Consultancy Plot No 557 Shop No1 First F loor Peacock Centre Beside S BI Bank Pragathi Nagar Hyder abad", "Address": "Jahnavi Engineering And Consultancy Plot No 557 Shop No1 First F loor Peacock Centre Beside S BI Bank Pragathi Nagar Hyder abad", "Mineral": "Colour Granite", "MineralTyp": "QL", "SurveyNumb": "499, 551", "LandType": "Patta Land", "Production": 100000, "Dispatch": 100000, "ETS": 100000, "Notice": 0, "Reg_From": "2024-03-04", "Reg_To": "2026-03-03", "ORIG_FID": 309}, "geometry": {"type": "Point", "coordinates": [77.649022, 15.937712]}}, {"type": "Feature", "properties": {"District": "Mahbubnagar", "Mandal": "Ieej", "Company": "M/s. ORBIT ENERGY SYSTEM Pillar Number 53 /211 Dilshad Nagar Colony Me hdipatnam Telang ana", "Address": "M/s. ORBIT ENERGY SYSTEM Pillar Number 53 /211 Dilshad Nagar Colony Me hdipatnam Telang ana", "Mineral": "Colour Granite", "MineralTyp": "QL", "SurveyNumb": "552 & 573", "LandType": "Patta Land", "Production": 100000, "Dispatch": 100000, "ETS": 100000, "Notice": 0, "Reg_From": "2024-02-29", "Reg_To": "2026-02-27", "ORIG_FID": 310}, "geometry": {"type": "Point", "coordinates": [77.574324, 15.946083]}}, {"type": "Feature", "properties": {"District": "Mahbubnagar", "Mandal": "Alampur", "Company": "M/s.Randsco Abeyaantrix Pvt Ltd F NO 101 P No 110 H.No. 3100/154/101 Saraswathi meri dian Kompally Ran gareddy", "Address": "M/s.Randsco Abeyaantrix Pvt Ltd F NO 101 P No 110 H.No. 3100/154/101 Saraswathi meri dian Kompally Ran gareddy", "Mineral": "Colour Granite", "MineralTyp": "QL", "SurveyNumb": "703 & 704", "LandType": "Govt.Land", "Production": 100000, "Dispatch": 100000, "ETS": 100000, "Notice": 0, "Reg_From": "2024-02-26", "Reg_To": "2026-02-25", "ORIG_FID": 311}, "geometry": {"type": "Point", "coordinates": [78.075962, 15.975342]}}, {"type": "Feature", "properties": {"District": "Mahbubnagar", "Mandal": "Ghattu", "Company": "M/s. SURANA LIMITED 5TH FLOOR 5TH FLOOR SURYA TOWERS S.P.ROAD SECUNDERABAD HDERAB ADTELANGANA", "Address": "M/s. SURANA LIMITED 5TH FLOOR 5TH FLOOR SURYA TOWERS S.P.ROAD SECUNDERABAD HDERAB ADTELANGANA", "Mineral": "Colour Granite", "MineralTyp": "QL", "SurveyNumb": "189", "LandType": "Govt.Land", "Production": 100000, "Dispatch": 100000, "ETS": 100000, "Notice": 0, "Reg_From": "2024-02-01", "Reg_To": "2025-01-31", "ORIG_FID": 312}, "geometry": {"type": "Point", "coordinates": [77.538465, 15.99494]}}, {"type": "Feature", "properties": {"District": "Mahbubnagar", "Mandal": "Gadwal", "Company": "M/s. HARSHA MICRO SYSTEMS #205Mythri Nivas 245/16 Vi maladevi Nagar MalkajigiriSD ecunderabad.. Telangana", "Address": "M/s. HARSHA MICRO SYSTEMS #205Mythri Nivas 245/16 Vi maladevi Nagar MalkajigiriSD ecunderabad.. Telangana", "Mineral": "Colour Granite", "MineralTyp": "QL", "SurveyNumb": "116 & 123", "LandType": "Govt.Land", "Production": 100000, "Dispatch": 100000, "ETS": 100000, "Notice": 0, "Reg_From": "2024-02-29", "Reg_To": "2026-02-27", "ORIG_FID": 313}, "geometry": {"type": "Point", "coordinates": [77.735985, 16.279173]}}, {"type": "Feature", "properties": {"District": "Mahbubnagar", "Mandal": "Gadwal", "Company": "GREEN TECHNOLOGIES", "Address": "GREEN TECHNOLOGIES", "Mineral": "Colour Granite", "MineralTyp": "QL", "SurveyNumb": "258", "LandType": "Govt.Land", "Production": 100000, "Dispatch": 100000, "ETS": 100000, "Notice": 0, "Reg_From": "2018-06-25", "Reg_To": "2019-06-24", "ORIG_FID": 314}, "geometry": {"type": "Point", "coordinates": [77.835377, 16.233998]}}, {"type": "Feature", "properties": {"District": "Mahbubnagar", "Mandal": "Gadwal", "Company": "M/s. NH Back Side Sai Baba Temple Plot No.02 VRR homes Ahmedguda Bandlaguda keesara Medchal Malkajgiri Telangana", "Address": "M/s. NH Back Side Sai Baba Temple Plot No.02 VRR homes Ahmedguda Bandlaguda keesara Medchal Malkajgiri Telangana", "Mineral": "Colour Granite", "MineralTyp": "QL", "SurveyNumb": "327and 325", "LandType": "Patta Land", "Production": 120000, "Dispatch": 100000, "ETS": 150000, "Notice": 50000, "Reg_From": "2024-03-06", "Reg_To": "2026-03-05", "ORIG_FID": 315}, "geometry": {"type": "Point", "coordinates": [77.773267, 16.225768]}}, {"type": "Feature", "properties": {"District": "Mahbubnagar", "Mandal": "Itikyal", "Company": "M/s. SHUBHITHA S ENERGY SOLUTIONS PVT LTD H.NO: 257/10 AERPALLY GEESUGONDA MANDAL WARANGAL TELANG ANA", "Address": "M/s. SHUBHITHA S ENERGY SOLUTIONS PVT LTD H.NO: 257/10 AERPALLY GEESUGONDA MANDAL WARANGAL TELANG ANA", "Mineral": "Colour Granite", "MineralTyp": "QL", "SurveyNumb": "657", "LandType": "Patta Land", "Production": 120000, "Dispatch": 100000, "ETS": 150000, "Notice": 50000, "Reg_From": "2024-03-05", "Reg_To": "2025-03-04", "ORIG_FID": 316}, "geometry": {"type": "Point", "coordinates": [77.907886, 16.180363]}}, {"type": "Feature", "properties": {"District": "Mahbubnagar", "Mandal": "Gadwal", "Company": "M/s. GREENTREE SOLUTIONS PVT LTD /V/2/24P25 VAISHALI NAGARPHASE2CHAMPAPET RANGAREDDY DIST TELANGANA", "Address": "M/s. GREENTREE SOLUTIONS PVT LTD /V/2/24P25 VAISHALI NAGARPHASE2CHAMPAPET RANGAREDDY DIST TELANGANA", "Mineral": "Colour Granite", "MineralTyp": "QL", "SurveyNumb": "429", "LandType": "Govt.Land", "Production": 120000, "Dispatch": 100000, "ETS": 150000, "Notice": 50000, "Reg_From": "2024-03-08", "Reg_To": "2025-03-07", "ORIG_FID": 317}, "geometry": {"type": "Point", "coordinates": [77.756726, 16.198154]}}, {"type": "Feature", "properties": {"District": "Mahbubnagar", "Mandal": "Maldakal", "Company": "M/s. SRI PARAMESHWARI BATTERY WORKS 6527 BESIDE NTR STATUE HYD ROAD NG COLONY NALGONDA TELANGANA", "Address": "M/s. SRI PARAMESHWARI BATTERY WORKS 6527 BESIDE NTR STATUE HYD ROAD NG COLONY NALGONDA TELANGANA", "Mineral": "Colour Granite", "MineralTyp": "QL", "SurveyNumb": "236", "LandType": "Govt.Land", "Production": 120000, "Dispatch": 100000, "ETS": 150000, "Notice": 50000, "Reg_From": "2025-03-09", "Reg_To": "2027-03-08", "ORIG_FID": 318}, "geometry": {"type": "Point", "coordinates": [77.715895, 16.154521]}}, {"type": "Feature", "properties": {"District": "Mahbubnagar", "Mandal": "Gadwal", "Company": "M/s. LOUKIKA ENERGY SYSTEMS H.N0 1137 ELUVARIGUDEM Village THIRUMALAYAPALEM Mandal KHAMMAM Dist", "Address": "M/s. LOUKIKA ENERGY SYSTEMS H.N0 1137 ELUVARIGUDEM Village THIRUMALAYAPALEM Mandal KHAMMAM Dist", "Mineral": "Colour Granite", "MineralTyp": "QL", "SurveyNumb": "643", "LandType": "Govt.Land", "Production": 120000, "Dispatch": 100000, "ETS": 150000, "Notice": 50000, "Reg_From": "2025-03-11", "Reg_To": "2026-03-10", "ORIG_FID": 319}, "geometry": {"type": "Point", "coordinates": [77.78906, 16.154837]}}, {"type": "Feature", "properties": {"District": "Mahbubnagar", "Mandal": "Itikyal", "Company": "M/s. TITAN TECHNOCRATS PRIVATE LIMITED PLOT NO: 55 & 56 JAI BHARAT SOCIETY DAIRY FARM ROAD TRIM ULGHERRY SECUNDERABAD TELANG ANA", "Address": "M/s. TITAN TECHNOCRATS PRIVATE LIMITED PLOT NO: 55 & 56 JAI BHARAT SOCIETY DAIRY FARM ROAD TRIM ULGHERRY SECUNDERABAD TELANG ANA", "Mineral": "Colour Granite", "MineralTyp": "QL", "SurveyNumb": "842", "LandType": "Govt.Land", "Production": 120000, "Dispatch": 100000, "ETS": 150000, "Notice": 50000, "Reg_From": "2024-03-11", "Reg_To": "2026-03-10", "ORIG_FID": 320}, "geometry": {"type": "Point", "coordinates": [77.825924, 16.101622]}}, {"type": "Feature", "properties": {"District": "Mahbubnagar", "Mandal": "Kodangal", "Company": "K AND G INFRA STRUCTURES H.No. 83/2/A/1 NPR Enclave Rampally (v) Near Rose Garden Nagaram Muncipality Keesara (m) Medchal Malkajgiri Dis t", "Address": "K AND G INFRA STRUCTURES H.No. 83/2/A/1 NPR Enclave Rampally (v) Near Rose Garden Nagaram Muncipality Keesara (m) Medchal Malkajgiri Dis t", "Mineral": "Colour Granite", "MineralTyp": "QL", "SurveyNumb": "842", "LandType": "Govt.Land", "Production": 120000, "Dispatch": 100000, "ETS": 150000, "Notice": 50000, "Reg_From": "2024-03-11", "Reg_To": "2025-03-10", "ORIG_FID": 321}, "geometry": {"type": "Point", "coordinates": [77.649067, 17.095323]}}, {"type": "Feature", "properties": {"District": "Mahbubnagar", "Mandal": "Kodangal", "Company": "SAI KRISHNA SOLUTIONS D. NO 6320 DURGA COLONY SU RYAPET ROAD JANGAON DIST TEL ANGANA", "Address": "SAI KRISHNA SOLUTIONS D. NO 6320 DURGA COLONY SU RYAPET ROAD JANGAON DIST TEL ANGANA", "Mineral": "Colour Granite", "MineralTyp": "QL", "SurveyNumb": "842", "LandType": "Govt.Land", "Production": 120000, "Dispatch": 100000, "ETS": 150000, "Notice": 50000, "Reg_From": "2025-03-13", "Reg_To": "2027-03-12", "ORIG_FID": 322}, "geometry": {"type": "Point", "coordinates": [77.639522, 17.068702]}}, {"type": "Feature", "properties": {"District": "Mahbubnagar", "Mandal": "Doulathabad", "Company": "PRAJVAL PVRSM SOLUTIONS 30227/3 P NO. 3. VIGNESHWAR NAGAR COLONY OLD SAFILGUDA VINAYAK NAGAR NEREDMET RAMAKR ISHNA PURAM DIST: MEDCHALMALKAJGIRI SECUNDERABAD.", "Address": "PRAJVAL PVRSM SOLUTIONS 30227/3 P NO. 3. VIGNESHWAR NAGAR COLONY OLD SAFILGUDA VINAYAK NAGAR NEREDMET RAMAKR ISHNA PURAM DIST: MEDCHALMALKAJGIRI SECUNDERABAD.", "Mineral": "Colour Granite", "MineralTyp": "QL", "SurveyNumb": "67", "LandType": "Patta Land", "Production": 120000, "Dispatch": 100000, "ETS": 150000, "Notice": 50000, "Reg_From": "2025-03-13", "Reg_To": "2027-03-12", "ORIG_FID": 323}, "geometry": {"type": "Point", "coordinates": [77.548913, 17.008516]}}, {"type": "Feature", "properties": {"District": "Mahbubnagar", "Mandal": "Doulathabad", "Company": "EAGLE SYSTEMS SY.NO142/A/1 MALLAMPET BACHUPALLY MAHESHWARAM MEDCHAL MALKAJGIRI", "Address": "EAGLE SYSTEMS SY.NO142/A/1 MALLAMPET BACHUPALLY MAHESHWARAM MEDCHAL MALKAJGIRI", "Mineral": "Colour Granite", "MineralTyp": "QL", "SurveyNumb": "67", "LandType": "Patta Land", "Production": 120000, "Dispatch": 100000, "ETS": 150000, "Notice": 50000, "Reg_From": "2024-03-09", "Reg_To": "2025-03-08", "ORIG_FID": 324}, "geometry": {"type": "Point", "coordinates": [77.5097, 16.960761]}}, {"type": "Feature", "properties": {"District": "Mahbubnagar", "Mandal": "Doulathabad", "Company": "SUJATHA ENTERPRISES Dr. No /1/17a Hill col ony Neeredmet 5000 56", "Address": "SUJATHA ENTERPRISES Dr. No /1/17a Hill col ony Neeredmet 5000 56", "Mineral": "Colour Granite", "MineralTyp": "QL", "SurveyNumb": "1305", "LandType": "Govt.Land", "Production": 120000, "Dispatch": 100000, "ETS": 150000, "Notice": 50000, "Reg_From": "2024-03-04", "Reg_To": "2026-03-03", "ORIG_FID": 325}, "geometry": {"type": "Point", "coordinates": [77.588809, 16.975442]}}, {"type": "Feature", "properties": {"District": "Mahbubnagar", "Mandal": "Bomraspet", "Company": "M/s. Dinkrit Systems FEROZGUDA 74113 MADHAVI NAGAR BALANAGAR SECUNDERABAD Medchal Malkajgiri Telangana", "Address": "M/s. Dinkrit Systems FEROZGUDA 74113 MADHAVI NAGAR BALANAGAR SECUNDERABAD Medchal Malkajgiri Telangana", "Mineral": "Colour Granite", "MineralTyp": "QL", "SurveyNumb": "64/A to 64/D", "LandType": "Patta Land", "Production": 120000, "Dispatch": 100000, "ETS": 150000, "Notice": 50000, "Reg_From": "2024-03-14", "Reg_To": "2025-03-13", "ORIG_FID": 326}, "geometry": {"type": "Point", "coordinates": [77.765209, 17.034436]}}, {"type": "Feature", "properties": {"District": "Mahbubnagar", "Mandal": "Maddur1", "Company": "M/s. New Age Constructions 110/2 MAIN ROAD DAMSALAPURAM Khammam Khammam Telangana", "Address": "M/s. New Age Constructions 110/2 MAIN ROAD DAMSALAPURAM Khammam Khammam Telangana", "Mineral": "Colour Granite", "MineralTyp": "QL", "SurveyNumb": "530/A, 530/B", "LandType": "Govt.Land", "Production": 120000, "Dispatch": 100000, "ETS": 150000, "Notice": 50000, "Reg_From": "2024-03-15", "Reg_To": "2025-03-14", "ORIG_FID": 327}, "geometry": {"type": "Point", "coordinates": [77.650714, 16.889076]}}, {"type": "Feature", "properties": {"District": "Mahbubnagar", "Mandal": "Veepangandla", "Company": "M/s. Osmium Energy Pvt Ltd PLOT NO.23 SY.NO.11/7 Shaikpet 100 Feet Road Nextel Madhapur Rangareddy Telangana", "Address": "M/s. Osmium Energy Pvt Ltd PLOT NO.23 SY.NO.11/7 Shaikpet 100 Feet Road Nextel Madhapur Rangareddy Telangana", "Mineral": "Colour Granite", "MineralTyp": "QL", "SurveyNumb": "553", "LandType": "Govt.Land", "Production": 120000, "Dispatch": 100000, "ETS": 150000, "Notice": 50000, "Reg_From": "2024-03-17", "Reg_To": "2026-03-16", "ORIG_FID": 329}, "geometry": {"type": "Point", "coordinates": [78.156298, 16.059912]}}, {"type": "Feature", "properties": {"District": "Mahbubnagar", "Mandal": "Veepangandla", "Company": "GRUNE PVT LTD Plot no 7/4 AnmagalNear gvt primary schoolhayathnagar", "Address": "GRUNE PVT LTD Plot no 7/4 AnmagalNear gvt primary schoolhayathnagar", "Mineral": "Colour Granite", "MineralTyp": "QL", "SurveyNumb": "906", "LandType": "Govt.Land", "Production": 120000, "Dispatch": 100000, "ETS": 150000, "Notice": 50000, "Reg_From": "2024-03-19", "Reg_To": "2026-03-18", "ORIG_FID": 330}, "geometry": {"type": "Point", "coordinates": [78.173311, 16.140311]}}, {"type": "Feature", "properties": {"District": "Mahbubnagar", "Mandal": "Kollapur", "Company": "SUNWATT INTERNATIONAL P LTD SUNWATT HOUSE MIG C20 DR.A.S.RAO NAGAR", "Address": "SUNWATT INTERNATIONAL P LTD SUNWATT HOUSE MIG C20 DR.A.S.RAO NAGAR", "Mineral": "Colour Granite", "MineralTyp": "QL", "SurveyNumb": "630", "LandType": "Govt.Land", "Production": 120000, "Dispatch": 100000, "ETS": 150000, "Notice": 50000, "Reg_From": "2024-03-14", "Reg_To": "2025-03-13", "ORIG_FID": 331}, "geometry": {"type": "Point", "coordinates": [78.247596, 16.077447]}}, {"type": "Feature", "properties": {"District": "Mahbubnagar", "Mandal": "Peddakothapalle", "Company": "I GO GEEN ENTERPRISES 1111930/1 GANGASTHAN1NIZAMABADTELANGANA", "Address": "I GO GEEN ENTERPRISES 1111930/1 GANGASTHAN1NIZAMABADTELANGANA", "Mineral": "Colour Granite", "MineralTyp": "QL", "SurveyNumb": "141", "LandType": "Govt.Land", "Production": 120000, "Dispatch": 100000, "ETS": 150000, "Notice": 50000, "Reg_From": "2024-03-20", "Reg_To": "2026-03-19", "ORIG_FID": 332}, "geometry": {"type": "Point", "coordinates": [78.282212, 16.171394]}}, {"type": "Feature", "properties": {"District": "Mahbubnagar", "Mandal": "Kollapur", "Company": "Servotech Systems Limited 806 8th Floor Crown Heights Hotel Crown Plaza Rohini NewDelhi", "Address": "Servotech Systems Limited 806 8th Floor Crown Heights Hotel Crown Plaza Rohini NewDelhi", "Mineral": "Colour Granite", "MineralTyp": "QL", "SurveyNumb": "141", "LandType": "Govt.Land", "Production": 120000, "Dispatch": 100000, "ETS": 150000, "Notice": 50000, "Reg_From": "2024-03-06", "Reg_To": "2025-03-05", "ORIG_FID": 333}, "geometry": {"type": "Point", "coordinates": [78.264895, 16.161186]}}, {"type": "Feature", "properties": {"District": "Mahbubnagar", "Mandal": "Peddakothapalle", "Company": "SUNLIGHT ENERGY SYSTEMS PLOT NO.293 SRI SAINATH CO OPERATIVE HOUSING SOCIETY BAHADOORPALLY DUNDIGAL GANDIMAISAMMA MANDAL MEDCHAL MALKAJGIRIDIST", "Address": "SUNLIGHT ENERGY SYSTEMS PLOT NO.293 SRI SAINATH CO OPERATIVE HOUSING SOCIETY BAHADOORPALLY DUNDIGAL GANDIMAISAMMA MANDAL MEDCHAL MALKAJGIRIDIST", "Mineral": "Colour Granite", "MineralTyp": "QL", "SurveyNumb": "141", "LandType": "Govt.Land", "Production": 120000, "Dispatch": 100000, "ETS": 150000, "Notice": 50000, "Reg_From": "2024-03-22", "Reg_To": "2025-03-21", "ORIG_FID": 334}, "geometry": {"type": "Point", "coordinates": [78.312229, 16.214346]}}, {"type": "Feature", "properties": {"District": "Mahbubnagar", "Mandal": "Peddakothapalle", "Company": "QUALITY SOLUTIONS SY NO. 288 BOKKONIGUDA MAIN ROAD Edulabad Rd Near MRO Office Ghatkesar Telangana", "Address": "QUALITY SOLUTIONS SY NO. 288 BOKKONIGUDA MAIN ROAD Edulabad Rd Near MRO Office Ghatkesar Telangana", "Mineral": "Colour Granite", "MineralTyp": "QL", "SurveyNumb": "185", "LandType": "Govt.Land", "Production": 120000, "Dispatch": 100000, "ETS": 150000, "Notice": 50000, "Reg_From": "2024-03-11", "Reg_To": "2026-03-10", "ORIG_FID": 335}, "geometry": {"type": "Point", "coordinates": [78.328253, 16.219619]}}, {"type": "Feature", "properties": {"District": "Mahbubnagar", "Mandal": "Kodair", "Company": "RK GREEN MOUNT ENERGIES /1 road number 7 Iskan temple lane Madhavaram Nagar Medchal Malkajgiri Telangana", "Address": "RK GREEN MOUNT ENERGIES /1 road number 7 Iskan temple lane Madhavaram Nagar Medchal Malkajgiri Telangana", "Mineral": "Colour Granite", "MineralTyp": "QL", "SurveyNumb": "274", "LandType": "Govt.Land", "Production": 120000, "Dispatch": 100000, "ETS": 150000, "Notice": 50000, "Reg_From": "2024-03-12", "Reg_To": "2025-03-11", "ORIG_FID": 336}, "geometry": {"type": "Point", "coordinates": [78.27731, 16.3203]}}, {"type": "Feature", "properties": {"District": "Mahbubnagar", "Mandal": "Peddakothapalle", "Company": "Mahalakshmi Systems 8421/4 Karmanghat Sagar road 79 Telangana", "Address": "Mahalakshmi Systems 8421/4 Karmanghat Sagar road 79 Telangana", "Mineral": "Colour Granite", "MineralTyp": "QL", "SurveyNumb": "28/1", "LandType": "Govt.Land", "Production": 120000, "Dispatch": 100000, "ETS": 150000, "Notice": 50000, "Reg_From": "2024-03-25", "Reg_To": "2026-03-24", "ORIG_FID": 337}, "geometry": {"type": "Point", "coordinates": [78.318949, 16.343747]}}, {"type": "Feature", "properties": {"District": "Mahbubnagar", "Mandal": "Gopalpeta", "Company": "APEX 3RD FLOOR SAMATHA COLONY SHAIKPET 08", "Address": "APEX 3RD FLOOR SAMATHA COLONY SHAIKPET 08", "Mineral": "Colour Granite", "MineralTyp": "QL", "SurveyNumb": "69", "LandType": "Govt.Land", "Production": 120000, "Dispatch": 100000, "ETS": 150000, "Notice": 50000, "Reg_From": "2024-03-26", "Reg_To": "2026-03-25", "ORIG_FID": 338}, "geometry": {"type": "Point", "coordinates": [78.167819, 16.409102]}}, {"type": "Feature", "properties": {"District": "Mahbubnagar", "Mandal": "Gopalpeta", "Company": "M/s MEGA WORLD H no 288 Nayakapally Gudur Mahabubabad Telangana", "Address": "M/s MEGA WORLD H no 288 Nayakapally Gudur Mahabubabad Telangana", "Mineral": "Colour Granite", "MineralTyp": "QL", "SurveyNumb": "69", "LandType": "Govt.Land", "Production": 120000, "Dispatch": 100000, "ETS": 150000, "Notice": 50000, "Reg_From": "2024-03-29", "Reg_To": "2025-03-28", "ORIG_FID": 339}, "geometry": {"type": "Point", "coordinates": [78.116457, 16.39179]}}, {"type": "Feature", "properties": {"District": "Mahbubnagar", "Mandal": "Peddamandadi", "Company": "Adithya Systems H. No. 84490/A Ground Floor Ganesh Nagar main Road Karimnagar Karimnagar Dist. Telangana", "Address": "Adithya Systems H. No. 84490/A Ground Floor Ganesh Nagar main Road Karimnagar Karimnagar Dist. Telangana", "Mineral": "Colour Granite", "MineralTyp": "QL", "SurveyNumb": "69", "LandType": "Govt.Land", "Production": 120000, "Dispatch": 100000, "ETS": 150000, "Notice": 50000, "Reg_From": "2024-03-28", "Reg_To": "2025-03-27", "ORIG_FID": 340}, "geometry": {"type": "Point", "coordinates": [78.032287, 16.432561]}}, {"type": "Feature", "properties": {"District": "Mahbubnagar", "Mandal": "Ghanpur", "Company": "Fabright Solutions Private Limited PLOT NO 243 VASANTHA NAGAR COLONY KUKATPALLY", "Address": "Fabright Solutions Private Limited PLOT NO 243 VASANTHA NAGAR COLONY KUKATPALLY", "Mineral": "Colour Granite", "MineralTyp": "QL", "SurveyNumb": "480", "LandType": "Govt.Land", "Production": 120000, "Dispatch": 100000, "ETS": 150000, "Notice": 50000, "Reg_From": "2024-03-30", "Reg_To": "2026-03-29", "ORIG_FID": 341}, "geometry": {"type": "Point", "coordinates": [78.109849, 16.441278]}}, {"type": "Feature", "properties": {"District": "Mahbubnagar", "Mandal": "Nagarkurnool", "Company": "ARKA ENTERPRISES 8323417/B L N NAGAR YUSUFGUDA", "Address": "ARKA ENTERPRISES 8323417/B L N NAGAR YUSUFGUDA", "Mineral": "Colour Granite", "MineralTyp": "QL", "SurveyNumb": "456", "LandType": "Govt.Land", "Production": 120000, "Dispatch": 100000, "ETS": 150000, "Notice": 50000, "Reg_From": "2024-03-29", "Reg_To": "2025-03-28", "ORIG_FID": 342}, "geometry": {"type": "Point", "coordinates": [78.300707, 16.466392]}}, {"type": "Feature", "properties": {"District": "Mahbubnagar", "Mandal": "Telkapalle", "Company": "Arcedo Systems 4th Floor 401 Vaishnavi Lamani Arcade Doolapally Road Devender Colony Kompally Medchal Malkajgiri Telangana", "Address": "Arcedo Systems 4th Floor 401 Vaishnavi Lamani Arcade Doolapally Road Devender Colony Kompally Medchal Malkajgiri Telangana", "Mineral": "Colour Granite", "MineralTyp": "QL", "SurveyNumb": "144", "LandType": "Govt.Land", "Production": 120000, "Dispatch": 100000, "ETS": 150000, "Notice": 50000, "Reg_From": "2024-03-31", "Reg_To": "2026-03-30", "ORIG_FID": 343}, "geometry": {"type": "Point", "coordinates": [78.46477, 16.432563]}}, {"type": "Feature", "properties": {"District": "Mahbubnagar", "Mandal": "Telkapalle", "Company": "RINISIS D.No.63633/1 First Floor Sughra Manzil Behind Kotak Mahindra Bank Khairatabad Telangana", "Address": "RINISIS D.No.63633/1 First Floor Sughra Manzil Behind Kotak Mahindra Bank Khairatabad Telangana", "Mineral": "Colour Granite", "MineralTyp": "QL", "SurveyNumb": "379", "LandType": "Govt.Land", "Production": 120000, "Dispatch": 100000, "ETS": 150000, "Notice": 50000, "Reg_From": "2024-04-01", "Reg_To": "2025-03-31", "ORIG_FID": 344}, "geometry": {"type": "Point", "coordinates": [78.504391, 16.392557]}}, {"type": "Feature", "properties": {"District": "Mahbubnagar", "Mandal": "Wanaparthy", "Company": "S P ENTERPRISES 1320/161/S P GOPAL REDDY NAGAR CLY VAMPUGUDA KAPRA MEDCHALMALKAJGIRI", "Address": "S P ENTERPRISES 1320/161/S P GOPAL REDDY NAGAR CLY VAMPUGUDA KAPRA MEDCHALMALKAJGIRI", "Mineral": "Colour Granite", "MineralTyp": "QL", "SurveyNumb": "157", "LandType": "Govt.Land", "Production": 120000, "Dispatch": 100000, "ETS": 150000, "Notice": 50000, "Reg_From": "2024-04-02", "Reg_To": "2026-04-01", "ORIG_FID": 348}, "geometry": {"type": "Point", "coordinates": [78.044803, 16.372761]}}, {"type": "Feature", "properties": {"District": "Mahbubnagar", "Mandal": "Bijinapalle", "Company": "ECOSPACE GREEN ENERGY SOLUTIONS 71619/A4 GAYATHRI NAGAR SR NAGAR POST", "Address": "ECOSPACE GREEN ENERGY SOLUTIONS 71619/A4 GAYATHRI NAGAR SR NAGAR POST", "Mineral": "Colour Granite", "MineralTyp": "QL", "SurveyNumb": "157", "LandType": "Govt.Land", "Production": 120000, "Dispatch": 100000, "ETS": 150000, "Notice": 50000, "Reg_From": "2024-04-04", "Reg_To": "2026-04-03", "ORIG_FID": 349}, "geometry": {"type": "Point", "coordinates": [78.198318, 16.483789]}}, {"type": "Feature", "properties": {"District": "Mahbubnagar", "Mandal": "Tadoor", "Company": "M/s. GLOW TECHNOLOGIES PLOT NO B30 E C COMPLEX ECIl post Kushaiguda Medchal Malkajgiri Telangana", "Address": "M/s. GLOW TECHNOLOGIES PLOT NO B30 E C COMPLEX ECIl post Kushaiguda Medchal Malkajgiri Telangana", "Mineral": "Colour Granite", "MineralTyp": "QL", "SurveyNumb": "157", "LandType": "Govt.Land", "Production": 120000, "Dispatch": 100000, "ETS": 150000, "Notice": 50000, "Reg_From": "2024-04-15", "Reg_To": "2026-04-14", "ORIG_FID": 350}, "geometry": {"type": "Point", "coordinates": [78.300814, 16.628095]}}, {"type": "Feature", "properties": {"District": "Mahbubnagar", "Mandal": "Tadoor", "Company": "M/s. RIZCO 3222/2 Railway Station Road Old NH7 Adilabad Telangana", "Address": "M/s. RIZCO 3222/2 Railway Station Road Old NH7 Adilabad Telangana", "Mineral": "Colour Granite", "MineralTyp": "QL", "SurveyNumb": "473, 474, 476 & 477", "LandType": "Patta Land", "Production": 120000, "Dispatch": 100000, "ETS": 150000, "Notice": 50000, "Reg_From": "2024-04-15", "Reg_To": "2025-04-14", "ORIG_FID": 351}, "geometry": {"type": "Point", "coordinates": [78.360132, 16.623108]}}, {"type": "Feature", "properties": {"District": "Mahbubnagar", "Mandal": "Uppununthala", "Company": "M/s. JOSHII AGENCIES 11231720 DESHAIPET ROAD WARANGAL", "Address": "M/s. JOSHII AGENCIES 11231720 DESHAIPET ROAD WARANGAL", "Mineral": "Colour Granite", "MineralTyp": "QL", "SurveyNumb": "776", "LandType": "Govt.Land", "Production": 120000, "Dispatch": 100000, "ETS": 150000, "Notice": 50000, "Reg_From": "2024-03-21", "Reg_To": "2025-03-20", "ORIG_FID": 355}, "geometry": {"type": "Point", "coordinates": [78.530598, 16.460352]}}, {"type": "Feature", "properties": {"District": "Mahbubnagar", "Mandal": "Uppununthala", "Company": "M/s. DIALLOG WIRELESS SERVICES 91152/SF/1 SEBASTAIN RAOD REGEIMENTAL BAZAR SECUNDERABAD Telangana", "Address": "M/s. DIALLOG WIRELESS SERVICES 91152/SF/1 SEBASTAIN RAOD REGEIMENTAL BAZAR SECUNDERABAD Telangana", "Mineral": "Colour Granite", "MineralTyp": "QL", "SurveyNumb": "661", "LandType": "Govt.Land", "Production": 120000, "Dispatch": 100000, "ETS": 150000, "Notice": 50000, "Reg_From": "2024-04-18", "Reg_To": "2026-04-17", "ORIG_FID": 356}, "geometry": {"type": "Point", "coordinates": [78.653408, 16.466616]}}, {"type": "Feature", "properties": {"District": "Mahbubnagar", "Mandal": "Uppununthala", "Company": "Ecoila Private Limited 3rd FloorD.No 6/7 Flat No Bahar A Sahara EstatesMansoorabad Telangana", "Address": "Ecoila Private Limited 3rd FloorD.No 6/7 Flat No Bahar A Sahara EstatesMansoorabad Telangana", "Mineral": "Colour Granite", "MineralTyp": "QL", "SurveyNumb": "661", "LandType": "Govt.Land", "Production": 120000, "Dispatch": 100000, "ETS": 150000, "Notice": 50000, "Reg_From": "2024-04-15", "Reg_To": "2025-04-14", "ORIG_FID": 357}, "geometry": {"type": "Point", "coordinates": [78.663803, 16.49671]}}, {"type": "Feature", "properties": {"District": "Mahbubnagar", "Mandal": "Achampet", "Company": "Green Energys /3 Kakatiya Nagar Rd No3Bheemaram Hasanparthy Hanamkonda 506015Telangana", "Address": "Green Energys /3 Kakatiya Nagar Rd No3Bheemaram Hasanparthy Hanamkonda 506015Telangana", "Mineral": "Colour Granite", "MineralTyp": "QL", "SurveyNumb": "410", "LandType": "Govt.Land", "Production": 120000, "Dispatch": 100000, "ETS": 150000, "Notice": 50000, "Reg_From": "2024-04-24", "Reg_To": "2026-04-23", "ORIG_FID": 358}, "geometry": {"type": "Point", "coordinates": [78.709779, 16.44277]}}, {"type": "Feature", "properties": {"District": "Mahbubnagar", "Mandal": "Achampet", "Company": "Mega Creations 1860/A CHIKKADAPALLY Telangana", "Address": "Mega Creations 1860/A CHIKKADAPALLY Telangana", "Mineral": "Colour Granite", "MineralTyp": "QL", "SurveyNumb": "410", "LandType": "Govt.Land", "Production": 120000, "Dispatch": 100000, "ETS": 150000, "Notice": 50000, "Reg_From": "2024-04-13", "Reg_To": "2026-04-12", "ORIG_FID": 359}, "geometry": {"type": "Point", "coordinates": [78.72123, 16.419444]}}, {"type": "Feature", "properties": {"District": "Mahbubnagar", "Mandal": "Kondurg", "Company": "ENERGY HARVEST 2 H.NO 21978/23/1 HIGH COURT COLONY KALYANPURI Uppal Medchal Malkajgiri Telangana", "Address": "ENERGY HARVEST 2 H.NO 21978/23/1 HIGH COURT COLONY KALYANPURI Uppal Medchal Malkajgiri Telangana", "Mineral": "Colour Granite", "MineralTyp": "QL", "SurveyNumb": "667", "LandType": "Govt.Land", "Production": 120000, "Dispatch": 100000, "ETS": 150000, "Notice": 50000, "Reg_From": "2024-04-27", "Reg_To": "2026-04-26", "ORIG_FID": 360}, "geometry": {"type": "Point", "coordinates": [78.061636, 17.056584]}}, {"type": "Feature", "properties": {"District": "Mahbubnagar", "Mandal": "Farooqnagar", "Company": "Sri Amith Enterprises 44328Hammedpura near central library Adilabad504001. Telangana", "Address": "Sri Amith Enterprises 44328Hammedpura near central library Adilabad504001. Telangana", "Mineral": "Colour Granite", "MineralTyp": "QL", "SurveyNumb": "776", "LandType": "Govt.Land", "Production": 120000, "Dispatch": 100000, "ETS": 150000, "Notice": 50000, "Reg_From": "2024-04-27", "Reg_To": "2026-04-26", "ORIG_FID": 361}, "geometry": {"type": "Point", "coordinates": [78.09488, 17.045684]}}, {"type": "Feature", "properties": {"District": "Mahbubnagar", "Mandal": "Kondurg", "Company": "Solithium Renewable Private Limited Shop no. 118/4 Sri Krupa Mark et Telangana", "Address": "Solithium Renewable Private Limited Shop no. 118/4 Sri Krupa Mark et Telangana", "Mineral": "Colour Granite", "MineralTyp": "QL", "SurveyNumb": "411/1", "LandType": "Govt.Land", "Production": 120000, "Dispatch": 100000, "ETS": 150000, "Notice": 50000, "Reg_From": "2024-05-21", "Reg_To": "2025-04-04", "ORIG_FID": 366}, "geometry": {"type": "Point", "coordinates": [78.000364, 17.020252]}}, {"type": "Feature", "properties": {"District": "Mahbubnagar", "Mandal": "Kalwakurthy", "Company": "M/s. RISHI ENTERPRISES SOLUTIONS 1375/5/8 Bheem Nagar Gadwal Jogulamba Gadwal Telangana", "Address": "M/s. RISHI ENTERPRISES SOLUTIONS 1375/5/8 Bheem Nagar Gadwal Jogulamba Gadwal Telangana", "Mineral": "Colour Granite", "MineralTyp": "QL", "SurveyNumb": "368", "LandType": "Govt.Land", "Production": 120000, "Dispatch": 100000, "ETS": 150000, "Notice": 50000, "Reg_From": "2024-05-27", "Reg_To": "2025-04-04", "ORIG_FID": 371}, "geometry": {"type": "Point", "coordinates": [78.404013, 16.627559]}}, {"type": "Feature", "properties": {"District": "Mahbubnagar", "Mandal": "Talakondapalle", "Company": "M/s. Aadhi Vishwa Energy LLP P.NO: 47 TO 51 ALEAP Pragat hi Nagar JNTU Telangana India", "Address": "M/s. Aadhi Vishwa Energy LLP P.NO: 47 TO 51 ALEAP Pragat hi Nagar JNTU Telangana India", "Mineral": "Colour Granite", "MineralTyp": "QL", "SurveyNumb": "333", "LandType": "Govt.Land", "Production": 120000, "Dispatch": 100000, "ETS": 150000, "Notice": 50000, "Reg_From": "2024-08-25", "Reg_To": "2025-08-27", "ORIG_FID": 373}, "geometry": {"type": "Point", "coordinates": [78.370377, 16.818728]}}, {"type": "Feature", "properties": {"District": "Mahbubnagar", "Mandal": "Midjil", "Company": "M/s. JLR ASSOCIATES PLOT NO G 116 FLAT NO G2 SRIVED NILAYAM NEAR VELLANKI FOODS MADHURA NAGAR", "Address": "M/s. JLR ASSOCIATES PLOT NO G 116 FLAT NO G2 SRIVED NILAYAM NEAR VELLANKI FOODS MADHURA NAGAR", "Mineral": "Colour Granite", "MineralTyp": "QL", "SurveyNumb": "333", "LandType": "Govt.Land", "Production": 120000, "Dispatch": 100000, "ETS": 150000, "Notice": 50000, "Reg_From": "2024-06-08", "Reg_To": "2025-06-07", "ORIG_FID": 374}, "geometry": {"type": "Point", "coordinates": [78.335393, 16.794195]}}, {"type": "Feature", "properties": {"District": "Mahbubnagar", "Mandal": "Talakondapalle", "Company": "M/s. SOLGEN ENERGY PVT LTD DOOR NO.14/19 SIDCO INDUSTRIAL ESTATE P O THRISSUR KERALA", "Address": "M/s. SOLGEN ENERGY PVT LTD DOOR NO.14/19 SIDCO INDUSTRIAL ESTATE P O THRISSUR KERALA", "Mineral": "Colour Granite", "MineralTyp": "QL", "SurveyNumb": "578", "LandType": "Govt.Land", "Production": 120000, "Dispatch": 100000, "ETS": 150000, "Notice": 50000, "Reg_From": "2024-06-03", "Reg_To": "2026-06-02", "ORIG_FID": 375}, "geometry": {"type": "Point", "coordinates": [78.421011, 16.854949]}}, {"type": "Feature", "properties": {"District": "Mahbubnagar", "Mandal": "Amangal", "Company": "M/s. ARKA PLOT NO.34SAI CHARAN ARCADETEACHERS COLONYHASTHINAPURAM B.N.REDDY NAGARRANGA REDDY DISTTELANGANA STATE", "Address": "M/s. ARKA PLOT NO.34SAI CHARAN ARCADETEACHERS COLONYHASTHINAPURAM B.N.REDDY NAGARRANGA REDDY DISTTELANGANA STATE", "Mineral": "Colour Granite", "MineralTyp": "QL", "SurveyNumb": "207/1", "LandType": "Govt.Land", "Production": 120000, "Dispatch": 100000, "ETS": 150000, "Notice": 50000, "Reg_From": "2024-06-21", "Reg_To": "2025-06-20", "ORIG_FID": 376}, "geometry": {"type": "Point", "coordinates": [78.522166, 16.852602]}}, {"type": "Feature", "properties": {"District": "Mahbubnagar", "Mandal": "Veldanda", "Company": "M/s. Avanthika Solutions H.No 1122146 Kashibugga Thilak Road Near KVS Function Hall WARANGAL TELANGANA PIN:", "Address": "M/s. Avanthika Solutions H.No 1122146 Kashibugga Thilak Road Near KVS Function Hall WARANGAL TELANGANA PIN:", "Mineral": "Colour Granite", "MineralTyp": "QL", "SurveyNumb": "221", "LandType": "Govt.Land", "Production": 120000, "Dispatch": 100000, "ETS": 150000, "Notice": 50000, "Reg_From": "2024-06-26", "Reg_To": "2026-06-25", "ORIG_FID": 377}, "geometry": {"type": "Point", "coordinates": [78.692894, 16.783757]}}, {"type": "Feature", "properties": {"District": "Mahbubnagar", "Mandal": "Vangoor", "Company": "M/s. GRIDPLUS ENERGY PRIVATE LIMITED 403 4th floor Ablock Sri Ram nagar Kondapur", "Address": "M/s. GRIDPLUS ENERGY PRIVATE LIMITED 403 4th floor Ablock Sri Ram nagar Kondapur", "Mineral": "Colour Granite", "MineralTyp": "QL", "SurveyNumb": "81", "LandType": "Govt.Land", "Production": 120000, "Dispatch": 100000, "ETS": 150000, "Notice": 50000, "Reg_From": "2024-07-09", "Reg_To": "2025-07-08", "ORIG_FID": 378}, "geometry": {"type": "Point", "coordinates": [78.567933, 16.53486]}}, {"type": "Feature", "properties": {"District": "Mahbubnagar", "Mandal": "Tadoor", "Company": "M/s. SR GREEN ENERGY SOLUTIONS plot no335 Sri sai shiva nilayam road no7 Sri srinivasp uram colony Vansthalipuram", "Address": "M/s. SR GREEN ENERGY SOLUTIONS plot no335 Sri sai shiva nilayam road no7 Sri srinivasp uram colony Vansthalipuram", "Mineral": "Colour Granite", "MineralTyp": "QL", "SurveyNumb": "81", "LandType": "Govt.Land", "Production": 120000, "Dispatch": 100000, "ETS": 150000, "Notice": 50000, "Reg_From": "2024-07-10", "Reg_To": "2026-07-09", "ORIG_FID": 379}, "geometry": {"type": "Point", "coordinates": [78.344747, 16.554224]}}, {"type": "Feature", "properties": {"District": "Mahbubnagar", "Mandal": "Nagarkurnool", "Company": "M/s. BEST INFRA 10TH FLOOR 1007 ASIAN SUN CITYB BLOCK Hitech City Main Road SARATH CITY CAPITAL MALLKondapur Rangareddy Telangana", "Address": "M/s. BEST INFRA 10TH FLOOR 1007 ASIAN SUN CITYB BLOCK Hitech City Main Road SARATH CITY CAPITAL MALLKondapur Rangareddy Telangana", "Mineral": "Colour Granite", "MineralTyp": "QL", "SurveyNumb": "488", "LandType": "Govt.Land", "Production": 120000, "Dispatch": 100000, "ETS": 150000, "Notice": 50000, "Reg_From": "2024-07-10", "Reg_To": "2026-07-09", "ORIG_FID": 380}, "geometry": {"type": "Point", "coordinates": [78.309661, 16.501326]}}, {"type": "Feature", "properties": {"District": "Mahbubnagar", "Mandal": "Nagarkurnool", "Company": "M/s. EVERGREEN ENERGIES SOLUTIONS PRIVATE LIMITED H No./3 Near Bus Depot Mamillagudaem Khammam Khammam Telangana", "Address": "M/s. EVERGREEN ENERGIES SOLUTIONS PRIVATE LIMITED H No./3 Near Bus Depot Mamillagudaem Khammam Khammam Telangana", "Mineral": "Colour Granite", "MineralTyp": "QL", "SurveyNumb": "198", "LandType": "Govt.Land", "Production": 120000, "Dispatch": 100000, "ETS": 150000, "Notice": 50000, "Reg_From": "2024-07-06", "Reg_To": "2026-07-05", "ORIG_FID": 381}, "geometry": {"type": "Point", "coordinates": [78.248184, 16.426803]}}, {"type": "Feature", "properties": {"District": "Khammam", "Mandal": "Yerrupalem", "Company": "M/s. SRI GARUDADWAJA ENTERPRISES PLOT NO.105 SURYANAGAR COLONY ALWAL SECUNDERABAD 50001 0 & H.NO.8611 BESIDE UNION BANK OF INDIA KOTHIRAMPUR KARIMNAGAR", "Address": "M/s. SRI GARUDADWAJA ENTERPRISES PLOT NO.105 SURYANAGAR COLONY ALWAL SECUNDERABAD 50001 0 & H.NO.8611 BESIDE UNION BANK OF INDIA KOTHIRAMPUR KARIMNAGAR", "Mineral": "Colour Granite", "MineralTyp": "QL", "SurveyNumb": "395", "LandType": "Govt.Land", "Production": 120000, "Dispatch": 100000, "ETS": 150000, "Notice": 50000, "Reg_From": "2024-02-19", "Reg_To": "2026-02-18", "ORIG_FID": 385}, "geometry": {"type": "Point", "coordinates": [80.515981, 16.818885]}}, {"type": "Feature", "properties": {"District": "Khammam", "Mandal": "Madhira", "Company": "M/s. HARA RENOVABLE SOLUTION PVT LTD Manjeera Trinity Corporate 8t h Floor Regus JNTU Rd Kukatpally HB Colony Kukatpally", "Address": "M/s. HARA RENOVABLE SOLUTION PVT LTD Manjeera Trinity Corporate 8t h Floor Regus JNTU Rd Kukatpally HB Colony Kukatpally", "Mineral": "Colour Granite", "MineralTyp": "QL", "SurveyNumb": "571", "LandType": "Govt.Land", "Production": 120000, "Dispatch": 100000, "ETS": 150000, "Notice": 50000, "Reg_From": "2024-07-04", "Reg_To": "2025-07-03", "ORIG_FID": 386}, "geometry": {"type": "Point", "coordinates": [80.376729, 16.926044]}}, {"type": "Feature", "properties": {"District": "Khammam", "Mandal": "Bonakal", "Company": "M/s. SNEHA CONSTRUCTIONS H.No. 71302/47/C B.K. GUDA S.R.NAGAR Telangana", "Address": "M/s. SNEHA CONSTRUCTIONS H.No. 71302/47/C B.K. GUDA S.R.NAGAR Telangana", "Mineral": "Colour Granite", "MineralTyp": "QL", "SurveyNumb": "69", "LandType": "Govt.Land", "Production": 120000, "Dispatch": 100000, "ETS": 150000, "Notice": 50000, "Reg_From": "2024-07-23", "Reg_To": "2026-07-22", "ORIG_FID": 388}, "geometry": {"type": "Point", "coordinates": [80.331503, 17.015622]}}, {"type": "Feature", "properties": {"District": "Khammam", "Mandal": "Mudigonda", "Company": "M/s. SUNNEXT INFRA PRIVATE LIMITED 1336/16 GSR ENCLAVE NAGARAM", "Address": "M/s. SUNNEXT INFRA PRIVATE LIMITED 1336/16 GSR ENCLAVE NAGARAM", "Mineral": "Colour Granite", "MineralTyp": "QL", "SurveyNumb": "46", "LandType": "Govt.Land", "Production": 120000, "Dispatch": 100000, "ETS": 150000, "Notice": 50000, "Reg_From": "2024-07-27", "Reg_To": "2026-07-26", "ORIG_FID": 390}, "geometry": {"type": "Point", "coordinates": [80.107773, 17.017634]}}, {"type": "Feature", "properties": {"District": "Khammam", "Mandal": "Mudigonda", "Company": "M/s. SURYODAYA 1247 Plot No18 Vijetha Green House Allapur Society Nagarjuna Homes Nizampet Road Kukatpally Hydernagar Medchal Malkajgiri Telangana", "Address": "M/s. SURYODAYA 1247 Plot No18 Vijetha Green House Allapur Society Nagarjuna Homes Nizampet Road Kukatpally Hydernagar Medchal Malkajgiri Telangana", "Mineral": "Colour Granite", "MineralTyp": "QL", "SurveyNumb": "46", "LandType": "Govt.Land", "Production": 120000, "Dispatch": 100000, "ETS": 150000, "Notice": 50000, "Reg_From": "2024-07-31", "Reg_To": "2025-07-30", "ORIG_FID": 391}, "geometry": {"type": "Point", "coordinates": [80.114153, 17.032994]}}, {"type": "Feature", "properties": {"District": "Khammam", "Mandal": "Chinthakani", "Company": "M/s. SIRI EXERGY & CARBON ADVISORY SERVICES PRIVATE LIMITED 93A JANAKI ENCLAVE SAROORNAGAR Rangareddy Telangana", "Address": "M/s. SIRI EXERGY & CARBON ADVISORY SERVICES PRIVATE LIMITED 93A JANAKI ENCLAVE SAROORNAGAR Rangareddy Telangana", "Mineral": "Colour Granite", "MineralTyp": "QL", "SurveyNumb": "46", "LandType": "Govt.Land", "Production": 120000, "Dispatch": 100000, "ETS": 150000, "Notice": 50000, "Reg_From": "2024-07-30", "Reg_To": "2025-07-29", "ORIG_FID": 392}, "geometry": {"type": "Point", "coordinates": [80.190715, 17.044707]}}, {"type": "Feature", "properties": {"District": "Khammam", "Mandal": "Chinthakani", "Company": "Dhruva Flat No : 20/M/44/1/51&52/501 Capital Green Apartments Calvary Temple Road Miyapur Medchal Malkajgiri Telangana", "Address": "Dhruva Flat No : 20/M/44/1/51&52/501 Capital Green Apartments Calvary Temple Road Miyapur Medchal Malkajgiri Telangana", "Mineral": "Colour Granite", "MineralTyp": "QL", "SurveyNumb": "178", "LandType": "Govt.Land", "Production": 120000, "Dispatch": 100000, "ETS": 150000, "Notice": 50000, "Reg_From": "2024-08-03", "Reg_To": "2026-08-02", "ORIG_FID": 393}, "geometry": {"type": "Point", "coordinates": [80.211449, 17.059518]}}, {"type": "Feature", "properties": {"District": "Khammam", "Mandal": "Nelakondapalle", "Company": "AUXRAY ENERGY SOLUTIONS PRIVATE LIMITED 166/4/6 4th floor Amar wellare Co operative society kavuri hills Madhapur", "Address": "AUXRAY ENERGY SOLUTIONS PRIVATE LIMITED 166/4/6 4th floor Amar wellare Co operative society kavuri hills Madhapur", "Mineral": "Colour Granite", "MineralTyp": "QL", "SurveyNumb": "178", "LandType": "Govt.Land", "Production": 120000, "Dispatch": 100000, "ETS": 150000, "Notice": 50000, "Reg_From": "2024-08-05", "Reg_To": "2025-08-04", "ORIG_FID": 394}, "geometry": {"type": "Point", "coordinates": [80.083194, 17.049141]}}, {"type": "Feature", "properties": {"District": "Khammam", "Mandal": "Kallur1", "Company": "Panchasheel Enterprises Ailneni Private Limited 86280 Kothi Rampur Hyd Road Karimnagar 5", "Address": "Panchasheel Enterprises Ailneni Private Limited 86280 Kothi Rampur Hyd Road Karimnagar 5", "Mineral": "Colour Granite", "MineralTyp": "QL", "SurveyNumb": "578", "LandType": "Govt.Land", "Production": 120000, "Dispatch": 100000, "ETS": 150000, "Notice": 50000, "Reg_From": "2024-07-16", "Reg_To": "2026-07-15", "ORIG_FID": 395}, "geometry": {"type": "Point", "coordinates": [80.434313, 17.079631]}}, {"type": "Feature", "properties": {"District": "Khammam", "Mandal": "Vemsoor", "Company": "BHARATH SYSTEMS 55477/1 BHEEMARAM COLONY ROAD HANUMAKONDA", "Address": "BHARATH SYSTEMS 55477/1 BHEEMARAM COLONY ROAD HANUMAKONDA", "Mineral": "Colour Granite", "MineralTyp": "QL", "SurveyNumb": "447", "LandType": "Govt.Land", "Production": 120000, "Dispatch": 100000, "ETS": 150000, "Notice": 50000, "Reg_From": "2024-08-06", "Reg_To": "2025-08-05", "ORIG_FID": 396}, "geometry": {"type": "Point", "coordinates": [80.77399, 17.088102]}}, {"type": "Feature", "properties": {"District": "Khammam", "Mandal": "Mudigonda", "Company": "STARX ENERGY PLOT NO 16 HIMASAI LAYOUT SAI BABA TEMPLE ROAD Turkayamjal BRAHMANPALLY Rangareddy Telangana", "Address": "STARX ENERGY PLOT NO 16 HIMASAI LAYOUT SAI BABA TEMPLE ROAD Turkayamjal BRAHMANPALLY Rangareddy Telangana", "Mineral": "Colour Granite", "MineralTyp": "QL", "SurveyNumb": "447", "LandType": "Govt.Land", "Production": 120000, "Dispatch": 100000, "ETS": 150000, "Notice": 50000, "Reg_From": "2024-08-11", "Reg_To": "2025-08-10", "ORIG_FID": 397}, "geometry": {"type": "Point", "coordinates": [80.11453, 17.078687]}}, {"type": "Feature", "properties": {"District": "Khammam", "Mandal": "Vemsoor", "Company": "AIC INNOVATORS PRIVATE LIMITED 2nd 82686/8/4F Sai Enclave Opp Command and Control Centre Telangana Police Banjara Hills Road No. 12 MLA Colony", "Address": "AIC INNOVATORS PRIVATE LIMITED 2nd 82686/8/4F Sai Enclave Opp Command and Control Centre Telangana Police Banjara Hills Road No. 12 MLA Colony", "Mineral": "Colour Granite", "MineralTyp": "QL", "SurveyNumb": "411", "LandType": "Govt.Land", "Production": 120000, "Dispatch": 100000, "ETS": 150000, "Notice": 50000, "Reg_From": "2024-08-21", "Reg_To": "2026-08-20", "ORIG_FID": 398}, "geometry": {"type": "Point", "coordinates": [80.866874, 17.111005]}}, {"type": "Feature", "properties": {"District": "Khammam", "Mandal": "Vemsoor", "Company": "TURBOTECH ENGINEERS INFRASTRUCTURES PVT LTD SHOP NO 6 ROAD NO 7 OPP A P S L PATANCHERU RANGAREDDI Sangareddy Telangana", "Address": "TURBOTECH ENGINEERS INFRASTRUCTURES PVT LTD SHOP NO 6 ROAD NO 7 OPP A P S L PATANCHERU RANGAREDDI Sangareddy Telangana", "Mineral": "Colour Granite", "MineralTyp": "QL", "SurveyNumb": "411/2", "LandType": "Govt.Land", "Production": 120000, "Dispatch": 100000, "ETS": 150000, "Notice": 50000, "Reg_From": "2024-08-27", "Reg_To": "2026-08-26", "ORIG_FID": 399}, "geometry": {"type": "Point", "coordinates": [80.832071, 17.112594]}}, {"type": "Feature", "properties": {"District": "Khammam", "Mandal": "Chinthakani", "Company": "VARAHI ENERGIES 3RD FLOOR /4/303 SRIVENKATA SAI RESIDENCY ARMOOR ROAD NIZAMABAD503002 TELANGANA", "Address": "VARAHI ENERGIES 3RD FLOOR /4/303 SRIVENKATA SAI RESIDENCY ARMOOR ROAD NIZAMABAD503002 TELANGANA", "Mineral": "Colour Granite", "MineralTyp": "QL", "SurveyNumb": "105/P", "LandType": "Govt.Land", "Production": 120000, "Dispatch": 100000, "ETS": 150000, "Notice": 50000, "Reg_From": "2024-08-29", "Reg_To": "2025-08-28", "ORIG_FID": 400}, "geometry": {"type": "Point", "coordinates": [80.204756, 17.108254]}}, {"type": "Feature", "properties": {"District": "Khammam", "Mandal": "Nelakondapalle", "Company": "M TECHNOLOGIES H.No. 1233/75 PLOT NO.1 PRASHANTH NAGAR ROAD NO.1 Nizampet Road Hyder Nagar Medchal Malkajgiri Telangana", "Address": "M TECHNOLOGIES H.No. 1233/75 PLOT NO.1 PRASHANTH NAGAR ROAD NO.1 Nizampet Road Hyder Nagar Medchal Malkajgiri Telangana", "Mineral": "Colour Granite", "MineralTyp": "QL", "SurveyNumb": "139 & 140", "LandType": "Govt.Land", "Production": 120000, "Dispatch": 100000, "ETS": 150000, "Notice": 50000, "Reg_From": "2024-08-30", "Reg_To": "2026-08-29", "ORIG_FID": 401}, "geometry": {"type": "Point", "coordinates": [80.005142, 17.105424]}}, {"type": "Feature", "properties": {"District": "Khammam", "Mandal": "Nelakondapalle", "Company": "AASMA ENERGIES 2ND FLOOR HNO: 57292 SHAPUR NAGAR SANJAY GANDHI NAGAR JEEDIMETLA QUTUBULLAPUR MEDCHAL MALKAJGIRI TELANGANA", "Address": "AASMA ENERGIES 2ND FLOOR HNO: 57292 SHAPUR NAGAR SANJAY GANDHI NAGAR JEEDIMETLA QUTUBULLAPUR MEDCHAL MALKAJGIRI TELANGANA", "Mineral": "Colour Granite", "MineralTyp": "QL", "SurveyNumb": "141 & 142", "LandType": "Govt.Land", "Production": 120000, "Dispatch": 100000, "ETS": 150000, "Notice": 50000, "Reg_From": "2024-09-06", "Reg_To": "2026-09-05", "ORIG_FID": 402}, "geometry": {"type": "Point", "coordinates": [80.051865, 17.110824]}}, {"type": "Feature", "properties": {"District": "Khammam", "Mandal": "Sathupalle", "Company": "SRI SAI LEELA ELECTRICAL PROJECTS PLOT NO 57 FLAT NO 201 & 202SRI GURUDATTA APARTMENT SARDAR PATEL NAGAR KPHB", "Address": "SRI SAI LEELA ELECTRICAL PROJECTS PLOT NO 57 FLAT NO 201 & 202SRI GURUDATTA APARTMENT SARDAR PATEL NAGAR KPHB", "Mineral": "Colour Granite", "MineralTyp": "QL", "SurveyNumb": "226", "LandType": "Govt.Land", "Production": 120000, "Dispatch": 100000, "ETS": 150000, "Notice": 50000, "Reg_From": "2024-09-06", "Reg_To": "2026-09-05", "ORIG_FID": 403}, "geometry": {"type": "Point", "coordinates": [80.86481, 17.1424]}}, {"type": "Feature", "properties": {"District": "Khammam", "Mandal": "Nelakondapalle", "Company": "", "Address": "", "Mineral": "Colour Granite", "MineralTyp": "QL", "SurveyNumb": "406", "LandType": "Govt.Land", "Production": 120000, "Dispatch": 100000, "ETS": 150000, "Notice": 50000, "Reg_From": "2024-09-06", "Reg_To": "2026-09-05", "ORIG_FID": 404}, "geometry": {"type": "Point", "coordinates": [80.067363, 17.123219]}}, {"type": "Feature", "properties": {"District": "Khammam", "Mandal": "Kallur1", "Company": "", "Address": "", "Mineral": "Colour Granite", "MineralTyp": "QL", "SurveyNumb": "371", "LandType": "Govt.Land", "Production": 120000, "Dispatch": 100000, "ETS": 150000, "Notice": 50000, "Reg_From": "2024-09-06", "Reg_To": "2026-09-05", "ORIG_FID": 406}, "geometry": {"type": "Point", "coordinates": [80.546693, 17.156312]}}, {"type": "Feature", "properties": {"District": "Khammam", "Mandal": "Penuballi", "Company": "CLOUDJET PRIVATE LIMITED F2 2ND FLOOR 136/2/2/ HITECHHOMES/A/2 Hi Tech Homes A BLOCK SY.NO.:194 ROAD NO 3 JAWAHAR COLONY Chanda Nagar", "Address": "CLOUDJET PRIVATE LIMITED F2 2ND FLOOR 136/2/2/ HITECHHOMES/A/2 Hi Tech Homes A BLOCK SY.NO.:194 ROAD NO 3 JAWAHAR COLONY Chanda Nagar", "Mineral": "Colour Granite", "MineralTyp": "QL", "SurveyNumb": "173", "LandType": "Govt.Land", "Production": 120000, "Dispatch": 100000, "ETS": 150000, "Notice": 50000, "Reg_From": "2024-09-09", "Reg_To": "2026-09-08", "ORIG_FID": 407}, "geometry": {"type": "Point", "coordinates": [80.665537, 17.16211]}}, {"type": "Feature", "properties": {"District": "Khammam", "Mandal": "Sathupalle", "Company": "KHAITAR INDUSTRIES PRIVATE LIMITED Corp.Off: Khaitar House 1st Floor 59262/E. Rajivgandhi Nagar I.E. Kukatpally. Telangana Pin Code:", "Address": "KHAITAR INDUSTRIES PRIVATE LIMITED Corp.Off: Khaitar House 1st Floor 59262/E. Rajivgandhi Nagar I.E. Kukatpally. Telangana Pin Code:", "Mineral": "Colour Granite", "MineralTyp": "QL", "SurveyNumb": "130", "LandType": "Govt.Land", "Production": 120000, "Dispatch": 100000, "ETS": 150000, "Notice": 50000, "Reg_From": "2024-09-12", "Reg_To": "2025-09-11", "ORIG_FID": 410}, "geometry": {"type": "Point", "coordinates": [80.819851, 17.171222]}}, {"type": "Feature", "properties": {"District": "Khammam", "Mandal": "Konijerla", "Company": "LEDTECHNOLOGY 1st FLOOR SHOP NO151 CTC PARKLANE SECUNDERABAD Telangana", "Address": "LEDTECHNOLOGY 1st FLOOR SHOP NO151 CTC PARKLANE SECUNDERABAD Telangana", "Mineral": "Colour Granite", "MineralTyp": "QL", "SurveyNumb": "230/2", "LandType": "Govt.Land", "Production": 120000, "Dispatch": 100000, "ETS": 150000, "Notice": 50000, "Reg_From": "2024-09-19", "Reg_To": "2025-09-18", "ORIG_FID": 411}, "geometry": {"type": "Point", "coordinates": [80.300479, 17.17285]}}, {"type": "Feature", "properties": {"District": "Khammam", "Mandal": "Mudigonda", "Company": "M/s. SURYA RENEWABLE SYSTEMSPRIVATE LIMITED H.NO.427/8/4/1INDIRA NAGAR COLONYBODUPPALGHATKESAR Newton Grammer School Rangareddy", "Address": "M/s. SURYA RENEWABLE SYSTEMSPRIVATE LIMITED H.NO.427/8/4/1INDIRA NAGAR COLONYBODUPPALGHATKESAR Newton Grammer School Rangareddy", "Mineral": "Colour Granite", "MineralTyp": "QL", "SurveyNumb": "69", "LandType": "Govt.Land", "Production": 120000, "Dispatch": 100000, "ETS": 150000, "Notice": 50000, "Reg_From": "2024-09-19", "Reg_To": "2025-09-18", "ORIG_FID": 412}, "geometry": {"type": "Point", "coordinates": [80.03001, 17.171139]}}, {"type": "Feature", "properties": {"District": "Khammam", "Mandal": "Wyra", "Company": "M/s. MITRA ENERGY plot no 538 ambedkarnagar pha se 3 boduppal medchal malkajgiri dist", "Address": "M/s. MITRA ENERGY plot no 538 ambedkarnagar pha se 3 boduppal medchal malkajgiri dist", "Mineral": "Colour Granite", "MineralTyp": "QL", "SurveyNumb": "69", "LandType": "Govt.Land", "Production": 120000, "Dispatch": 100000, "ETS": 150000, "Notice": 50000, "Reg_From": "2024-09-23", "Reg_To": "2026-09-22", "ORIG_FID": 413}, "geometry": {"type": "Point", "coordinates": [80.345474, 17.182736]}}, {"type": "Feature", "properties": {"District": "Khammam", "Mandal": "Tallada", "Company": "M/s. KILOWATT SOLUTIONS PLOT .63 NPSURYATEJACOLONY OPP WORD & DEED SCHOOL HAYATNAGAR RRDIST", "Address": "M/s. KILOWATT SOLUTIONS PLOT .63 NPSURYATEJACOLONY OPP WORD & DEED SCHOOL HAYATNAGAR RRDIST", "Mineral": "Colour Granite", "MineralTyp": "QL", "SurveyNumb": "69", "LandType": "Govt.Land", "Production": 120000, "Dispatch": 100000, "ETS": 150000, "Notice": 50000, "Reg_From": "2024-09-24", "Reg_To": "2026-09-23", "ORIG_FID": 414}, "geometry": {"type": "Point", "coordinates": [80.464918, 17.190086]}}, {"type": "Feature", "properties": {"District": "Khammam", "Mandal": "Konijerla", "Company": "M/s. NEW PLANET SOLUTIONS 1540 NEWTOWN RAMALAYAM STR EET MAHBUBNAGAR TELANGANA", "Address": "M/s. NEW PLANET SOLUTIONS 1540 NEWTOWN RAMALAYAM STR EET MAHBUBNAGAR TELANGANA", "Mineral": "Colour Granite", "MineralTyp": "QL", "SurveyNumb": "99", "LandType": "Govt.Land", "Production": 120000, "Dispatch": 100000, "ETS": 150000, "Notice": 50000, "Reg_From": "2024-09-19", "Reg_To": "2025-09-18", "ORIG_FID": 415}, "geometry": {"type": "Point", "coordinates": [80.257344, 17.184815]}}, {"type": "Feature", "properties": {"District": "Khammam", "Mandal": "Sathupalle", "Company": "M/s. NATURE SOLUTIONS 18931/7 NEAR KUBERA APARTMENT PRASHANTH APARTMENT Siddipet Siddipet Telangana", "Address": "M/s. NATURE SOLUTIONS 18931/7 NEAR KUBERA APARTMENT PRASHANTH APARTMENT Siddipet Siddipet Telangana", "Mineral": "Colour Granite", "MineralTyp": "QL", "SurveyNumb": "724 & 727", "LandType": "Patta Land", "Production": 120000, "Dispatch": 100000, "ETS": 150000, "Notice": 50000, "Reg_From": "2024-09-27", "Reg_To": "2026-09-26", "ORIG_FID": 416}, "geometry": {"type": "Point", "coordinates": [80.852087, 17.208378]}}, {"type": "Feature", "properties": {"District": "Khammam", "Mandal": "Kallur1", "Company": "Sathyam Constructions H.No.119 Devuni Yerravalli Village Chevella Mandal Ranga Reddy District Telangana", "Address": "Sathyam Constructions H.No.119 Devuni Yerravalli Village Chevella Mandal Ranga Reddy District Telangana", "Mineral": "Colour Granite", "MineralTyp": "QL", "SurveyNumb": "915", "LandType": "Patta Land", "Production": 120000, "Dispatch": 100000, "ETS": 150000, "Notice": 50000, "Reg_From": "2018-07-01", "Reg_To": "2020-06-30", "ORIG_FID": 417}, "geometry": {"type": "Point", "coordinates": [80.599593, 17.203993]}}, {"type": "Feature", "properties": {"District": "Khammam", "Mandal": "Mudigonda", "Company": "M/s. Shipivista Group 18217 P.G Road Secunderabad Telangana", "Address": "M/s. Shipivista Group 18217 P.G Road Secunderabad Telangana", "Mineral": "Colour Granite", "MineralTyp": "QL", "SurveyNumb": "488", "LandType": "Govt.Land", "Production": 120000, "Dispatch": 100000, "ETS": 150000, "Notice": 50000, "Reg_From": "2024-10-19", "Reg_To": "2025-10-18", "ORIG_FID": 420}, "geometry": {"type": "Point", "coordinates": [80.045482, 17.197795]}}, {"type": "Feature", "properties": {"District": "Khammam", "Mandal": "Mudigonda", "Company": "Rubix Energy Systems Flat no 12AElectronic Complex Kushaiguda ECIL", "Address": "Rubix Energy Systems Flat no 12AElectronic Complex Kushaiguda ECIL", "Mineral": "Colour Granite", "MineralTyp": "QL", "SurveyNumb": "488", "LandType": "Govt.Land", "Production": 120000, "Dispatch": 100000, "ETS": 150000, "Notice": 50000, "Reg_From": "2024-10-09", "Reg_To": "2025-10-18", "ORIG_FID": 421}, "geometry": {"type": "Point", "coordinates": [80.064137, 17.204446]}}, {"type": "Feature", "properties": {"District": "Khammam", "Mandal": "Kallur1", "Company": "GREENLEAF SOLUTIONS GREENLEAF SOLUTIONS H.no: 61155/A Sai Rukmini Apartments #505 Padmarao Nagar Secunderabad Telangana", "Address": "GREENLEAF SOLUTIONS GREENLEAF SOLUTIONS H.no: 61155/A Sai Rukmini Apartments #505 Padmarao Nagar Secunderabad Telangana", "Mineral": "Colour Granite", "MineralTyp": "QL", "SurveyNumb": "488", "LandType": "Govt.Land", "Production": 120000, "Dispatch": 100000, "ETS": 150000, "Notice": 50000, "Reg_From": "2024-10-13", "Reg_To": "2025-10-12", "ORIG_FID": 422}, "geometry": {"type": "Point", "coordinates": [80.557346, 17.217636]}}, {"type": "Feature", "properties": {"District": "Khammam", "Mandal": "Khammam (Urban)", "Company": "Ruthvik System 301920Cv street Eluru road Vijaywada Andhra Pradesh 5 20002", "Address": "Ruthvik System 301920Cv street Eluru road Vijaywada Andhra Pradesh 5 20002", "Mineral": "Colour Granite", "MineralTyp": "QL", "SurveyNumb": "456/D", "LandType": "Patta Land", "Production": 120000, "Dispatch": 100000, "ETS": 150000, "Notice": 50000, "Reg_From": "2024-10-09", "Reg_To": "2025-10-08", "ORIG_FID": 423}, "geometry": {"type": "Point", "coordinates": [80.162456, 17.212566]}}, {"type": "Feature", "properties": {"District": "Khammam", "Mandal": "Dammapeta", "Company": "WISDA VENTURES PRIVATE LIMITED 3rd Floor Rent A Desk Babukh an Rasheed Plaza Madhapur Jubilee Hills", "Address": "WISDA VENTURES PRIVATE LIMITED 3rd Floor Rent A Desk Babukh an Rasheed Plaza Madhapur Jubilee Hills", "Mineral": "Colour Granite", "MineralTyp": "QL", "SurveyNumb": "600", "LandType": "Govt.Land", "Production": 120000, "Dispatch": 100000, "ETS": 150000, "Notice": 50000, "Reg_From": "2024-10-14", "Reg_To": "2023-04-04", "ORIG_FID": 424}, "geometry": {"type": "Point", "coordinates": [80.870794, 17.224702]}}, {"type": "Feature", "properties": {"District": "Khammam", "Mandal": "Penuballi", "Company": "NBS SYSTEMS 12143 Near Mothi KuntaOnti Satambham Sri Krishna Nagar Nalgonda", "Address": "NBS SYSTEMS 12143 Near Mothi KuntaOnti Satambham Sri Krishna Nagar Nalgonda", "Mineral": "Colour Granite", "MineralTyp": "QL", "SurveyNumb": "438/1", "LandType": "Govt.Land", "Production": 120000, "Dispatch": 100000, "ETS": 150000, "Notice": 50000, "Reg_From": "2024-10-16", "Reg_To": "2025-10-15", "ORIG_FID": 425}, "geometry": {"type": "Point", "coordinates": [80.660461, 17.23894]}}, {"type": "Feature", "properties": {"District": "Khammam", "Mandal": "Penuballi", "Company": "M/s. SRI GANESH INVERTERS 1285/4/3/2/CSrinivasa Nagar Kodad Suryapet5", "Address": "M/s. SRI GANESH INVERTERS 1285/4/3/2/CSrinivasa Nagar Kodad Suryapet5", "Mineral": "Colour Granite", "MineralTyp": "QL", "SurveyNumb": "490", "LandType": "Govt.Land", "Production": 120000, "Dispatch": 100000, "ETS": 150000, "Notice": 50000, "Reg_From": "2024-10-23", "Reg_To": "2026-10-22", "ORIG_FID": 427}, "geometry": {"type": "Point", "coordinates": [80.628141, 17.243041]}}, {"type": "Feature", "properties": {"District": "Khammam", "Mandal": "Khammam (Urban)", "Company": "SOLOX ENERGIES PRIVATE LIMITED PLOT NO 109 2ND FLOOR SHASHANKTOWERSUPPAL BHAGAYATH LAYOUT NAGOLE", "Address": "SOLOX ENERGIES PRIVATE LIMITED PLOT NO 109 2ND FLOOR SHASHANKTOWERSUPPAL BHAGAYATH LAYOUT NAGOLE", "Mineral": "Colour Granite", "MineralTyp": "QL", "SurveyNumb": "584", "LandType": "Govt.Land", "Production": 120000, "Dispatch": 100000, "ETS": 150000, "Notice": 50000, "Reg_From": "2024-10-29", "Reg_To": "2025-10-28", "ORIG_FID": 428}, "geometry": {"type": "Point", "coordinates": [80.193315, 17.229626]}}, {"type": "Feature", "properties": {"District": "Khammam", "Mandal": "Khammam (Rural)", "Company": "A & T Systems", "Address": "A & T Systems Pvt Ltd Hno 71619/A/10 Flat No 301 N Aina Residency Srinivasa Nagar (W) Ameerpet Telan gana", "Mineral": "Colour Granite", "MineralTyp": "QL", "SurveyNumb": "154", "LandType": "Govt.Land", "Production": 150000, "Dispatch": 150000, "ETS": 300000, "Notice": 150000, "Reg_From": "2024-10-04", "Reg_To": "2025-10-03", "ORIG_FID": 429}, "geometry": {"type": "Point", "coordinates": [80.0408, 17.234519]}}, {"type": "Feature", "properties": {"District": "Khammam", "Mandal": "Konijerla", "Company": "J P R ENERGY SOLUTIONS Khammam Bypass T N G O COLONY D Raparthi Nagar2 Khammam Telangana", "Address": "J P R ENERGY SOLUTIONS Khammam Bypass T N G O COLONY D Raparthi Nagar2 Khammam Telangana", "Mineral": "Colour Granite", "MineralTyp": "QL", "SurveyNumb": "154", "LandType": "Govt.Land", "Production": 150000, "Dispatch": 150000, "ETS": 300000, "Notice": 150000, "Reg_From": "2024-11-04", "Reg_To": "2025-11-03", "ORIG_FID": 430}, "geometry": {"type": "Point", "coordinates": [80.290387, 17.23887]}}, {"type": "Feature", "properties": {"District": "Nalgonda", "Mandal": "Nampalle", "Company": "AMITYECO RENEW PVT LTD 1870 Giri Nagar IDPL Colony", "Address": "AMITYECO RENEW PVT LTD 1870 Giri Nagar IDPL Colony", "Mineral": "Colour Granite", "MineralTyp": "QL", "SurveyNumb": "141", "LandType": "Govt.Land", "Production": 150000, "Dispatch": 150000, "ETS": 300000, "Notice": 150000, "Reg_From": "2024-11-02", "Reg_To": "2026-11-01", "ORIG_FID": 431}, "geometry": {"type": "Point", "coordinates": [78.967001, 16.863435]}}, {"type": "Feature", "properties": {"District": "Khammam", "Mandal": "Kusumanchi", "Company": "S B SOLUTIONS HNO 1152/1 3RD WADA OPPOSITEMASJID GUDUR BIBINAGAR YADADRII BHONGIRI TELANGANA", "Address": "S B SOLUTIONS HNO 1152/1 3RD WADA OPPOSITEMASJID GUDUR BIBINAGAR YADADRII BHONGIRI TELANGANA", "Mineral": "Colour Granite", "MineralTyp": "QL", "SurveyNumb": "469 & 470", "LandType": "Patta Land", "Production": 150000, "Dispatch": 150000, "ETS": 300000, "Notice": 150000, "Reg_From": "2024-11-07", "Reg_To": "2026-11-06", "ORIG_FID": 432}, "geometry": {"type": "Point", "coordinates": [80.004989, 17.242126]}}, {"type": "Feature", "properties": {"District": "Khammam", "Mandal": "Khammam (Urban)", "Company": "GLOBUS INFORMATICS INDIA PRIVATE LIMITED 4TH FLOOR FLAT NO.401 G.S. MALL RAJ BHAWAN ROAD", "Address": "GLOBUS INFORMATICS INDIA PRIVATE LIMITED 4TH FLOOR FLAT NO.401 G.S. MALL RAJ BHAWAN ROAD", "Mineral": "Colour Granite", "MineralTyp": "QL", "SurveyNumb": "464 & 485", "LandType": "Patta Land", "Production": 150000, "Dispatch": 150000, "ETS": 300000, "Notice": 150000, "Reg_From": "2024-11-08", "Reg_To": "2025-11-07", "ORIG_FID": 433}, "geometry": {"type": "Point", "coordinates": [80.157429, 17.245047]}}, {"type": "Feature", "properties": {"District": "Khammam", "Mandal": "Kusumanchi", "Company": "REDPORT INFRA PRIVATE LIMITED 7/ K V R COLONY PRODDATUR516360 YSR KADAPA DISTRICT ANDHRA PRADESH", "Address": "REDPORT INFRA PRIVATE LIMITED 7/ K V R COLONY PRODDATUR516360 YSR KADAPA DISTRICT ANDHRA PRADESH", "Mineral": "Colour Granite", "MineralTyp": "QL", "SurveyNumb": "245", "LandType": "Govt.Land", "Production": 150000, "Dispatch": 150000, "ETS": 300000, "Notice": 150000, "Reg_From": "2024-11-10", "Reg_To": "2025-11-09", "ORIG_FID": 434}, "geometry": {"type": "Point", "coordinates": [80.018926, 17.246717]}}, {"type": "Feature", "properties": {"District": "Khammam", "Mandal": "Khammam (Rural)", "Company": "VAMANA EPC Plot no.20 3RD Floor Vemi R eddy Enclave Road Number 12 Banjara Hills Hyd erabad Telangana", "Address": "VAMANA EPC Plot no.20 3RD Floor Vemi R eddy Enclave Road Number 12 Banjara Hills Hyd erabad Telangana", "Mineral": "Colour Granite", "MineralTyp": "QL", "SurveyNumb": "429", "LandType": "Govt.Land", "Production": 150000, "Dispatch": 150000, "ETS": 300000, "Notice": 150000, "Reg_From": "2024-08-29", "Reg_To": "2025-08-27", "ORIG_FID": 435}, "geometry": {"type": "Point", "coordinates": [80.057405, 17.247695]}}, {"type": "Feature", "properties": {"District": "Nalgonda", "Mandal": "Nampalle", "Company": "DOT PRAANA Door no: 12367/2/2 B3 Mad huvan Residency Street no. 6 Domalguda Telangana", "Address": "DOT PRAANA Door no: 12367/2/2 B3 Mad huvan Residency Street no. 6 Domalguda Telangana", "Mineral": "Colour Granite", "MineralTyp": "QL", "SurveyNumb": "553", "LandType": "Govt.Land", "Production": 150000, "Dispatch": 150000, "ETS": 300000, "Notice": 150000, "Reg_From": "2024-11-12", "Reg_To": "2025-11-11", "ORIG_FID": 436}, "geometry": {"type": "Point", "coordinates": [79.013028, 16.8892]}}, {"type": "Feature", "properties": {"District": "Khammam", "Mandal": "Aswaraopeta", "Company": "ASUM ENERGY PVT LTD H.no Flat No: A404 A Block Legend Galaxy Apa rtment LaxmiNagar Colony Kot hapet Telangana 50 0035", "Address": "ASUM ENERGY PVT LTD H.no Flat No: A404 A Block Legend Galaxy Apa rtment LaxmiNagar Colony Kot hapet Telangana 50 0035", "Mineral": "Colour Granite", "MineralTyp": "QL", "SurveyNumb": "398,", "LandType": "Govt.Land", "Production": 150000, "Dispatch": 150000, "ETS": 300000, "Notice": 150000, "Reg_From": "2024-11-13", "Reg_To": "2026-11-12", "ORIG_FID": 437}, "geometry": {"type": "Point", "coordinates": [81.10406, 17.28511]}}, {"type": "Feature", "properties": {"District": "Khammam", "Mandal": "Khammam (Rural)", "Company": "UNILUX LLP 63/1091/13 to 15/g10 AMRUTHA VILLE Opp. Yashoda HospitalSomajiguda Telangana", "Address": "UNILUX LLP 63/1091/13 to 15/g10 AMRUTHA VILLE Opp. Yashoda HospitalSomajiguda Telangana", "Mineral": "Colour Granite", "MineralTyp": "QL", "SurveyNumb": "178", "LandType": "Govt.Land", "Production": 150000, "Dispatch": 150000, "ETS": 300000, "Notice": 150000, "Reg_From": "2024-11-14", "Reg_To": "2026-11-13", "ORIG_FID": 438}, "geometry": {"type": "Point", "coordinates": [80.035373, 17.273196]}}, {"type": "Feature", "properties": {"District": "Khammam", "Mandal": "Khammam (Rural)", "Company": "Lakshmi Green Energy Private Limited 1923 3RD FLOOR STREET NO 17 GOUTHAM NAGAR MALKAJGIRI", "Address": "Lakshmi Green Energy Private Limited 1923 3RD FLOOR STREET NO 17 GOUTHAM NAGAR MALKAJGIRI", "Mineral": "Colour Granite", "MineralTyp": "QL", "SurveyNumb": "398", "LandType": "Govt.Land", "Production": 150000, "Dispatch": 150000, "ETS": 300000, "Notice": 150000, "Reg_From": "2024-10-17", "Reg_To": "2026-10-16", "ORIG_FID": 439}, "geometry": {"type": "Point", "coordinates": [80.098483, 17.289184]}}, {"type": "Feature", "properties": {"District": "Khammam", "Mandal": "Thirumalayapalem", "Company": "AXISO GREEN ENERGIES PRIVATE LIMITED PLOT NO102103 Road: TEMPLE LANEMYTHRI NAGAR Nearby Landmark: Shri Ambika Vidya Mandir Locality: MATHRUSRI NAGAR SERILINGAMPALLY City:", "Address": "AXISO GREEN ENERGIES PRIVATE LIMITED PLOT NO102103 Road: TEMPLE LANEMYTHRI NAGAR Nearby Landmark: Shri Ambika Vidya Mandir Locality: MATHRUSRI NAGAR SERILINGAMPALLY City:", "Mineral": "Colour Granite", "MineralTyp": "QL", "SurveyNumb": "398", "LandType": "Govt.Land", "Production": 150000, "Dispatch": 150000, "ETS": 300000, "Notice": 150000, "Reg_From": "2024-11-19", "Reg_To": "2026-11-18", "ORIG_FID": 440}, "geometry": {"type": "Point", "coordinates": [80.019026, 17.29668]}}, {"type": "Feature", "properties": {"District": "Nalgonda", "Mandal": "Nampalle", "Company": "A GENIOUS SOLUTIONS 17440/1/A/1 VELUGUMATLA WYRA ROAD Khammam Khammam Tela ngana", "Address": "A GENIOUS SOLUTIONS 17440/1/A/1 VELUGUMATLA WYRA ROAD Khammam Khammam Tela ngana", "Mineral": "Colour Granite", "MineralTyp": "QL", "SurveyNumb": "398", "LandType": "Govt.Land", "Production": 150000, "Dispatch": 150000, "ETS": 300000, "Notice": 150000, "Reg_From": "2024-11-20", "Reg_To": "2025-11-19", "ORIG_FID": 441}, "geometry": {"type": "Point", "coordinates": [78.960038, 16.930574]}}, {"type": "Feature", "properties": {"District": "Nalgonda", "Mandal": "Marriguda", "Company": "Ecovav Industries Pvt Ltd Plot No. 52 Sarvasukhi Colony West Marredpally Secunderabad", "Address": "Ecovav Industries Pvt Ltd Plot No. 52 Sarvasukhi Colony West Marredpally Secunderabad", "Mineral": "Black Granite", "MineralTyp": "QL", "SurveyNumb": "760/1", "LandType": "Govt.Land", "Production": 150000, "Dispatch": 150000, "ETS": 165000, "Notice": 15000, "Reg_From": "2024-11-20", "Reg_To": "2025-11-19", "ORIG_FID": 442}, "geometry": {"type": "Point", "coordinates": [78.911346, 16.932728]}}, {"type": "Feature", "properties": {"District": "Khammam", "Mandal": "Thirumalayapalem", "Company": "VISAKA GREEN PRIVATE LIMITED VISAKA TOWERS 18303/69/3 SP RoadSecunderabad500003 Telangana.", "Address": "VISAKA GREEN PRIVATE LIMITED VISAKA TOWERS 18303/69/3 SP RoadSecunderabad500003 Telangana.", "Mineral": "Black Granite", "MineralTyp": "QL", "SurveyNumb": "760/1,760/14 , 760/15", "LandType": "Govt.Land", "Production": 150000, "Dispatch": 150000, "ETS": 165000, "Notice": 15000, "Reg_From": "2024-11-20", "Reg_To": "2025-11-19", "ORIG_FID": 443}, "geometry": {"type": "Point", "coordinates": [79.845276, 17.31161]}}, {"type": "Feature", "properties": {"District": "Khammam", "Mandal": "Singareni", "Company": "M/s. KEY ENERGY ENGINEERS PRIVATE LIMITED 1289/8 Rallapet Mancherial Telangana", "Address": "M/s. KEY ENERGY ENGINEERS PRIVATE LIMITED 1289/8 Rallapet Mancherial Telangana", "Mineral": "Black Granite", "MineralTyp": "QL", "SurveyNumb": "1581/1", "LandType": "Govt.Land", "Production": 150000, "Dispatch": 150000, "ETS": 165000, "Notice": 15000, "Reg_From": "2024-12-07", "Reg_To": "2026-12-06", "ORIG_FID": 461}, "geometry": {"type": "Point", "coordinates": [80.320237, 17.493484]}}, {"type": "Feature", "properties": {"District": "Khammam", "Mandal": "Yellandu", "Company": "M/s. NAGU ELECTRONICS AND ENERGY SYSTEMS Plotno:/3Eccomplex Kushaiguda KapraEcilpost 500062Telangana", "Address": "M/s. NAGU ELECTRONICS AND ENERGY SYSTEMS Plotno:/3Eccomplex Kushaiguda KapraEcilpost 500062Telangana", "Mineral": "Black Granite", "MineralTyp": "QL", "SurveyNumb": "111/1", "LandType": "Govt.Land", "Production": 150000, "Dispatch": 150000, "ETS": 165000, "Notice": 15000, "Reg_From": "2025-12-09", "Reg_To": "2027-12-08", "ORIG_FID": 463}, "geometry": {"type": "Point", "coordinates": [80.368405, 17.520994]}}, {"type": "Feature", "properties": {"District": "Khammam", "Mandal": "Garla", "Company": "M/s. TWILIGHT PRIVATE LIMITED P NO 206 RAMAKRISHNA MEDIPALLY CHANGICHARLA HYDMEDCHALMALKAJGIRI TELANGANA", "Address": "M/s. TWILIGHT PRIVATE LIMITED P NO 206 RAMAKRISHNA MEDIPALLY CHANGICHARLA HYDMEDCHALMALKAJGIRI TELANGANA", "Mineral": "Black Granite", "MineralTyp": "QL", "SurveyNumb": "566/B", "LandType": "Govt.Land", "Production": 150000, "Dispatch": 150000, "ETS": 165000, "Notice": 15000, "Reg_From": "2024-12-13", "Reg_To": "2026-12-12", "ORIG_FID": 464}, "geometry": {"type": "Point", "coordinates": [80.154341, 17.523298]}}, {"type": "Feature", "properties": {"District": "Khammam", "Mandal": "Burgampahad", "Company": "M/s. TRISHUL SHAKTI SOLUTIONS SYSTEMS H NO 1455/1/47/A/1SAI RAM NAGAR COLONY AMEENPUR SANGAREDDYTELANGANA", "Address": "M/s. TRISHUL SHAKTI SOLUTIONS SYSTEMS H NO 1455/1/47/A/1SAI RAM NAGAR COLONY AMEENPUR SANGAREDDYTELANGANA", "Mineral": "Black Granite", "MineralTyp": "QL", "SurveyNumb": "584/1", "LandType": "Govt.Land", "Production": 150000, "Dispatch": 150000, "ETS": 165000, "Notice": 15000, "Reg_From": "2024-12-11", "Reg_To": "2025-12-10", "ORIG_FID": 465}, "geometry": {"type": "Point", "coordinates": [80.810067, 17.694826]}}, {"type": "Feature", "properties": {"District": "Khammam", "Mandal": "Kukunoor", "Company": "M/s. SUNRAY NET WORKS /3 PEGADAPALLY ROAD PEGADAPALLY ROAD HANAMKONDA", "Address": "M/s. SUNRAY NET WORKS /3 PEGADAPALLY ROAD PEGADAPALLY ROAD HANAMKONDA", "Mineral": "Black Granite", "MineralTyp": "QL", "SurveyNumb": "67", "LandType": "Govt.Land", "Production": 150000, "Dispatch": 150000, "ETS": 165000, "Notice": 15000, "Reg_From": "2024-12-18", "Reg_To": "2025-12-17", "ORIG_FID": 466}, "geometry": {"type": "Point", "coordinates": [81.089218, 17.590389]}}, {"type": "Feature", "properties": {"District": "Khammam", "Mandal": "Aswapuram", "Company": "M/s. Sunshine Technologies PLOT NO: 452 Prashanthnagar Vanasthalipuram 50 0070.", "Address": "M/s. Sunshine Technologies PLOT NO: 452 Prashanthnagar Vanasthalipuram 50 0070.", "Mineral": "Black Granite", "MineralTyp": "QL", "SurveyNumb": "67", "LandType": "Govt.Land", "Production": 150000, "Dispatch": 150000, "ETS": 165000, "Notice": 15000, "Reg_From": "2024-12-16", "Reg_To": "2026-12-15", "ORIG_FID": 467}, "geometry": {"type": "Point", "coordinates": [80.713984, 17.711156]}}, {"type": "Feature", "properties": {"District": "Khammam", "Mandal": "Gundala1", "Company": "M/s. sesola projects private limited Sy No.11 wework krishe emerald HD348 Lakshmi cyber city White Feilds Kondapur", "Address": "M/s. sesola projects private limited Sy No.11 wework krishe emerald HD348 Lakshmi cyber city White Feilds Kondapur", "Mineral": "Black Granite", "MineralTyp": "QL", "SurveyNumb": "67", "LandType": "Govt.Land", "Production": 150000, "Dispatch": 150000, "ETS": 165000, "Notice": 15000, "Reg_From": "2024-12-19", "Reg_To": "2025-12-18", "ORIG_FID": 468}, "geometry": {"type": "Point", "coordinates": [80.525497, 17.816604]}}, {"type": "Feature", "properties": {"District": "Khammam", "Mandal": "Burgampahad", "Company": "M/s. ELITE ENTERPRISES HOUSE NO: 65118/1 GROUND FLOOR DASRI BASTHIOLD BALANAGAR MEDCHAL MALKAJGIRI Pin", "Address": "M/s. ELITE ENTERPRISES HOUSE NO: 65118/1 GROUND FLOOR DASRI BASTHIOLD BALANAGAR MEDCHAL MALKAJGIRI Pin", "Mineral": "Black Granite", "MineralTyp": "QL", "SurveyNumb": "313/1", "LandType": "Govt.Land", "Production": 150000, "Dispatch": 150000, "ETS": 165000, "Notice": 15000, "Reg_From": "2024-12-19", "Reg_To": "2025-12-18", "ORIG_FID": 469}, "geometry": {"type": "Point", "coordinates": [80.794161, 17.711118]}}, {"type": "Feature", "properties": {"District": "Khammam", "Mandal": "Dummugudem", "Company": "M/s. CIMMANI TRADING Office Address # SBH COLONY SUBEDARI HANMAKONDA . TELANGANA", "Address": "M/s. CIMMANI TRADING Office Address # SBH COLONY SUBEDARI HANMAKONDA . TELANGANA", "Mineral": "Black Granite", "MineralTyp": "QL", "SurveyNumb": "224/1", "LandType": "Govt.Land", "Production": 150000, "Dispatch": 150000, "ETS": 165000, "Notice": 15000, "Reg_From": "2024-10-20", "Reg_To": "2025-10-19", "ORIG_FID": 470}, "geometry": {"type": "Point", "coordinates": [80.960484, 17.897499]}}, {"type": "Feature", "properties": {"District": "Khammam", "Mandal": "Manuguru", "Company": "M/s. DYNERE ENGINEERING PRIVATE LIMITED PLOT NO. A3 H.NO.11979/A AYODYA NAGAR KAPRA ECIL POST TELANGANA", "Address": "M/s. DYNERE ENGINEERING PRIVATE LIMITED PLOT NO. A3 H.NO.11979/A AYODYA NAGAR KAPRA ECIL POST TELANGANA", "Mineral": "Laterite", "MineralTyp": "QL", "SurveyNumb": "58/1/8/A/1", "LandType": "Govt.Land", "Production": 500000, "Dispatch": 500000, "ETS": 600000, "Notice": 100000, "Reg_From": "2024-12-21", "Reg_To": "2025-12-20", "ORIG_FID": 471}, "geometry": {"type": "Point", "coordinates": [80.750017, 17.995602]}}, {"type": "Feature", "properties": {"District": "Khammam", "Mandal": "Pinapaka", "Company": "M/s. MANIRA ENERGY PLOT NO 9 Gayatri Nagar Hyundai Kun United Hyundai ServiceCentre Jillela Guda Rangareddy Telangana", "Address": "M/s. MANIRA ENERGY PLOT NO 9 Gayatri Nagar Hyundai Kun United Hyundai ServiceCentre Jillela Guda Rangareddy Telangana", "Mineral": "Laterite", "MineralTyp": "QL", "SurveyNumb": "58/1/45/C/1 & 58/1/47/A/1", "LandType": "Govt.Land", "Production": 500000, "Dispatch": 500000, "ETS": 600000, "Notice": 100000, "Reg_From": "2024-12-23", "Reg_To": "2026-12-22", "ORIG_FID": 472}, "geometry": {"type": "Point", "coordinates": [80.706758, 18.03205]}}, {"type": "Feature", "properties": {"District": "Khammam", "Mandal": "Pinapaka", "Company": "M/s. Seven Greens System Pvt. Ltd. 6B 6th Floor Siddhivinayak Chambers Premises Coop Society Opp. MIG Cricket Club Gandhinagar Bandra \u2013 East Mumbai", "Address": "M/s. Seven Greens System Pvt. Ltd. 6B 6th Floor Siddhivinayak Chambers Premises Coop Society Opp. MIG Cricket Club Gandhinagar Bandra \u2013 East Mumbai", "Mineral": "Laterite", "MineralTyp": "QL", "SurveyNumb": "58/1/9/A/1", "LandType": "Govt.Land", "Production": 500000, "Dispatch": 500000, "ETS": 600000, "Notice": 100000, "Reg_From": "2024-12-23", "Reg_To": "2025-12-22", "ORIG_FID": 473}, "geometry": {"type": "Point", "coordinates": [80.648717, 18.094722]}}, {"type": "Feature", "properties": {"District": "Warangal", "Mandal": "Maripeda", "Company": "M/s. LUX PLOT NO.21 SAMATHA NAGAR BADANGPET RANGA REDDY TELANGANA", "Address": "M/s. LUX PLOT NO.21 SAMATHA NAGAR BADANGPET RANGA REDDY TELANGANA", "Mineral": "Laterite", "MineralTyp": "QL", "SurveyNumb": "58/1/19/A2 & 58/1/47/A6", "LandType": "Govt.Land", "Production": 500000, "Dispatch": 500000, "ETS": 600000, "Notice": 100000, "Reg_From": "2024-12-30", "Reg_To": "2026-12-29", "ORIG_FID": 474}, "geometry": {"type": "Point", "coordinates": [79.837038, 17.387536]}}, {"type": "Feature", "properties": {"District": "Warangal", "Mandal": "Kuravi", "Company": "M/s. JAI ENERGY SOLUTIONS H.no: Plot No.63/B Ground Floor Panchayatraj Teachers Colony Hastinapuram", "Address": "M/s. JAI ENERGY SOLUTIONS H.no: Plot No.63/B Ground Floor Panchayatraj Teachers Colony Hastinapuram", "Mineral": "Laterite", "MineralTyp": "QL", "SurveyNumb": "58/1/19/A2 ,58/1/47/A6", "LandType": "Govt.Land", "Production": 500000, "Dispatch": 500000, "ETS": 600000, "Notice": 100000, "Reg_From": "2024-12-31", "Reg_To": "2025-12-30", "ORIG_FID": 475}, "geometry": {"type": "Point", "coordinates": [80.025585, 17.388308]}}, {"type": "Feature", "properties": {"District": "Warangal", "Mandal": "Dornakal", "Company": "M/s. Enugula Renewables LLP 5 4 9 J N Road Abids", "Address": "M/s. Enugula Renewables LLP 5 4 9 J N Road Abids", "Mineral": "Black Granite", "MineralTyp": "QL", "SurveyNumb": "274/1 to 3", "LandType": "Govt.Land", "Production": 150000, "Dispatch": 150000, "ETS": 165000, "Notice": 15000, "Reg_From": "2024-12-27", "Reg_To": "2026-12-26", "ORIG_FID": 477}, "geometry": {"type": "Point", "coordinates": [80.098239, 17.400586]}}, {"type": "Feature", "properties": {"District": "Warangal", "Mandal": "Dornakal", "Company": "M/s. SRIMAAN SOLUTIONS # 6210SRIRAM NAGAR BEHIND AUTO NAGAR WARANGAL X ROADKHAMMAM RURAL KHAMMAM DIST", "Address": "M/s. SRIMAAN SOLUTIONS # 6210SRIRAM NAGAR BEHIND AUTO NAGAR WARANGAL X ROADKHAMMAM RURAL KHAMMAM DIST", "Mineral": "Black Granite", "MineralTyp": "QL", "SurveyNumb": "496/A3 & 510/A", "LandType": "Govt.Land", "Production": 150000, "Dispatch": 150000, "ETS": 165000, "Notice": 15000, "Reg_From": "2025-01-02", "Reg_To": "2026-01-01", "ORIG_FID": 478}, "geometry": {"type": "Point", "coordinates": [80.073535, 17.409454]}}, {"type": "Feature", "properties": {"District": "Warangal", "Mandal": "Dornakal", "Company": "M/s. Softguard tronics 771/48 Maheshwari Nagar Street No 8 Habsiguda Telangana India. Pincode", "Address": "M/s. Softguard tronics 771/48 Maheshwari Nagar Street No 8 Habsiguda Telangana India. Pincode", "Mineral": "Black Granite", "MineralTyp": "QL", "SurveyNumb": "99/A,91/A", "LandType": "Govt.Land", "Production": 150000, "Dispatch": 150000, "ETS": 165000, "Notice": 15000, "Reg_From": "2025-01-07", "Reg_To": "2027-01-06", "ORIG_FID": 483}, "geometry": {"type": "Point", "coordinates": [80.074802, 17.45527]}}, {"type": "Feature", "properties": {"District": "Warangal", "Mandal": "Maripeda", "Company": "M/s. Global Energies /6/7/A/1/R23 Godavarikhani Peddapalli Telangana", "Address": "M/s. Global Energies /6/7/A/1/R23 Godavarikhani Peddapalli Telangana", "Mineral": "Black Granite", "MineralTyp": "QL", "SurveyNumb": "349/P,351/P & 340", "LandType": "Govt.Land", "Production": 150000, "Dispatch": 150000, "ETS": 165000, "Notice": 15000, "Reg_From": "2024-12-21", "Reg_To": "2026-12-20", "ORIG_FID": 484}, "geometry": {"type": "Point", "coordinates": [79.856609, 17.460084]}}, {"type": "Feature", "properties": {"District": "Nalgonda", "Mandal": "Rajapet", "Company": "M/s. SRI LAKSHMI VENKATSWRA AGENCIES H NO11557/15/2 ANJANAPURI COLONYROAD NO9BESIDE RAMALAYAM TEMPLE", "Address": "M/s. SRI LAKSHMI VENKATSWRA AGENCIES H NO11557/15/2 ANJANAPURI COLONYROAD NO9BESIDE RAMALAYAM TEMPLE", "Mineral": "Black Granite", "MineralTyp": "QL", "SurveyNumb": "396/2", "LandType": "Govt.Land", "Production": 150000, "Dispatch": 150000, "ETS": 165000, "Notice": 15000, "Reg_From": "2025-01-09", "Reg_To": "2026-01-08", "ORIG_FID": 485}, "geometry": {"type": "Point", "coordinates": [78.907252, 17.723557]}}, {"type": "Feature", "properties": {"District": "Warangal", "Mandal": "Narsimhulapet", "Company": "M/s. OM Plot No 217 Mitra Nagar Off Kokat road Tandur Dist. Vikarabad Telangana", "Address": "M/s. OM Plot No 217 Mitra Nagar Off Kokat road Tandur Dist. Vikarabad Telangana", "Mineral": "Black Granite", "MineralTyp": "QL", "SurveyNumb": "396/2", "LandType": "Govt.Land", "Production": 150000, "Dispatch": 150000, "ETS": 165000, "Notice": 15000, "Reg_From": "2025-01-16", "Reg_To": "2026-01-15", "ORIG_FID": 486}, "geometry": {"type": "Point", "coordinates": [79.689548, 17.470022]}}, {"type": "Feature", "properties": {"District": "Warangal", "Mandal": "Narsimhulapet", "Company": "M/s. J K UNIVERSE /2/A/1 Wyra Road SriNagar Colony Sri Nagar Colony2 Khammam Khammam Telangana", "Address": "M/s. J K UNIVERSE /2/A/1 Wyra Road SriNagar Colony Sri Nagar Colony2 Khammam Khammam Telangana", "Mineral": "Black Granite", "MineralTyp": "QL", "SurveyNumb": "396/2", "LandType": "Govt.Land", "Production": 150000, "Dispatch": 150000, "ETS": 165000, "Notice": 15000, "Reg_From": "2025-01-19", "Reg_To": "2027-01-18", "ORIG_FID": 487}, "geometry": {"type": "Point", "coordinates": [79.681094, 17.485116]}}, {"type": "Feature", "properties": {"District": "Warangal", "Mandal": "Narsimhulapet", "Company": "M/s. SRK Green Energy 18494/12nd Floor BalasamudramHnk Telangana Ph:", "Address": "M/s. SRK Green Energy 18494/12nd Floor BalasamudramHnk Telangana Ph:", "Mineral": "Black Granite", "MineralTyp": "QL", "SurveyNumb": "100/A/1/4, 100/B/2", "LandType": "Govt.Land", "Production": 150000, "Dispatch": 150000, "ETS": 165000, "Notice": 15000, "Reg_From": "2025-01-03", "Reg_To": "2027-01-02", "ORIG_FID": 488}, "geometry": {"type": "Point", "coordinates": [79.793141, 17.497376]}}, {"type": "Feature", "properties": {"District": "Warangal", "Mandal": "Kuravi", "Company": "M/s. SSS SYSTEMS Flat no 75182 Machili Bazar Kapuwada Warangal Hanmakonda Telangana", "Address": "M/s. SSS SYSTEMS Flat no 75182 Machili Bazar Kapuwada Warangal Hanmakonda Telangana", "Mineral": "Black Granite", "MineralTyp": "QL", "SurveyNumb": "69/A", "LandType": "Govt.Land", "Production": 150000, "Dispatch": 150000, "ETS": 165000, "Notice": 15000, "Reg_From": "2025-01-20", "Reg_To": "2027-01-19", "ORIG_FID": 489}, "geometry": {"type": "Point", "coordinates": [79.913387, 17.502803]}}, {"type": "Feature", "properties": {"District": "Adilabad", "Mandal": "Vemanpalle", "Company": "M/s. SRI VENKATESHWARA ELECTRICALS H NO 34100 ERRABODA ATTAPUR RAJENDRANAGAR RANGA REDDI TELANGANA", "Address": "M/s. SRI VENKATESHWARA ELECTRICALS H NO 34100 ERRABODA ATTAPUR RAJENDRANAGAR RANGA REDDI TELANGANA", "Mineral": "Black Granite", "MineralTyp": "QL", "SurveyNumb": "434, 434/A & 434/B", "LandType": "Govt.Land", "Production": 150000, "Dispatch": 150000, "ETS": 165000, "Notice": 15000, "Reg_From": "2025-01-21", "Reg_To": "2026-01-20", "ORIG_FID": 490}, "geometry": {"type": "Point", "coordinates": [79.786209, 19.098611]}}, {"type": "Feature", "properties": {"District": "Warangal", "Mandal": "Thorrur", "Company": "M/s. SV PROJECTS 72411 Mankamathota mankamathota Karimnagar Telangana", "Address": "M/s. SV PROJECTS 72411 Mankamathota mankamathota Karimnagar Telangana", "Mineral": "Black Granite", "MineralTyp": "QL", "SurveyNumb": "438/B", "LandType": "Govt.Land", "Production": 150000, "Dispatch": 150000, "ETS": 165000, "Notice": 15000, "Reg_From": "2025-01-24", "Reg_To": "2027-01-23", "ORIG_FID": 491}, "geometry": {"type": "Point", "coordinates": [79.633029, 17.514329]}}, {"type": "Feature", "properties": {"District": "Warangal", "Mandal": "Kuravi", "Company": "M/s. OM ENERGY SERVICES H.No. 11251/1/1 RK NIlayam MG Road Near Nirmala Hospital Suryapet Suryapet Telangana", "Address": "M/s. OM ENERGY SERVICES H.No. 11251/1/1 RK NIlayam MG Road Near Nirmala Hospital Suryapet Suryapet Telangana", "Mineral": "Colour Granite", "MineralTyp": "QL", "SurveyNumb": "717", "LandType": "Govt.Land", "Production": 150000, "Dispatch": 150000, "ETS": 300000, "Notice": 150000, "Reg_From": "2025-01-28", "Reg_To": "2026-01-27", "ORIG_FID": 494}, "geometry": {"type": "Point", "coordinates": [79.995184, 17.534456]}}, {"type": "Feature", "properties": {"District": "Warangal", "Mandal": "Narsimhulapet", "Company": "M/s. SSK SOLUTIONS Plot no 2B/3 IDAPhase1 Beside Assam Carbon CompanyPatancheruSanga ReddyTelangana", "Address": "M/s. SSK SOLUTIONS Plot no 2B/3 IDAPhase1 Beside Assam Carbon CompanyPatancheruSanga ReddyTelangana", "Mineral": "Colour Granite", "MineralTyp": "QL", "SurveyNumb": "347/1", "LandType": "Govt.Land", "Production": 150000, "Dispatch": 150000, "ETS": 300000, "Notice": 150000, "Reg_From": "2025-01-29", "Reg_To": "2027-01-28", "ORIG_FID": 495}, "geometry": {"type": "Point", "coordinates": [79.781467, 17.535141]}}, {"type": "Feature", "properties": {"District": "Warangal", "Mandal": "Narsimhulapet", "Company": "M/s. S V R ENTERPRISES H.No: 1473/c4/1/1 Annaram Road Thorrur Village Thorrur Mandal Mahabubabad Dist Telangana", "Address": "M/s. S V R ENTERPRISES H.No: 1473/c4/1/1 Annaram Road Thorrur Village Thorrur Mandal Mahabubabad Dist Telangana", "Mineral": "Colour Granite", "MineralTyp": "QL", "SurveyNumb": "350", "LandType": "Govt.Land", "Production": 150000, "Dispatch": 150000, "ETS": 300000, "Notice": 150000, "Reg_From": "2025-01-30", "Reg_To": "2026-01-29", "ORIG_FID": 496}, "geometry": {"type": "Point", "coordinates": [79.867459, 17.540891]}}, {"type": "Feature", "properties": {"District": "Warangal", "Mandal": "Thorrur", "Company": "M/s. INGSOL LLP 2310 2311 2312 & 2314A 23rd Floor Iconic Tower The Corenthum Plot No. A41 Sector 62 Noida Gautam Buddh Nagar UP India", "Address": "M/s. INGSOL LLP 2310 2311 2312 & 2314A 23rd Floor Iconic Tower The Corenthum Plot No. A41 Sector 62 Noida Gautam Buddh Nagar UP India", "Mineral": "Colour Granite", "MineralTyp": "QL", "SurveyNumb": "293/2", "LandType": "Govt.Land", "Production": 150000, "Dispatch": 150000, "ETS": 300000, "Notice": 150000, "Reg_From": "2025-01-30", "Reg_To": "2026-01-29", "ORIG_FID": 497}, "geometry": {"type": "Point", "coordinates": [79.695229, 17.534582]}}, {"type": "Feature", "properties": {"District": "Warangal", "Mandal": "Kuravi", "Company": "M/s. SREE SAI UNIVERSE INDUDTRIES 194/B GUDITHANDA MANIKYARAM (VILLAGE) SINGARENI (MANDAL) KHAMMAM (DIST) TELANGANA", "Address": "M/s. SREE SAI UNIVERSE INDUDTRIES 194/B GUDITHANDA MANIKYARAM (VILLAGE) SINGARENI (MANDAL) KHAMMAM (DIST) TELANGANA", "Mineral": "Colour Granite", "MineralTyp": "QL", "SurveyNumb": "350", "LandType": "Govt.Land", "Production": 150000, "Dispatch": 150000, "ETS": 300000, "Notice": 150000, "Reg_From": "2025-01-31", "Reg_To": "2026-01-30", "ORIG_FID": 498}, "geometry": {"type": "Point", "coordinates": [80.060893, 17.543053]}}, {"type": "Feature", "properties": {"District": "Warangal", "Mandal": "Mahabubabad", "Company": "M/s. VEER SOLUTIONS 2633 Chennu Main Road Gang areddynagar Haliya Nalgonda Telangana", "Address": "M/s. VEER SOLUTIONS 2633 Chennu Main Road Gang areddynagar Haliya Nalgonda Telangana", "Mineral": "Black Granite", "MineralTyp": "QL", "SurveyNumb": "227", "LandType": "Govt.Land", "Production": 150000, "Dispatch": 150000, "ETS": 165000, "Notice": 15000, "Reg_From": "2025-02-03", "Reg_To": "2026-02-02", "ORIG_FID": 499}, "geometry": {"type": "Point", "coordinates": [79.931329, 17.539819]}}, {"type": "Feature", "properties": {"District": "Warangal", "Mandal": "Nellikudur", "Company": "M/s. SHIVA BALAJI SLUTIONS Kakatiya College road", "Address": "M/s. SHIVA BALAJI SLUTIONS Kakatiya College road", "Mineral": "Colour Granite", "MineralTyp": "QL", "SurveyNumb": "37", "LandType": "Govt.Land", "Production": 150000, "Dispatch": 150000, "ETS": 300000, "Notice": 150000, "Reg_From": "2025-02-07", "Reg_To": "2026-02-06", "ORIG_FID": 501}, "geometry": {"type": "Point", "coordinates": [79.737119, 17.554499]}}, {"type": "Feature", "properties": {"District": "Warangal", "Mandal": "Kodakandla", "Company": "M/s. A1 SOLUTIONS GROUND FLOORSRUVEY NO :49/1 SHUTTER NO 8 HAMEED BASTI RALLAKANCHASURARAM TELANGANA", "Address": "M/s. A1 SOLUTIONS GROUND FLOORSRUVEY NO :49/1 SHUTTER NO 8 HAMEED BASTI RALLAKANCHASURARAM TELANGANA", "Mineral": "Black Granite", "MineralTyp": "QL", "SurveyNumb": "11/5/A", "LandType": "Govt.Land", "Production": 150000, "Dispatch": 150000, "ETS": 165000, "Notice": 15000, "Reg_From": "2025-02-12", "Reg_To": "2026-02-11", "ORIG_FID": 502}, "geometry": {"type": "Point", "coordinates": [79.575132, 17.557963]}}, {"type": "Feature", "properties": {"District": "Khammam", "Mandal": "Yellandu", "Company": "M/s. SANISH SOLUTIONS 8 SBI COLONY MANOVIKASNAGAR SECUNDERABAD", "Address": "M/s. SANISH SOLUTIONS 8 SBI COLONY MANOVIKASNAGAR SECUNDERABAD", "Mineral": "Black Granite", "MineralTyp": "QL", "SurveyNumb": "370/B & 239", "LandType": "Govt.Land", "Production": 150000, "Dispatch": 150000, "ETS": 165000, "Notice": 15000, "Reg_From": "2025-02-13", "Reg_To": "2026-02-12", "ORIG_FID": 503}, "geometry": {"type": "Point", "coordinates": [80.359729, 17.690129]}}, {"type": "Feature", "properties": {"District": "Adilabad", "Mandal": "Vemanpalle", "Company": "M/s. MANIKANTA ENTERPRISES # 4207/12 Balaji enclave Jillelaguda Balapur mandal RangRareddi dist. Telangana", "Address": "M/s. MANIKANTA ENTERPRISES # 4207/12 Balaji enclave Jillelaguda Balapur mandal RangRareddi dist. Telangana", "Mineral": "Black Granite", "MineralTyp": "QL", "SurveyNumb": "128 & 808", "LandType": "Govt.Land", "Production": 150000, "Dispatch": 150000, "ETS": 165000, "Notice": 15000, "Reg_From": "2025-02-13", "Reg_To": "2026-02-12", "ORIG_FID": 504}, "geometry": {"type": "Point", "coordinates": [79.75646, 19.146779]}}, {"type": "Feature", "properties": {"District": "Warangal", "Mandal": "Thorrur", "Company": "M/s. TS Constructions And Interiors 5/2/396/BM/P50EP Vanasthalipuram Plot No. 50 East Part Brindavan Meadows Saheb Nagar Kalan .", "Address": "M/s. TS Constructions And Interiors 5/2/396/BM/P50EP Vanasthalipuram Plot No. 50 East Part Brindavan Meadows Saheb Nagar Kalan .", "Mineral": "Black Granite", "MineralTyp": "QL", "SurveyNumb": "727", "LandType": "Govt.Land", "Production": 150000, "Dispatch": 150000, "ETS": 165000, "Notice": 15000, "Reg_From": "2025-02-21", "Reg_To": "2027-02-20", "ORIG_FID": 512}, "geometry": {"type": "Point", "coordinates": [79.646914, 17.58265]}}, {"type": "Feature", "properties": {"District": "Adilabad", "Mandal": "Bellampalle", "Company": "M/s. Valor Dynamics Private Limited Plot no 2 Building no 1282 ABeside BJP office Road no 64 Jubilee Hills Telangana", "Address": "M/s. Valor Dynamics Private Limited Plot no 2 Building no 1282 ABeside BJP office Road no 64 Jubilee Hills Telangana", "Mineral": "Black Granite", "MineralTyp": "QL", "SurveyNumb": "455497", "LandType": "Govt.Land", "Production": 150000, "Dispatch": 150000, "ETS": 165000, "Notice": 15000, "Reg_From": "2025-02-21", "Reg_To": "2026-02-20", "ORIG_FID": 513}, "geometry": {"type": "Point", "coordinates": [79.479904, 19.09854]}}, {"type": "Feature", "properties": {"District": "Adilabad", "Mandal": "Kasipet", "Company": "M/s. RAYWATT SYSTEMS PRIVATE LIMITED 38/A Sy No 1045351 1st Floor Soni Complex Prasanthi Nagar Kukatpally IE Telangana500072 India", "Address": "M/s. RAYWATT SYSTEMS PRIVATE LIMITED 38/A Sy No 1045351 1st Floor Soni Complex Prasanthi Nagar Kukatpally IE Telangana500072 India", "Mineral": "Black Granite", "MineralTyp": "QL", "SurveyNumb": "480/D", "LandType": "Govt.Land", "Production": 150000, "Dispatch": 150000, "ETS": 165000, "Notice": 15000, "Reg_From": "2025-02-21", "Reg_To": "2027-02-20", "ORIG_FID": 514}, "geometry": {"type": "Point", "coordinates": [79.386691, 19.097731]}}, {"type": "Feature", "properties": {"District": "Warangal", "Mandal": "Thorrur", "Company": "M/s. Solpeak Energy Private Limited 102 83945/N/102 First Floor srinilaya enclave Ameerpet Telangana", "Address": "M/s. Solpeak Energy Private Limited 102 83945/N/102 First Floor srinilaya enclave Ameerpet Telangana", "Mineral": "Colour Granite", "MineralTyp": "QL", "SurveyNumb": "40/1", "LandType": "Govt.Land", "Production": 150000, "Dispatch": 150000, "ETS": 300000, "Notice": 150000, "Reg_From": "2025-02-24", "Reg_To": "2026-02-23", "ORIG_FID": 518}, "geometry": {"type": "Point", "coordinates": [79.691285, 17.595649]}}, {"type": "Feature", "properties": {"District": "Khammam", "Mandal": "Gundala1", "Company": "M/s. SUNSHINE SYSTEM 81876/1 Nalgonda RTC Colony Nalgonda Telangana", "Address": "M/s. SUNSHINE SYSTEM 81876/1 Nalgonda RTC Colony Nalgonda Telangana", "Mineral": "Black Granite", "MineralTyp": "QL", "SurveyNumb": "1147/P", "LandType": "Govt.Land", "Production": 150000, "Dispatch": 150000, "ETS": 165000, "Notice": 15000, "Reg_From": "2025-04-02", "Reg_To": "2026-04-01", "ORIG_FID": 537}, "geometry": {"type": "Point", "coordinates": [80.383349, 17.771364]}}, {"type": "Feature", "properties": {"District": "Medak", "Mandal": "Kowdipalle", "Company": "M/s. SURYA TEJAS SOLAAR Flat no: 12147 Municipal Quarters Street Suryapet Town Suryapet District Telangana PIN Code:", "Address": "M/s. SURYA TEJAS SOLAAR Flat no: 12147 Municipal Quarters Street Suryapet Town Suryapet District Telangana PIN Code:", "Mineral": "Black Granite", "MineralTyp": "QL", "SurveyNumb": "128 & 808", "LandType": "Govt.Land", "Production": 150000, "Dispatch": 150000, "ETS": 165000, "Notice": 15000, "Reg_From": "2025-04-08", "Reg_To": "2026-04-07", "ORIG_FID": 538}, "geometry": {"type": "Point", "coordinates": [78.250854, 17.859367]}}, {"type": "Feature", "properties": {"District": "Adilabad", "Mandal": "Bejjur", "Company": "M/s. Pro Security Flat # 101 /2/1 Prime Residency Syed Ali Guda Muradnagar Asif nagar", "Address": "M/s. Pro Security Flat # 101 /2/1 Prime Residency Syed Ali Guda Muradnagar Asif nagar", "Mineral": "Black Granite", "MineralTyp": "QL", "SurveyNumb": "243", "LandType": "Govt.Land", "Production": 150000, "Dispatch": 150000, "ETS": 165000, "Notice": 15000, "Reg_From": "2025-03-12", "Reg_To": "2027-03-20", "ORIG_FID": 539}, "geometry": {"type": "Point", "coordinates": [79.812544, 19.24082]}}, {"type": "Feature", "properties": {"District": "Warangal", "Mandal": "Devaruppula", "Company": "M/s. Adithya Solution System H. No. 11004 Sri Ramagiri Road Khammam \u2013", "Address": "M/s. Adithya Solution System H. No. 11004 Sri Ramagiri Road Khammam \u2013", "Mineral": "Black Granite", "MineralTyp": "QL", "SurveyNumb": "246", "LandType": "Govt.Land", "Production": 150000, "Dispatch": 150000, "ETS": 165000, "Notice": 15000, "Reg_From": "2025-04-11", "Reg_To": "2026-04-10", "ORIG_FID": 540}, "geometry": {"type": "Point", "coordinates": [79.288492, 17.660885]}}, {"type": "Feature", "properties": {"District": "Warangal", "Mandal": "Lingalaghanpur", "Company": "M/s. SVS Solutions 589/1 Chintal Chanda Nirmal \u2013", "Address": "M/s. SVS Solutions 589/1 Chintal Chanda Nirmal \u2013", "Mineral": "Black Granite", "MineralTyp": "QL", "SurveyNumb": "270", "LandType": "Govt.Land", "Production": 150000, "Dispatch": 150000, "ETS": 165000, "Notice": 15000, "Reg_From": "2025-04-17", "Reg_To": "2026-04-16", "ORIG_FID": 541}, "geometry": {"type": "Point", "coordinates": [79.240228, 17.66156]}}, {"type": "Feature", "properties": {"District": "Medak", "Mandal": "Kowdipalle", "Company": "LUXAMP SOLUTIONS #22125/16/125 Sravanthi Nagar Machabollaram Secunderabad", "Address": "LUXAMP SOLUTIONS #22125/16/125 Sravanthi Nagar Machabollaram Secunderabad", "Mineral": "Black Granite", "MineralTyp": "QL", "SurveyNumb": "270", "LandType": "Govt.Land", "Production": 150000, "Dispatch": 150000, "ETS": 165000, "Notice": 15000, "Reg_From": "2025-04-22", "Reg_To": "2027-04-21", "ORIG_FID": 542}, "geometry": {"type": "Point", "coordinates": [78.250739, 17.877455]}}, {"type": "Feature", "properties": {"District": "Adilabad", "Mandal": "Tandur1", "Company": "STARGAZER TRANSFORMERS PRIVATE LIMITED PLOT NO. 33 ROAD NO.6 PH2 MYTHRI NAGAR MADINAGUDA HYD", "Address": "STARGAZER TRANSFORMERS PRIVATE LIMITED PLOT NO. 33 ROAD NO.6 PH2 MYTHRI NAGAR MADINAGUDA HYD", "Mineral": "Black Granite", "MineralTyp": "QL", "SurveyNumb": "270", "LandType": "Govt.Land", "Production": 150000, "Dispatch": 150000, "ETS": 165000, "Notice": 15000, "Reg_From": "2025-04-22", "Reg_To": "2027-04-21", "ORIG_FID": 543}, "geometry": {"type": "Point", "coordinates": [79.373375, 19.18078]}}, {"type": "Feature", "properties": {"District": "Medak", "Mandal": "Yeldurthy", "Company": "M/s. Soura Enterprises H.No. Vikas Nagar Road No. 1 Saroor Nagar", "Address": "M/s. Soura Enterprises H.No. Vikas Nagar Road No. 1 Saroor Nagar", "Mineral": "Black Granite", "MineralTyp": "QL", "SurveyNumb": "270", "LandType": "Govt.Land", "Production": 150000, "Dispatch": 150000, "ETS": 165000, "Notice": 15000, "Reg_From": "2025-02-15", "Reg_To": "2026-02-14", "ORIG_FID": 544}, "geometry": {"type": "Point", "coordinates": [78.298786, 17.888641]}}, {"type": "Feature", "properties": {"District": "Khammam", "Mandal": "Gundala1", "Company": "line Energy Solutions Pvt Ltd Plot No 62/2 Part CIE GANDHINAGAR INDUSTRIAL AREA BALANAGAR", "Address": "line Energy Solutions Pvt Ltd Plot No 62/2 Part CIE GANDHINAGAR INDUSTRIAL AREA BALANAGAR", "Mineral": "Colour Granite", "MineralTyp": "QL", "SurveyNumb": "144", "LandType": "Patta Land", "Production": 150000, "Dispatch": 150000, "ETS": 300000, "Notice": 150000, "Reg_From": "2025-05-03", "Reg_To": "2025-04-04", "ORIG_FID": 549}, "geometry": {"type": "Point", "coordinates": [80.523526, 17.811436]}}, {"type": "Feature", "properties": {"District": "Warangal", "Mandal": "Lingalaghanpur", "Company": "M/s. Shambho Energy Services 12142/1/a k k road Shankarvilas Center Suryapet Telangana", "Address": "M/s. Shambho Energy Services 12142/1/a k k road Shankarvilas Center Suryapet Telangana", "Mineral": "Black Granite", "MineralTyp": "QL", "SurveyNumb": "208", "LandType": "Patta Land", "Production": 150000, "Dispatch": 150000, "ETS": 165000, "Notice": 15000, "Reg_From": "2018-07-10", "Reg_To": "2020-07-09", "ORIG_FID": 552}, "geometry": {"type": "Point", "coordinates": [79.21521, 17.685295]}}, {"type": "Feature", "properties": {"District": "Adilabad", "Mandal": "Rebbana", "Company": "M/s. AYE Totes Pvt Ltd Flat No 501 B Block Annapurna Enclave Beside BSNL Office Telangana", "Address": "M/s. AYE Totes Pvt Ltd Flat No 501 B Block Annapurna Enclave Beside BSNL Office Telangana", "Mineral": "Black Granite", "MineralTyp": "QL", "SurveyNumb": "111", "LandType": "Govt.Land", "Production": 150000, "Dispatch": 150000, "ETS": 165000, "Notice": 15000, "Reg_From": "2025-05-20", "Reg_To": "2026-05-19", "ORIG_FID": 554}, "geometry": {"type": "Point", "coordinates": [79.363997, 19.209094]}}, {"type": "Feature", "properties": {"District": "Warangal", "Mandal": "Raiparthy", "Company": "SRI LAXMI VENKATARAMANA ENGINEERING & MECHANICAL WORKS 11410 bhrathnagar Near Satya Sai Baba Temple siddipet Telangana", "Address": "SRI LAXMI VENKATARAMANA ENGINEERING & MECHANICAL WORKS 11410 bhrathnagar Near Satya Sai Baba Temple siddipet Telangana", "Mineral": "Black Granite", "MineralTyp": "QL", "SurveyNumb": "111", "LandType": "Govt.Land", "Production": 150000, "Dispatch": 150000, "ETS": 165000, "Notice": 15000, "Reg_From": "2025-05-21", "Reg_To": "2027-05-20", "ORIG_FID": 555}, "geometry": {"type": "Point", "coordinates": [79.54329, 17.691539]}}, {"type": "Feature", "properties": {"District": "Khammam", "Mandal": "Gundala1", "Company": "M/s. RSM Solx Pvt Ltd 2101010 Jyothi Nagar Karimnagar", "Address": "M/s. RSM Solx Pvt Ltd 2101010 Jyothi Nagar Karimnagar", "Mineral": "Colour Granite", "MineralTyp": "QL", "SurveyNumb": "388", "LandType": "Patta Land", "Production": 150000, "Dispatch": 150000, "ETS": 300000, "Notice": 150000, "Reg_From": "2027-05-20", "Reg_To": "2027-05-19", "ORIG_FID": 557}, "geometry": {"type": "Point", "coordinates": [80.305636, 17.830123]}}, {"type": "Feature", "properties": {"District": "Adilabad", "Mandal": "Rebbana", "Company": "M/s. Bharat Solutions Plot No. 2 Pragathi Nagar Masquati Dairy back side Kammaguda Turkayamjal Abdullapurmet Rangareddy Dist.", "Address": "M/s. Bharat Solutions Plot No. 2 Pragathi Nagar Masquati Dairy back side Kammaguda Turkayamjal Abdullapurmet Rangareddy Dist.", "Mineral": "Colour Granite", "MineralTyp": "QL", "SurveyNumb": "439/1", "LandType": "Govt.Land", "Production": 150000, "Dispatch": 150000, "ETS": 300000, "Notice": 150000, "Reg_From": "2025-05-24", "Reg_To": "2026-05-23", "ORIG_FID": 559}, "geometry": {"type": "Point", "coordinates": [79.457393, 19.213948]}}, {"type": "Feature", "properties": {"District": "Medak", "Mandal": "Kowdipalle", "Company": "Sri Sri Balaji Plant Flat No. 4176 Shabari Colony Sanganbanda Road Makthal Narayanpet Dist.", "Address": "Sri Sri Balaji Plant Flat No. 4176 Shabari Colony Sanganbanda Road Makthal Narayanpet Dist.", "Mineral": "Colour Granite", "MineralTyp": "QL", "SurveyNumb": "145", "LandType": "Patta Land", "Production": 150000, "Dispatch": 150000, "ETS": 300000, "Notice": 150000, "Reg_From": "2025-05-27", "Reg_To": "2027-05-26", "ORIG_FID": 562}, "geometry": {"type": "Point", "coordinates": [78.182017, 17.91718]}}, {"type": "Feature", "properties": {"District": "Khammam", "Mandal": "Gundala1", "Company": "M/s. Venkataramana Battery shop 6 Cherla Road Bhadrachalam Bhadradri Kothagudem Telangana", "Address": "M/s. Venkataramana Battery shop 6 Cherla Road Bhadrachalam Bhadradri Kothagudem Telangana", "Mineral": "Colour Granite", "MineralTyp": "QL", "SurveyNumb": "468/1 & 469/1", "LandType": "Govt.Land", "Production": 150000, "Dispatch": 150000, "ETS": 300000, "Notice": 150000, "Reg_From": "2025-06-06", "Reg_To": "2027-06-05", "ORIG_FID": 565}, "geometry": {"type": "Point", "coordinates": [80.34995, 17.843506]}}, {"type": "Feature", "properties": {"District": "Khammam", "Mandal": "Gundala1", "Company": "RAION TECHNO PRODUCTS 3rd Floor 11245/180 P & 155 P/302 Sri Veeranjaneya Resid ency Srinivasa Nagar Colony ECIL Medchal Malkajgiri Telangana", "Address": "RAION TECHNO PRODUCTS 3rd Floor 11245/180 P & 155 P/302 Sri Veeranjaneya Resid ency Srinivasa Nagar Colony ECIL Medchal Malkajgiri Telangana", "Mineral": "Colour Granite", "MineralTyp": "QL", "SurveyNumb": "144", "LandType": "Patta Land", "Production": 150000, "Dispatch": 150000, "ETS": 300000, "Notice": 150000, "Reg_From": "2025-06-09", "Reg_To": "2027-06-08", "ORIG_FID": 566}, "geometry": {"type": "Point", "coordinates": [80.318926, 17.846282]}}, {"type": "Feature", "properties": {"District": "Medak", "Mandal": "Tupran", "Company": "Samira Enterprises 22B10346 NEHRU NAGAR NEAR POLICE STATION", "Address": "Samira Enterprises 22B10346 NEHRU NAGAR NEAR POLICE STATION", "Mineral": "Colour Granite", "MineralTyp": "QL", "SurveyNumb": "266/1", "LandType": "Patta Land", "Production": 150000, "Dispatch": 150000, "ETS": 300000, "Notice": 150000, "Reg_From": "2025-06-11", "Reg_To": "2026-06-10", "ORIG_FID": 570}, "geometry": {"type": "Point", "coordinates": [78.459439, 17.874413]}}, {"type": "Feature", "properties": {"District": "Medak", "Mandal": "Gajwel", "Company": "M/s. National Federation of Farmer\u2019s Procurement Processing & Retailing Cooperatives of India Ltd. 26619 1st Floor Lalitha Colony Dabagardens Visakhapatnam", "Address": "M/s. National Federation of Farmer\u2019s Procurement Processing & Retailing Cooperatives of India Ltd. 26619 1st Floor Lalitha Colony Dabagardens Visakhapatnam", "Mineral": "Colour Granite", "MineralTyp": "QL", "SurveyNumb": "266", "LandType": "Patta Land", "Production": 150000, "Dispatch": 150000, "ETS": 300000, "Notice": 150000, "Reg_From": "2025-06-19", "Reg_To": "2027-06-18", "ORIG_FID": 578}, "geometry": {"type": "Point", "coordinates": [78.683552, 17.895606]}}, {"type": "Feature", "properties": {"District": "Warangal", "Mandal": "Nekkonda", "Company": "M/s. Varna Pvt Ltd 2nd Floor 83214/7/1A Ameerpet Pillar No. 1036 Sanjeeva Reddy Nagar \u2013 .", "Address": "M/s. Varna Pvt Ltd 2nd Floor 83214/7/1A Ameerpet Pillar No. 1036 Sanjeeva Reddy Nagar \u2013 .", "Mineral": "Colour Granite", "MineralTyp": "QL", "SurveyNumb": "266/1", "LandType": "Patta Land", "Production": 150000, "Dispatch": 150000, "ETS": 300000, "Notice": 150000, "Reg_From": "2025-06-23", "Reg_To": "2027-06-22", "ORIG_FID": 579}, "geometry": {"type": "Point", "coordinates": [79.850998, 17.744417]}}, {"type": "Feature", "properties": {"District": "Warangal", "Mandal": "Ghanpur (Station)", "Company": "M/s. Heliossun Tech Pvt Ltd Plot No. 4 SY No. 18 Pragathi Nagar Bachupally Medchal Malkajgiri \u2013 .", "Address": "M/s. Heliossun Tech Pvt Ltd Plot No. 4 SY No. 18 Pragathi Nagar Bachupally Medchal Malkajgiri \u2013 .", "Mineral": "Black Granite", "MineralTyp": "QL", "SurveyNumb": "33, 34 & 35", "LandType": "Patta Land", "Production": 150000, "Dispatch": 150000, "ETS": 165000, "Notice": 15000, "Reg_From": "2025-07-25", "Reg_To": "2027-07-24", "ORIG_FID": 609}, "geometry": {"type": "Point", "coordinates": [79.36387, 17.859631]}}, {"type": "Feature", "properties": {"District": "Warangal", "Mandal": "Zaffergadh", "Company": "M/s. Ujwal Systems Present office address # Beside SBI ATM HPS School Lane Chandrashekar Colony Nizamabad", "Address": "M/s. Ujwal Systems Present office address # Beside SBI ATM HPS School Lane Chandrashekar Colony Nizamabad", "Mineral": "Black Granite", "MineralTyp": "QL", "SurveyNumb": "238/P, 239/P & 242/P", "LandType": "Govt.Land", "Production": 150000, "Dispatch": 150000, "ETS": 165000, "Notice": 15000, "Reg_From": "2025-07-28", "Reg_To": "2026-07-27", "ORIG_FID": 610}, "geometry": {"type": "Point", "coordinates": [79.44523, 17.867954]}}, {"type": "Feature", "properties": {"District": "Warangal", "Mandal": "Chennaraopet", "Company": "M/s. Starvolt Energy Pvt Ltd H. No. 180/3/B/A2/A/1 Sai Vamsi Colony Stn Jadcerla Mahabubnagar", "Address": "M/s. Starvolt Energy Pvt Ltd H. No. 180/3/B/A2/A/1 Sai Vamsi Colony Stn Jadcerla Mahabubnagar", "Mineral": "Black Granite", "MineralTyp": "QL", "SurveyNumb": "515, 547, 597 & 598", "LandType": "Govt.Land", "Production": 150000, "Dispatch": 150000, "ETS": 165000, "Notice": 15000, "Reg_From": "2025-07-29", "Reg_To": "2026-07-28", "ORIG_FID": 611}, "geometry": {"type": "Point", "coordinates": [79.850576, 17.870901]}}, {"type": "Feature", "properties": {"District": "Warangal", "Mandal": "Sangam2", "Company": "M/s. Kampelli Constructions H. No. 9289 Natraj Center Palvancha Bhadradri Kothagudem", "Address": "M/s. Kampelli Constructions H. No. 9289 Natraj Center Palvancha Bhadradri Kothagudem", "Mineral": "Colour Granite", "MineralTyp": "QL", "SurveyNumb": "160/1", "LandType": "Govt.Land", "Production": 150000, "Dispatch": 150000, "ETS": 300000, "Notice": 150000, "Reg_From": "2025-07-31", "Reg_To": "2026-07-30", "ORIG_FID": 612}, "geometry": {"type": "Point", "coordinates": [79.714309, 17.878649]}}, {"type": "Feature", "properties": {"District": "Warangal", "Mandal": "Ghanpur (Station)", "Company": "M/s. VN Energy H. No. 55d/31 Korremulla Road Vitalesara Colony Narapally Pocharam Medchal Malkajgiri.", "Address": "M/s. VN Energy H. No. 55d/31 Korremulla Road Vitalesara Colony Narapally Pocharam Medchal Malkajgiri.", "Mineral": "Black Granite", "MineralTyp": "QL", "SurveyNumb": "284/3,284/4,284/5,284/11,284/12,284/13,285", "LandType": "Govt.Land", "Production": 150000, "Dispatch": 150000, "ETS": 165000, "Notice": 15000, "Reg_From": "2025-07-30", "Reg_To": "2026-07-29", "ORIG_FID": 613}, "geometry": {"type": "Point", "coordinates": [79.369858, 17.887158]}}, {"type": "Feature", "properties": {"District": "Warangal", "Mandal": "Chennaraopet", "Company": "MAXIMAL ENERGY PRIVATE LIMITED 0 0 Near Kesineni Ofc Plot No.201 D No.48161 Mahanadu Road Ganesh Nagar Gunadala Vijaya wada Krishna Andhra Pradesh", "Address": "MAXIMAL ENERGY PRIVATE LIMITED 0 0 Near Kesineni Ofc Plot No.201 D No.48161 Mahanadu Road Ganesh Nagar Gunadala Vijaya wada Krishna Andhra Pradesh", "Mineral": "Black Granite", "MineralTyp": "QL", "SurveyNumb": "630 & 631", "LandType": "Govt.Land", "Production": 150000, "Dispatch": 150000, "ETS": 165000, "Notice": 15000, "Reg_From": "2025-08-01", "Reg_To": "2026-07-31", "ORIG_FID": 614}, "geometry": {"type": "Point", "coordinates": [79.866908, 17.892413]}}, {"type": "Feature", "properties": {"District": "Warangal", "Mandal": "Maddur2", "Company": "VIRAAT CONSTRUCTIONS 0 0 Near Sumangali uncti on Hall Ashok Colony Hanamko nda Telangana", "Address": "VIRAAT CONSTRUCTIONS 0 0 Near Sumangali uncti on Hall Ashok Colony Hanamko nda Telangana", "Mineral": "Black Granite", "MineralTyp": "QL", "SurveyNumb": "194", "LandType": "Patta Land", "Production": 150000, "Dispatch": 150000, "ETS": 165000, "Notice": 15000, "Reg_From": "2025-08-04", "Reg_To": "2026-08-03", "ORIG_FID": 615}, "geometry": {"type": "Point", "coordinates": [79.022573, 17.888838]}}, {"type": "Feature", "properties": {"District": "Warangal", "Mandal": "Sangam2", "Company": "VJ ENTERPRISES 495 Flat no 407 bhavani plaza. op p ecil bus stop. ecil X roads.", "Address": "VJ ENTERPRISES 495 Flat no 407 bhavani plaza. op p ecil bus stop. ecil X roads.", "Mineral": "Black Granite", "MineralTyp": "QL", "SurveyNumb": "33, 34 & 35", "LandType": "Patta Land", "Production": 150000, "Dispatch": 150000, "ETS": 165000, "Notice": 15000, "Reg_From": "2025-08-04", "Reg_To": "2026-08-03", "ORIG_FID": 616}, "geometry": {"type": "Point", "coordinates": [79.765526, 17.892644]}}, {"type": "Feature", "properties": {"District": "Warangal", "Mandal": "Sangam2", "Company": "MYTHRI AND INFRA 0 0 121/2/B/1/1 SRIMANNARAYANA C OLONY Life Insurance Corporat ion Srimannarayana Colony Ko dad Suryapet Telangana 5082 06", "Address": "MYTHRI AND INFRA 0 0 121/2/B/1/1 SRIMANNARAYANA C OLONY Life Insurance Corporat ion Srimannarayana Colony Ko dad Suryapet Telangana 5082 06", "Mineral": "Black Granite", "MineralTyp": "QL", "SurveyNumb": "53/A & 54/A", "LandType": "Govt.Land", "Production": 150000, "Dispatch": 150000, "ETS": 165000, "Notice": 15000, "Reg_From": "2025-08-05", "Reg_To": "2027-08-04", "ORIG_FID": 617}, "geometry": {"type": "Point", "coordinates": [79.738641, 17.892112]}}, {"type": "Feature", "properties": {"District": "Warangal", "Mandal": "Hanamkonda", "Company": "M/s. Sun Synergy Flat No. 71288/C/34 Ground Floor Lingaiahnagar Balkampet \u2013 .", "Address": "M/s. Sun Synergy Flat No. 71288/C/34 Ground Floor Lingaiahnagar Balkampet \u2013 .", "Mineral": "Black Granite", "MineralTyp": "QL", "SurveyNumb": "245 & 264", "LandType": "Govt.Land", "Production": 150000, "Dispatch": 150000, "ETS": 165000, "Notice": 15000, "Reg_From": "2025-07-25", "Reg_To": "2026-07-24", "ORIG_FID": 618}, "geometry": {"type": "Point", "coordinates": [79.546547, 17.918051]}}, {"type": "Feature", "properties": {"District": "Warangal", "Mandal": "Dharmasagar", "Company": "M/s. Sri Narayana Enterprises H. No. 1323/8 Battisav New Housing Board Colony Agraja Township Adilabad", "Address": "M/s. Sri Narayana Enterprises H. No. 1323/8 Battisav New Housing Board Colony Agraja Township Adilabad", "Mineral": "Black Granite", "MineralTyp": "QL", "SurveyNumb": "240, 302, 303", "LandType": "Govt.Land", "Production": 150000, "Dispatch": 150000, "ETS": 165000, "Notice": 15000, "Reg_From": "2025-08-02", "Reg_To": "2026-08-01", "ORIG_FID": 619}, "geometry": {"type": "Point", "coordinates": [79.399865, 17.920235]}}, {"type": "Feature", "properties": {"District": "Warangal", "Mandal": "Chennaraopet", "Company": "TRENOVA ENERGY PRIVATE LIMITED 3 5179 DRONADULA MARTUR MANDA L BAPATLA DISTRICT AP", "Address": "TRENOVA ENERGY PRIVATE LIMITED 3 5179 DRONADULA MARTUR MANDA L BAPATLA DISTRICT AP", "Mineral": "Black Granite", "MineralTyp": "QL", "SurveyNumb": "189/9 & 249/2", "LandType": "Govt.Land", "Production": 150000, "Dispatch": 150000, "ETS": 165000, "Notice": 15000, "Reg_From": "2025-08-06", "Reg_To": "2027-08-05", "ORIG_FID": 620}, "geometry": {"type": "Point", "coordinates": [79.842317, 17.926882]}}, {"type": "Feature", "properties": {"District": "Warangal", "Mandal": "Chennaraopet", "Company": "M/s.Aditya Enterprises H. No. 201DH0001 Brundavanam Colony Bonakal Road Khammam", "Address": "M/s.Aditya Enterprises H. No. 201DH0001 Brundavanam Colony Bonakal Road Khammam", "Mineral": "Black Granite", "MineralTyp": "QL", "SurveyNumb": "241/P, 242/P, 242/A,B,D, 264/A,B & 302/2", "LandType": "Patta Land", "Production": 150000, "Dispatch": 150000, "ETS": 165000, "Notice": 15000, "Reg_From": "2025-08-09", "Reg_To": "2026-08-08", "ORIG_FID": 621}, "geometry": {"type": "Point", "coordinates": [79.807585, 17.927868]}}, {"type": "Feature", "properties": {"District": "Warangal", "Mandal": "Narmetta", "Company": "SOLMECH ENERGY SERVICES (OPC) PRIVATE LIMITED 0 0 /2 1 Nagole Hyderab ad Rangareddy Telangana", "Address": "SOLMECH ENERGY SERVICES (OPC) PRIVATE LIMITED 0 0 /2 1 Nagole Hyderab ad Rangareddy Telangana", "Mineral": "Black Granite", "MineralTyp": "QL", "SurveyNumb": "47", "LandType": "Patta Land", "Production": 150000, "Dispatch": 150000, "ETS": 165000, "Notice": 15000, "Reg_From": "2025-08-12", "Reg_To": "2026-08-11", "ORIG_FID": 622}, "geometry": {"type": "Point", "coordinates": [79.177407, 17.926444]}}, {"type": "Feature", "properties": {"District": "Warangal", "Mandal": "Narsampet", "Company": "M/s. AR Enterprises H.NO. 1125976/A Kothawada Kothawada Road Warangal Hanumakonda Telangana", "Address": "M/s. AR Enterprises H.NO. 1125976/A Kothawada Kothawada Road Warangal Hanumakonda Telangana", "Mineral": "Black Granite", "MineralTyp": "QL", "SurveyNumb": "121/P, 443/P, 444/P, & 445/P", "LandType": "Govt.Land", "Production": 150000, "Dispatch": 150000, "ETS": 165000, "Notice": 15000, "Reg_From": "2025-08-12", "Reg_To": "2026-08-11", "ORIG_FID": 623}, "geometry": {"type": "Point", "coordinates": [79.827193, 17.93783]}}, {"type": "Feature", "properties": {"District": "Warangal", "Mandal": "Maddur2", "Company": "M/s. Rayso Solutions Plot No. 409 408P BN Reddy Nagar Hayath Nagar Saheb NagarKalan 500 Rangareddy", "Address": "M/s. Rayso Solutions Plot No. 409 408P BN Reddy Nagar Hayath Nagar Saheb NagarKalan 500 Rangareddy", "Mineral": "Black Granite", "MineralTyp": "QL", "SurveyNumb": "296/E & 296/F", "LandType": "Patta Land", "Production": 150000, "Dispatch": 150000, "ETS": 165000, "Notice": 15000, "Reg_From": "2025-08-12", "Reg_To": "2026-08-11", "ORIG_FID": 624}, "geometry": {"type": "Point", "coordinates": [79.040795, 17.939121]}}, {"type": "Feature", "properties": {"District": "Warangal", "Mandal": "Warangal (Fully Urb*", "Company": "KS ASSOCIATES VINAYAKNAGAR NEREDME T TELANGANA INDIA .", "Address": "KS ASSOCIATES VINAYAKNAGAR NEREDME T TELANGANA INDIA .", "Mineral": "Black Granite", "MineralTyp": "QL", "SurveyNumb": "296/1, 296/73 & 74", "LandType": "Patta Land", "Production": 150000, "Dispatch": 150000, "ETS": 165000, "Notice": 15000, "Reg_From": "2025-08-13", "Reg_To": "2026-08-12", "ORIG_FID": 625}, "geometry": {"type": "Point", "coordinates": [79.580319, 17.958306]}}, {"type": "Feature", "properties": {"District": "Karimnagar", "Mandal": "Shankarapatnam", "Company": "VISTA GLOBAL SOLUTIONS LLP ROOM. NO. 516 SY. NO. 12 ACE NDIA ARK LINGAMPALLI WHITE F IELDS KONDAPUR 5 00084 TELANGANA", "Address": "VISTA GLOBAL SOLUTIONS LLP ROOM. NO. 516 SY. NO. 12 ACE NDIA ARK LINGAMPALLI WHITE F IELDS KONDAPUR 5 00084 TELANGANA", "Mineral": "Black Granite", "MineralTyp": "QL", "SurveyNumb": "392/1", "LandType": "Govt.Land", "Production": 150000, "Dispatch": 150000, "ETS": 165000, "Notice": 15000, "Reg_From": "2025-08-13", "Reg_To": "2026-08-12", "ORIG_FID": 626}, "geometry": {"type": "Point", "coordinates": [79.393113, 18.340003]}}, {"type": "Feature", "properties": {"District": "Warangal", "Mandal": "Maddur2", "Company": "ENERGY ENTERPRISE 0 0 SURVEY NO 720 PLOT NO 14 WEST PART H.NO 163/71 KAREEMGUD A VILLAGE KEESARA MANDAL Kee sara Medchal Malka jgiri Telangana", "Address": "ENERGY ENTERPRISE 0 0 SURVEY NO 720 PLOT NO 14 WEST PART H.NO 163/71 KAREEMGUD A VILLAGE KEESARA MANDAL Kee sara Medchal Malka jgiri Telangana", "Mineral": "Black Granite", "MineralTyp": "QL", "SurveyNumb": "651", "LandType": "Govt.Land", "Production": 150000, "Dispatch": 150000, "ETS": 165000, "Notice": 15000, "Reg_From": "2025-08-18", "Reg_To": "2026-08-17", "ORIG_FID": 627}, "geometry": {"type": "Point", "coordinates": [79.130076, 17.95569]}}, {"type": "Feature", "properties": {"District": "Karimnagar", "Mandal": "Veenavanka", "Company": "M/s. Genesis onics India Pvt Ltd A 46 Madhuranagar", "Address": "M/s. Genesis onics India Pvt Ltd A 46 Madhuranagar", "Mineral": "Black Granite", "MineralTyp": "QL", "SurveyNumb": "117/P & 625/P", "LandType": "Govt.Land", "Production": 150000, "Dispatch": 150000, "ETS": 165000, "Notice": 15000, "Reg_From": "2025-08-16", "Reg_To": "2026-08-15", "ORIG_FID": 628}, "geometry": {"type": "Point", "coordinates": [79.426267, 18.350781]}}, {"type": "Feature", "properties": {"District": "Warangal", "Mandal": "Narsampet", "Company": "S S TECHNOS INFRA PVT LTD 0 Flat No 409 Sai Ranga Bhaska r Residency Above Cafe Coffee Day Madhavanagar Miyapur H yderabad Telangana.", "Address": "S S TECHNOS INFRA PVT LTD 0 Flat No 409 Sai Ranga Bhaska r Residency Above Cafe Coffee Day Madhavanagar Miyapur H yderabad Telangana.", "Mineral": "Black Granite", "MineralTyp": "QL", "SurveyNumb": "424", "LandType": "Govt.Land", "Production": 150000, "Dispatch": 150000, "ETS": 165000, "Notice": 15000, "Reg_From": "2025-06-26", "Reg_To": "2026-06-25", "ORIG_FID": 629}, "geometry": {"type": "Point", "coordinates": [79.899885, 17.965292]}}, {"type": "Feature", "properties": {"District": "Warangal", "Mandal": "Kothagudem2", "Company": "M/s. Enerqube Pvt Ltd H. No. 15/5 Sai Sukla Towers Beside Nagaram Muncipal Office Nagaram Medchal Malkajgiri \u2013 .", "Address": "M/s. Enerqube Pvt Ltd H. No. 15/5 Sai Sukla Towers Beside Nagaram Muncipal Office Nagaram Medchal Malkajgiri \u2013 .", "Mineral": "Black Granite", "MineralTyp": "QL", "SurveyNumb": "15/1 & 15/10", "LandType": "Govt. Assigned Lands", "Production": 150000, "Dispatch": 150000, "ETS": 165000, "Notice": 15000, "Reg_From": "2025-08-25", "Reg_To": "2026-08-24", "ORIG_FID": 630}, "geometry": {"type": "Point", "coordinates": [80.006533, 17.984408]}}, {"type": "Feature", "properties": {"District": "Warangal", "Mandal": "Hanamkonda", "Company": "M/s. Energy H.No. 21170/1/19/B RK Garden Opp: SV Degree College Suryapet", "Address": "M/s. Energy H.No. 21170/1/19/B RK Garden Opp: SV Degree College Suryapet", "Mineral": "Black Granite", "MineralTyp": "QL", "SurveyNumb": "541/1/P", "LandType": "Govt.Land", "Production": 150000, "Dispatch": 150000, "ETS": 165000, "Notice": 15000, "Reg_From": "2018-07-10", "Reg_To": "2020-07-09", "ORIG_FID": 631}, "geometry": {"type": "Point", "coordinates": [79.582201, 17.989168]}}, {"type": "Feature", "properties": {"District": "Karimnagar", "Mandal": "Veenavanka", "Company": "M/s. Sri Srinivasa Engineers Plot No. 181 Navodaya Colony Cherlapally Medchal Malkajgiri", "Address": "M/s. Sri Srinivasa Engineers Plot No. 181 Navodaya Colony Cherlapally Medchal Malkajgiri", "Mineral": "Black Granite", "MineralTyp": "QL", "SurveyNumb": "732, 780 & 735/P", "LandType": "Patta Land", "Production": 150000, "Dispatch": 150000, "ETS": 165000, "Notice": 15000, "Reg_From": "2025-08-25", "Reg_To": "2027-08-24", "ORIG_FID": 632}, "geometry": {"type": "Point", "coordinates": [79.395945, 18.375252]}}, {"type": "Feature", "properties": {"District": "Warangal", "Mandal": "Maddur2", "Company": "Stockwell Services Private Limited 3rd Floor Arcade mal l Malviya Marg C scheme J aipur", "Address": "Stockwell Services Private Limited 3rd Floor Arcade mal l Malviya Marg C scheme J aipur", "Mineral": "Black Granite", "MineralTyp": "QL", "SurveyNumb": "176/A,176/A/1", "LandType": "Govt.Land", "Production": 150000, "Dispatch": 150000, "ETS": 165000, "Notice": 15000, "Reg_From": "2025-08-27", "Reg_To": "2026-08-26", "ORIG_FID": 633}, "geometry": {"type": "Point", "coordinates": [78.980342, 17.993214]}}, {"type": "Feature", "properties": {"District": "Warangal", "Mandal": "Nallabelly", "Company": "M/s. SV Energies H.No. 7122 Kasipet Devapur Mancherial Dist \u2013 .", "Address": "M/s. SV Energies H.No. 7122 Kasipet Devapur Mancherial Dist \u2013 .", "Mineral": "Black Granite", "MineralTyp": "QL", "SurveyNumb": "170/P AND 177/P", "LandType": "Govt.Land", "Production": 150000, "Dispatch": 150000, "ETS": 165000, "Notice": 15000, "Reg_From": "2025-08-22", "Reg_To": "2026-08-21", "ORIG_FID": 634}, "geometry": {"type": "Point", "coordinates": [79.878607, 18.006602]}}, {"type": "Feature", "properties": {"District": "Warangal", "Mandal": "Dharmasagar", "Company": "M/s. Navit Eco Tech Plot No. 68 Near Sai Baba Temple R L Nagar Rampally Medchal Malkajgiri \u2013 .", "Address": "M/s. Navit Eco Tech Plot No. 68 Near Sai Baba Temple R L Nagar Rampally Medchal Malkajgiri \u2013 .", "Mineral": "Black Granite", "MineralTyp": "QL", "SurveyNumb": "394/2 ,& 395/2", "LandType": "Govt.Land", "Production": 150000, "Dispatch": 150000, "ETS": 165000, "Notice": 15000, "Reg_From": "2025-09-01", "Reg_To": "2026-08-31", "ORIG_FID": 635}, "geometry": {"type": "Point", "coordinates": [79.380756, 18.005742]}}, {"type": "Feature", "properties": {"District": "Warangal", "Mandal": "Atmakur5", "Company": "M/s. Solaxy Tech H.No. Road No. 3 Durga Colony Hanamkonda Telangana", "Address": "M/s. Solaxy Tech H.No. Road No. 3 Durga Colony Hanamkonda Telangana", "Mineral": "Black Granite", "MineralTyp": "QL", "SurveyNumb": "240/1", "LandType": "Govt.Land", "Production": 150000, "Dispatch": 150000, "ETS": 165000, "Notice": 15000, "Reg_From": "2025-08-30", "Reg_To": "2026-08-29", "ORIG_FID": 636}, "geometry": {"type": "Point", "coordinates": [79.722031, 18.00925]}}, {"type": "Feature", "properties": {"District": "Warangal", "Mandal": "Dharmasagar", "Company": "M/s. Khammam Hub D. No. 10695/4/5/8 Bus Depot Road Burhanpuram Khammam", "Address": "M/s. Khammam Hub D. No. 10695/4/5/8 Bus Depot Road Burhanpuram Khammam", "Mineral": "Black Granite", "MineralTyp": "QL", "SurveyNumb": "416 & 426", "LandType": "Govt.Land", "Production": 150000, "Dispatch": 150000, "ETS": 165000, "Notice": 15000, "Reg_From": "2025-09-02", "Reg_To": "2026-09-01", "ORIG_FID": 637}, "geometry": {"type": "Point", "coordinates": [79.422973, 17.998808]}}, {"type": "Feature", "properties": {"District": "Warangal", "Mandal": "Duggondi", "Company": "M/s. Namaste LLP H.No. /1/P/402 4th Floor Jewel Pawani Towers PV Narsimha Marg Somajiguda", "Address": "M/s. Namaste LLP H.No. /1/P/402 4th Floor Jewel Pawani Towers PV Narsimha Marg Somajiguda", "Mineral": "Black Granite", "MineralTyp": "QL", "SurveyNumb": "193, 198", "LandType": "Patta Land", "Production": 150000, "Dispatch": 150000, "ETS": 165000, "Notice": 15000, "Reg_From": "2025-09-04", "Reg_To": "2027-09-03", "ORIG_FID": 638}, "geometry": {"type": "Point", "coordinates": [79.828484, 18.016636]}}, {"type": "Feature", "properties": {"District": "Warangal", "Mandal": "Duggondi", "Company": "M/s. Anantaguna Enterprises Flat No. 1946 Ram Nagar Geetha Adyayan Mandali Line Mancherial", "Address": "M/s. Anantaguna Enterprises Flat No. 1946 Ram Nagar Geetha Adyayan Mandali Line Mancherial", "Mineral": "Black Granite", "MineralTyp": "QL", "SurveyNumb": "200/B/1, 200/C/1, 197/A, 198/1/7, 199/A/2 OF", "LandType": "Govt.Land", "Production": 150000, "Dispatch": 150000, "ETS": 165000, "Notice": 15000, "Reg_From": "2025-09-02", "Reg_To": "2026-09-01", "ORIG_FID": 639}, "geometry": {"type": "Point", "coordinates": [79.812699, 18.01967]}}, {"type": "Feature", "properties": {"District": "Warangal", "Mandal": "Nallabelly", "Company": "M/s. Chandana Enterprises Flat No. 103 1st Floor Plot No. 311 & 312 H.No. 56212/1/103 Syatamatic Residency Road No. 3/1 vaidehinagar Vanasthalipuram Rangareddy.", "Address": "M/s. Chandana Enterprises Flat No. 103 1st Floor Plot No. 311 & 312 H.No. 56212/1/103 Syatamatic Residency Road No. 3/1 vaidehinagar Vanasthalipuram Rangareddy.", "Mineral": "Black Granite", "MineralTyp": "QL", "SurveyNumb": "9/1 , 9/2, 198/1/7, 196/1", "LandType": "Patta Land", "Production": 150000, "Dispatch": 150000, "ETS": 165000, "Notice": 15000, "Reg_From": "2025-09-04", "Reg_To": "2026-09-03", "ORIG_FID": 640}, "geometry": {"type": "Point", "coordinates": [79.920979, 18.022393]}}, {"type": "Feature", "properties": {"District": "Warangal", "Mandal": "Dharmasagar", "Company": "ON TRACK ENERGY SYSTEMS Flat No.405 Manila Towers Sa njay Nagar MalkajgiriHyderab ad", "Address": "ON TRACK ENERGY SYSTEMS Flat No.405 Manila Towers Sa njay Nagar MalkajgiriHyderab ad", "Mineral": "Black Granite", "MineralTyp": "QL", "SurveyNumb": "207", "LandType": "Patta Land", "Production": 150000, "Dispatch": 150000, "ETS": 165000, "Notice": 15000, "Reg_From": "2025-09-05", "Reg_To": "2026-09-04", "ORIG_FID": 641}, "geometry": {"type": "Point", "coordinates": [79.331754, 18.013237]}}, {"type": "Feature", "properties": {"District": "Warangal", "Mandal": "Hanamkonda", "Company": "M/s. Rudraa Pvt Ltd D. No. 41558/9 Vemulawada Road Korutla Jagityal Dist.", "Address": "M/s. Rudraa Pvt Ltd D. No. 41558/9 Vemulawada Road Korutla Jagityal Dist.", "Mineral": "Black Granite", "MineralTyp": "QL", "SurveyNumb": "187, 188, 189", "LandType": "Patta Land", "Production": 150000, "Dispatch": 150000, "ETS": 165000, "Notice": 15000, "Reg_From": "2025-09-08", "Reg_To": "2026-09-07", "ORIG_FID": 642}, "geometry": {"type": "Point", "coordinates": [79.570388, 18.023977]}}, {"type": "Feature", "properties": {"District": "Warangal", "Mandal": "Nallabelly", "Company": "M/s. Nature Technologies & Services 221/2 Budidagadda Basthi Kothagudem", "Address": "M/s. Nature Technologies & Services 221/2 Budidagadda Basthi Kothagudem", "Mineral": "Black Granite", "MineralTyp": "QL", "SurveyNumb": "18", "LandType": "Govt.Land", "Production": 150000, "Dispatch": 150000, "ETS": 165000, "Notice": 15000, "Reg_From": "2025-09-10", "Reg_To": "2026-09-09", "ORIG_FID": 643}, "geometry": {"type": "Point", "coordinates": [79.939059, 18.024261]}}, {"type": "Feature", "properties": {"District": "Karimnagar", "Mandal": "Veenavanka", "Company": "M/s. Hanshith Infratech H. No.13131/2 Shastrinagar Street No.3 Nirmal \u2013 .", "Address": "M/s. Hanshith Infratech H. No.13131/2 Shastrinagar Street No.3 Nirmal \u2013 .", "Mineral": "Black Granite", "MineralTyp": "QL", "SurveyNumb": "76/A1 , 79/EE 80/P", "LandType": "Patta Land", "Production": 150000, "Dispatch": 150000, "ETS": 165000, "Notice": 15000, "Reg_From": "2025-09-10", "Reg_To": "2026-09-09", "ORIG_FID": 644}, "geometry": {"type": "Point", "coordinates": [79.331137, 18.421207]}}, {"type": "Feature", "properties": {"District": "Karimnagar", "Mandal": "Veenavanka", "Company": "M/s. Arcedo Systems Pvt Ltd # 401 4th Floor Vaishnavi Lamani Arcade Doolapally Road Kompally Medchal Malkajgiri", "Address": "M/s. Arcedo Systems Pvt Ltd # 401 4th Floor Vaishnavi Lamani Arcade Doolapally Road Kompally Medchal Malkajgiri", "Mineral": "Black Granite", "MineralTyp": "QL", "SurveyNumb": "303/P,313/P,314/P,315,316/P,317/P,318,319,320/P,323/P,338,339/P,340&342/p", "LandType": "Patta Land", "Production": 150000, "Dispatch": 150000, "ETS": 165000, "Notice": 15000, "Reg_From": "2025-09-12", "Reg_To": "2026-09-11", "ORIG_FID": 645}, "geometry": {"type": "Point", "coordinates": [79.36757, 18.423038]}}, {"type": "Feature", "properties": {"District": "Warangal", "Mandal": "Hasanparthy", "Company": "M/s. PMR Enterprises #14212/13 Saileela Enclaave Kapra Secunderabad", "Address": "M/s. PMR Enterprises #14212/13 Saileela Enclaave Kapra Secunderabad", "Mineral": "Black Granite", "MineralTyp": "QL", "SurveyNumb": "277/2, 280 & 308", "LandType": "Govt.Land", "Production": 150000, "Dispatch": 150000, "ETS": 165000, "Notice": 15000, "Reg_From": "2025-08-06", "Reg_To": "2026-08-05", "ORIG_FID": 646}, "geometry": {"type": "Point", "coordinates": [79.581836, 18.04285]}}, {"type": "Feature", "properties": {"District": "Warangal", "Mandal": "Nallabelly", "Company": "M/s. Varchas Vega /4/2 Baba Nagar Colony Mallapur Medchal Malkajgiri", "Address": "M/s. Varchas Vega /4/2 Baba Nagar Colony Mallapur Medchal Malkajgiri", "Mineral": "Black Granite", "MineralTyp": "QL", "SurveyNumb": "177/2, 177/3, 178/P, 179/P, 300/1 & 300/2", "LandType": "Patta Land", "Production": 150000, "Dispatch": 150000, "ETS": 165000, "Notice": 15000, "Reg_From": "2025-09-15", "Reg_To": "2026-09-14", "ORIG_FID": 647}, "geometry": {"type": "Point", "coordinates": [79.946928, 18.049211]}}, {"type": "Feature", "properties": {"District": "Warangal", "Mandal": "Nallabelly", "Company": "M/s. Sai Agencies H. No. 118SA0004 Opp: Reliance Trends Sagar Road Miryalaguda.", "Address": "M/s. Sai Agencies H. No. 118SA0004 Opp: Reliance Trends Sagar Road Miryalaguda.", "Mineral": "Black Granite", "MineralTyp": "QL", "SurveyNumb": "517/1, 515/E", "LandType": "Govt.Land", "Production": 150000, "Dispatch": 150000, "ETS": 165000, "Notice": 15000, "Reg_From": "2025-09-16", "Reg_To": "2026-09-15", "ORIG_FID": 648}, "geometry": {"type": "Point", "coordinates": [79.863308, 18.053134]}}, {"type": "Feature", "properties": {"District": "Warangal", "Mandal": "Atmakur5", "Company": "M/s. Sunitha Corporation LLP H. No. /111/301 Syn962/A Gak Hill Ridge Apartments Hanamkonda.", "Address": "M/s. Sunitha Corporation LLP H. No. /111/301 Syn962/A Gak Hill Ridge Apartments Hanamkonda.", "Mineral": "Black Granite", "MineralTyp": "QL", "SurveyNumb": "409/1, 409/15", "LandType": "Govt.Land", "Production": 150000, "Dispatch": 150000, "ETS": 165000, "Notice": 15000, "Reg_From": "2025-09-15", "Reg_To": "2027-09-14", "ORIG_FID": 649}, "geometry": {"type": "Point", "coordinates": [79.675737, 18.062756]}}, {"type": "Feature", "properties": {"District": "Warangal", "Mandal": "Atmakur5", "Company": "AIR MECH SYSTEMS 0 0 GROUND FLOOR DOOR NO. 07006/ A/25P SUBASHNAGAR QUTUBULLAP UR Medchal Malkajg iri Telangana", "Address": "AIR MECH SYSTEMS 0 0 GROUND FLOOR DOOR NO. 07006/ A/25P SUBASHNAGAR QUTUBULLAP UR Medchal Malkajg iri Telangana", "Mineral": "Black Granite", "MineralTyp": "QL", "SurveyNumb": "521", "LandType": "Govt.Land", "Production": 150000, "Dispatch": 150000, "ETS": 165000, "Notice": 15000, "Reg_From": "2025-09-18", "Reg_To": "2026-09-17", "ORIG_FID": 650}, "geometry": {"type": "Point", "coordinates": [79.714501, 18.061175]}}, {"type": "Feature", "properties": {"District": "Warangal", "Mandal": "Nallabelly", "Company": "POOLA ENERGY PRIVATE LIMITED Plot 1/523/1 Opp MDO office Anantapur Road Penukonda And hra pradesh India Pincode51 5110", "Address": "POOLA ENERGY PRIVATE LIMITED Plot 1/523/1 Opp MDO office Anantapur Road Penukonda And hra pradesh India Pincode51 5110", "Mineral": "Black Granite", "MineralTyp": "QL", "SurveyNumb": "352/AA/3,358 AND 359/2", "LandType": "Govt.Land", "Production": 150000, "Dispatch": 150000, "ETS": 165000, "Notice": 15000, "Reg_From": "2025-09-10", "Reg_To": "2026-09-09", "ORIG_FID": 651}, "geometry": {"type": "Point", "coordinates": [79.930837, 18.065241]}}, {"type": "Feature", "properties": {"District": "Karimnagar", "Mandal": "Odela", "Company": "SHREE SIRI 0 0 Plot No. 90 & 91 Flat No. 102 Navyas Enclave Block B Sapthagiri Colony Kukatpally Medchal Malkajgiri Telangana", "Address": "SHREE SIRI 0 0 Plot No. 90 & 91 Flat No. 102 Navyas Enclave Block B Sapthagiri Colony Kukatpally Medchal Malkajgiri Telangana", "Mineral": "Black Granite", "MineralTyp": "QL", "SurveyNumb": "521", "LandType": "Govt.Land", "Production": 150000, "Dispatch": 150000, "ETS": 165000, "Notice": 15000, "Reg_From": "2025-09-19", "Reg_To": "2026-09-18", "ORIG_FID": 652}, "geometry": {"type": "Point", "coordinates": [79.388955, 18.455003]}}, {"type": "Feature", "properties": {"District": "Warangal", "Mandal": "Atmakur5", "Company": "M/s. Khushi Enterprises Shop No. 2 430 1st Floor Sai Nagar Colony RC Puram Sangareddy.", "Address": "M/s. Khushi Enterprises Shop No. 2 430 1st Floor Sai Nagar Colony RC Puram Sangareddy.", "Mineral": "Black Granite", "MineralTyp": "QL", "SurveyNumb": "179/D1", "LandType": "Govt.Land", "Production": 150000, "Dispatch": 150000, "ETS": 165000, "Notice": 15000, "Reg_From": "2025-09-20", "Reg_To": "2026-09-19", "ORIG_FID": 653}, "geometry": {"type": "Point", "coordinates": [79.778828, 18.077745]}}, {"type": "Feature", "properties": {"District": "Warangal", "Mandal": "Hasanparthy", "Company": "KB Infrastructure Developers Plot No14 83833/216 PhaseII Kamalapuri ColonySrinagar Colony Telangana", "Address": "KB Infrastructure Developers Plot No14 83833/216 PhaseII Kamalapuri ColonySrinagar Colony Telangana", "Mineral": "Black Granite", "MineralTyp": "QL", "SurveyNumb": "740 & 741", "LandType": "Govt.Land", "Production": 150000, "Dispatch": 150000, "ETS": 165000, "Notice": 15000, "Reg_From": "2025-08-11", "Reg_To": "2026-08-10", "ORIG_FID": 654}, "geometry": {"type": "Point", "coordinates": [79.58213, 18.083329]}}, {"type": "Feature", "properties": {"District": "Karimnagar", "Mandal": "Sultanabad", "Company": "M/s. Naaz Mattress and Steel Furniture Works 33105/2 Rajendra Nagar L.K.M Road Yellandu Bhadradri Kothagudem", "Address": "M/s. Naaz Mattress and Steel Furniture Works 33105/2 Rajendra Nagar L.K.M Road Yellandu Bhadradri Kothagudem", "Mineral": "Black Granite", "MineralTyp": "QL", "SurveyNumb": "735/P & 778/1", "LandType": "Patta Land & Govt Land", "Production": 150000, "Dispatch": 150000, "ETS": 165000, "Notice": 15000, "Reg_From": "2025-09-22", "Reg_To": "2026-09-21", "ORIG_FID": 655}, "geometry": {"type": "Point", "coordinates": [79.363627, 18.461201]}}, {"type": "Feature", "properties": {"District": "Warangal", "Mandal": "Atmakur5", "Company": "Secure Zone 40131314 401 Reg. Address : Plot No 6 Parv athiNagar Neredmet MedchalM alkajgiri. . Communica tionAddress : 1st Floor Jyoth i Apartments SD Road Secunde rabad", "Address": "Secure Zone 40131314 401 Reg. Address : Plot No 6 Parv athiNagar Neredmet MedchalM alkajgiri. . Communica tionAddress : 1st Floor Jyoth i Apartments SD Road Secunde rabad", "Mineral": "Black Granite", "MineralTyp": "QL", "SurveyNumb": "176 PART,177/1,177/2,177/3 & 301", "LandType": "Patta Land", "Production": 150000, "Dispatch": 150000, "ETS": 165000, "Notice": 15000, "Reg_From": "2025-09-22", "Reg_To": "2027-09-21", "ORIG_FID": 656}, "geometry": {"type": "Point", "coordinates": [79.803132, 18.0839]}}, {"type": "Feature", "properties": {"District": "Karimnagar", "Mandal": "Odela", "Company": "M/s. Sunlight Systems Plot No. 20973 Papireddy Colony Sheri Lingampally", "Address": "M/s. Sunlight Systems Plot No. 20973 Papireddy Colony Sheri Lingampally", "Mineral": "Black Granite", "MineralTyp": "QL", "SurveyNumb": "193/A & 194/A", "LandType": "Patta Land", "Production": 150000, "Dispatch": 150000, "ETS": 165000, "Notice": 15000, "Reg_From": "2025-09-23", "Reg_To": "2026-09-22", "ORIG_FID": 657}, "geometry": {"type": "Point", "coordinates": [79.401567, 18.469927]}}, {"type": "Feature", "properties": {"District": "Karimnagar", "Mandal": "Sultanabad", "Company": "M/s. Grosure Energy Systems 1254/A Vijayapuri Colony Tarnaka Secunderabad", "Address": "M/s. Grosure Energy Systems 1254/A Vijayapuri Colony Tarnaka Secunderabad", "Mineral": "Black Granite", "MineralTyp": "QL", "SurveyNumb": "519/P & 70/P", "LandType": "Govt.Land", "Production": 150000, "Dispatch": 150000, "ETS": 165000, "Notice": 15000, "Reg_From": "2026-09-19", "Reg_To": "2027-09-18", "ORIG_FID": 658}, "geometry": {"type": "Point", "coordinates": [79.381051, 18.474953]}}, {"type": "Feature", "properties": {"District": "Warangal", "Mandal": "Mulug2", "Company": "SOLRADDIS SOLUTIONS PRIVATE LIMITED krishna dattadno.71000014t hline sunshine colonynear d ammaiguda lakedammaigudahyde rabad", "Address": "SOLRADDIS SOLUTIONS PRIVATE LIMITED krishna dattadno.71000014t hline sunshine colonynear d ammaiguda lakedammaigudahyde rabad", "Mineral": "Black Granite", "MineralTyp": "QL", "SurveyNumb": "18", "LandType": "Govt.Land", "Production": 150000, "Dispatch": 150000, "ETS": 165000, "Notice": 15000, "Reg_From": "2025-10-09", "Reg_To": "2026-10-08", "ORIG_FID": 659}, "geometry": {"type": "Point", "coordinates": [79.869377, 18.1077]}}, {"type": "Feature", "properties": {"District": "Adilabad", "Mandal": "Ichoda", "Company": "DURGA BHAVANI IRON STORE 0 0 17152/0/2 NAWABPET ROAD Ne w Gunj Mahabubnagar Mahabubn agar Telangana", "Address": "DURGA BHAVANI IRON STORE 0 0 17152/0/2 NAWABPET ROAD Ne w Gunj Mahabubnagar Mahabubn agar Telangana", "Mineral": "Black Granite", "MineralTyp": "QL", "SurveyNumb": "18", "LandType": "Govt.Land", "Production": 150000, "Dispatch": 150000, "ETS": 165000, "Notice": 15000, "Reg_From": "2025-09-24", "Reg_To": "2026-09-23", "ORIG_FID": 660}, "geometry": {"type": "Point", "coordinates": [78.433144, 19.414567]}}, {"type": "Feature", "properties": {"District": "Warangal", "Mandal": "Mulug2", "Company": "M/s. Natural Plot no. 23 Road No. 4 kanukadurgaNnagar Kuntloor Hayath Nagar Telangana.", "Address": "M/s. Natural Plot no. 23 Road No. 4 kanukadurgaNnagar Kuntloor Hayath Nagar Telangana.", "Mineral": "Black Granite", "MineralTyp": "QL", "SurveyNumb": "187, 188, 189 & 192", "LandType": "Patta Land", "Production": 150000, "Dispatch": 150000, "ETS": 165000, "Notice": 15000, "Reg_From": "2025-09-24", "Reg_To": "2026-09-23", "ORIG_FID": 661}, "geometry": {"type": "Point", "coordinates": [79.917001, 18.11167]}}, {"type": "Feature", "properties": {"District": "Warangal", "Mandal": "Mulug2", "Company": "M/s. Ayyappa Energy 13560 Sanjeevayya Colony Mancherial", "Address": "M/s. Ayyappa Energy 13560 Sanjeevayya Colony Mancherial", "Mineral": "Black Granite", "MineralTyp": "QL", "SurveyNumb": "187", "LandType": "Patta Land", "Production": 150000, "Dispatch": 150000, "ETS": 165000, "Notice": 15000, "Reg_From": "2025-09-25", "Reg_To": "2026-09-24", "ORIG_FID": 662}, "geometry": {"type": "Point", "coordinates": [79.993309, 18.124875]}}, {"type": "Feature", "properties": {"District": "Adilabad", "Mandal": "Ichoda", "Company": "M/s. Sri Sai VLine Solutions 15350/2/5 Rekurthy KarimnagarTelangana", "Address": "M/s. Sri Sai VLine Solutions 15350/2/5 Rekurthy KarimnagarTelangana", "Mineral": "Black Granite", "MineralTyp": "QL", "SurveyNumb": "190/A/2, 191/A/1", "LandType": "Patta Land", "Production": 150000, "Dispatch": 150000, "ETS": 165000, "Notice": 15000, "Reg_From": "2025-08-28", "Reg_To": "2026-08-27", "ORIG_FID": 663}, "geometry": {"type": "Point", "coordinates": [78.456961, 19.425157]}}, {"type": "Feature", "properties": {"District": "Adilabad", "Mandal": "Bazarhathnoor", "Company": "M/s. Tekas Group 435 Main Road Krishna Palce Ambedkar Nagar Sathupalli Khammam", "Address": "M/s. Tekas Group 435 Main Road Krishna Palce Ambedkar Nagar Sathupalli Khammam", "Mineral": "Black Granite", "MineralTyp": "QL", "SurveyNumb": "191194", "LandType": "Patta Land", "Production": 150000, "Dispatch": 150000, "ETS": 165000, "Notice": 15000, "Reg_From": "2025-09-26", "Reg_To": "2026-09-25", "ORIG_FID": 664}, "geometry": {"type": "Point", "coordinates": [78.387631, 19.427678]}}, {"type": "Feature", "properties": {"District": "Warangal", "Mandal": "Mulug2", "Company": "M/s. Voltix Greentech Pvt Ltd Flat No. 102 Micasa Flora Devi Homes Colony Kompally", "Address": "M/s. Voltix Greentech Pvt Ltd Flat No. 102 Micasa Flora Devi Homes Colony Kompally", "Mineral": "Black Granite", "MineralTyp": "QL", "SurveyNumb": "115/A", "LandType": "Patta Land", "Production": 150000, "Dispatch": 150000, "ETS": 165000, "Notice": 15000, "Reg_From": "2025-09-27", "Reg_To": "2026-09-26", "ORIG_FID": 665}, "geometry": {"type": "Point", "coordinates": [80.021534, 18.12817]}}, {"type": "Feature", "properties": {"District": "Warangal", "Mandal": "Govindaraopet", "Company": "M/s. Laxmi Narayana Enterprises H. No. 23549 Durshed Opp Gandhi Statue Karimnagar", "Address": "M/s. Laxmi Narayana Enterprises H. No. 23549 Durshed Opp Gandhi Statue Karimnagar", "Mineral": "Black Granite", "MineralTyp": "QL", "SurveyNumb": "2026-07-01 00:00:00", "LandType": "Govt.Land", "Production": 150000, "Dispatch": 150000, "ETS": 165000, "Notice": 15000, "Reg_From": "2025-09-27", "Reg_To": "2026-09-26", "ORIG_FID": 666}, "geometry": {"type": "Point", "coordinates": [80.20943, 18.170133]}}, {"type": "Feature", "properties": {"District": "Warangal", "Mandal": "Govindaraopet", "Company": "SRI LAKSHMI NARAYANA ENTERPRISES 0 0 87 /1407 R M N 31 Vasa vi nagar Kurnool Kurnool An dhra Pradesh", "Address": "SRI LAKSHMI NARAYANA ENTERPRISES 0 0 87 /1407 R M N 31 Vasa vi nagar Kurnool Kurnool An dhra Pradesh", "Mineral": "Black Granite", "MineralTyp": "QL", "SurveyNumb": "2026-07-01 00:00:00", "LandType": "Govt.Land", "Production": 150000, "Dispatch": 150000, "ETS": 165000, "Notice": 15000, "Reg_From": "2025-09-27", "Reg_To": "2026-09-26", "ORIG_FID": 667}, "geometry": {"type": "Point", "coordinates": [80.179714, 18.199408]}}, {"type": "Feature", "properties": {"District": "Adilabad", "Mandal": "Ichoda", "Company": "AVYESH PRIVATE LIMITED 0 0 23/39/1/502 Sri Rama Chandra Arcade Co Operative Bank Col ony Rangareddy Te langana", "Address": "AVYESH PRIVATE LIMITED 0 0 23/39/1/502 Sri Rama Chandra Arcade Co Operative Bank Col ony Rangareddy Te langana", "Mineral": "Black Granite", "MineralTyp": "QL", "SurveyNumb": "2026-07-01 00:00:00", "LandType": "Govt.Land", "Production": 150000, "Dispatch": 150000, "ETS": 165000, "Notice": 15000, "Reg_From": "2025-09-30", "Reg_To": "2027-09-29", "ORIG_FID": 668}, "geometry": {"type": "Point", "coordinates": [78.4962, 19.462345]}}, {"type": "Feature", "properties": {"District": "Warangal", "Mandal": "Tadvai", "Company": "M/s. Viraj 801 Block A Nizampet Road Sun Vision Eye Care and Opticals Nizampet Medchal Malkajgiri", "Address": "M/s. Viraj 801 Block A Nizampet Road Sun Vision Eye Care and Opticals Nizampet Medchal Malkajgiri", "Mineral": "Black Granite", "MineralTyp": "QL", "SurveyNumb": "134/P,168/P", "LandType": "Govt.Land", "Production": 150000, "Dispatch": 150000, "ETS": 165000, "Notice": 15000, "Reg_From": "2025-09-30", "Reg_To": "2026-09-29", "ORIG_FID": 669}, "geometry": {"type": "Point", "coordinates": [80.372806, 18.169814]}}, {"type": "Feature", "properties": {"District": "Warangal", "Mandal": "Tadvai", "Company": "M/s. Balaji Traders H.No. 113 Rajeev Chowrastha Palakurthy Jangaon Dist", "Address": "M/s. Balaji Traders H.No. 113 Rajeev Chowrastha Palakurthy Jangaon Dist", "Mineral": "Black Granite", "MineralTyp": "QL", "SurveyNumb": "152 & 182", "LandType": "Patta Land", "Production": 150000, "Dispatch": 150000, "ETS": 165000, "Notice": 15000, "Reg_From": "2025-09-30", "Reg_To": "2026-09-29", "ORIG_FID": 670}, "geometry": {"type": "Point", "coordinates": [80.289468, 18.211339]}}, {"type": "Feature", "properties": {"District": "Warangal", "Mandal": "Tadvai", "Company": "is Electrical Services Private Limited 3rd floorH.No. 2136/83/301 UMCC Hospital Backsideis House Gajularamaram Quthub ullapur", "Address": "is Electrical Services Private Limited 3rd floorH.No. 2136/83/301 UMCC Hospital Backsideis House Gajularamaram Quthub ullapur", "Mineral": "Black Granite", "MineralTyp": "QL", "SurveyNumb": "200/A, 201/A, 202/A & 203/B", "LandType": "Patta Land", "Production": 150000, "Dispatch": 150000, "ETS": 165000, "Notice": 15000, "Reg_From": "2025-09-25", "Reg_To": "2026-09-24", "ORIG_FID": 671}, "geometry": {"type": "Point", "coordinates": [80.32398, 18.213816]}}, {"type": "Feature", "properties": {"District": "Warangal", "Mandal": "Mulug2", "Company": "M/s. VIRAJ Energies 335/2 Rajapuram Palwancha Bhadradri Kothagudem", "Address": "M/s. VIRAJ Energies 335/2 Rajapuram Palwancha Bhadradri Kothagudem", "Mineral": "Black Granite", "MineralTyp": "QL", "SurveyNumb": "203, 204 & 205", "LandType": "Patta Land", "Production": 150000, "Dispatch": 150000, "ETS": 165000, "Notice": 15000, "Reg_From": "2025-10-01", "Reg_To": "2026-09-03", "ORIG_FID": 672}, "geometry": {"type": "Point", "coordinates": [79.978563, 18.183614]}}, {"type": "Feature", "properties": {"District": "Adilabad", "Mandal": "Bazarhathnoor", "Company": "M/s. Viron Private Limited Door No. 51 Shiva Ganga Colony LB Nagar .", "Address": "M/s. Viron Private Limited Door No. 51 Shiva Ganga Colony LB Nagar .", "Mineral": "Black Granite", "MineralTyp": "QL", "SurveyNumb": "133", "LandType": "Patta Land", "Production": 150000, "Dispatch": 150000, "ETS": 165000, "Notice": 15000, "Reg_From": "2025-10-06", "Reg_To": "2026-10-05", "ORIG_FID": 673}, "geometry": {"type": "Point", "coordinates": [78.46997, 19.495512]}}, {"type": "Feature", "properties": {"District": "Adilabad", "Mandal": "Bazarhathnoor", "Company": "M/s. Kranthi Marketing H.No. 10117 Mamillagudem Khammam.", "Address": "M/s. Kranthi Marketing H.No. 10117 Mamillagudem Khammam.", "Mineral": "Black Granite", "MineralTyp": "QL", "SurveyNumb": "134", "LandType": "Govt.Land", "Production": 150000, "Dispatch": 150000, "ETS": 165000, "Notice": 15000, "Reg_From": "2025-10-07", "Reg_To": "2026-10-06", "ORIG_FID": 674}, "geometry": {"type": "Point", "coordinates": [78.429458, 19.499171]}}, {"type": "Feature", "properties": {"District": "Warangal", "Mandal": "Govindaraopet", "Company": "GERMAN 0 0 plot no DIII Road Number 2 Jeedimetla Medchal Malkajgiri Telangana", "Address": "GERMAN 0 0 plot no DIII Road Number 2 Jeedimetla Medchal Malkajgiri Telangana", "Mineral": "Black Granite", "MineralTyp": "QL", "SurveyNumb": "225/1", "LandType": "Patta Land", "Production": 150000, "Dispatch": 150000, "ETS": 165000, "Notice": 15000, "Reg_From": "2025-10-08", "Reg_To": "2026-10-07", "ORIG_FID": 675}, "geometry": {"type": "Point", "coordinates": [80.175352, 18.240774]}}, {"type": "Feature", "properties": {"District": "Adilabad", "Mandal": "Gudihathnoor", "Company": "Maanvi Projects Flat no 102 GKNS Karuna Encla ve Plot no 1983 & 1984 Praga tinagar MedchalMalkajgiri T elangana", "Address": "Maanvi Projects Flat no 102 GKNS Karuna Encla ve Plot no 1983 & 1984 Praga tinagar MedchalMalkajgiri T elangana", "Mineral": "Black Granite", "MineralTyp": "QL", "SurveyNumb": "307/2 & 308/2", "LandType": "Patta Land", "Production": 150000, "Dispatch": 150000, "ETS": 165000, "Notice": 15000, "Reg_From": "2025-10-08", "Reg_To": "2026-10-07", "ORIG_FID": 676}, "geometry": {"type": "Point", "coordinates": [78.47423, 19.517383]}}, {"type": "Feature", "properties": {"District": "Warangal", "Mandal": "Govindaraopet", "Company": "M/s. The Sky Enterprises H.No. 14346 Road No.5 Jayanagar Colony Khammam", "Address": "M/s. The Sky Enterprises H.No. 14346 Road No.5 Jayanagar Colony Khammam", "Mineral": "Black Granite", "MineralTyp": "QL", "SurveyNumb": "226 & 227", "LandType": "Patta Land", "Production": 150000, "Dispatch": 150000, "ETS": 165000, "Notice": 15000, "Reg_From": "2025-10-19", "Reg_To": "2026-10-18", "ORIG_FID": 677}, "geometry": {"type": "Point", "coordinates": [80.176594, 18.258117]}}, {"type": "Feature", "properties": {"District": "Warangal", "Mandal": "Mangapet", "Company": "LEAD 0 0 GROUND FLOOR No.5759 SHOP N O.1 New Maruti Nagar Road NO .3 OPP VEDITH HOMES Kothapet Telang ana", "Address": "LEAD 0 0 GROUND FLOOR No.5759 SHOP N O.1 New Maruti Nagar Road NO .3 OPP VEDITH HOMES Kothapet Telang ana", "Mineral": "Black Granite", "MineralTyp": "QL", "SurveyNumb": "264/1,264/2,261,262,263 AND 225/120", "LandType": "Patta Land", "Production": 150000, "Dispatch": 150000, "ETS": 165000, "Notice": 15000, "Reg_From": "2025-10-18", "Reg_To": "2027-10-17", "ORIG_FID": 678}, "geometry": {"type": "Point", "coordinates": [80.550865, 18.219952]}}, {"type": "Feature", "properties": {"District": "Warangal", "Mandal": "Tadvai", "Company": "GREENERA PROJECTS PRIVATE LIMITED 209 2ND FLOOR ASIAN SUN CITY NEAR DURGA MATHA TEMPLE KOTHAGUDA KONDAPUR RANGAREDD Y DIST TELANGANA", "Address": "GREENERA PROJECTS PRIVATE LIMITED 209 2ND FLOOR ASIAN SUN CITY NEAR DURGA MATHA TEMPLE KOTHAGUDA KONDAPUR RANGAREDD Y DIST TELANGANA", "Mineral": "Black Granite", "MineralTyp": "QL", "SurveyNumb": "304,305,307/2 & 308/2", "LandType": "Govt.Land", "Production": 150000, "Dispatch": 150000, "ETS": 165000, "Notice": 15000, "Reg_From": "2025-10-09", "Reg_To": "2027-10-08", "ORIG_FID": 679}, "geometry": {"type": "Point", "coordinates": [80.270478, 18.26125]}}, {"type": "Feature", "properties": {"District": "Adilabad", "Mandal": "Bazarhathnoor", "Company": "M/s. Kakatiya Innovative Solutions Private Limited 22647/38 Central Excise colony Shivam Road", "Address": "M/s. Kakatiya Innovative Solutions Private Limited 22647/38 Central Excise colony Shivam Road", "Mineral": "Black Granite", "MineralTyp": "QL", "SurveyNumb": "306 & 326", "LandType": "Patta Land", "Production": 150000, "Dispatch": 150000, "ETS": 165000, "Notice": 15000, "Reg_From": "2025-10-07", "Reg_To": "2027-10-06", "ORIG_FID": 680}, "geometry": {"type": "Point", "coordinates": [78.44418, 19.521049]}}, {"type": "Feature", "properties": {"District": "Warangal", "Mandal": "Tadvai", "Company": "VISHNUKA PRIVATE LIMITED 23547465 Niharika Jubilee One Road No. 1 Jubilee Hills Hyderab ad TELANGANA", "Address": "VISHNUKA PRIVATE LIMITED 23547465 Niharika Jubilee One Road No. 1 Jubilee Hills Hyderab ad TELANGANA", "Mineral": "Black Granite", "MineralTyp": "QL", "SurveyNumb": "326/2/1 , 337 AND 340", "LandType": "Patta Land", "Production": 150000, "Dispatch": 150000, "ETS": 165000, "Notice": 15000, "Reg_From": "2025-10-14", "Reg_To": "2027-10-13", "ORIG_FID": 681}, "geometry": {"type": "Point", "coordinates": [80.280274, 18.293471]}}, {"type": "Feature", "properties": {"District": "Warangal", "Mandal": "Regonda", "Company": "M/s. Sun shine Solutions Ground Floor Plot No. B12 Sanvi Crescent Surya Nagar Bagh Hayathnagar Rangareddy \u2013 .", "Address": "M/s. Sun shine Solutions Ground Floor Plot No. B12 Sanvi Crescent Surya Nagar Bagh Hayathnagar Rangareddy \u2013 .", "Mineral": "Black Granite", "MineralTyp": "QL", "SurveyNumb": "340", "LandType": "Patta Land", "Production": 150000, "Dispatch": 150000, "ETS": 165000, "Notice": 15000, "Reg_From": "2025-10-15", "Reg_To": "2027-10-14", "ORIG_FID": 682}, "geometry": {"type": "Point", "coordinates": [79.733362, 18.257988]}}, {"type": "Feature", "properties": {"District": "Warangal", "Mandal": "Tadvai", "Company": "M/s. Save 153YSR/2229/A/2 Tekulapalli Khammam", "Address": "M/s. Save 153YSR/2229/A/2 Tekulapalli Khammam", "Mineral": "Black Granite", "MineralTyp": "QL", "SurveyNumb": "202", "LandType": "Govt.Land", "Production": 150000, "Dispatch": 150000, "ETS": 165000, "Notice": 15000, "Reg_From": "2025-10-16", "Reg_To": "2026-10-15", "ORIG_FID": 683}, "geometry": {"type": "Point", "coordinates": [80.186892, 18.309667]}}, {"type": "Feature", "properties": {"District": "Warangal", "Mandal": "Tadvai", "Company": "M/s. Abhi Solutions H. No. 469/46/3/A Manikeshwari Nagar Road No.6 Thegalaguttapalli Karimnagar \u2013 .", "Address": "M/s. Abhi Solutions H. No. 469/46/3/A Manikeshwari Nagar Road No.6 Thegalaguttapalli Karimnagar \u2013 .", "Mineral": "Black Granite", "MineralTyp": "QL", "SurveyNumb": "168", "LandType": "Patta Land", "Production": 150000, "Dispatch": 150000, "ETS": 165000, "Notice": 15000, "Reg_From": "2025-10-16", "Reg_To": "2027-10-15", "ORIG_FID": 684}, "geometry": {"type": "Point", "coordinates": [80.256496, 18.310105]}}, {"type": "Feature", "properties": {"District": "Warangal", "Mandal": "Mogullapalle", "Company": "M/s. Truvoltz Green Energies Private Limited 53/3/17 Anjaiah Enclave Nearby Landmark: Near SR JR College Boduppal Medchal Malkajgiri.", "Address": "M/s. Truvoltz Green Energies Private Limited 53/3/17 Anjaiah Enclave Nearby Landmark: Near SR JR College Boduppal Medchal Malkajgiri.", "Mineral": "Black Granite", "MineralTyp": "QL", "SurveyNumb": "307,308,309,311 & 312", "LandType": "Govt.Land", "Production": 150000, "Dispatch": 150000, "ETS": 165000, "Notice": 15000, "Reg_From": "2025-10-16", "Reg_To": "2026-10-15", "ORIG_FID": 685}, "geometry": {"type": "Point", "coordinates": [79.57315, 18.272132]}}, {"type": "Feature", "properties": {"District": "Warangal", "Mandal": "Tadvai", "Company": "AKTUELL S PRIVATE LIMITED 0 0 H.No.51/d/44 Plot No.44 Def ence Colony Near Laxmi Vihar Serilingampally Nallagandla Rangareddy Telan gana", "Address": "AKTUELL S PRIVATE LIMITED 0 0 H.No.51/d/44 Plot No.44 Def ence Colony Near Laxmi Vihar Serilingampally Nallagandla Rangareddy Telan gana", "Mineral": "Black Granite", "MineralTyp": "QL", "SurveyNumb": "523/A1 & 523/A2", "LandType": "Patta Land", "Production": 150000, "Dispatch": 150000, "ETS": 165000, "Notice": 15000, "Reg_From": "2025-10-18", "Reg_To": "2026-10-17", "ORIG_FID": 686}, "geometry": {"type": "Point", "coordinates": [80.202321, 18.315211]}}, {"type": "Feature", "properties": {"District": "Warangal", "Mandal": "Regonda", "Company": "M/s. Sun Nextgen H. No. 1108/3/P92/4 OM Ganesh Nagar Turkayamjal", "Address": "M/s. Sun Nextgen H. No. 1108/3/P92/4 OM Ganesh Nagar Turkayamjal", "Mineral": "Black Granite", "MineralTyp": "QL", "SurveyNumb": "306/B &318/B", "LandType": "Patta Land", "Production": 150000, "Dispatch": 150000, "ETS": 165000, "Notice": 15000, "Reg_From": "2025-10-18", "Reg_To": "2026-10-17", "ORIG_FID": 687}, "geometry": {"type": "Point", "coordinates": [79.759475, 18.306492]}}, {"type": "Feature", "properties": {"District": "Warangal", "Mandal": "Tadvai", "Company": "M/s. NN Distributors and Marketing D. No. MIGH \u2013 70 Asif Nagar Mehidipatnam \u2013 .", "Address": "M/s. NN Distributors and Marketing D. No. MIGH \u2013 70 Asif Nagar Mehidipatnam \u2013 .", "Mineral": "Black Granite", "MineralTyp": "QL", "SurveyNumb": "303 to 309", "LandType": "Patta Land", "Production": 150000, "Dispatch": 150000, "ETS": 165000, "Notice": 15000, "Reg_From": "2025-10-23", "Reg_To": "2026-10-22", "ORIG_FID": 688}, "geometry": {"type": "Point", "coordinates": [80.253424, 18.343626]}}, {"type": "Feature", "properties": {"District": "Warangal", "Mandal": "Venkatapur", "Company": "M/s. CRR Constructions 158PR0009 Prashanthi Nagar Khanapuram Haveli Khammam \u2013 .", "Address": "M/s. CRR Constructions 158PR0009 Prashanthi Nagar Khanapuram Haveli Khammam \u2013 .", "Mineral": "Black Granite", "MineralTyp": "QL", "SurveyNumb": "223 & 224", "LandType": "Govt.Land", "Production": 150000, "Dispatch": 150000, "ETS": 165000, "Notice": 15000, "Reg_From": "2025-10-24", "Reg_To": "2026-10-23", "ORIG_FID": 689}, "geometry": {"type": "Point", "coordinates": [79.982344, 18.31638]}}, {"type": "Feature", "properties": {"District": "Warangal", "Mandal": "Chityal", "Company": "M/s. Svanik Enterprises FlatG2 DSP Homes Beside 1st Phase Colony HB Colony Moulali", "Address": "M/s. Svanik Enterprises FlatG2 DSP Homes Beside 1st Phase Colony HB Colony Moulali", "Mineral": "Black Granite", "MineralTyp": "QL", "SurveyNumb": "Compt.No:1148 (Sy.No\u2019s.202 & 204/1)", "LandType": "Forest Land", "Production": 150000, "Dispatch": 150000, "ETS": 165000, "Notice": 15000, "Reg_From": "2025-10-24", "Reg_To": "2026-10-23", "ORIG_FID": 690}, "geometry": {"type": "Point", "coordinates": [79.728636, 18.324439]}}, {"type": "Feature", "properties": {"District": "Warangal", "Mandal": "Regonda", "Company": "M/s. RS Solutions Dr.No. 37645/A Vavilalapally Karimnagar \u2013 .", "Address": "M/s. RS Solutions Dr.No. 37645/A Vavilalapally Karimnagar \u2013 .", "Mineral": "Black Granite", "MineralTyp": "QL", "SurveyNumb": "258, 260 & 261", "LandType": "Patta Land", "Production": 150000, "Dispatch": 150000, "ETS": 165000, "Notice": 15000, "Reg_From": "2025-10-24", "Reg_To": "2026-10-23", "ORIG_FID": 691}, "geometry": {"type": "Point", "coordinates": [79.776233, 18.337168]}}, {"type": "Feature", "properties": {"District": "Warangal", "Mandal": "Ghanpur (Mulug)", "Company": "SUN EDGE AND INFRA 0 0 4 17210/B2 / FLAT NO 404 B AVANI PLAZA KAMALA NAGAR OPP ECIL BUS STOP ECIL Hyderaba d Medchal Malkajgiri Telanga na", "Address": "SUN EDGE AND INFRA 0 0 4 17210/B2 / FLAT NO 404 B AVANI PLAZA KAMALA NAGAR OPP ECIL BUS STOP ECIL Hyderaba d Medchal Malkajgiri Telanga na", "Mineral": "Black Granite", "MineralTyp": "QL", "SurveyNumb": "296/1, 296/111,112,118,119,120 & 399/80", "LandType": "Patta Land", "Production": 150000, "Dispatch": 150000, "ETS": 165000, "Notice": 15000, "Reg_From": "2025-10-23", "Reg_To": "2026-10-22", "ORIG_FID": 692}, "geometry": {"type": "Point", "coordinates": [79.889557, 18.341539]}}, {"type": "Feature", "properties": {"District": "Warangal", "Mandal": "Mogullapalle", "Company": "M/s. Rudra Enterprises 42316/1402 Indiramma Colony NTPC Ramagundam Peddapalli", "Address": "M/s. Rudra Enterprises 42316/1402 Indiramma Colony NTPC Ramagundam Peddapalli", "Mineral": "Black Granite", "MineralTyp": "QL", "SurveyNumb": "102/1", "LandType": "Govt.Land", "Production": 150000, "Dispatch": 150000, "ETS": 165000, "Notice": 15000, "Reg_From": "2025-10-27", "Reg_To": "2026-10-26", "ORIG_FID": 693}, "geometry": {"type": "Point", "coordinates": [79.609661, 18.349369]}}, {"type": "Feature", "properties": {"District": "Warangal", "Mandal": "Venkatapur", "Company": "ECOLIGHT SOLUTIONS 687/1PJR Stadium LaneOPP SARASWATHI VIDYA MANDIR Chanda Nagar RangareddyTelangana", "Address": "ECOLIGHT SOLUTIONS 687/1PJR Stadium LaneOPP SARASWATHI VIDYA MANDIR Chanda Nagar RangareddyTelangana", "Mineral": "Black Granite", "MineralTyp": "QL", "SurveyNumb": "258, 260 & 261", "LandType": "Patta Land", "Production": 150000, "Dispatch": 150000, "ETS": 165000, "Notice": 15000, "Reg_From": "2025-10-18", "Reg_To": "2026-10-17", "ORIG_FID": 694}, "geometry": {"type": "Point", "coordinates": [79.959286, 18.354658]}}, {"type": "Feature", "properties": {"District": "Warangal", "Mandal": "Mogullapalle", "Company": "M/s. Ekaveni India Private Limited Falt No. G2 BlockA NRS Resdiency Plot No. 179(P) Kondapur Serilingampally K.V. Rangareddy. .", "Address": "M/s. Ekaveni India Private Limited Falt No. G2 BlockA NRS Resdiency Plot No. 179(P) Kondapur Serilingampally K.V. Rangareddy. .", "Mineral": "Black Granite", "MineralTyp": "QL", "SurveyNumb": "265, 266, 272, 276, 277 & 280", "LandType": "Patta Land", "Production": 150000, "Dispatch": 150000, "ETS": 165000, "Notice": 15000, "Reg_From": "2025-10-25", "Reg_To": "2026-10-24", "ORIG_FID": 695}, "geometry": {"type": "Point", "coordinates": [79.594926, 18.35294]}}, {"type": "Feature", "properties": {"District": "Warangal", "Mandal": "Venkatapur", "Company": "M/s. SP Solutions 1288/30/A/1 Inner Bypass Road Deepti School of Nursing Rallapeta Mancherial Telangana .", "Address": "M/s. SP Solutions 1288/30/A/1 Inner Bypass Road Deepti School of Nursing Rallapeta Mancherial Telangana .", "Mineral": "Black Granite", "MineralTyp": "QL", "SurveyNumb": "152", "LandType": "Govt.Land", "Production": 150000, "Dispatch": 150000, "ETS": 165000, "Notice": 15000, "Reg_From": "2025-10-29", "Reg_To": "2026-10-28", "ORIG_FID": 696}, "geometry": {"type": "Point", "coordinates": [79.937847, 18.359882]}}, {"type": "Feature", "properties": {"District": "Warangal", "Mandal": "Chityal", "Company": "Suryachi Energy Private Limited 00 Ground Floor 311/3/512/1/15 Bhagya Nagar Road near Union S chool beside Hanuman Temple M ahalaxmiwada Adilabad Telangan a", "Address": "Suryachi Energy Private Limited 00 Ground Floor 311/3/512/1/15 Bhagya Nagar Road near Union S chool beside Hanuman Temple M ahalaxmiwada Adilabad Telangan a", "Mineral": "Black Granite", "MineralTyp": "QL", "SurveyNumb": "399/99,100,102,103 & 104", "LandType": "Govt.Land", "Production": 150000, "Dispatch": 150000, "ETS": 165000, "Notice": 15000, "Reg_From": "2025-10-31", "Reg_To": "2027-10-30", "ORIG_FID": 697}, "geometry": {"type": "Point", "coordinates": [79.756859, 18.368694]}}, {"type": "Feature", "properties": {"District": "Warangal", "Mandal": "Venkatapur", "Company": "M/s. Bharat Green Energy Door No. 4299/5 Wanaparthy Pebbair Road Sai Nagar Colony Wanaparthy \u2013 .", "Address": "M/s. Bharat Green Energy Door No. 4299/5 Wanaparthy Pebbair Road Sai Nagar Colony Wanaparthy \u2013 .", "Mineral": "Black Granite", "MineralTyp": "QL", "SurveyNumb": "97/1", "LandType": "Govt.Land", "Production": 150000, "Dispatch": 150000, "ETS": 165000, "Notice": 15000, "Reg_From": "2025-10-31", "Reg_To": "2026-10-30", "ORIG_FID": 698}, "geometry": {"type": "Point", "coordinates": [79.916891, 18.371308]}}, {"type": "Feature", "properties": {"District": "Warangal", "Mandal": "Ghanpur (Mulug)", "Company": "BIG G SOLUTIONS Plot No.68/P Sy No.540 Madha varam Estate Kukatpally Medc hal Malkajagiri 50 0072.", "Address": "BIG G SOLUTIONS Plot No.68/P Sy No.540 Madha varam Estate Kukatpally Medc hal Malkajagiri 50 0072.", "Mineral": "Black Granite", "MineralTyp": "QL", "SurveyNumb": "94", "LandType": "Govt.Land", "Production": 150000, "Dispatch": 150000, "ETS": 165000, "Notice": 15000, "Reg_From": "2025-10-31", "Reg_To": "2027-10-30", "ORIG_FID": 699}, "geometry": {"type": "Point", "coordinates": [79.847211, 18.378429]}}, {"type": "Feature", "properties": {"District": "Warangal", "Mandal": "Chityal", "Company": "Econelssol Energy Private Limited NA 5th Floor Block B Jyothi Gra nules Kondapur Te langana", "Address": "Econelssol Energy Private Limited NA 5th Floor Block B Jyothi Gra nules Kondapur Te langana", "Mineral": "Black Granite", "MineralTyp": "QL", "SurveyNumb": "94/1 and 429", "LandType": "Govt.Land", "Production": 150000, "Dispatch": 150000, "ETS": 165000, "Notice": 15000, "Reg_From": "2025-11-03", "Reg_To": "2027-11-02", "ORIG_FID": 700}, "geometry": {"type": "Point", "coordinates": [79.594856, 18.393222]}}, {"type": "Feature", "properties": {"District": "Warangal", "Mandal": "Bhupalpalle", "Company": "FOURP ENERGIES PRIVATE LIMITED 0 0 1213197 Flat No. 309 Pavan i Housing Towers St 12 Tarn aka Tel angana", "Address": "FOURP ENERGIES PRIVATE LIMITED 0 0 1213197 Flat No. 309 Pavan i Housing Towers St 12 Tarn aka Tel angana", "Mineral": "Black Granite", "MineralTyp": "QL", "SurveyNumb": "194/1", "LandType": "Govt.Land", "Production": 150000, "Dispatch": 150000, "ETS": 165000, "Notice": 15000, "Reg_From": "2025-11-06", "Reg_To": "2026-11-05", "ORIG_FID": 701}, "geometry": {"type": "Point", "coordinates": [79.770673, 18.411272]}}, {"type": "Feature", "properties": {"District": "Warangal", "Mandal": "Bhupalpalle", "Company": "M/s. Meher Door No:129HA0004 Happy Homes Kesharajupally Nalgonda Telangana", "Address": "M/s. Meher Door No:129HA0004 Happy Homes Kesharajupally Nalgonda Telangana", "Mineral": "Black Granite", "MineralTyp": "QL", "SurveyNumb": "194/1", "LandType": "Govt.Land", "Production": 150000, "Dispatch": 150000, "ETS": 165000, "Notice": 15000, "Reg_From": "2025-11-06", "Reg_To": "2026-11-05", "ORIG_FID": 702}, "geometry": {"type": "Point", "coordinates": [79.830899, 18.449073]}}, {"type": "Feature", "properties": {"District": "Warangal", "Mandal": "Bhupalpalle", "Company": "AXIWATT GREENTECHNO PRIVATE LIMITED Plot no.102 103Sri Krishna V ihar Road/Street: Temple Lane Mythri Nagar Phase2 Serilli ngampally City: Di strict: Rangareddy State: Tel angana PIN Code:", "Address": "AXIWATT GREENTECHNO PRIVATE LIMITED Plot no.102 103Sri Krishna V ihar Road/Street: Temple Lane Mythri Nagar Phase2 Serilli ngampally City: Di strict: Rangareddy State: Tel angana PIN Code:", "Mineral": "Black Granite", "MineralTyp": "QL", "SurveyNumb": "194/1", "LandType": "Govt.Land", "Production": 300000, "Dispatch": 300000, "ETS": 450000, "Notice": 150000, "Reg_From": "2025-10-31", "Reg_To": "2027-10-30", "ORIG_FID": 703}, "geometry": {"type": "Point", "coordinates": [80.040003, 18.453126]}}, {"type": "Feature", "properties": {"District": "Warangal", "Mandal": "Bhupalpalle", "Company": "RAVION GREEN TECH SOLUTIONS NA NA H NO. 9 5/7/2106 BLOCK NO. 7 FLAT NO. 2106 MY HOME AVA TAR PUPPALAGUDA NARSINGI N ARSINGI GANDIPETRANGAREDDY", "Address": "RAVION GREEN TECH SOLUTIONS NA NA H NO. 9 5/7/2106 BLOCK NO. 7 FLAT NO. 2106 MY HOME AVA TAR PUPPALAGUDA NARSINGI N ARSINGI GANDIPETRANGAREDDY", "Mineral": "Black Granite", "MineralTyp": "QL", "SurveyNumb": "326/P", "LandType": "Govt.Land", "Production": 300000, "Dispatch": 300000, "ETS": 450000, "Notice": 150000, "Reg_From": "2025-10-07", "Reg_To": "2026-10-06", "ORIG_FID": 704}, "geometry": {"type": "Point", "coordinates": [79.922207, 18.458818]}}, {"type": "Feature", "properties": {"District": "Karimnagar", "Mandal": "Gangadhara", "Company": "A K GREEN ENERGY Flat No. B2 Laxmi Mansion U managar New Bowenpally Secun derabad", "Address": "A K GREEN ENERGY Flat No. B2 Laxmi Mansion U managar New Bowenpally Secun derabad", "Mineral": "Black Granite", "MineralTyp": "QL", "SurveyNumb": "157, 201", "LandType": "Govt.Land", "Production": 300000, "Dispatch": 300000, "ETS": 450000, "Notice": 150000, "Reg_From": "2025-11-07", "Reg_To": "2026-11-06", "ORIG_FID": 705}, "geometry": {"type": "Point", "coordinates": [78.989261, 18.591839]}}, {"type": "Feature", "properties": {"District": "Rangareddy", "Mandal": "Gandeed", "Company": "LAKSHMI ENTERPRISES NA SY NO.314B THIRUMALA BINNY RI CEMILLTHIMMAPUR X ROADTHIMMA PURMAMNOORWARANGAL RURAL TE LANGANA", "Address": "LAKSHMI ENTERPRISES NA SY NO.314B THIRUMALA BINNY RI CEMILLTHIMMAPUR X ROADTHIMMA PURMAMNOORWARANGAL RURAL TE LANGANA", "Mineral": "Black Granite", "MineralTyp": "QL", "SurveyNumb": "135/A and 136/C", "LandType": "Patta Land", "Production": 300000, "Dispatch": 300000, "ETS": 450000, "Notice": 150000, "Reg_From": "2025-11-09", "Reg_To": "2027-11-08", "ORIG_FID": 706}, "geometry": {"type": "Point", "coordinates": [77.913768, 16.886884]}}, {"type": "Feature", "properties": {"District": "Rangareddy", "Mandal": "Gandeed", "Company": "PERPETUAL RENEWABLE ENERGIES PRIVATE LIMITED 0 0 358 S R Chambers Main Road Ramachandrapuram Sangareddy Telangana", "Address": "PERPETUAL RENEWABLE ENERGIES PRIVATE LIMITED 0 0 358 S R Chambers Main Road Ramachandrapuram Sangareddy Telangana", "Mineral": "Black Granite", "MineralTyp": "QL", "SurveyNumb": "209/A1", "LandType": "Patta Land", "Production": 300000, "Dispatch": 300000, "ETS": 450000, "Notice": 150000, "Reg_From": "2025-11-10", "Reg_To": "2027-11-09", "ORIG_FID": 707}, "geometry": {"type": "Point", "coordinates": [77.752997, 16.897636]}}, {"type": "Feature", "properties": {"District": "Rangareddy", "Mandal": "Gandeed", "Company": "M/s. Brightroof LLP Flat No. 6014 BBlock Luxor Apartments Kondapur .", "Address": "M/s. Brightroof LLP Flat No. 6014 BBlock Luxor Apartments Kondapur .", "Mineral": "Black Granite", "MineralTyp": "QL", "SurveyNumb": "110", "LandType": "Govt.Land", "Production": 300000, "Dispatch": 300000, "ETS": 450000, "Notice": 150000, "Reg_From": "2025-11-12", "Reg_To": "2027-11-11", "ORIG_FID": 708}, "geometry": {"type": "Point", "coordinates": [77.810312, 16.957344]}}, {"type": "Feature", "properties": {"District": "Rangareddy", "Mandal": "Gandeed", "Company": "M/s. Chinmayee Associates Pvt Ltd H. No. 11075/1/1 to 6 Flat No. 505 Saptagiri Begumpet \u2013 .", "Address": "M/s. Chinmayee Associates Pvt Ltd H. No. 11075/1/1 to 6 Flat No. 505 Saptagiri Begumpet \u2013 .", "Mineral": "Black Granite", "MineralTyp": "QL", "SurveyNumb": "201", "LandType": "Patta Land", "Production": 300000, "Dispatch": 300000, "ETS": 450000, "Notice": 150000, "Reg_From": "2025-11-13", "Reg_To": "2026-11-12", "ORIG_FID": 709}, "geometry": {"type": "Point", "coordinates": [77.775195, 16.973055]}}, {"type": "Feature", "properties": {"District": "Rangareddy", "Mandal": "Yacharam", "Company": "M/s. Mahasurya Energies Private Limited 19215/7 back of pendigirini Ramnagar Mancherial Telangana", "Address": "M/s. Mahasurya Energies Private Limited 19215/7 back of pendigirini Ramnagar Mancherial Telangana", "Mineral": "Black Granite", "MineralTyp": "QL", "SurveyNumb": "201/A, 202/A & 202/B", "LandType": "Patta Land", "Production": 300000, "Dispatch": 300000, "ETS": 450000, "Notice": 150000, "Reg_From": "2025-11-13", "Reg_To": "2027-11-12", "ORIG_FID": 710}, "geometry": {"type": "Point", "coordinates": [78.703779, 17.006978]}}, {"type": "Feature", "properties": {"District": "Rangareddy", "Mandal": "Kulkacharla", "Company": "SHARP ELECTRONICS 0 SHOP NO 71 MAIN ROAD COTTON YARD BHAINSA NIRMAL TELANGA NA504103 NO", "Address": "SHARP ELECTRONICS 0 SHOP NO 71 MAIN ROAD COTTON YARD BHAINSA NIRMAL TELANGA NA504103 NO", "Mineral": "Black Granite", "MineralTyp": "QL", "SurveyNumb": "19/1", "LandType": "Govt.Land", "Production": 300000, "Dispatch": 300000, "ETS": 450000, "Notice": 150000, "Reg_From": "2025-11-14", "Reg_To": "2027-11-13", "ORIG_FID": 711}, "geometry": {"type": "Point", "coordinates": [77.87693, 17.003087]}}, {"type": "Feature", "properties": {"District": "Rangareddy", "Mandal": "Yacharam", "Company": "M/s. Sundeep Energy 81355 Kranti Nagar Gollaguda Nalgonda", "Address": "M/s. Sundeep Energy 81355 Kranti Nagar Gollaguda Nalgonda", "Mineral": "Black Granite", "MineralTyp": "QL", "SurveyNumb": "133/P, 134, 136/P & 177/P", "LandType": "Govt.Land", "Production": 300000, "Dispatch": 300000, "ETS": 450000, "Notice": 150000, "Reg_From": "2025-11-18", "Reg_To": "2027-11-17", "ORIG_FID": 712}, "geometry": {"type": "Point", "coordinates": [78.668675, 17.015452]}}, {"type": "Feature", "properties": {"District": "Rangareddy", "Mandal": "Yacharam", "Company": "M/s. Binginapalli Infra Pvt Ltd D. No. 4626/4&5/301 3rd Floor G & G trade Centre Near Pillar No. 135 Attapur .", "Address": "M/s. Binginapalli Infra Pvt Ltd D. No. 4626/4&5/301 3rd Floor G & G trade Centre Near Pillar No. 135 Attapur .", "Mineral": "Black Granite", "MineralTyp": "QL", "SurveyNumb": "519/1", "LandType": "Govt.Land", "Production": 300000, "Dispatch": 300000, "ETS": 450000, "Notice": 150000, "Reg_From": "2025-11-18", "Reg_To": "2027-11-17", "ORIG_FID": 713}, "geometry": {"type": "Point", "coordinates": [78.650892, 17.026298]}}, {"type": "Feature", "properties": {"District": "Rangareddy", "Mandal": "Doma", "Company": "M/s. Mithra Constructions & Interiors H No. 161 Dream Homes Colony Muthvelliguda Ghatkesar Medchal \u2013 Malkajgiri", "Address": "M/s. Mithra Constructions & Interiors H No. 161 Dream Homes Colony Muthvelliguda Ghatkesar Medchal \u2013 Malkajgiri", "Mineral": "Black Granite", "MineralTyp": "QL", "SurveyNumb": "70/1B", "LandType": "Patta Land", "Production": 300000, "Dispatch": 300000, "ETS": 450000, "Notice": 150000, "Reg_From": "2025-10-10", "Reg_To": "2027-10-09", "ORIG_FID": 714}, "geometry": {"type": "Point", "coordinates": [77.798309, 17.025173]}}, {"type": "Feature", "properties": {"District": "Rangareddy", "Mandal": "Kandukur2", "Company": "M/s. Nxgyudha Marketing Pvt Ltd 4354/2 Under Dammaiguda Municipality Plot No05 NS Anjanandri Nagar Colony Medchal Malkajgiri Telangana .", "Address": "M/s. Nxgyudha Marketing Pvt Ltd 4354/2 Under Dammaiguda Municipality Plot No05 NS Anjanandri Nagar Colony Medchal Malkajgiri Telangana .", "Mineral": "Black Granite", "MineralTyp": "QL", "SurveyNumb": "519/1", "LandType": "Govt.Land", "Production": 300000, "Dispatch": 300000, "ETS": 450000, "Notice": 150000, "Reg_From": "2025-11-19", "Reg_To": "2026-11-18", "ORIG_FID": 715}, "geometry": {"type": "Point", "coordinates": [78.574791, 17.059232]}}, {"type": "Feature", "properties": {"District": "Rangareddy", "Mandal": "Doma", "Company": "M/s. Sunroofx Energy Pvt Ltd F No. 101 Plot No. 253 & 254 Prashanthi Hills Colony Gachibowli \u2013 .", "Address": "M/s. Sunroofx Energy Pvt Ltd F No. 101 Plot No. 253 & 254 Prashanthi Hills Colony Gachibowli \u2013 .", "Mineral": "Black Granite", "MineralTyp": "QL", "SurveyNumb": "541/1/P", "LandType": "Govt.Land", "Production": 300000, "Dispatch": 300000, "ETS": 450000, "Notice": 150000, "Reg_From": "2025-11-20", "Reg_To": "2026-11-19", "ORIG_FID": 716}, "geometry": {"type": "Point", "coordinates": [77.827465, 17.054217]}}, {"type": "Feature", "properties": {"District": "Rangareddy", "Mandal": "Kandukur2", "Company": "M/s. Sri Krishna Solutions # /B/9 Telangana Colony RTA Office Rangashaipet Warangal \u2013 .", "Address": "M/s. Sri Krishna Solutions # /B/9 Telangana Colony RTA Office Rangashaipet Warangal \u2013 .", "Mineral": "Colour Granite", "MineralTyp": "QL", "SurveyNumb": "46", "LandType": "Govt.Land", "Production": 150000, "Dispatch": 150000, "ETS": 300000, "Notice": 150000, "Reg_From": "2025-11-20", "Reg_To": "2026-11-19", "ORIG_FID": 717}, "geometry": {"type": "Point", "coordinates": [78.455977, 17.075573]}}, {"type": "Feature", "properties": {"District": "Rangareddy", "Mandal": "Doma", "Company": "M/s. Greenray Energy H .No. 21544/37 Hitech Colony Manjoornagar Jayashankar Bhupally \u2013 .", "Address": "M/s. Greenray Energy H .No. 21544/37 Hitech Colony Manjoornagar Jayashankar Bhupally \u2013 .", "Mineral": "Black Granite", "MineralTyp": "QL", "SurveyNumb": "60/33", "LandType": "Patta Land", "Production": 300000, "Dispatch": 300000, "ETS": 450000, "Notice": 150000, "Reg_From": "2025-11-20", "Reg_To": "2026-11-19", "ORIG_FID": 718}, "geometry": {"type": "Point", "coordinates": [77.849368, 17.08157]}}, {"type": "Feature", "properties": {"District": "Rangareddy", "Mandal": "Maheswaram", "Company": "M/s. Technosync Softsolutions Pvt Ltd 137/315 Chandra Bellas Vistast R.P Nilayam Old Alwal Medchal Malkajgiri", "Address": "M/s. Technosync Softsolutions Pvt Ltd 137/315 Chandra Bellas Vistast R.P Nilayam Old Alwal Medchal Malkajgiri", "Mineral": "Black Granite", "MineralTyp": "QL", "SurveyNumb": "46/1", "LandType": "Govt.Land", "Production": 300000, "Dispatch": 300000, "ETS": 450000, "Notice": 150000, "Reg_From": "2025-11-21", "Reg_To": "2027-11-20", "ORIG_FID": 719}, "geometry": {"type": "Point", "coordinates": [78.359722, 17.119853]}}, {"type": "Feature", "properties": {"District": "Rangareddy", "Mandal": "Kandukur2", "Company": "M/s. Hindustan Enterprises H. No. 29619 Dabagardens Lalitha Colony Vishakapatnam", "Address": "M/s. Hindustan Enterprises H. No. 29619 Dabagardens Lalitha Colony Vishakapatnam", "Mineral": "Black Granite", "MineralTyp": "QL", "SurveyNumb": "153, 154, 155", "LandType": "Govt.Land", "Production": 300000, "Dispatch": 300000, "ETS": 450000, "Notice": 150000, "Reg_From": "2025-11-21", "Reg_To": "2027-11-20", "ORIG_FID": 720}, "geometry": {"type": "Point", "coordinates": [78.553236, 17.136753]}}, {"type": "Feature", "properties": {"District": "Rangareddy", "Mandal": "Basheerabad", "Company": "M/s. Sri Ravi Kiran World Plot No. 7283/34A/5 Indra Nagar Colony Near Rosewood Apts Nirmal", "Address": "M/s. Sri Ravi Kiran World Plot No. 7283/34A/5 Indra Nagar Colony Near Rosewood Apts Nirmal", "Mineral": "Black Granite", "MineralTyp": "QL", "SurveyNumb": "8/AA&E", "LandType": "Patta Land", "Production": 300000, "Dispatch": 300000, "ETS": 450000, "Notice": 150000, "Reg_From": "2025-11-21", "Reg_To": "2026-11-20", "ORIG_FID": 721}, "geometry": {"type": "Point", "coordinates": [77.433248, 17.139992]}}, {"type": "Feature", "properties": {"District": "Rangareddy", "Mandal": "Shabad", "Company": "HANVEETHA SOLUTIONS PRIVATE LIMITED 0 0 ground floor 10126/34 Adhar sh Nagar Colony Road no 2 Ad harsh nagar colony Adilabad Adilabad Adilabad Telangana", "Address": "HANVEETHA SOLUTIONS PRIVATE LIMITED 0 0 ground floor 10126/34 Adhar sh Nagar Colony Road no 2 Ad harsh nagar colony Adilabad Adilabad Adilabad Telangana", "Mineral": "Black Granite", "MineralTyp": "QL", "SurveyNumb": "107/C/28/2, 107/C/30/1 & 107/C/A/1", "LandType": "Patta Land", "Production": 300000, "Dispatch": 300000, "ETS": 450000, "Notice": 150000, "Reg_From": "2025-11-22", "Reg_To": "2026-11-21", "ORIG_FID": 722}, "geometry": {"type": "Point", "coordinates": [78.121025, 17.156469]}}, {"type": "Feature", "properties": {"District": "Rangareddy", "Mandal": "Yelal", "Company": "ITR INFRATECH PRIVATE LIMITED H No.11246/4 Plot No.253 Srinivasa Rao Nagar Colony Kapra", "Address": "ITR INFRATECH PRIVATE LIMITED H No.11246/4 Plot No.253 Srinivasa Rao Nagar Colony Kapra", "Mineral": "Quartz", "MineralTyp": "QL", "SurveyNumb": "195", "LandType": "Govt.Land", "Production": 250000, "Dispatch": 250000, "ETS": 255000, "Notice": 5000, "Reg_From": "2025-07-07", "Reg_To": "2026-07-06", "ORIG_FID": 723}, "geometry": {"type": "Point", "coordinates": [77.581407, 17.15184]}}, {"type": "Feature", "properties": {"District": "Rangareddy", "Mandal": "Basheerabad", "Company": "M/s. Ajeya Energy Solutions Shutter No 2 D No 6135/PPM/ 134 SY No & 155 Bowrampet Road Silver Oaks International School Bowrampet Medchal Malkajgiri Telangana", "Address": "M/s. Ajeya Energy Solutions Shutter No 2 D No 6135/PPM/ 134 SY No & 155 Bowrampet Road Silver Oaks International School Bowrampet Medchal Malkajgiri Telangana", "Mineral": "Black Granite", "MineralTyp": "QL", "SurveyNumb": "60/AA/2 & 76/7", "LandType": "Patta Land", "Production": 300000, "Dispatch": 300000, "ETS": 450000, "Notice": 150000, "Reg_From": "2025-11-24", "Reg_To": "2026-11-23", "ORIG_FID": 724}, "geometry": {"type": "Point", "coordinates": [77.385155, 17.151895]}}, {"type": "Feature", "properties": {"District": "Rangareddy", "Mandal": "Shamshabad", "Company": "REAL ENGINEERING AND SERVICES 86780 Shop No.02Plot No.108/BPipel ine Road Petbasheerabadopp. Konark HospitalKompally Suchi tra Hydearabad Telangana", "Address": "REAL ENGINEERING AND SERVICES 86780 Shop No.02Plot No.108/BPipel ine Road Petbasheerabadopp. Konark HospitalKompally Suchi tra Hydearabad Telangana", "Mineral": "Black Granite", "MineralTyp": "QL", "SurveyNumb": "119/P", "LandType": "Govt.Land", "Production": 300000, "Dispatch": 300000, "ETS": 450000, "Notice": 150000, "Reg_From": "2025-11-20", "Reg_To": "2026-11-19", "ORIG_FID": 725}, "geometry": {"type": "Point", "coordinates": [78.311437, 17.175553]}}, {"type": "Feature", "properties": {"District": "Rangareddy", "Mandal": "Ibrahimpatnam3", "Company": "M/s. Lakshmi Narasimha Energy 495/1 Main Road Julurupadu ( m) Vengannapalem Bhadradri Kothagudem", "Address": "M/s. Lakshmi Narasimha Energy 495/1 Main Road Julurupadu ( m) Vengannapalem Bhadradri Kothagudem", "Mineral": "Black Granite", "MineralTyp": "QL", "SurveyNumb": "60/K/1 & 60/AA/1,", "LandType": "Patta Land", "Production": 300000, "Dispatch": 300000, "ETS": 450000, "Notice": 150000, "Reg_From": "2025-11-27", "Reg_To": "2026-11-26", "ORIG_FID": 726}, "geometry": {"type": "Point", "coordinates": [78.62657, 17.191782]}}, {"type": "Feature", "properties": {"District": "Rangareddy", "Mandal": "Pargi", "Company": "SIEGER ENGINEERING SOLUTIONS PRIVATE LIMITED SHED NO 130/3 & 130/4 PLOT NO130/3 & 130/4 PHASE II IDA CHERLAPALLY KAPRA MUNCIPALITY Medchal Malkajgir i Telangana", "Address": "SIEGER ENGINEERING SOLUTIONS PRIVATE LIMITED SHED NO 130/3 & 130/4 PLOT NO130/3 & 130/4 PHASE II IDA CHERLAPALLY KAPRA MUNCIPALITY Medchal Malkajgir i Telangana", "Mineral": "Black Granite", "MineralTyp": "QL", "SurveyNumb": "123", "LandType": "Govt.Land", "Production": 300000, "Dispatch": 300000, "ETS": 450000, "Notice": 150000, "Reg_From": "2025-11-27", "Reg_To": "2026-11-26", "ORIG_FID": 727}, "geometry": {"type": "Point", "coordinates": [77.821097, 17.196542]}}, {"type": "Feature", "properties": {"District": "Rangareddy", "Mandal": "Yelal", "Company": "M/s. Vivid Ray Plot No. 24 Narayana Enclave Chengicherla Secunderabad", "Address": "M/s. Vivid Ray Plot No. 24 Narayana Enclave Chengicherla Secunderabad", "Mineral": "Black Granite", "MineralTyp": "QL", "SurveyNumb": "123/98", "LandType": "Patta Land", "Production": 300000, "Dispatch": 300000, "ETS": 450000, "Notice": 150000, "Reg_From": "2025-11-28", "Reg_To": "2026-11-27", "ORIG_FID": 728}, "geometry": {"type": "Point", "coordinates": [77.625887, 17.195481]}}, {"type": "Feature", "properties": {"District": "Rangareddy", "Mandal": "Shabad", "Company": "JOTTER RENEWABLES PRIVATE LIMITED 406/E 1 IV Floor Mohan Reddy Heights Osman Nagar Road Tellapur Sanga Reddy Dist. Telangana.", "Address": "JOTTER RENEWABLES PRIVATE LIMITED 406/E 1 IV Floor Mohan Reddy Heights Osman Nagar Road Tellapur Sanga Reddy Dist. Telangana.", "Mineral": "Black Granite", "MineralTyp": "QL", "SurveyNumb": "408/1", "LandType": "Patta Land", "Production": 300000, "Dispatch": 300000, "ETS": 450000, "Notice": 150000, "Reg_From": "2025-11-29", "Reg_To": "2026-11-28", "ORIG_FID": 729}, "geometry": {"type": "Point", "coordinates": [78.162653, 17.213984]}}, {"type": "Feature", "properties": {"District": "Rangareddy", "Mandal": "Maheswaram", "Company": "M/s. Orugallu Energies H. No. 6291/A G20 KRMS Reddy Complex Kakaji Nagar Colony Hanamkonda", "Address": "M/s. Orugallu Energies H. No. 6291/A G20 KRMS Reddy Complex Kakaji Nagar Colony Hanamkonda", "Mineral": "Black Granite", "MineralTyp": "QL", "SurveyNumb": "516/1", "LandType": "Patta Land", "Production": 300000, "Dispatch": 300000, "ETS": 450000, "Notice": 150000, "Reg_From": "2025-12-01", "Reg_To": "2026-11-30", "ORIG_FID": 730}, "geometry": {"type": "Point", "coordinates": [78.502584, 17.22263]}}, {"type": "Feature", "properties": {"District": "Rangareddy", "Mandal": "Hayathnagar", "Company": "SUN AGASTHYA ENERGIES 0 0 7100 ARYA NAGAR TOWN NIZAMABA D DISTRICT TELANGANA", "Address": "SUN AGASTHYA ENERGIES 0 0 7100 ARYA NAGAR TOWN NIZAMABA D DISTRICT TELANGANA", "Mineral": "Black Granite", "MineralTyp": "QL", "SurveyNumb": "395/E1", "LandType": "Patta Land", "Production": 300000, "Dispatch": 300000, "ETS": 450000, "Notice": 150000, "Reg_From": "2025-12-01", "Reg_To": "2026-11-30", "ORIG_FID": 731}, "geometry": {"type": "Point", "coordinates": [78.580311, 17.287777]}}, {"type": "Feature", "properties": {"District": "Rangareddy", "Mandal": "Rajendranagar", "Company": "M/s. Sri Raja Rajeshwari Enterprises H. No. 19409/412 Ramnagar Mancherial", "Address": "M/s. Sri Raja Rajeshwari Enterprises H. No. 19409/412 Ramnagar Mancherial", "Mineral": "Black Granite", "MineralTyp": "QL", "SurveyNumb": "157(P),158(P),160(P),166(P),174(P)", "LandType": "Govt.Land", "Production": 300000, "Dispatch": 300000, "ETS": 450000, "Notice": 150000, "Reg_From": "2025-12-02", "Reg_To": "2027-12-01", "ORIG_FID": 732}, "geometry": {"type": "Point", "coordinates": [78.455555, 17.298213]}}, {"type": "Feature", "properties": {"District": "Rangareddy", "Mandal": "Hayathnagar", "Company": "V SPARKLE SOLUTIONS PRIVATE LIMITED 4th Floor H.NO.547/5/P101 FLAT NO.403 Ramaiah Nagar Kukatpally Medchal Malkajgiri Telangana", "Address": "V SPARKLE SOLUTIONS PRIVATE LIMITED 4th Floor H.NO.547/5/P101 FLAT NO.403 Ramaiah Nagar Kukatpally Medchal Malkajgiri Telangana", "Mineral": "Black Granite", "MineralTyp": "QL", "SurveyNumb": "25/EE, 25/UU & 27/EE, 27/", "LandType": "Govt.Land", "Production": 300000, "Dispatch": 300000, "ETS": 450000, "Notice": 150000, "Reg_From": "2025-12-02", "Reg_To": "2026-12-01", "ORIG_FID": 733}, "geometry": {"type": "Point", "coordinates": [78.597381, 17.301399]}}, {"type": "Feature", "properties": {"District": "Rangareddy", "Mandal": "Hayathnagar", "Company": "SunMoonRenewables Private Limited Enugurthi Golden Tree Road N o:6 Plot No:78 55562 Abhy udaya Nagar Chintalkunta Hyd erabad Telangana", "Address": "SunMoonRenewables Private Limited Enugurthi Golden Tree Road N o:6 Plot No:78 55562 Abhy udaya Nagar Chintalkunta Hyd erabad Telangana", "Mineral": "Black Granite", "MineralTyp": "QL", "SurveyNumb": "395", "LandType": "Govt.Land", "Production": 300000, "Dispatch": 300000, "ETS": 450000, "Notice": 150000, "Reg_From": "2025-12-02", "Reg_To": "2030-12-01", "ORIG_FID": 734}, "geometry": {"type": "Point", "coordinates": [78.632465, 17.308728]}}, {"type": "Feature", "properties": {"District": "Rangareddy", "Mandal": "Moinabad", "Company": "AKONI ENERGY PRIVATE LIMITED 0 0 flat no 331/4 dommara pocham pally IDA jeedimetlal Hydera bad Medchal Malkajgiri Telan gana", "Address": "AKONI ENERGY PRIVATE LIMITED 0 0 flat no 331/4 dommara pocham pally IDA jeedimetlal Hydera bad Medchal Malkajgiri Telan gana", "Mineral": "Black Granite", "MineralTyp": "QL", "SurveyNumb": "394 & 395", "LandType": "Govt.Land", "Production": 300000, "Dispatch": 300000, "ETS": 450000, "Notice": 150000, "Reg_From": "2025-12-02", "Reg_To": "2026-12-01", "ORIG_FID": 735}, "geometry": {"type": "Point", "coordinates": [78.347552, 17.306445]}}, {"type": "Feature", "properties": {"District": "Hyderabad", "Mandal": "Mch", "Company": "M/s. Ushasri Technologies Pvt Ltd 1st Floor Flat No. 83945/ 105A Yaseen Complex Ameerpet Road Ameerpet \u2013 .", "Address": "M/s. Ushasri Technologies Pvt Ltd 1st Floor Flat No. 83945/ 105A Yaseen Complex Ameerpet Road Ameerpet \u2013 .", "Mineral": "Black Granite", "MineralTyp": "QL", "SurveyNumb": "336, 337 & 341", "LandType": "Govt.Land", "Production": 300000, "Dispatch": 300000, "ETS": 450000, "Notice": 150000, "Reg_From": "2025-12-02", "Reg_To": "2027-12-01", "ORIG_FID": 736}, "geometry": {"type": "Point", "coordinates": [78.438378, 17.345661]}}, {"type": "Feature", "properties": {"District": "Rangareddy", "Mandal": "Saroornagar", "Company": "M/s. ADNK Green Agency 235/203/22 Near Arundhati High School Medchal Malkajgiri Dist .", "Address": "M/s. ADNK Green Agency 235/203/22 Near Arundhati High School Medchal Malkajgiri Dist .", "Mineral": "Black Granite", "MineralTyp": "QL", "SurveyNumb": "205, 206/AA, 208/A, 208/2 & 209/AA/2", "LandType": "Govt.Land", "Production": 300000, "Dispatch": 300000, "ETS": 450000, "Notice": 150000, "Reg_From": "2025-12-30", "Reg_To": "2026-10-29", "ORIG_FID": 737}, "geometry": {"type": "Point", "coordinates": [78.526349, 17.354191]}}, {"type": "Feature", "properties": {"District": "Rangareddy", "Mandal": "Peddemul", "Company": "Y BHAVA SOLUTIONS 0 0 5302 Srinivasa Complex INDR ANAGAR Post Office Passport S eva Kendra Mancherial Manche rial Telangana", "Address": "Y BHAVA SOLUTIONS 0 0 5302 Srinivasa Complex INDR ANAGAR Post Office Passport S eva Kendra Mancherial Manche rial Telangana", "Mineral": "Black Granite", "MineralTyp": "QL", "SurveyNumb": "443/A", "LandType": "Patta Land", "Production": 300000, "Dispatch": 300000, "ETS": 450000, "Notice": 150000, "Reg_From": "2025-12-03", "Reg_To": "2027-12-02", "ORIG_FID": 738}, "geometry": {"type": "Point", "coordinates": [77.675468, 17.356505]}}, {"type": "Feature", "properties": {"District": "Rangareddy", "Mandal": "Shankarpalle", "Company": "ARUHI ENTERPRISES 0 14249/56/B OPPOSITE NEW CITY CENTERAL SCHOOL SRI RAM NAGAR SURYAPET TELANGANA", "Address": "ARUHI ENTERPRISES 0 14249/56/B OPPOSITE NEW CITY CENTERAL SCHOOL SRI RAM NAGAR SURYAPET TELANGANA", "Mineral": "Black Granite", "MineralTyp": "QL", "SurveyNumb": "443/A", "LandType": "Patta Land", "Production": 300000, "Dispatch": 300000, "ETS": 450000, "Notice": 150000, "Reg_From": "2025-12-04", "Reg_To": "2026-12-03", "ORIG_FID": 739}, "geometry": {"type": "Point", "coordinates": [78.194198, 17.3968]}}, {"type": "Feature", "properties": {"District": "Rangareddy", "Mandal": "Rajendranagar", "Company": "ADITYA GREEN WAYS PRIVATE LIMITED 0 0 180 Mantripalem Lankelapalem Parawada Mandalam Visakhapa tnam Andhra Pradesh", "Address": "ADITYA GREEN WAYS PRIVATE LIMITED 0 0 180 Mantripalem Lankelapalem Parawada Mandalam Visakhapa tnam Andhra Pradesh", "Mineral": "Black Granite", "MineralTyp": "QL", "SurveyNumb": "395", "LandType": "Govt.Land", "Production": 300000, "Dispatch": 300000, "ETS": 450000, "Notice": 150000, "Reg_From": "2025-12-08", "Reg_To": "2026-12-07", "ORIG_FID": 740}, "geometry": {"type": "Point", "coordinates": [78.288332, 17.378528]}}, {"type": "Feature", "properties": {"District": "Rangareddy", "Mandal": "Shankarpalle", "Company": "M/s. Sunforge Private Limited H. No. 2176 N/A Theatre Back side Road Saikrishna Kodad Suryapet", "Address": "M/s. Sunforge Private Limited H. No. 2176 N/A Theatre Back side Road Saikrishna Kodad Suryapet", "Mineral": "Black Granite", "MineralTyp": "QL", "SurveyNumb": "37", "LandType": "Govt.Land", "Production": 300000, "Dispatch": 300000, "ETS": 450000, "Notice": 150000, "Reg_From": "2025-12-08", "Reg_To": "2026-12-07", "ORIG_FID": 741}, "geometry": {"type": "Point", "coordinates": [78.265516, 17.40263]}}, {"type": "Feature", "properties": {"District": "Rangareddy", "Mandal": "Uppal", "Company": "M/s. Sun Rak Energy H. No. Vidyanagar Karimnagar \u2013 .", "Address": "M/s. Sun Rak Energy H. No. Vidyanagar Karimnagar \u2013 .", "Mineral": "Black Granite", "MineralTyp": "QL", "SurveyNumb": "338, 338/1", "LandType": "Govt.Land", "Production": 300000, "Dispatch": 300000, "ETS": 450000, "Notice": 150000, "Reg_From": "2025-12-09", "Reg_To": "2027-12-08", "ORIG_FID": 742}, "geometry": {"type": "Point", "coordinates": [78.553278, 17.422229]}}, {"type": "Feature", "properties": {"District": "Rangareddy", "Mandal": "Ghatkesar", "Company": "SRI MAHALAKSHMI & 0 0 2ND FLOOR DOOR NO 930 FLAT NO S1 SAI NILAYAM4 Viziana garam Palakonda Road Church o f Christ SAI NAGARGAYATRI CO LONY Rajam Vizianagaram And hra Pradesh", "Address": "SRI MAHALAKSHMI & 0 0 2ND FLOOR DOOR NO 930 FLAT NO S1 SAI NILAYAM4 Viziana garam Palakonda Road Church o f Christ SAI NAGARGAYATRI CO LONY Rajam Vizianagaram And hra Pradesh", "Mineral": "Black Granite", "MineralTyp": "QL", "SurveyNumb": "416/A, 416/A2 417/P & 418", "LandType": "Govt.Land", "Production": 300000, "Dispatch": 300000, "ETS": 450000, "Notice": 150000, "Reg_From": "2025-12-09", "Reg_To": "2026-12-08", "ORIG_FID": 743}, "geometry": {"type": "Point", "coordinates": [78.696523, 17.425259]}}, {"type": "Feature", "properties": {"District": "Hyderabad", "Mandal": "Mch", "Company": "M/s. VD Solutions H. No. 10369 & 70 Mekala Bikshamaiah Complex Bus Depot Road Bhuranpuram Khammam.", "Address": "M/s. VD Solutions H. No. 10369 & 70 Mekala Bikshamaiah Complex Bus Depot Road Bhuranpuram Khammam.", "Mineral": "Black Granite", "MineralTyp": "QL", "SurveyNumb": "487/A/1 AND 449/A/2", "LandType": "Govt.Land", "Production": 300000, "Dispatch": 300000, "ETS": 450000, "Notice": 150000, "Reg_From": "2025-12-10", "Reg_To": "2026-12-09", "ORIG_FID": 744}, "geometry": {"type": "Point", "coordinates": [78.473054, 17.4252]}}, {"type": "Feature", "properties": {"District": "Rangareddy", "Mandal": "Balanagar2", "Company": "TRUE RENEWABLES PRIVATE LIMITED 0 0 GROUND FLOOR SY NO:231/P232/ P RAJENDARNAGA MANCHIRUVELA RAJENDARNAGA MANCHIRUVELA H yderabad Rangareddy Telangan a", "Address": "TRUE RENEWABLES PRIVATE LIMITED 0 0 GROUND FLOOR SY NO:231/P232/ P RAJENDARNAGA MANCHIRUVELA RAJENDARNAGA MANCHIRUVELA H yderabad Rangareddy Telangan a", "Mineral": "Black Granite", "MineralTyp": "QL", "SurveyNumb": "174", "LandType": "Govt.Land", "Production": 300000, "Dispatch": 300000, "ETS": 450000, "Notice": 150000, "Reg_From": "2025-12-11", "Reg_To": "2027-12-10", "ORIG_FID": 745}, "geometry": {"type": "Point", "coordinates": [78.41419, 17.463226]}}, {"type": "Feature", "properties": {"District": "Rangareddy", "Mandal": "Keesara", "Company": "SLN ENTERPRISE 0 0 23677/4/PVE/401 SAI NAGAR ADARSH NAGAR NAGOLE Telangana", "Address": "SLN ENTERPRISE 0 0 23677/4/PVE/401 SAI NAGAR ADARSH NAGAR NAGOLE Telangana", "Mineral": "Black Granite", "MineralTyp": "QL", "SurveyNumb": "174", "LandType": "Govt.Land", "Production": 300000, "Dispatch": 300000, "ETS": 450000, "Notice": 150000, "Reg_From": "2025-12-12", "Reg_To": "2027-12-11", "ORIG_FID": 746}, "geometry": {"type": "Point", "coordinates": [78.621553, 17.46894]}}, {"type": "Feature", "properties": {"District": "Rangareddy", "Mandal": "Balanagar2", "Company": "M/s. Surya D. No. KUC Road Hanamkonda", "Address": "M/s. Surya D. No. KUC Road Hanamkonda", "Mineral": "Black Granite", "MineralTyp": "QL", "SurveyNumb": "426/A", "LandType": "Patta Land", "Production": 300000, "Dispatch": 300000, "ETS": 450000, "Notice": 150000, "Reg_From": "2025-12-16", "Reg_To": "2027-12-15", "ORIG_FID": 747}, "geometry": {"type": "Point", "coordinates": [78.494204, 17.476132]}}, {"type": "Feature", "properties": {"District": "Rangareddy", "Mandal": "Mominpet", "Company": "M/s. Rudra Solutions H. No.1564/22/46 & 47/301 Vishalakeerthi Sai Arcade Jonna Banda Old Alwal Secunderabad", "Address": "M/s. Rudra Solutions H. No.1564/22/46 & 47/301 Vishalakeerthi Sai Arcade Jonna Banda Old Alwal Secunderabad", "Mineral": "Black Granite", "MineralTyp": "QL", "SurveyNumb": "164 & 169/C1", "LandType": "Patta Land", "Production": 300000, "Dispatch": 300000, "ETS": 450000, "Notice": 150000, "Reg_From": "2025-12-16", "Reg_To": "2026-12-15", "ORIG_FID": 748}, "geometry": {"type": "Point", "coordinates": [77.929696, 17.477694]}}, {"type": "Feature", "properties": {"District": "Rangareddy", "Mandal": "Qutubullapur", "Company": "S.R. services 4104/11/18 BESIDE LIQUOR GODOWN BESIDE LQ Gudipet Mancherial Telangana", "Address": "S.R. services 4104/11/18 BESIDE LIQUOR GODOWN BESIDE LQ Gudipet Mancherial Telangana", "Mineral": "Black Granite", "MineralTyp": "QL", "SurveyNumb": "257 & 258", "LandType": "Patta Land", "Production": 300000, "Dispatch": 300000, "ETS": 450000, "Notice": 150000, "Reg_From": "2025-12-16", "Reg_To": "2026-12-15", "ORIG_FID": 749}, "geometry": {"type": "Point", "coordinates": [78.396093, 17.511529]}}, {"type": "Feature", "properties": {"District": "Rangareddy", "Mandal": "Qutubullapur", "Company": "AMEYAM MEPELV PROJECTS BHARAT PRIVATE LIMITED AMEYAM MEPELV PROJECTS (BHARAT) PRIVATE LIMITED Plot # 19 HNo 2349/4/1 CoOperative Bank Colony Road No 6 Nagole Telangana Bharat\u2013", "Address": "AMEYAM MEPELV PROJECTS BHARAT PRIVATE LIMITED AMEYAM MEPELV PROJECTS (BHARAT) PRIVATE LIMITED Plot # 19 HNo 2349/4/1 CoOperative Bank Colony Road No 6 Nagole Telangana Bharat\u2013", "Mineral": "Black Granite", "MineralTyp": "QL", "SurveyNumb": "409/P & 438/P", "LandType": "Patta Land", "Production": 300000, "Dispatch": 300000, "ETS": 450000, "Notice": 150000, "Reg_From": "2025-12-12", "Reg_To": "2026-12-11", "ORIG_FID": 751}, "geometry": {"type": "Point", "coordinates": [78.469715, 17.528126]}}, {"type": "Feature", "properties": {"District": "Rangareddy", "Mandal": "Shamirpet", "Company": "ILIOS PRIVATE LIMITED 1st Floor Plot No: 28 Road No.70 Aswini layout Prashasa n Nagar Jubilee Hills Hydera bad Telangana", "Address": "ILIOS PRIVATE LIMITED 1st Floor Plot No: 28 Road No.70 Aswini layout Prashasa n Nagar Jubilee Hills Hydera bad Telangana", "Mineral": "Black Granite", "MineralTyp": "QL", "SurveyNumb": "181/A1, 181/A/2,181/C,182/A1,182/A2,182/C/2,", "LandType": "Govt.Land", "Production": 300000, "Dispatch": 300000, "ETS": 450000, "Notice": 150000, "Reg_From": "2025-12-17", "Reg_To": "2027-12-16", "ORIG_FID": 752}, "geometry": {"type": "Point", "coordinates": [78.614047, 17.594536]}}, {"type": "Feature", "properties": {"District": "Rangareddy", "Mandal": "Shamirpet", "Company": "M/s. JVK 15983/105 C L Towers Road No 14 Kaviraj Nagar Khammam", "Address": "M/s. JVK 15983/105 C L Towers Road No 14 Kaviraj Nagar Khammam", "Mineral": "Black Granite", "MineralTyp": "QL", "SurveyNumb": "284/1", "LandType": "Govt.Land", "Production": 300000, "Dispatch": 300000, "ETS": 450000, "Notice": 150000, "Reg_From": "2025-12-18", "Reg_To": "2026-12-17", "ORIG_FID": 753}, "geometry": {"type": "Point", "coordinates": [78.553994, 17.611254]}}, {"type": "Feature", "properties": {"District": "Rangareddy", "Mandal": "Shamirpet", "Company": "M/s. GVR Solutions 28888/5 vidya nagar colony Vidya Nagar Miryalaguda Nalgonda Telangana", "Address": "M/s. GVR Solutions 28888/5 vidya nagar colony Vidya Nagar Miryalaguda Nalgonda Telangana", "Mineral": "Colour Granite", "MineralTyp": "QL", "SurveyNumb": "684/1", "LandType": "Govt.Land", "Production": 150000, "Dispatch": 150000, "ETS": 300000, "Notice": 150000, "Reg_From": "2025-12-24", "Reg_To": "2026-12-23", "ORIG_FID": 759}, "geometry": {"type": "Point", "coordinates": [78.70109, 17.673557]}}, {"type": "Feature", "properties": {"District": "Adilabad", "Mandal": "Dilawarpur", "Company": "Dipasri Projects sy no:2829 2nd FloorJanardha n Reddy BuildingHanuman NagarLanco Hills RoadManikonda", "Address": "Dipasri Projects sy no:2829 2nd FloorJanardha n Reddy BuildingHanuman NagarLanco Hills RoadManikonda", "Mineral": "Colour Granite", "MineralTyp": "QL", "SurveyNumb": "131", "LandType": "Govt.Land", "Production": 150000, "Dispatch": 150000, "ETS": 300000, "Notice": 150000, "Reg_From": "2025-12-19", "Reg_To": "2026-12-18", "ORIG_FID": 760}, "geometry": {"type": "Point", "coordinates": [78.209926, 19.096534]}}, {"type": "Feature", "properties": {"District": "Nizamabad", "Mandal": "Pitlam", "Company": "SHREYAS ENTERPRISES H.No. 29724/3 Near Shivalayam Sneha Nagar NGOS ColonyHanumakonda Hanumakonda Telangana", "Address": "SHREYAS ENTERPRISES H.No. 29724/3 Near Shivalayam Sneha Nagar NGOS ColonyHanumakonda Hanumakonda Telangana", "Mineral": "Colour Granite", "MineralTyp": "QL", "SurveyNumb": "129,130,31", "LandType": "Govt.Land", "Production": 150000, "Dispatch": 150000, "ETS": 300000, "Notice": 150000, "Reg_From": "2025-12-30", "Reg_To": "2027-12-29", "ORIG_FID": 761}, "geometry": {"type": "Point", "coordinates": [77.830483, 18.273512]}}, {"type": "Feature", "properties": {"District": "Nizamabad", "Mandal": "Makloor", "Company": "PRABHASA GREEN ENERGY SOLUTIONS PRIVATE LIMITED #603 Vss Nandadeep ApartmentMedchal Rd Dandamudi Enclave Jeedimetla Telangana", "Address": "PRABHASA GREEN ENERGY SOLUTIONS PRIVATE LIMITED #603 Vss Nandadeep ApartmentMedchal Rd Dandamudi Enclave Jeedimetla Telangana", "Mineral": "Colour Granite", "MineralTyp": "QL", "SurveyNumb": "141,142,144&145", "LandType": "Govt.Land", "Production": 150000, "Dispatch": 150000, "ETS": 300000, "Notice": 150000, "Reg_From": "2025-12-17", "Reg_To": "2026-12-16", "ORIG_FID": 762}, "geometry": {"type": "Point", "coordinates": [78.186774, 18.765462]}}, {"type": "Feature", "properties": {"District": "Adilabad", "Mandal": "Tiryani", "Company": "M/s. Cluster Services /1 Gajularamaram Chandrgiri Nagar Medchal Malkajgiri", "Address": "M/s. Cluster Services /1 Gajularamaram Chandrgiri Nagar Medchal Malkajgiri", "Mineral": "Colour Granite", "MineralTyp": "QL", "SurveyNumb": "54 to 57, 80,81, 141/1", "LandType": "Govt.Land", "Production": 150000, "Dispatch": 150000, "ETS": 300000, "Notice": 150000, "Reg_From": "2026-01-09", "Reg_To": "2027-01-08", "ORIG_FID": 773}, "geometry": {"type": "Point", "coordinates": [79.267001, 19.273963]}}, {"type": "Feature", "properties": {"District": "Nizamabad", "Mandal": "Dharpalle", "Company": "M/s. Aruna Energies 5th 33111/SVR/502 Sri Varsha Residency Road No 6 Hyderguda Sub Post Office Upparpally Rangareddy", "Address": "M/s. Aruna Energies 5th 33111/SVR/502 Sri Varsha Residency Road No 6 Hyderguda Sub Post Office Upparpally Rangareddy", "Mineral": "Colour Granite", "MineralTyp": "QL", "SurveyNumb": "899", "LandType": "Govt.Land", "Production": 250000, "Dispatch": 250000, "ETS": 250000, "Notice": 0, "Reg_From": "2026-01-12", "Reg_To": "2027-01-11", "ORIG_FID": 775}, "geometry": {"type": "Point", "coordinates": [78.292373, 18.611575]}}, {"type": "Feature", "properties": {"District": "Nizamabad", "Mandal": "Domakonda", "Company": "M/s. RS Solutions 3255 Sirikayalapalli Usirikayalapalli Khammam Telangana", "Address": "M/s. RS Solutions 3255 Sirikayalapalli Usirikayalapalli Khammam Telangana", "Mineral": "Colour Granite", "MineralTyp": "QL", "SurveyNumb": "619", "LandType": "Govt.Land", "Production": 250000, "Dispatch": 250000, "ETS": 250000, "Notice": 0, "Reg_From": "2026-01-12", "Reg_To": "2027-01-11", "ORIG_FID": 776}, "geometry": {"type": "Point", "coordinates": [78.54233, 18.262308]}}, {"type": "Feature", "properties": {"District": "Warangal", "Mandal": "Mulug2", "Company": "Genesys Energy Solutions Private Limited Bharat Insurance Building 3rd Floor 15A Horniman Circle Fort Mumbai Tel. : 22661531/22", "Address": "Genesys Energy Solutions Private Limited Bharat Insurance Building 3rd Floor 15A Horniman Circle Fort Mumbai Tel. : 22661531/22", "Mineral": "Colour Granite", "MineralTyp": "QL", "SurveyNumb": "44", "LandType": "Govt.Land", "Production": 250000, "Dispatch": 250000, "ETS": 250000, "Notice": 0, "Reg_From": "2026-01-13", "Reg_To": "2028-01-12", "ORIG_FID": 779}, "geometry": {"type": "Point", "coordinates": [80.075483, 18.147578]}}, {"type": "Feature", "properties": {"District": "Khammam", "Mandal": "Cherla", "Company": "M/s. Sri Venkateshwara Traders # 18666/1 Ram Nagar Mancherial", "Address": "M/s. Sri Venkateshwara Traders # 18666/1 Ram Nagar Mancherial", "Mineral": "Colour Granite", "MineralTyp": "QL", "SurveyNumb": "44", "LandType": "Govt.Land", "Production": 250000, "Dispatch": 250000, "ETS": 250000, "Notice": 0, "Reg_From": "2026-01-17", "Reg_To": "2027-01-16", "ORIG_FID": 780}, "geometry": {"type": "Point", "coordinates": [80.866112, 18.113779]}}, {"type": "Feature", "properties": {"District": "Khammam", "Mandal": "Mulkalapalle", "Company": "M/s. Yentra Solutions LLP H. No. 364/5/1 S.NO 77 Telangana Colony Hayath Nagar RangaReddy .", "Address": "M/s. Yentra Solutions LLP H. No. 364/5/1 S.NO 77 Telangana Colony Hayath Nagar RangaReddy .", "Mineral": "Colour Granite", "MineralTyp": "QL", "SurveyNumb": "44", "LandType": "Govt.Land", "Production": 250000, "Dispatch": 250000, "ETS": 250000, "Notice": 0, "Reg_From": "2026-01-17", "Reg_To": "2027-01-16", "ORIG_FID": 781}, "geometry": {"type": "Point", "coordinates": [80.870852, 17.458611]}}, {"type": "Feature", "properties": {"District": "Karimnagar", "Mandal": "Malharrao", "Company": "M/s. FG Enterprises JK Heights Plot No. 362/A Manjeera Road MMTS X Road Chanda Nagar Gangaram", "Address": "M/s. FG Enterprises JK Heights Plot No. 362/A Manjeera Road MMTS X Road Chanda Nagar Gangaram", "Mineral": "Colour Granite", "MineralTyp": "QL", "SurveyNumb": "95/1", "LandType": "Govt.Land", "Production": 250000, "Dispatch": 250000, "ETS": 250000, "Notice": 0, "Reg_From": "2026-01-30", "Reg_To": "2027-01-29", "ORIG_FID": 795}, "geometry": {"type": "Point", "coordinates": [79.862285, 18.55091]}}, {"type": "Feature", "properties": {"District": "Warangal", "Mandal": "Kothagudem2", "Company": "SUMITH SOLUTIONS DNO 43116/TO 117 RAMNAGAR MAHABUBNAGAR TELANGANA PIN C ODE", "Address": "SUMITH SOLUTIONS DNO 43116/TO 117 RAMNAGAR MAHABUBNAGAR TELANGANA PIN C ODE", "Mineral": "Colour Granite", "MineralTyp": "QL", "SurveyNumb": "58", "LandType": "Govt.Land", "Production": 250000, "Dispatch": 250000, "ETS": 250000, "Notice": 0, "Reg_From": "2026-01-30", "Reg_To": "2031-01-29", "ORIG_FID": 796}, "geometry": {"type": "Point", "coordinates": [80.014899, 17.94691]}}, {"type": "Feature", "properties": {"District": "Mahbubnagar", "Mandal": "Kothakota", "Company": "ZETTABYTE IT SOLUTIONS PRIVATE LIMITED 0 0 13th Floor Survey No. 64 Bui lding Number 9 WeWork K Rahe ja Mindspace madhapur Hydera bad Telangana", "Address": "ZETTABYTE IT SOLUTIONS PRIVATE LIMITED 0 0 13th Floor Survey No. 64 Bui lding Number 9 WeWork K Rahe ja Mindspace madhapur Hydera bad Telangana", "Mineral": "Colour Granite", "MineralTyp": "QL", "SurveyNumb": "95/1", "LandType": "Govt.Land", "Production": 250000, "Dispatch": 250000, "ETS": 250000, "Notice": 0, "Reg_From": "2026-01-30", "Reg_To": "2027-01-29", "ORIG_FID": 797}, "geometry": {"type": "Point", "coordinates": [77.87395, 16.386144]}}, {"type": "Feature", "properties": {"District": "Khammam", "Mandal": "Penuballi", "Company": "UDAY USHA SURYA SHAKTI 347/1 RAJESHWARAPURAM NELAKONDAPALLI KHAMMAM TELANGANA STATE", "Address": "UDAY USHA SURYA SHAKTI 347/1 RAJESHWARAPURAM NELAKONDAPALLI KHAMMAM TELANGANA STATE", "Mineral": "Colour Granite", "MineralTyp": "QL", "SurveyNumb": "684/1", "LandType": "Govt.Land", "Production": 250000, "Dispatch": 250000, "ETS": 250000, "Notice": 0, "Reg_From": "2031-03-11", "Reg_To": "2032-03-11", "ORIG_FID": 805}, "geometry": {"type": "Point", "coordinates": [80.72189, 17.172264]}}, {"type": "Feature", "properties": {"District": "Karimnagar", "Mandal": "Bejjanki", "Company": "OM VENKATESHWARA SUPPLIERS H.NO:799 Beside:VIJETHA SUPERMARKET MAIN ROAD MANCHERIAL", "Address": "OM VENKATESHWARA SUPPLIERS H.NO:799 Beside:VIJETHA SUPERMARKET MAIN ROAD MANCHERIAL", "Mineral": "Colour Granite", "MineralTyp": "QL", "SurveyNumb": "131", "LandType": "Govt.Land", "Production": 250000, "Dispatch": 250000, "ETS": 250000, "Notice": 0, "Reg_From": "2026-02-05", "Reg_To": "2028-02-04", "ORIG_FID": 806}, "geometry": {"type": "Point", "coordinates": [79.107322, 18.38396]}}, {"type": "Feature", "properties": {"District": "Warangal", "Mandal": "Mangapet", "Company": "LIVING LIGHT ENERGY OPC PVT LTD TNR VaishnoviVibgyor High Sch ool Rd Thubarahalli Whitefie ld Bengaluru Karnataka", "Address": "LIVING LIGHT ENERGY OPC PVT LTD TNR VaishnoviVibgyor High Sch ool Rd Thubarahalli Whitefie ld Bengaluru Karnataka", "Mineral": "Colour Granite", "MineralTyp": "QL", "SurveyNumb": "129,130,31", "LandType": "Govt.Land", "Production": 250000, "Dispatch": 250000, "ETS": 250000, "Notice": 0, "Reg_From": "2026-02-07", "Reg_To": "2027-02-06", "ORIG_FID": 807}, "geometry": {"type": "Point", "coordinates": [80.512113, 18.165198]}}, {"type": "Feature", "properties": {"District": "Khammam", "Mandal": "Kusumanchi", "Company": "MNR RENEWABLE ENERGY Plot No. 23 Ground Floor Pra shanti Nagar Colony Vignan pu ri Colony", "Address": "MNR RENEWABLE ENERGY Plot No. 23 Ground Floor Pra shanti Nagar Colony Vignan pu ri Colony", "Mineral": "Colour Granite", "MineralTyp": "QL", "SurveyNumb": "141,142,144&145", "LandType": "Govt.Land", "Production": 250000, "Dispatch": 250000, "ETS": 250000, "Notice": 0, "Reg_From": "2026-02-12", "Reg_To": "2027-02-11", "ORIG_FID": 808}, "geometry": {"type": "Point", "coordinates": [79.903844, 17.220727]}}, {"type": "Feature", "properties": {"District": "Nalgonda", "Mandal": "Anumula", "Company": "M/s. MATHRUBHOOMI ENERGY Flat No:1122/154 Santhosh nagar Near Venu Apparment Danafactory Gadwal town Jogulamba Gadwal District Telangana state", "Address": "M/s. MATHRUBHOOMI ENERGY Flat No:1122/154 Santhosh nagar Near Venu Apparment Danafactory Gadwal town Jogulamba Gadwal District Telangana state", "Mineral": "Black Granite", "MineralTyp": "02/08/13 to 01/08/2033", "SurveyNumb": "Karimnagar", "LandType": "100000", "Production": 0, "Dispatch": 0, "ETS": 0, "Notice": 0, "Reg_From": "2024-02-14", "Reg_To": "2026-02-13", "ORIG_FID": 297}, "geometry": {"type": "Point", "coordinates": [79.27635, 16.74472]}}, {"type": "Feature", "properties": {"District": "Karimnagar", "Mandal": "Julapalle", "Company": "M/s. Sunrise Technologies PLOT NO:32 PRASANTH NAGAR NE AR ASHA HOSPITAL HITENSION R OAD KAPRA", "Address": "M/s. Sunrise Technologies PLOT NO:32 PRASANTH NAGAR NE AR ASHA HOSPITAL HITENSION R OAD KAPRA", "Mineral": "Feldspar", "MineralTyp": "QL", "SurveyNumb": "425/2", "LandType": "Govt.Land", "Production": 250000, "Dispatch": 250000, "ETS": 265000, "Notice": 15000, "Reg_From": "2023-02-12", "Reg_To": "2025-02-11", "ORIG_FID": 53}, "geometry": {"type": "Point", "coordinates": [79.251868, 18.621329]}}, {"type": "Feature", "properties": {"District": "Karimnagar", "Mandal": "Julapalle", "Company": "M/s. S.V.Technologies 1247/100/36 Plot no: 36 Subhodaya nagar Behind Aditya Nagar Hydernagar Kukatpally", "Address": "M/s. S.V.Technologies 1247/100/36 Plot no: 36 Subhodaya nagar Behind Aditya Nagar Hydernagar Kukatpally", "Mineral": "Feldspar", "MineralTyp": "QL", "SurveyNumb": "425/1", "LandType": "Govt.Land", "Production": 250000, "Dispatch": 250000, "ETS": 265000, "Notice": 15000, "Reg_From": "2018-07-16", "Reg_To": "2020-07-15", "ORIG_FID": 54}, "geometry": {"type": "Point", "coordinates": [79.26617, 18.614791]}}, {"type": "Feature", "properties": {"District": "Karimnagar", "Mandal": "Ramagundam", "Company": "M/s. SunUSA Industries Pvt. Ltd. Shed No. 5A Lane 1 Phase IV IDA Cherlapally", "Address": "M/s. SunUSA Industries Pvt. Ltd. Shed No. 5A Lane 1 Phase IV IDA Cherlapally", "Mineral": "Feldspar", "MineralTyp": "QL", "SurveyNumb": "102", "LandType": "Govt.Land", "Production": 250000, "Dispatch": 250000, "ETS": 265000, "Notice": 15000, "Reg_From": "2018-08-15", "Reg_To": "2020-07-14", "ORIG_FID": 71}, "geometry": {"type": "Point", "coordinates": [79.510087, 18.716358]}}, {"type": "Feature", "properties": {"District": "Karimnagar", "Mandal": "Metpalle", "Company": "M/s. Vajra Enterprises Plot No. 35 & 36Flat No. 404 Sanjana Residency Uppal DepotChenna Reddy Enclave Cont. Person: Sri P. Vijayapal Reddy", "Address": "M/s. Vajra Enterprises Plot No. 35 & 36Flat No. 404 Sanjana Residency Uppal DepotChenna Reddy Enclave Cont. Person: Sri P. Vijayapal Reddy", "Mineral": "Feldspar", "MineralTyp": "QL", "SurveyNumb": "107", "LandType": "Govt.Land", "Production": 250000, "Dispatch": 250000, "ETS": 265000, "Notice": 15000, "Reg_From": "2024-02-16", "Reg_To": "2025-02-15", "ORIG_FID": 116}, "geometry": {"type": "Point", "coordinates": [78.65675, 18.826462]}}, {"type": "Feature", "properties": {"District": "Medak", "Mandal": "Medak", "Company": "M/s. Helios Natural Energy 103 Vrundavan Complex 1st floorOpp. Krushna kunj ComplexKudasan Gandhinagar Gujarat 38242", "Address": "M/s. Helios Natural Energy 103 Vrundavan Complex 1st floorOpp. Krushna kunj ComplexKudasan Gandhinagar Gujarat 38242", "Mineral": "Feldspar", "MineralTyp": "QL", "SurveyNumb": "21", "LandType": "Govt.Land", "Production": 250000, "Dispatch": 250000, "ETS": 265000, "Notice": 15000, "Reg_From": "2019-08-16", "Reg_To": "2020-08-15", "ORIG_FID": 123}, "geometry": {"type": "Point", "coordinates": [78.222155, 18.144748]}}, {"type": "Feature", "properties": {"District": "Adilabad", "Mandal": "Nennal", "Company": "M/s. Sriven Systems # 1247/100/36 Subhodaya Colony Behind Aditya Nagar Hydernagar Kukatpally", "Address": "M/s. Sriven Systems # 1247/100/36 Subhodaya Colony Behind Aditya Nagar Hydernagar Kukatpally", "Mineral": "Feldspar", "MineralTyp": "QL", "SurveyNumb": "35", "LandType": "Govt.Land", "Production": 250000, "Dispatch": 250000, "ETS": 255000, "Notice": 5000, "Reg_From": "2024-02-08", "Reg_To": "2026-02-07", "ORIG_FID": 130}, "geometry": {"type": "Point", "coordinates": [79.675536, 19.092645]}}, {"type": "Feature", "properties": {"District": "Adilabad", "Mandal": "Mandamarri", "Company": "M/s. ABJA Pvt. Ltd. My Home Hub 3rd Block 5th FloorMadhapur", "Address": "M/s. ABJA Pvt. Ltd. My Home Hub 3rd Block 5th FloorMadhapur", "Mineral": "Feldspar", "MineralTyp": "QL", "SurveyNumb": "382, 392 & 393", "LandType": "Govt.Land", "Production": 250000, "Dispatch": 250000, "ETS": 265000, "Notice": 15000, "Reg_From": "2021-07-10", "Reg_To": "2023-07-09", "ORIG_FID": 147}, "geometry": {"type": "Point", "coordinates": [79.51024, 18.934775]}}, {"type": "Feature", "properties": {"District": "Nalgonda", "Mandal": "Narketpalle", "Company": "M/s. Vijay Electricals Works 11275/3B Laxmi Saraswathi Complex Alwal Secunderabad", "Address": "M/s. Vijay Electricals Works 11275/3B Laxmi Saraswathi Complex Alwal Secunderabad", "Mineral": "Feldspar", "MineralTyp": "QL", "SurveyNumb": "200/A", "LandType": "Patta Land", "Production": 250000, "Dispatch": 250000, "ETS": 265000, "Notice": 15000, "Reg_From": "2021-03-26", "Reg_To": "2023-03-25", "ORIG_FID": 183}, "geometry": {"type": "Point", "coordinates": [79.289582, 17.349121]}}, {"type": "Feature", "properties": {"District": "Adilabad", "Mandal": "Inderavelly", "Company": "M/s. V4E Conscious 10814/A/1 Humayan Nagar Mehidipatnam", "Address": "M/s. V4E Conscious 10814/A/1 Humayan Nagar Mehidipatnam", "Mineral": "Feldspar", "MineralTyp": "QL", "SurveyNumb": "389/1,162", "LandType": "Govt.Land", "Production": 250000, "Dispatch": 250000, "ETS": 265000, "Notice": 15000, "Reg_From": "2021-03-27", "Reg_To": "2023-03-26", "ORIG_FID": 184}, "geometry": {"type": "Point", "coordinates": [78.654123, 19.440047]}}, {"type": "Feature", "properties": {"District": "Nalgonda", "Mandal": "Thungathurthi", "Company": "M/s. Kanyaka Parameshwari Engineering Ltd 321 Manjeera Majestic Commerical JNTU Hitech city Road KPHB \u2013 72", "Address": "M/s. Kanyaka Parameshwari Engineering Ltd 321 Manjeera Majestic Commerical JNTU Hitech city Road KPHB \u2013 72", "Mineral": "Feldspar", "MineralTyp": "QL", "SurveyNumb": "146/1 &146/2", "LandType": "Govt.Land", "Production": 250000, "Dispatch": 250000, "ETS": 265000, "Notice": 15000, "Reg_From": "2021-04-08", "Reg_To": "2022-04-07", "ORIG_FID": 189}, "geometry": {"type": "Point", "coordinates": [79.664778, 17.453797]}}, {"type": "Feature", "properties": {"District": "Nalgonda", "Mandal": "Yadagirigutta", "Company": "M/s. Anil Electrical and Sanitary Goods Stores Main Road Br.Office. 820 8th Floor Manje era Majestic JNTU Road KPHB Medchal Malkajgiri Dist New Br. Office Adress: Plot No.25/A Jaya Enclave New Bowenpally", "Address": "M/s. Anil Electrical and Sanitary Goods Stores Main Road Br.Office. 820 8th Floor Manje era Majestic JNTU Road KPHB Medchal Malkajgiri Dist New Br. Office Adress: Plot No.25/A Jaya Enclave New Bowenpally", "Mineral": "Feldspar", "MineralTyp": "QL", "SurveyNumb": "149,150&151", "LandType": "Govt.Land", "Production": 250000, "Dispatch": 250000, "ETS": 265000, "Notice": 15000, "Reg_From": "2021-04-15", "Reg_To": "2023-04-14", "ORIG_FID": 194}, "geometry": {"type": "Point", "coordinates": [78.924011, 17.63206]}}, {"type": "Feature", "properties": {"District": "Nalgonda", "Mandal": "Thungathurthi", "Company": "M/s. Rathna Engineering Technologies Survey No 312 Rampally to Cherlapally Main Road Rampally Village Keesara Mandal Telangana", "Address": "M/s. Rathna Engineering Technologies Survey No 312 Rampally to Cherlapally Main Road Rampally Village Keesara Mandal Telangana", "Mineral": "Feldspar", "MineralTyp": "QL", "SurveyNumb": "1027/1/A", "LandType": "Govt.Land", "Production": 250000, "Dispatch": 250000, "ETS": 265000, "Notice": 15000, "Reg_From": "2021-04-17", "Reg_To": "2023-04-16", "ORIG_FID": 196}, "geometry": {"type": "Point", "coordinates": [79.632508, 17.359794]}}, {"type": "Feature", "properties": {"District": "Nalgonda", "Mandal": "Mothey", "Company": "M/s. SS Electrical Works 11031/1 Prakash Nagar Begumpet", "Address": "M/s. SS Electrical Works 11031/1 Prakash Nagar Begumpet", "Mineral": "Feldspar", "MineralTyp": "QL", "SurveyNumb": "222,223,& 224", "LandType": "Govt.Land", "Production": 250000, "Dispatch": 250000, "ETS": 265000, "Notice": 15000, "Reg_From": "2021-04-26", "Reg_To": "2022-04-25", "ORIG_FID": 202}, "geometry": {"type": "Point", "coordinates": [79.767727, 17.229766]}}, {"type": "Feature", "properties": {"District": "Nalgonda", "Mandal": "Nadigudem", "Company": "M/s. R S Engineer And Project shop no.147 babu khan estate basheer bagh hyd", "Address": "M/s. R S Engineer And Project shop no.147 babu khan estate basheer bagh hyd", "Mineral": "Feldspar", "MineralTyp": "QL", "SurveyNumb": "377,389/1", "LandType": "Govt.Land", "Production": 250000, "Dispatch": 250000, "ETS": 265000, "Notice": 15000, "Reg_From": "2021-05-01", "Reg_To": "2022-04-30", "ORIG_FID": 203}, "geometry": {"type": "Point", "coordinates": [79.841511, 17.14388]}}, {"type": "Feature", "properties": {"District": "Nalgonda", "Mandal": "Nadigudem", "Company": "M/s. Suguna Motors And Pumps 54187/5S.M.Modi Complex Karbala Maidan Mg Road Secunderabad", "Address": "M/s. Suguna Motors And Pumps 54187/5S.M.Modi Complex Karbala Maidan Mg Road Secunderabad", "Mineral": "Feldspar", "MineralTyp": "QL", "SurveyNumb": "169", "LandType": "Govt.Land", "Production": 250000, "Dispatch": 250000, "ETS": 265000, "Notice": 15000, "Reg_From": "2021-04-30", "Reg_To": "2022-04-29", "ORIG_FID": 204}, "geometry": {"type": "Point", "coordinates": [79.878548, 17.157034]}}, {"type": "Feature", "properties": {"District": "Nalgonda", "Mandal": "Huzurnagar", "Company": "M/s. LEO ENTERPRISES 851 PLOT NO76 LIC COLONY SUJATHA NAGAR PENDURTHY (M) Visakhapatnam AP Br.Office: Dr.No. 16305 Lane 6 Sri Sri Homes Saroornagar (m) Almasguda 79", "Address": "M/s. LEO ENTERPRISES 851 PLOT NO76 LIC COLONY SUJATHA NAGAR PENDURTHY (M) Visakhapatnam AP Br.Office: Dr.No. 16305 Lane 6 Sri Sri Homes Saroornagar (m) Almasguda 79", "Mineral": "Feldspar", "MineralTyp": "QL", "SurveyNumb": "56", "LandType": "Govt.Land", "Production": 250000, "Dispatch": 250000, "ETS": 265000, "Notice": 15000, "Reg_From": "2021-08-25", "Reg_To": "2022-08-24", "ORIG_FID": 209}, "geometry": {"type": "Point", "coordinates": [79.820978, 16.873543]}}, {"type": "Feature", "properties": {"District": "Nalgonda", "Mandal": "Huzurnagar", "Company": "M/s. Sourav Surya Projects Pvt Ltd 2223/1 GROUNDFLOOR MAIN ROAD VIVEKANANDANAGAR KUKATPALLY", "Address": "M/s. Sourav Surya Projects Pvt Ltd 2223/1 GROUNDFLOOR MAIN ROAD VIVEKANANDANAGAR KUKATPALLY", "Mineral": "Feldspar", "MineralTyp": "QL", "SurveyNumb": "68,69,70,&125", "LandType": "Govt.Land", "Production": 250000, "Dispatch": 250000, "ETS": 265000, "Notice": 15000, "Reg_From": "2018-07-23", "Reg_To": "2020-07-22", "ORIG_FID": 218}, "geometry": {"type": "Point", "coordinates": [79.834273, 16.936769]}}, {"type": "Feature", "properties": {"District": "Mahbubnagar", "Mandal": "Narva", "Company": "M/s. NATIONALFEDERATION OFFARMERSPROCUREMENTPROCESSINGRETAILING COOPERATIVES OFINDIA LTD Sub off: 36691/6 2nd FLOOR KVRANGAREDDYBUILDING ABOVE DTDC COURIEROPP AGARWALSWEET SHOP NARAYANAGUDAMAIN ROAD", "Address": "M/s. NATIONALFEDERATION OFFARMERSPROCUREMENTPROCESSINGRETAILING COOPERATIVES OFINDIA LTD Sub off: 36691/6 2nd FLOOR KVRANGAREDDYBUILDING ABOVE DTDC COURIEROPP AGARWALSWEET SHOP NARAYANAGUDAMAIN ROAD", "Mineral": "Feldspar", "MineralTyp": "QL", "SurveyNumb": "900,901,& 902", "LandType": "Patta Land", "Production": 250000, "Dispatch": 250000, "ETS": 265000, "Notice": 15000, "Reg_From": "2022-02-23", "Reg_To": "2023-02-22", "ORIG_FID": 222}, "geometry": {"type": "Point", "coordinates": [77.677999, 16.534582]}}, {"type": "Feature", "properties": {"District": "Rangareddy", "Mandal": "Shamirpet", "Company": "SOLTEK PHOTOVOLTEK PRIVATE LIMITED 0 0 Door no 54955 Kranthi Build ing 100 Feet Road POLT NO 16 15 Vijayawada NTR Andhra P radesh", "Address": "SOLTEK PHOTOVOLTEK PRIVATE LIMITED 0 0 Door no 54955 Kranthi Build ing 100 Feet Road POLT NO 16 15 Vijayawada NTR Andhra P radesh", "Mineral": "Feldspar", "MineralTyp": "QL", "SurveyNumb": "391/1/A", "LandType": "Govt.Land", "Production": 250000, "Dispatch": 250000, "ETS": 265000, "Notice": 15000, "Reg_From": "2025-12-23", "Reg_To": "2026-12-22", "ORIG_FID": 756}, "geometry": {"type": "Point", "coordinates": [78.603234, 17.660174]}}, {"type": "Feature", "properties": {"District": "Nizamabad", "Mandal": "Mortad", "Company": "SUNSHINE SYSTEMS KN 1A/4 RTC COLONY ROAD NO 2 NALGONDA Nalgonda Telangana", "Address": "SUNSHINE SYSTEMS KN 1A/4 RTC COLONY ROAD NO 2 NALGONDA Nalgonda Telangana", "Mineral": "Feldspar", "MineralTyp": "QL", "SurveyNumb": "306", "LandType": "Govt.Land", "Production": 250000, "Dispatch": 250000, "ETS": 265000, "Notice": 15000, "Reg_From": "2026-01-05", "Reg_To": "2027-01-04", "ORIG_FID": 766}, "geometry": {"type": "Point", "coordinates": [78.467273, 18.841027]}}, {"type": "Feature", "properties": {"District": "Khammam", "Mandal": "Palwancha", "Company": "SHORAPUR LIMITED 46 AVENUE 4 KARVY HOUSE STREET NO 1 BANJARA HILLS TELANGANA", "Address": "SHORAPUR LIMITED 46 AVENUE 4 KARVY HOUSE STREET NO 1 BANJARA HILLS TELANGANA", "Mineral": "Feldspar", "MineralTyp": "QL", "SurveyNumb": "391/1/A", "LandType": "Govt.Land", "Production": 250000, "Dispatch": 250000, "ETS": 265000, "Notice": 15000, "Reg_From": "2026-02-03", "Reg_To": "2027-02-02", "ORIG_FID": 802}, "geometry": {"type": "Point", "coordinates": [80.629105, 17.73284]}}, {"type": "Feature", "properties": {"District": "Adilabad", "Mandal": "Bhainsa", "Company": "Siddhartha solutions 3568/215/g 1 RJHMGround floor shivanagar colonyhyderguda attapur Rajendranagarranga reddy", "Address": "Siddhartha solutions 3568/215/g 1 RJHMGround floor shivanagar colonyhyderguda attapur Rajendranagarranga reddy", "Mineral": "Feldspar", "MineralTyp": "QL", "SurveyNumb": "306", "LandType": "Govt.Land", "Production": 250000, "Dispatch": 250000, "ETS": 265000, "Notice": 15000, "Reg_From": "2026-02-16", "Reg_To": "2027-02-15", "ORIG_FID": 812}, "geometry": {"type": "Point", "coordinates": [77.93425, 19.133313]}}, {"type": "Feature", "properties": {"District": "Nizamabad", "Mandal": "Ranjal", "Company": "M/s. Access Ltd.", "Address": "M/s. Access Ltd. Plot No.104 Prashanthi Nagar I.E. Kukatpally", "Mineral": "Road Metal", "MineralTyp": "QL", "SurveyNumb": "11/P", "LandType": "Patta Land", "Production": 500000, "Dispatch": 500000, "ETS": 1000000, "Notice": 500000, "Reg_From": "2018-07-23", "Reg_To": "2020-07-22", "ORIG_FID": 1}, "geometry": {"type": "Point", "coordinates": [77.97064, 18.77193]}}, {"type": "Feature", "properties": {"District": "Adilabad", "Mandal": "Mudhole", "Company": "M/s. AKSHAYA (INDIA) PVT. LTD. Plot No. 60/C/E PhaseI IDA Jeedimetla", "Address": "M/s. AKSHAYA (INDIA) PVT. LTD. Plot No. 60/C/E PhaseI IDA Jeedimetla", "Mineral": "Road Metal", "MineralTyp": "QL", "SurveyNumb": "115", "LandType": "Govt.Land", "Production": 500000, "Dispatch": 500000, "ETS": 1000000, "Notice": 500000, "Reg_From": "2020-07-10", "Reg_To": "2022-07-09", "ORIG_FID": 3}, "geometry": {"type": "Point", "coordinates": [77.990671, 19.016488]}}, {"type": "Feature", "properties": {"District": "Adilabad", "Mandal": "Mudhole", "Company": "M/s. Amigo Energies #SCB#/PART Pedda Thokatta Hanuman Mandir Line Bowenpally Secunderabad", "Address": "M/s. Amigo Energies #SCB#/PART Pedda Thokatta Hanuman Mandir Line Bowenpally Secunderabad", "Mineral": "Road Metal", "MineralTyp": "QL", "SurveyNumb": "629/1", "LandType": "Govt.Land", "Production": 500000, "Dispatch": 500000, "ETS": 1000000, "Notice": 500000, "Reg_From": "2023-03-14", "Reg_To": "2024-03-13", "ORIG_FID": 4}, "geometry": {"type": "Point", "coordinates": [78.003364, 18.975127]}}, {"type": "Feature", "properties": {"District": "Adilabad", "Mandal": "Mudhole", "Company": "M/s. Analogics Tech India Limited Plot no:9/10Road no.6 Nacharam Industrial", "Address": "M/s. Analogics Tech India Limited Plot no:9/10Road no.6 Nacharam Industrial", "Mineral": "Road Metal", "MineralTyp": "QL", "SurveyNumb": "629/1", "LandType": "Govt.Land", "Production": 500000, "Dispatch": 500000, "ETS": 1000000, "Notice": 500000, "Reg_From": "2018-07-16", "Reg_To": "2020-07-15", "ORIG_FID": 5}, "geometry": {"type": "Point", "coordinates": [77.969694, 18.957368]}}, {"type": "Feature", "properties": {"District": "Nizamabad", "Mandal": "Makloor", "Company": "M/s. Argo Pvt. Ltd. #102 Plot No. 109 Sai Balaji Towers Patrika Nagar Hitech City Madhapur", "Address": "M/s. Argo Pvt. Ltd. #102 Plot No. 109 Sai Balaji Towers Patrika Nagar Hitech City Madhapur", "Mineral": "Road Metal", "MineralTyp": "QL", "SurveyNumb": "122/P", "LandType": "Govt.Land", "Production": 500000, "Dispatch": 500000, "ETS": 1000000, "Notice": 500000, "Reg_From": "2018-07-16", "Reg_To": "2020-07-15", "ORIG_FID": 6}, "geometry": {"type": "Point", "coordinates": [78.170317, 18.785932]}}, {"type": "Feature", "properties": {"District": "Nizamabad", "Mandal": "Armur", "Company": "M/s.Cosmo Integrated z Pvt. Ltd #12 Shiv Bagh Colony Ameerpet", "Address": "M/s.Cosmo Integrated z Pvt. Ltd #12 Shiv Bagh Colony Ameerpet", "Mineral": "Road Metal", "MineralTyp": "QL", "SurveyNumb": "205", "LandType": "Govt.Land", "Production": 500000, "Dispatch": 500000, "ETS": 1000000, "Notice": 500000, "Reg_From": "2018-07-10", "Reg_To": "2020-07-09", "ORIG_FID": 17}, "geometry": {"type": "Point", "coordinates": [78.283833, 18.837802]}}, {"type": "Feature", "properties": {"District": "Nizamabad", "Mandal": "Armur", "Company": "M/s. emug Energy Private Limited. H.No. 485/6 PMR Residency Brindavan Nagar Street No.8 Habsiguda", "Address": "M/s. emug Energy Private Limited. H.No. 485/6 PMR Residency Brindavan Nagar Street No.8 Habsiguda", "Mineral": "Road Metal", "MineralTyp": "QL", "SurveyNumb": "360", "LandType": "Patta Land", "Production": 500000, "Dispatch": 500000, "ETS": 1000000, "Notice": 500000, "Reg_From": "2024-01-27", "Reg_To": "2026-01-26", "ORIG_FID": 18}, "geometry": {"type": "Point", "coordinates": [78.279215, 18.825889]}}, {"type": "Feature", "properties": {"District": "Nizamabad", "Mandal": "Armur", "Company": "M/s. Future tech Instruments Pvt Ltd", "Address": "M/s. Future tech Instruments Pvt Ltd", "Mineral": "Road Metal", "MineralTyp": "QL", "SurveyNumb": "90", "LandType": "Patta Land", "Production": 500000, "Dispatch": 500000, "ETS": 1000000, "Notice": 500000, "Reg_From": "2018-07-16", "Reg_To": "2020-07-15", "ORIG_FID": 25}, "geometry": {"type": "Point", "coordinates": [78.30603, 18.842152]}}, {"type": "Feature", "properties": {"District": "Nizamabad", "Mandal": "Balkonda", "Company": "M/s.GVNL Heart Solutions Flat # 302 Sai Krupa Apartments Road # 36 beside Jubile Ridge Hotel Street Kavuri Hills Madhapur", "Address": "M/s.GVNL Heart Solutions Flat # 302 Sai Krupa Apartments Road # 36 beside Jubile Ridge Hotel Street Kavuri Hills Madhapur", "Mineral": "Road Metal", "MineralTyp": "QL", "SurveyNumb": "253/P", "LandType": "Patta Land", "Production": 500000, "Dispatch": 500000, "ETS": 1000000, "Notice": 500000, "Reg_From": "2018-07-23", "Reg_To": "2020-07-22", "ORIG_FID": 27}, "geometry": {"type": "Point", "coordinates": [78.358176, 18.839242]}}, {"type": "Feature", "properties": {"District": "Nizamabad", "Mandal": "Nizamabad", "Company": "M/s. Greentek India Pvt. Ltd. Plot No. 8 Lepakshi Colony West Marredpally Sec'bad Cont. Person: Sri S.P. Varma", "Address": "M/s. Greentek India Pvt. Ltd. Plot No. 8 Lepakshi Colony West Marredpally Sec'bad Cont. Person: Sri S.P. Varma", "Mineral": "Road Metal", "MineralTyp": "QL", "SurveyNumb": "431", "LandType": "Govt.Land", "Production": 500000, "Dispatch": 500000, "ETS": 1000000, "Notice": 500000, "Reg_From": "2023-07-16", "Reg_To": "2025-07-15", "ORIG_FID": 32}, "geometry": {"type": "Point", "coordinates": [78.109483, 18.613993]}}, {"type": "Feature", "properties": {"District": "Nizamabad", "Mandal": "Dichpalle", "Company": "M/s. Helios Services H.No. 82277/37 UBI Colony Road No. 03 Banjara Hills Cont. Person: Madhu Babu Kode", "Address": "M/s. Helios Services H.No. 82277/37 UBI Colony Road No. 03 Banjara Hills Cont. Person: Madhu Babu Kode", "Mineral": "Road Metal", "MineralTyp": "QL", "SurveyNumb": "431", "LandType": "Govt.Land", "Production": 500000, "Dispatch": 500000, "ETS": 1000000, "Notice": 500000, "Reg_From": "2024-02-29", "Reg_To": "2026-02-27", "ORIG_FID": 33}, "geometry": {"type": "Point", "coordinates": [78.197123, 18.60248]}}, {"type": "Feature", "properties": {"District": "Nizamabad", "Mandal": "Tadwai", "Company": "M/s. Akshaya Enterprises 4361/1/3 4361/1/44 Opp. New Bus stand Beside Nalanda College Adilabad", "Address": "M/s. Akshaya Enterprises 4361/1/3 4361/1/44 Opp. New Bus stand Beside Nalanda College Adilabad", "Mineral": "Road Metal", "MineralTyp": "QL", "SurveyNumb": "1109", "LandType": "Govt.Land", "Production": 500000, "Dispatch": 500000, "ETS": 1000000, "Notice": 500000, "Reg_From": "2024-03-13", "Reg_To": "2026-03-12", "ORIG_FID": 35}, "geometry": {"type": "Point", "coordinates": [78.215106, 18.26717]}}, {"type": "Feature", "properties": {"District": "Medak", "Mandal": "Shankarampet[A]", "Company": "M/s. Milestone com Pvt. Ltd. #82686/9/6 Plot No. 56 Park View EnclaveRoad No.12 Banjara Hills", "Address": "M/s. Milestone com Pvt. Ltd. #82686/9/6 Plot No. 56 Park View EnclaveRoad No.12 Banjara Hills", "Mineral": "Road Metal", "MineralTyp": "QL", "SurveyNumb": "214", "LandType": "Govt.Land", "Production": 500000, "Dispatch": 500000, "ETS": 1000000, "Notice": 500000, "Reg_From": "2022-07-26", "Reg_To": "2024-07-25", "ORIG_FID": 39}, "geometry": {"type": "Point", "coordinates": [77.894709, 18.017895]}}, {"type": "Feature", "properties": {"District": "Medak", "Mandal": "Shankarampet[A]", "Company": "M/s. Mitra Greentech Pvt. Ltd. 1213399 Street 1 Lane 4 Tarnaka Secuderabad", "Address": "M/s. Mitra Greentech Pvt. Ltd. 1213399 Street 1 Lane 4 Tarnaka Secuderabad", "Mineral": "Road Metal", "MineralTyp": "QL", "SurveyNumb": "214", "LandType": "Govt.Land", "Production": 500000, "Dispatch": 500000, "ETS": 1000000, "Notice": 500000, "Reg_From": "2020-07-23", "Reg_To": "2022-07-22", "ORIG_FID": 40}, "geometry": {"type": "Point", "coordinates": [77.917086, 18.044749]}}, {"type": "Feature", "properties": {"District": "Medak", "Mandal": "Pulkal", "Company": "M/s. ORB Energy Pvt. Ltd. 95 Digital Park Road 2nd StageYeshwanthapura Bengalore", "Address": "M/s. ORB Energy Pvt. Ltd. 95 Digital Park Road 2nd StageYeshwanthapura Bengalore", "Mineral": "Road Metal", "MineralTyp": "QL", "SurveyNumb": "169", "LandType": "Govt.Land", "Production": 500000, "Dispatch": 500000, "ETS": 1000000, "Notice": 500000, "Reg_From": "2018-07-10", "Reg_To": "2020-07-09", "ORIG_FID": 43}, "geometry": {"type": "Point", "coordinates": [77.957106, 17.7607]}}, {"type": "Feature", "properties": {"District": "Medak", "Mandal": "Pulkal", "Company": "M/s. PLS Green P. Ltd. 202 2nd Floor Krishna Kunj 30Navyug Society V.M.Road J.V.P.D. Vile Parle (West) Mumbai City Mh Hyd. Br. Office: M/s. PLS Green P. Ltd. Podicheru Anajpuram Mothkur (M) Nalgonda Dist.", "Address": "M/s. PLS Green P. Ltd. 202 2nd Floor Krishna Kunj 30Navyug Society V.M.Road J.V.P.D. Vile Parle (West) Mumbai City Mh Hyd. Br. Office: M/s. PLS Green P. Ltd. Podicheru Anajpuram Mothkur (M) Nalgonda Dist.", "Mineral": "Road Metal", "MineralTyp": "QL", "SurveyNumb": "169", "LandType": "Govt.Land", "Production": 500000, "Dispatch": 500000, "ETS": 1000000, "Notice": 500000, "Reg_From": "2020-07-01", "Reg_To": "2021-06-30", "ORIG_FID": 44}, "geometry": {"type": "Point", "coordinates": [77.996851, 17.762802]}}, {"type": "Feature", "properties": {"District": "Medak", "Mandal": "Pulkal", "Company": "M/s. Pavanasuta Renewable Energy Pvt. Ltd. C4 Stone Valley Apartments Road No. 4 Banjara Hills", "Address": "M/s. Pavanasuta Renewable Energy Pvt. Ltd. C4 Stone Valley Apartments Road No. 4 Banjara Hills", "Mineral": "Road Metal", "MineralTyp": "QL", "SurveyNumb": "105/1", "LandType": "Govt.Land", "Production": 500000, "Dispatch": 500000, "ETS": 1000000, "Notice": 500000, "Reg_From": "2024-03-19", "Reg_To": "2026-03-18", "ORIG_FID": 45}, "geometry": {"type": "Point", "coordinates": [77.962897, 17.773455]}}, {"type": "Feature", "properties": {"District": "Nizamabad", "Mandal": "Sirkonda", "Company": "M/s. One Micro Systems (P) Ltd F # 106 Riviera Apartment Dwarakapuricolony Panjagutta Head Office: GF3/F12 KSSIC Building Vcross I Stage Peenya Industrial Estate Bangalore", "Address": "M/s. One Micro Systems (P) Ltd F # 106 Riviera Apartment Dwarakapuricolony Panjagutta Head Office: GF3/F12 KSSIC Building Vcross I Stage Peenya Industrial Estate Bangalore", "Mineral": "Road Metal", "MineralTyp": "QL", "SurveyNumb": "402/1", "LandType": "Govt.Land", "Production": 500000, "Dispatch": 500000, "ETS": 1000000, "Notice": 500000, "Reg_From": "2018-07-10", "Reg_To": "2020-07-09", "ORIG_FID": 46}, "geometry": {"type": "Point", "coordinates": [78.576607, 18.60163]}}, {"type": "Feature", "properties": {"District": "Medak", "Mandal": "Alladurg", "Company": "M/s. Premier Energies Limited 8th Floor Orbit Tower 1 Sy. No. 83/1 Knowledge City TSIIC Raidurgam", "Address": "M/s. Premier Energies Limited 8th Floor Orbit Tower 1 Sy. No. 83/1 Knowledge City TSIIC Raidurgam", "Mineral": "Road Metal", "MineralTyp": "QL", "SurveyNumb": "1475/2", "LandType": "Govt.Land", "Production": 500000, "Dispatch": 500000, "ETS": 1000000, "Notice": 500000, "Reg_From": "2024-09-17", "Reg_To": "2026-09-16", "ORIG_FID": 47}, "geometry": {"type": "Point", "coordinates": [77.945808, 17.921589]}}, {"type": "Feature", "properties": {"District": "Medak", "Mandal": "Alladurg", "Company": "M/s.R R Soura Shakti Private Limited 198199Vinuthna Colony Vanas\u0002thalipuram", "Address": "M/s.R R Soura Shakti Private Limited 198199Vinuthna Colony Vanas\u0002thalipuram", "Mineral": "Road Metal", "MineralTyp": "QL", "SurveyNumb": "591/1", "LandType": "Govt.Land", "Production": 500000, "Dispatch": 500000, "ETS": 1000000, "Notice": 500000, "Reg_From": "2024-03-18", "Reg_To": "2025-03-17", "ORIG_FID": 48}, "geometry": {"type": "Point", "coordinates": [77.966733, 17.917799]}}, {"type": "Feature", "properties": {"District": "Medak", "Mandal": "Sadasivpet", "Company": "M/s. Rajdeep Energies Pvt. Ltd. Survey No. 4126/9 Gowdavally VillageMedchal to Miyapur BI Pass Road Near Ayodhya Junction Medchal", "Address": "M/s. Rajdeep Energies Pvt. Ltd. Survey No. 4126/9 Gowdavally VillageMedchal to Miyapur BI Pass Road Near Ayodhya Junction Medchal", "Mineral": "Road Metal", "MineralTyp": "QL", "SurveyNumb": "56/A", "LandType": "Patta Land", "Production": 500000, "Dispatch": 500000, "ETS": 1000000, "Notice": 500000, "Reg_From": "2018-07-16", "Reg_To": "2020-07-15", "ORIG_FID": 49}, "geometry": {"type": "Point", "coordinates": [77.949146, 17.642056]}}, {"type": "Feature", "properties": {"District": "Medak", "Mandal": "Sadasivpet", "Company": "M/s. Rays Technologies H.No. 23528/C/15/B Near Ramanthapur TV Studio", "Address": "M/s. Rays Technologies H.No. 23528/C/15/B Near Ramanthapur TV Studio", "Mineral": "Road Metal", "MineralTyp": "QL", "SurveyNumb": "23", "LandType": "Patta Land", "Production": 500000, "Dispatch": 500000, "ETS": 1000000, "Notice": 500000, "Reg_From": "2019-08-01", "Reg_To": "2020-07-31", "ORIG_FID": 50}, "geometry": {"type": "Point", "coordinates": [77.92843, 17.673082]}}, {"type": "Feature", "properties": {"District": "Medak", "Mandal": "Sadasivpet", "Company": "M/s. Rohan Infra Plot No.97 to 302 Kamala Nagar Colony Next to DRS School Gundlapochampally (V) Medchal (M)", "Address": "M/s. Rohan Infra Plot No.97 to 302 Kamala Nagar Colony Next to DRS School Gundlapochampally (V) Medchal (M)", "Mineral": "Road Metal", "MineralTyp": "QL", "SurveyNumb": "20", "LandType": "Patta Land", "Production": 500000, "Dispatch": 500000, "ETS": 1000000, "Notice": 500000, "Reg_From": "2018-07-10", "Reg_To": "2020-07-09", "ORIG_FID": 51}, "geometry": {"type": "Point", "coordinates": [77.973002, 17.68804]}}, {"type": "Feature", "properties": {"District": "Karimnagar", "Mandal": "Julapalle", "Company": "M/s. S Cube Energy & Infra Pvt. Ltd. LIGB273 Beside Bajaj Electronics Lane Dr. A.S. Rao Nagar", "Address": "M/s. S Cube Energy & Infra Pvt. Ltd. LIGB273 Beside Bajaj Electronics Lane Dr. A.S. Rao Nagar", "Mineral": "Road Metal", "MineralTyp": "QL", "SurveyNumb": "373", "LandType": "Govt.Land", "Production": 500000, "Dispatch": 500000, "ETS": 1000000, "Notice": 500000, "Reg_From": "2024-05-31", "Reg_To": "2026-05-30", "ORIG_FID": 52}, "geometry": {"type": "Point", "coordinates": [79.234514, 18.619551]}}, {"type": "Feature", "properties": {"District": "Karimnagar", "Mandal": "Julapalle", "Company": "M/s. Sai Babuji Projects Pvt. Ltd. 16 IDA Balanagar 500037Tel No. 040 23078614 23", "Address": "M/s. Sai Babuji Projects Pvt. Ltd. 16 IDA Balanagar 500037Tel No. 040 23078614 23", "Mineral": "Road Metal", "MineralTyp": "QL", "SurveyNumb": "43/2", "LandType": "Govt.Land", "Production": 500000, "Dispatch": 500000, "ETS": 1000000, "Notice": 500000, "Reg_From": "2025-12-07", "Reg_To": "2027-12-06", "ORIG_FID": 55}, "geometry": {"type": "Point", "coordinates": [79.289642, 18.631128]}}, {"type": "Feature", "properties": {"District": "Medak", "Mandal": "Kondapur", "Company": "M/s. Sai Systems & Inverter Distributors #51449 Yellandu \u2018X\u2019 Road Near II Town Police Station Khammam.", "Address": "M/s. Sai Systems & Inverter Distributors #51449 Yellandu \u2018X\u2019 Road Near II Town Police Station Khammam.", "Mineral": "Road Metal", "MineralTyp": "QL", "SurveyNumb": "169/P", "LandType": "Govt.Land", "Production": 500000, "Dispatch": 500000, "ETS": 1000000, "Notice": 500000, "Reg_From": "2024-02-29", "Reg_To": "2026-02-27", "ORIG_FID": 56}, "geometry": {"type": "Point", "coordinates": [78.039383, 17.572786]}}, {"type": "Feature", "properties": {"District": "Karimnagar", "Mandal": "Peddapalle", "Company": "M/s. Samraj Industries 35242/1 Krishna Nagar Moula Ali", "Address": "M/s. Samraj Industries 35242/1 Krishna Nagar Moula Ali", "Mineral": "Road Metal", "MineralTyp": "QL", "SurveyNumb": "530", "LandType": "Govt.Land", "Production": 500000, "Dispatch": 500000, "ETS": 1000000, "Notice": 500000, "Reg_From": "2022-07-10", "Reg_To": "2024-07-09", "ORIG_FID": 57}, "geometry": {"type": "Point", "coordinates": [79.318185, 18.640501]}}, {"type": "Feature", "properties": {"District": "Adilabad", "Mandal": "Khanapur1", "Company": "M/s. Seven Star Enterprises H. No. 17195/1/1/B Road No. 1 Srinagar Colony Suryapet Dist. Suryapet", "Address": "M/s. Seven Star Enterprises H. No. 17195/1/1/B Road No. 1 Srinagar Colony Suryapet Dist. Suryapet", "Mineral": "Road Metal", "MineralTyp": "QL", "SurveyNumb": "485/8 to 485/12", "LandType": "Patta Land", "Production": 500000, "Dispatch": 500000, "ETS": 1000000, "Notice": 500000, "Reg_From": "2025-02-11", "Reg_To": "2027-02-10", "ORIG_FID": 58}, "geometry": {"type": "Point", "coordinates": [78.568059, 19.143619]}}, {"type": "Feature", "properties": {"District": "Adilabad", "Mandal": "Khanapur1", "Company": "M/s. Idea Pvt. Ltd. # 82277/A/7 Plot No. 126 Road No. 2 Banjara Hills", "Address": "M/s. Idea Pvt. Ltd. # 82277/A/7 Plot No. 126 Road No. 2 Banjara Hills", "Mineral": "Road Metal", "MineralTyp": "QL", "SurveyNumb": "244", "LandType": "Govt.Land", "Production": 500000, "Dispatch": 500000, "ETS": 1000000, "Notice": 500000, "Reg_From": "2022-09-01", "Reg_To": "2024-08-31", "ORIG_FID": 60}, "geometry": {"type": "Point", "coordinates": [78.529064, 19.144573]}}, {"type": "Feature", "properties": {"District": "Karimnagar", "Mandal": "Dharmaram", "Company": "M/s. Sri Sai Energy Systems H. No. 2/239 Main Road Opp: Police Station Kalluru .Khammam Dist.", "Address": "M/s. Sri Sai Energy Systems H. No. 2/239 Main Road Opp: Police Station Kalluru .Khammam Dist.", "Mineral": "Road Metal", "MineralTyp": "QL", "SurveyNumb": "75 & 105", "LandType": "Govt.Land", "Production": 500000, "Dispatch": 500000, "ETS": 1000000, "Notice": 500000, "Reg_From": "2024-02-20", "Reg_To": "2025-02-19", "ORIG_FID": 65}, "geometry": {"type": "Point", "coordinates": [79.175349, 18.689821]}}, {"type": "Feature", "properties": {"District": "Karimnagar", "Mandal": "Ramagundam", "Company": "M/s. Sri Sai Systems Regd. SRT 776 Industrial Housing Colony Beside Mee Seva Sanathnagar", "Address": "M/s. Sri Sai Systems Regd. SRT 776 Industrial Housing Colony Beside Mee Seva Sanathnagar", "Mineral": "Road Metal", "MineralTyp": "QL", "SurveyNumb": "737", "LandType": "Govt.Land", "Production": 500000, "Dispatch": 500000, "ETS": 1000000, "Notice": 500000, "Reg_From": "2024-07-10", "Reg_To": "2026-07-09", "ORIG_FID": 66}, "geometry": {"type": "Point", "coordinates": [79.524788, 18.678766]}}, {"type": "Feature", "properties": {"District": "Karimnagar", "Mandal": "Dharmaram", "Company": "M/s. Sun Shakthhi Systems Plot No. 179/P Ramreddy Nagar IDA Jeedimetla Medchal. Tel. No. 040 29", "Address": "M/s. Sun Shakthhi Systems Plot No. 179/P Ramreddy Nagar IDA Jeedimetla Medchal. Tel. No. 040 29", "Mineral": "Road Metal", "MineralTyp": "QL", "SurveyNumb": "21", "LandType": "Govt.Land", "Production": 500000, "Dispatch": 500000, "ETS": 1000000, "Notice": 500000, "Reg_From": "2018-07-23", "Reg_To": "2020-07-22", "ORIG_FID": 69}, "geometry": {"type": "Point", "coordinates": [79.263427, 18.749281]}}, {"type": "Feature", "properties": {"District": "Karimnagar", "Mandal": "Ramagundam", "Company": "M/s.Sunergy Technologies", "Address": "M/s.Sunergy Technologies", "Mineral": "Road Metal", "MineralTyp": "QL", "SurveyNumb": "441", "LandType": "Govt.Land", "Production": 500000, "Dispatch": 500000, "ETS": 1000000, "Notice": 500000, "Reg_From": "2018-07-10", "Reg_To": "2020-07-09", "ORIG_FID": 73}, "geometry": {"type": "Point", "coordinates": [79.503637, 18.726514]}}, {"type": "Feature", "properties": {"District": "Karimnagar", "Mandal": "Velgatoor", "Company": "M/s. Techser Solutions Pvt. Ltd. No.2 1st floor Laxminagar Near Wellington Road Picket Secunderabad", "Address": "M/s. Techser Solutions Pvt. Ltd. No.2 1st floor Laxminagar Near Wellington Road Picket Secunderabad", "Mineral": "Road Metal", "MineralTyp": "QL", "SurveyNumb": "280", "LandType": "Govt.Land", "Production": 500000, "Dispatch": 500000, "ETS": 1000000, "Notice": 500000, "Reg_From": "2018-07-10", "Reg_To": "2020-07-09", "ORIG_FID": 80}, "geometry": {"type": "Point", "coordinates": [79.163239, 18.799939]}}, {"type": "Feature", "properties": {"District": "Karimnagar", "Mandal": "Velgatoor", "Company": "M/s. Uniscan Systems # 203 Jelwel Residency Teachers Colony East Marredpally Secunderabad", "Address": "M/s. Uniscan Systems # 203 Jelwel Residency Teachers Colony East Marredpally Secunderabad", "Mineral": "Road Metal", "MineralTyp": "QL", "SurveyNumb": "85", "LandType": "Govt.Land", "Production": 500000, "Dispatch": 500000, "ETS": 1000000, "Notice": 500000, "Reg_From": "2024-07-26", "Reg_To": "2026-07-25", "ORIG_FID": 83}, "geometry": {"type": "Point", "coordinates": [79.268092, 18.80923]}}, {"type": "Feature", "properties": {"District": "Karimnagar", "Mandal": "Konaraopeta", "Company": "M/s. Big G Solutions # 513/5 Sangeeth Nagar Kukatpally Cont. Person: Sri L.Amarendra", "Address": "M/s. Big G Solutions # 513/5 Sangeeth Nagar Kukatpally Cont. Person: Sri L.Amarendra", "Mineral": "Road Metal", "MineralTyp": "QL", "SurveyNumb": "29/2", "LandType": "Govt.Land", "Production": 500000, "Dispatch": 500000, "ETS": 1000000, "Notice": 500000, "Reg_From": "2019-06-25", "Reg_To": "2021-06-24", "ORIG_FID": 89}, "geometry": {"type": "Point", "coordinates": [78.643494, 18.564136]}}, {"type": "Feature", "properties": {"District": "Karimnagar", "Mandal": "Chandurthi", "Company": "M/s. sol # 81393/PM/338 Flat # 201 Tahani Enclave Paramount ColonyTolichowki", "Address": "M/s. sol # 81393/PM/338 Flat # 201 Tahani Enclave Paramount ColonyTolichowki", "Mineral": "Road Metal", "MineralTyp": "QL", "SurveyNumb": "32", "LandType": "Govt.Land", "Production": 500000, "Dispatch": 500000, "ETS": 1000000, "Notice": 500000, "Reg_From": "2019-09-13", "Reg_To": "2021-09-12", "ORIG_FID": 92}, "geometry": {"type": "Point", "coordinates": [78.737652, 18.586178]}}, {"type": "Feature", "properties": {"District": "Karimnagar", "Mandal": "Ellanthakunta", "Company": "M/s. RAYWIN Energy Pvt. Ltd. Sy. No. 225 Bahadurpally Jeedimetla Road Medchal Dist.", "Address": "M/s. RAYWIN Energy Pvt. Ltd. Sy. No. 225 Bahadurpally Jeedimetla Road Medchal Dist.", "Mineral": "Road Metal", "MineralTyp": "QL", "SurveyNumb": "228", "LandType": "Govt.Land", "Production": 500000, "Dispatch": 500000, "ETS": 1000000, "Notice": 500000, "Reg_From": "2019-06-01", "Reg_To": "2021-05-31", "ORIG_FID": 105}, "geometry": {"type": "Point", "coordinates": [78.896152, 18.284969]}}, {"type": "Feature", "properties": {"District": "Karimnagar", "Mandal": "Mustabad", "Company": "M/s. Purna Enterprises # /1 Near Gopdaswamy TempleMG Road Warangal", "Address": "M/s. Purna Enterprises # /1 Near Gopdaswamy TempleMG Road Warangal", "Mineral": "Road Metal", "MineralTyp": "QL", "SurveyNumb": "319", "LandType": "Govt.Land", "Production": 500000, "Dispatch": 500000, "ETS": 1000000, "Notice": 500000, "Reg_From": "2020-08-20", "Reg_To": "2022-08-19", "ORIG_FID": 106}, "geometry": {"type": "Point", "coordinates": [78.757369, 18.291501]}}, {"type": "Feature", "properties": {"District": "Karimnagar", "Mandal": "Sircilla", "Company": "M/s.HBL Systems Ltd", "Address": "M/s.HBL Systems Ltd", "Mineral": "Road Metal", "MineralTyp": "QL", "SurveyNumb": "350", "LandType": "Govt.Land", "Production": 500000, "Dispatch": 500000, "ETS": 1000000, "Notice": 500000, "Reg_From": "2018-07-16", "Reg_To": "2020-07-15", "ORIG_FID": 110}, "geometry": {"type": "Point", "coordinates": [78.829364, 18.30336]}}, {"type": "Feature", "properties": {"District": "Karimnagar", "Mandal": "Mustabad", "Company": "M/s. MITTALS GREEN Energy Private Limited 2ND FLOOR 4615 Ansal Plaza Vaishali Ghaziabad Uttar Pradesh Cont. Person: Mr. Mayank Kapoor Cont. person: Mr. Rahul Kumar", "Address": "M/s. MITTALS GREEN Energy Private Limited 2ND FLOOR 4615 Ansal Plaza Vaishali Ghaziabad Uttar Pradesh Cont. Person: Mr. Mayank Kapoor Cont. person: Mr. Rahul Kumar", "Mineral": "Road Metal", "MineralTyp": "QL", "SurveyNumb": "319", "LandType": "Govt.Land", "Production": 500000, "Dispatch": 500000, "ETS": 1000000, "Notice": 500000, "Reg_From": "2019-12-03", "Reg_To": "2021-12-02", "ORIG_FID": 111}, "geometry": {"type": "Point", "coordinates": [78.750961, 18.319881]}}, {"type": "Feature", "properties": {"District": "Karimnagar", "Mandal": "Sircilla", "Company": "M/s. Photon Energy Systems Pvt Ltd Plot No. 46 Anrich Estate IDA Bollaram Sangareddy", "Address": "M/s. Photon Energy Systems Pvt Ltd Plot No. 46 Anrich Estate IDA Bollaram Sangareddy", "Mineral": "Road Metal", "MineralTyp": "QL", "SurveyNumb": "202", "LandType": "Govt.Land", "Production": 500000, "Dispatch": 500000, "ETS": 1000000, "Notice": 500000, "Reg_From": "2024-10-15", "Reg_To": "2026-10-14", "ORIG_FID": 112}, "geometry": {"type": "Point", "coordinates": [78.806503, 18.346659]}}, {"type": "Feature", "properties": {"District": "Karimnagar", "Mandal": "Ibrahimpatnam1", "Company": "M/s. Stanley Black & Decker India Pvt. Ltd. Groworks Kapil Towers 4th Floor Opp. ICICI Bank ISB Road Financial District Gachibowli . Cont. Person: Sri G. Dinesh", "Address": "M/s. Stanley Black & Decker India Pvt. Ltd. Groworks Kapil Towers 4th Floor Opp. ICICI Bank ISB Road Financial District Gachibowli . Cont. Person: Sri G. Dinesh", "Mineral": "Road Metal", "MineralTyp": "QL", "SurveyNumb": "202", "LandType": "Govt.Land", "Production": 500000, "Dispatch": 500000, "ETS": 1000000, "Notice": 500000, "Reg_From": "2019-08-26", "Reg_To": "2021-08-25", "ORIG_FID": 113}, "geometry": {"type": "Point", "coordinates": [78.578946, 18.81621]}}, {"type": "Feature", "properties": {"District": "Karimnagar", "Mandal": "Koratla", "Company": "M/s. ABS Renew Pvt. Ltd. ABS House 'W' 116A TTC Industrial Area Khairane MIDC Thane Belapur Road Kopor Khairane Navi Mumbai . Cont. Person: Mr. Eshwar Pisalkar", "Address": "M/s. ABS Renew Pvt. Ltd. ABS House 'W' 116A TTC Industrial Area Khairane MIDC Thane Belapur Road Kopor Khairane Navi Mumbai . Cont. Person: Mr. Eshwar Pisalkar", "Mineral": "Road Metal", "MineralTyp": "QL", "SurveyNumb": "202", "LandType": "Govt.Land", "Production": 500000, "Dispatch": 500000, "ETS": 1000000, "Notice": 500000, "Reg_From": "2019-09-09", "Reg_To": "2021-09-08", "ORIG_FID": 114}, "geometry": {"type": "Point", "coordinates": [78.726844, 18.820862]}}, {"type": "Feature", "properties": {"District": "Karimnagar", "Mandal": "Metpalle", "Company": "M/s. Cube Fore Solutions Pvt. Ltd # 38195/1 Suryodhaya Colony Monsorabad LB Nagar Near Kamineni Hospital", "Address": "M/s. Cube Fore Solutions Pvt. Ltd # 38195/1 Suryodhaya Colony Monsorabad LB Nagar Near Kamineni Hospital", "Mineral": "Road Metal", "MineralTyp": "QL", "SurveyNumb": "46/1", "LandType": "Govt.Land", "Production": 500000, "Dispatch": 500000, "ETS": 1000000, "Notice": 500000, "Reg_From": "2019-09-13", "Reg_To": "2021-09-12", "ORIG_FID": 115}, "geometry": {"type": "Point", "coordinates": [78.64115, 18.817458]}}, {"type": "Feature", "properties": {"District": "Karimnagar", "Mandal": "Medipalle", "Company": "M/s. Mahathi Engineering Industries Pvt. Ltd. 17A 1st Floor Plot No. 106 Nirmala Kubera Heights Peerzadiguda", "Address": "M/s. Mahathi Engineering Industries Pvt. Ltd. 17A 1st Floor Plot No. 106 Nirmala Kubera Heights Peerzadiguda", "Mineral": "Road Metal", "MineralTyp": "QL", "SurveyNumb": "350", "LandType": "Govt.Land", "Production": 500000, "Dispatch": 500000, "ETS": 1000000, "Notice": 500000, "Reg_From": "2019-05-01", "Reg_To": "2021-04-30", "ORIG_FID": 122}, "geometry": {"type": "Point", "coordinates": [78.816807, 18.841705]}}, {"type": "Feature", "properties": {"District": "Medak", "Mandal": "Medak", "Company": "M/s. Suchitra Infra Private Limited H.No. 43243 Old Bhoiguda R.P. Road Secunderabad", "Address": "M/s. Suchitra Infra Private Limited H.No. 43243 Old Bhoiguda R.P. Road Secunderabad", "Mineral": "Road Metal", "MineralTyp": "QL", "SurveyNumb": "384", "LandType": "Govt.Land", "Production": 500000, "Dispatch": 500000, "ETS": 1000000, "Notice": 500000, "Reg_From": "2019-05-01", "Reg_To": "2020-04-30", "ORIG_FID": 124}, "geometry": {"type": "Point", "coordinates": [78.215696, 18.132779]}}, {"type": "Feature", "properties": {"District": "Medak", "Mandal": "Ramayampet", "Company": "M/s. Nova Solution # 104 Surya Enclave Rd. No.3 Trimulgherry Secunderabad Cont. Person: Jhon William", "Address": "M/s. Nova Solution # 104 Surya Enclave Rd. No.3 Trimulgherry Secunderabad Cont. Person: Jhon William", "Mineral": "Road Metal", "MineralTyp": "QL", "SurveyNumb": "142", "LandType": "Govt.Land", "Production": 500000, "Dispatch": 500000, "ETS": 1000000, "Notice": 500000, "Reg_From": "2024-09-16", "Reg_To": "2026-09-15", "ORIG_FID": 126}, "geometry": {"type": "Point", "coordinates": [78.463825, 18.114005]}}, {"type": "Feature", "properties": {"District": "Medak", "Mandal": "Medak", "Company": "M/s. ASUM Energy In Reg Office. /33 F.No. 303 Swathi Heaven Apartments Revenue Board Colony Gaddiannaram Malakpet", "Address": "M/s. ASUM Energy In Reg Office. /33 F.No. 303 Swathi Heaven Apartments Revenue Board Colony Gaddiannaram Malakpet", "Mineral": "Road Metal", "MineralTyp": "QL", "SurveyNumb": "384", "LandType": "Govt.Land", "Production": 500000, "Dispatch": 500000, "ETS": 1000000, "Notice": 500000, "Reg_From": "2024-09-16", "Reg_To": "2026-09-15", "ORIG_FID": 127}, "geometry": {"type": "Point", "coordinates": [78.282726, 18.095364]}}, {"type": "Feature", "properties": {"District": "Medak", "Mandal": "Ramayampet", "Company": "M/s. Freyr Energy Services Pvt. Ltd. Spaces & More Business Park Unit # E on the Fifth Floor Plot No. 48&49Lumbini Layout Bio Diversity Gachibowli Serilingampalli", "Address": "M/s. Freyr Energy Services Pvt. Ltd. Spaces & More Business Park Unit # E on the Fifth Floor Plot No. 48&49Lumbini Layout Bio Diversity Gachibowli Serilingampalli", "Mineral": "Road Metal", "MineralTyp": "QL", "SurveyNumb": "477", "LandType": "Govt.Land", "Production": 500000, "Dispatch": 500000, "ETS": 1000000, "Notice": 500000, "Reg_From": "2024-07-10", "Reg_To": "2026-07-09", "ORIG_FID": 128}, "geometry": {"type": "Point", "coordinates": [78.393356, 18.095634]}}, {"type": "Feature", "properties": {"District": "Medak", "Mandal": "Medak", "Company": "M/s. Kapil and Infra Pvt. Ltd. 14th Floor Kapil Towers Financial District Nanakramguda Gachibowli Cont. Person: Sri M.A. Khader", "Address": "M/s. Kapil and Infra Pvt. Ltd. 14th Floor Kapil Towers Financial District Nanakramguda Gachibowli Cont. Person: Sri M.A. Khader", "Mineral": "Road Metal", "MineralTyp": "QL", "SurveyNumb": "308", "LandType": "Govt.Land", "Production": 500000, "Dispatch": 500000, "ETS": 1000000, "Notice": 500000, "Reg_From": "2023-05-01", "Reg_To": "2025-04-30", "ORIG_FID": 129}, "geometry": {"type": "Point", "coordinates": [78.356083, 18.083414]}}, {"type": "Feature", "properties": {"District": "Nalgonda", "Mandal": "Mothkur", "Company": "M/s. Satya Enterprises #367/18/N Plot No.18/P Lane Between Runway9 & BIG Bazar Kompally", "Address": "M/s. Satya Enterprises #367/18/N Plot No.18/P Lane Between Runway9 & BIG Bazar Kompally", "Mineral": "Road Metal", "MineralTyp": "QL", "SurveyNumb": "245", "LandType": "Govt.Land", "Production": 500000, "Dispatch": 500000, "ETS": 1000000, "Notice": 500000, "Reg_From": "2025-02-01", "Reg_To": "2027-01-31", "ORIG_FID": 134}, "geometry": {"type": "Point", "coordinates": [79.39056, 17.423574]}}, {"type": "Feature", "properties": {"District": "Nalgonda", "Mandal": "Sali Gouraram", "Company": "M/s. Chethna Constructions 17925/1 Ramnagar Musheerabad", "Address": "M/s. Chethna Constructions 17925/1 Ramnagar Musheerabad", "Mineral": "Road Metal", "MineralTyp": "QL", "SurveyNumb": "2", "LandType": "Govt.Land", "Production": 400000, "Dispatch": 400000, "ETS": 600000, "Notice": 200000, "Reg_From": "2020-10-21", "Reg_To": "2021-10-20", "ORIG_FID": 135}, "geometry": {"type": "Point", "coordinates": [79.433563, 17.261456]}}, {"type": "Feature", "properties": {"District": "Nalgonda", "Mandal": "Mothkur", "Company": "M/s. Kehansri Technologies and Services Private Limited # 402 Usha Arun Complex Road No.13 Banjara Hills \u2013", "Address": "M/s. Kehansri Technologies and Services Private Limited # 402 Usha Arun Complex Road No.13 Banjara Hills \u2013", "Mineral": "Road Metal", "MineralTyp": "QL", "SurveyNumb": "278/P", "LandType": "Govt.Land", "Production": 400000, "Dispatch": 400000, "ETS": 600000, "Notice": 200000, "Reg_From": "2022-11-19", "Reg_To": "2024-11-18", "ORIG_FID": 137}, "geometry": {"type": "Point", "coordinates": [79.264473, 17.458682]}}, {"type": "Feature", "properties": {"District": "Nalgonda", "Mandal": "Pochampalle", "Company": "M/s. Ganco Energy (India) Pvt Ltd Door No. /2 Kaligotlavari Street China Bazar Bheemunipatnam Visakhapatnam Andhrapradesh \u2013", "Address": "M/s. Ganco Energy (India) Pvt Ltd Door No. /2 Kaligotlavari Street China Bazar Bheemunipatnam Visakhapatnam Andhrapradesh \u2013", "Mineral": "Road Metal", "MineralTyp": "QL", "SurveyNumb": "1138", "LandType": "Govt.Land", "Production": 400000, "Dispatch": 400000, "ETS": 600000, "Notice": 200000, "Reg_From": "2020-11-25", "Reg_To": "2021-11-24", "ORIG_FID": 143}, "geometry": {"type": "Point", "coordinates": [78.833539, 17.362958]}}, {"type": "Feature", "properties": {"District": "Adilabad", "Mandal": "Nennal", "Company": "M/s. Sunnet Energy Solutions H.No. F.r. Balaiah Nagar Old Alwal Secunderabad", "Address": "M/s. Sunnet Energy Solutions H.No. F.r. Balaiah Nagar Old Alwal Secunderabad", "Mineral": "Road Metal", "MineralTyp": "QL", "SurveyNumb": "1138", "LandType": "Govt.Land", "Production": 400000, "Dispatch": 400000, "ETS": 600000, "Notice": 200000, "Reg_From": "2020-11-25", "Reg_To": "2021-11-24", "ORIG_FID": 144}, "geometry": {"type": "Point", "coordinates": [79.53448, 18.97364]}}, {"type": "Feature", "properties": {"District": "Adilabad", "Mandal": "Mandamarri", "Company": "M/s. Asthra Projects LIG 13329 HMTV Road Dr. A.S. Rao Nagar ECIL Post", "Address": "M/s. Asthra Projects LIG 13329 HMTV Road Dr. A.S. Rao Nagar ECIL Post", "Mineral": "Road Metal", "MineralTyp": "QL", "SurveyNumb": "1138", "LandType": "Govt.Land", "Production": 400000, "Dispatch": 400000, "ETS": 600000, "Notice": 200000, "Reg_From": "2024-04-08", "Reg_To": "2026-04-07", "ORIG_FID": 145}, "geometry": {"type": "Point", "coordinates": [79.473154, 18.969166]}}, {"type": "Feature", "properties": {"District": "Adilabad", "Mandal": "Mandamarri", "Company": "M/s. Sirius Energy Systems Pvt. Ltd. Regd. Office: H. No. 3635/14 Plot No. 454 Vivekananda Nagar Colony Kukatpally", "Address": "M/s. Sirius Energy Systems Pvt. Ltd. Regd. Office: H. No. 3635/14 Plot No. 454 Vivekananda Nagar Colony Kukatpally", "Mineral": "Road Metal", "MineralTyp": "QL", "SurveyNumb": "46/2", "LandType": "Govt.Land", "Production": 400000, "Dispatch": 400000, "ETS": 600000, "Notice": 200000, "Reg_From": "2024-07-23", "Reg_To": "2026-07-22", "ORIG_FID": 146}, "geometry": {"type": "Point", "coordinates": [79.519804, 18.96292]}}, {"type": "Feature", "properties": {"District": "Adilabad", "Mandal": "Mandamarri", "Company": "M/s. GJS Infratech Pvt. Ltd. Venkoti Building Plot No. 809 Ayyapa Soceity Hitech City Madhapur", "Address": "M/s. GJS Infratech Pvt. Ltd. Venkoti Building Plot No. 809 Ayyapa Soceity Hitech City Madhapur", "Mineral": "Road Metal", "MineralTyp": "QL", "SurveyNumb": "441", "LandType": "Patta Land", "Production": 400000, "Dispatch": 400000, "ETS": 600000, "Notice": 200000, "Reg_From": "2020-01-25", "Reg_To": "2022-01-24", "ORIG_FID": 148}, "geometry": {"type": "Point", "coordinates": [79.543548, 18.937934]}}, {"type": "Feature", "properties": {"District": "Nalgonda", "Mandal": "Valigonda", "Company": "M/s. Shiva Marketing Company Plot # 117 & 118 Venugopal Nagar Alwal Secunderabad \u2013 .", "Address": "M/s. Shiva Marketing Company Plot # 117 & 118 Venugopal Nagar Alwal Secunderabad \u2013 .", "Mineral": "Road Metal", "MineralTyp": "QL", "SurveyNumb": "248/AA/1", "LandType": "Patta Land", "Production": 400000, "Dispatch": 400000, "ETS": 600000, "Notice": 200000, "Reg_From": "2020-11-25", "Reg_To": "2022-11-24", "ORIG_FID": 149}, "geometry": {"type": "Point", "coordinates": [79.136681, 17.357914]}}, {"type": "Feature", "properties": {"District": "Adilabad", "Mandal": "Bellampalle", "Company": "M/s. AMB Technologies Flat No.202 81364/1/3 DNJ Complex Deluxe Colony Tolichowki", "Address": "M/s. AMB Technologies Flat No.202 81364/1/3 DNJ Complex Deluxe Colony Tolichowki", "Mineral": "Road Metal", "MineralTyp": "QL", "SurveyNumb": "1182/1", "LandType": "Govt.Land", "Production": 400000, "Dispatch": 400000, "ETS": 600000, "Notice": 200000, "Reg_From": "2024-11-24", "Reg_To": "2025-11-23", "ORIG_FID": 150}, "geometry": {"type": "Point", "coordinates": [79.523807, 19.011101]}}, {"type": "Feature", "properties": {"District": "Nalgonda", "Mandal": "Valigonda", "Company": "M/s. Wiiz Lights & Electricals LLP Plot No.23 Industrial Park IDA Mankhal Rangareddy Dist", "Address": "M/s. Wiiz Lights & Electricals LLP Plot No.23 Industrial Park IDA Mankhal Rangareddy Dist", "Mineral": "Road Metal", "MineralTyp": "QL", "SurveyNumb": "307", "LandType": "Govt.Land", "Production": 400000, "Dispatch": 400000, "ETS": 600000, "Notice": 200000, "Reg_From": "2020-10-21", "Reg_To": "2022-10-20", "ORIG_FID": 151}, "geometry": {"type": "Point", "coordinates": [78.990226, 17.364407]}}, {"type": "Feature", "properties": {"District": "Nalgonda", "Mandal": "Valigonda", "Company": "M/s. Universe H.No. 1110740/17/A/1 Beside Andhra Bank Burahanpuram Khammam", "Address": "M/s. Universe H.No. 1110740/17/A/1 Beside Andhra Bank Burahanpuram Khammam", "Mineral": "Road Metal", "MineralTyp": "QL", "SurveyNumb": "211", "LandType": "Govt.Land", "Production": 400000, "Dispatch": 400000, "ETS": 600000, "Notice": 200000, "Reg_From": "2024-02-16", "Reg_To": "2025-02-15", "ORIG_FID": 152}, "geometry": {"type": "Point", "coordinates": [78.973568, 17.331029]}}, {"type": "Feature", "properties": {"District": "Nalgonda", "Mandal": "Choutuppal", "Company": "M/s. SOLON India Pvt Ltd Regd Office. Plot No. D52 Phase \u2013 5 I.D.A Jeedimetla \u2013", "Address": "M/s. SOLON India Pvt Ltd Regd Office. Plot No. D52 Phase \u2013 5 I.D.A Jeedimetla \u2013", "Mineral": "Road Metal", "MineralTyp": "QL", "SurveyNumb": "541", "LandType": "Govt.Land", "Production": 400000, "Dispatch": 400000, "ETS": 600000, "Notice": 200000, "Reg_From": "2020-11-25", "Reg_To": "2021-11-24", "ORIG_FID": 153}, "geometry": {"type": "Point", "coordinates": [78.857309, 17.224776]}}, {"type": "Feature", "properties": {"District": "Nalgonda", "Mandal": "Narketpalle", "Company": "M/s. Adhwaya Energy Solutions Plot No 402 Royal Aoartments Teachers Colony East Maredpally Secunderabad", "Address": "M/s. Adhwaya Energy Solutions Plot No 402 Royal Aoartments Teachers Colony East Maredpally Secunderabad", "Mineral": "Road Metal", "MineralTyp": "QL", "SurveyNumb": "211", "LandType": "Govt.Land", "Production": 400000, "Dispatch": 400000, "ETS": 600000, "Notice": 200000, "Reg_From": "2020-11-25", "Reg_To": "2021-11-24", "ORIG_FID": 155}, "geometry": {"type": "Point", "coordinates": [79.184391, 17.213452]}}, {"type": "Feature", "properties": {"District": "Nalgonda", "Mandal": "Narketpalle", "Company": "M/s. Ke Energy Pvt Ltd Sr.No. 62 Hissa No.3 Opp: Poonam Petrol Pump Mangdewadi Katraj Pune Maharashtra", "Address": "M/s. Ke Energy Pvt Ltd Sr.No. 62 Hissa No.3 Opp: Poonam Petrol Pump Mangdewadi Katraj Pune Maharashtra", "Mineral": "Road Metal", "MineralTyp": "QL", "SurveyNumb": "211", "LandType": "Govt.Land", "Production": 400000, "Dispatch": 400000, "ETS": 600000, "Notice": 200000, "Reg_From": "2020-11-25", "Reg_To": "2022-11-24", "ORIG_FID": 156}, "geometry": {"type": "Point", "coordinates": [79.223204, 17.205587]}}, {"type": "Feature", "properties": {"District": "Nalgonda", "Mandal": "Munugode", "Company": "M/s. Maharashtra Resco Rooftop Private Limited 82610/68/123 5th Floor Accord Blu Road No. 10 Banjara Hills", "Address": "M/s. Maharashtra Resco Rooftop Private Limited 82610/68/123 5th Floor Accord Blu Road No. 10 Banjara Hills", "Mineral": "Road Metal", "MineralTyp": "QL", "SurveyNumb": "811", "LandType": "Govt.Land", "Production": 400000, "Dispatch": 400000, "ETS": 600000, "Notice": 200000, "Reg_From": "2020-12-05", "Reg_To": "2021-12-04", "ORIG_FID": 157}, "geometry": {"type": "Point", "coordinates": [79.112677, 17.127946]}}, {"type": "Feature", "properties": {"District": "Nalgonda", "Mandal": "Munugode", "Company": "M/s. Emmvee Photovoltaic Pvt Ltd Tower # 55 6th Main 11th Cross Lakshmaiah Block GanganagarBengaluru \u2013", "Address": "M/s. Emmvee Photovoltaic Pvt Ltd Tower # 55 6th Main 11th Cross Lakshmaiah Block GanganagarBengaluru \u2013", "Mineral": "Road Metal", "MineralTyp": "QL", "SurveyNumb": "269 & 270", "LandType": "Govt.Land", "Production": 400000, "Dispatch": 400000, "ETS": 600000, "Notice": 200000, "Reg_From": "2020-12-05", "Reg_To": "2021-12-04", "ORIG_FID": 158}, "geometry": {"type": "Point", "coordinates": [79.089237, 17.09234]}}, {"type": "Feature", "properties": {"District": "Nalgonda", "Mandal": "Munugode", "Company": "M/s. Srinergy Cleantech Private Limited Manjeera Trinity Corporate Unit No.810 & 811 KPHB Phase3 Kukutpally", "Address": "M/s. Srinergy Cleantech Private Limited Manjeera Trinity Corporate Unit No.810 & 811 KPHB Phase3 Kukutpally", "Mineral": "Road Metal", "MineralTyp": "QL", "SurveyNumb": "169", "LandType": "Patta Land", "Production": 400000, "Dispatch": 400000, "ETS": 600000, "Notice": 200000, "Reg_From": "2021-01-15", "Reg_To": "2022-01-14", "ORIG_FID": 159}, "geometry": {"type": "Point", "coordinates": [79.124675, 17.080434]}}, {"type": "Feature", "properties": {"District": "Nalgonda", "Mandal": "Munugode", "Company": "M/s. Gosolgen Renewables Pvt Ltd Plot No.41 Narsingi \u2013", "Address": "M/s. Gosolgen Renewables Pvt Ltd Plot No.41 Narsingi \u2013", "Mineral": "Road Metal", "MineralTyp": "QL", "SurveyNumb": "113", "LandType": "Govt.Land", "Production": 400000, "Dispatch": 400000, "ETS": 600000, "Notice": 200000, "Reg_From": "2021-01-30", "Reg_To": "2022-01-29", "ORIG_FID": 160}, "geometry": {"type": "Point", "coordinates": [79.135084, 17.112136]}}, {"type": "Feature", "properties": {"District": "Nalgonda", "Mandal": "Nalgonda", "Company": "M/s. Rishika Energy Systems Pvt Ltd Plot No.502 Main Road Mowya Nagar Gayathri Towers Kothapet", "Address": "M/s. Rishika Energy Systems Pvt Ltd Plot No.502 Main Road Mowya Nagar Gayathri Towers Kothapet", "Mineral": "Road Metal", "MineralTyp": "QL", "SurveyNumb": "143", "LandType": "Govt.Land", "Production": 400000, "Dispatch": 400000, "ETS": 600000, "Notice": 200000, "Reg_From": "2024-09-13", "Reg_To": "2025-09-12", "ORIG_FID": 161}, "geometry": {"type": "Point", "coordinates": [79.154451, 17.07139]}}, {"type": "Feature", "properties": {"District": "Nalgonda", "Mandal": "Nalgonda", "Company": "M/s. Iscientific Techsolutions Labs 133/1/B 1st Floor Phase II IDA Cherlapally \u2013", "Address": "M/s. Iscientific Techsolutions Labs 133/1/B 1st Floor Phase II IDA Cherlapally \u2013", "Mineral": "Road Metal", "MineralTyp": "QL", "SurveyNumb": "143", "LandType": "Govt.Land", "Production": 400000, "Dispatch": 400000, "ETS": 600000, "Notice": 200000, "Reg_From": "2022-07-14", "Reg_To": "2023-07-13", "ORIG_FID": 162}, "geometry": {"type": "Point", "coordinates": [79.244052, 17.118697]}}, {"type": "Feature", "properties": {"District": "Adilabad", "Mandal": "Mandamarri", "Company": "M/s. Sri Balaji Electricals Plot No.35 H. No. 38301 Chandrapuri Colony Road No.1 L.B. Nagar \u2013", "Address": "M/s. Sri Balaji Electricals Plot No.35 H. No. 38301 Chandrapuri Colony Road No.1 L.B. Nagar \u2013", "Mineral": "Road Metal", "MineralTyp": "QL", "SurveyNumb": "299", "LandType": "Govt.Land", "Production": 400000, "Dispatch": 400000, "ETS": 600000, "Notice": 200000, "Reg_From": "2024-06-19", "Reg_To": "2025-06-18", "ORIG_FID": 163}, "geometry": {"type": "Point", "coordinates": [79.490307, 18.918846]}}, {"type": "Feature", "properties": {"District": "Nalgonda", "Mandal": "Ramannapeta", "Company": "M/s. Raminfo Limited 3225/SH/401 3rd Floor Sterling Heights Mahindra Mind SpaceKavuri Hills GB PET Phase \u2013 2 \u2013", "Address": "M/s. Raminfo Limited 3225/SH/401 3rd Floor Sterling Heights Mahindra Mind SpaceKavuri Hills GB PET Phase \u2013 2 \u2013", "Mineral": "Road Metal", "MineralTyp": "QL", "SurveyNumb": "81", "LandType": "Patta Land", "Production": 400000, "Dispatch": 400000, "ETS": 600000, "Notice": 200000, "Reg_From": "2021-02-27", "Reg_To": "2023-02-26", "ORIG_FID": 164}, "geometry": {"type": "Point", "coordinates": [79.032843, 17.297806]}}, {"type": "Feature", "properties": {"District": "Nalgonda", "Mandal": "Ramannapeta", "Company": "M/s. Aasha Techno Enterprises /6 Humayun Nagar Masab Tank", "Address": "M/s. Aasha Techno Enterprises /6 Humayun Nagar Masab Tank", "Mineral": "Road Metal", "MineralTyp": "QL", "SurveyNumb": "121", "LandType": "Govt.Land", "Production": 400000, "Dispatch": 400000, "ETS": 600000, "Notice": 200000, "Reg_From": "2021-02-27", "Reg_To": "2023-02-26", "ORIG_FID": 165}, "geometry": {"type": "Point", "coordinates": [79.01997, 17.298496]}}, {"type": "Feature", "properties": {"District": "Nalgonda", "Mandal": "Narketpalle", "Company": "M/s. Surya Projects H.No.11263/1 Bypass Road Beside Oriental Bank of Commerce Jagitial \u2013", "Address": "M/s. Surya Projects H.No.11263/1 Bypass Road Beside Oriental Bank of Commerce Jagitial \u2013", "Mineral": "Road Metal", "MineralTyp": "QL", "SurveyNumb": "356", "LandType": "Govt.Land", "Production": 400000, "Dispatch": 400000, "ETS": 600000, "Notice": 200000, "Reg_From": "2021-03-17", "Reg_To": "2022-03-16", "ORIG_FID": 166}, "geometry": {"type": "Point", "coordinates": [79.245509, 17.287347]}}, {"type": "Feature", "properties": {"District": "Nalgonda", "Mandal": "Mothkur", "Company": "M/s. Avya and Technologies Pvt Ltd Plot No.145 SY.No. 244 & 316 Subhash Nagar Jeedimetla \u2013", "Address": "M/s. Avya and Technologies Pvt Ltd Plot No.145 SY.No. 244 & 316 Subhash Nagar Jeedimetla \u2013", "Mineral": "Road Metal", "MineralTyp": "QL", "SurveyNumb": "218", "LandType": "Patta Land", "Production": 400000, "Dispatch": 400000, "ETS": 600000, "Notice": 200000, "Reg_From": "2021-03-17", "Reg_To": "2023-03-16", "ORIG_FID": 168}, "geometry": {"type": "Point", "coordinates": [79.292011, 17.383831]}}, {"type": "Feature", "properties": {"District": "Nalgonda", "Mandal": "Thirumalgiri", "Company": "M/s. Sunrays Agencies H.No./1 Narasimhapuri Colony Kothapet \u2013", "Address": "M/s. Sunrays Agencies H.No./1 Narasimhapuri Colony Kothapet \u2013", "Mineral": "Road Metal", "MineralTyp": "QL", "SurveyNumb": "69/2", "LandType": "Govt.Land", "Production": 400000, "Dispatch": 400000, "ETS": 600000, "Notice": 200000, "Reg_From": "2021-03-23", "Reg_To": "2022-03-22", "ORIG_FID": 171}, "geometry": {"type": "Point", "coordinates": [79.437497, 17.438509]}}, {"type": "Feature", "properties": {"District": "Nalgonda", "Mandal": "Thirumalgiri", "Company": "M/s. VNR Constructions MIG II 45 9th Phase KPHB Colony \u2013", "Address": "M/s. VNR Constructions MIG II 45 9th Phase KPHB Colony \u2013", "Mineral": "Road Metal", "MineralTyp": "QL", "SurveyNumb": "69/4", "LandType": "Govt.Land", "Production": 400000, "Dispatch": 400000, "ETS": 600000, "Notice": 200000, "Reg_From": "2021-03-23", "Reg_To": "2022-03-22", "ORIG_FID": 172}, "geometry": {"type": "Point", "coordinates": [79.481331, 17.467243]}}, {"type": "Feature", "properties": {"District": "Nalgonda", "Mandal": "Thirumalgiri", "Company": "M/s. Praveen Electrical Engineering Works H.No. 22297/2 Plot No.415 Yellamma Banda Kukutpally \u2013", "Address": "M/s. Praveen Electrical Engineering Works H.No. 22297/2 Plot No.415 Yellamma Banda Kukutpally \u2013", "Mineral": "Road Metal", "MineralTyp": "QL", "SurveyNumb": "69/5", "LandType": "Govt.Land", "Production": 400000, "Dispatch": 400000, "ETS": 600000, "Notice": 200000, "Reg_From": "2021-03-23", "Reg_To": "2022-03-22", "ORIG_FID": 173}, "geometry": {"type": "Point", "coordinates": [79.429035, 17.471802]}}, {"type": "Feature", "properties": {"District": "Nalgonda", "Mandal": "Thirumalgiri", "Company": "M/s. NVS Electricals & Systems Plot No.34 1850/1/8 Krishna Nagar Colony P.G. RoadSecunderabad \u2013", "Address": "M/s. NVS Electricals & Systems Plot No.34 1850/1/8 Krishna Nagar Colony P.G. RoadSecunderabad \u2013", "Mineral": "Road Metal", "MineralTyp": "QL", "SurveyNumb": "211/3", "LandType": "Govt.Land", "Production": 400000, "Dispatch": 400000, "ETS": 600000, "Notice": 200000, "Reg_From": "2021-03-23", "Reg_To": "2022-03-22", "ORIG_FID": 174}, "geometry": {"type": "Point", "coordinates": [79.479453, 17.436578]}}, {"type": "Feature", "properties": {"District": "Nalgonda", "Mandal": "Suryapet", "Company": "M/s. Flowcentric Technologies (India) Pvt Ltd H.No. 189/A/25 Plot No.13 2nd Floor Nector Gardens Kavuri Hills Madhapur \u2013", "Address": "M/s. Flowcentric Technologies (India) Pvt Ltd H.No. 189/A/25 Plot No.13 2nd Floor Nector Gardens Kavuri Hills Madhapur \u2013", "Mineral": "Road Metal", "MineralTyp": "QL", "SurveyNumb": "683", "LandType": "Govt.Land", "Production": 400000, "Dispatch": 400000, "ETS": 600000, "Notice": 200000, "Reg_From": "2021-03-23", "Reg_To": "2023-03-22", "ORIG_FID": 175}, "geometry": {"type": "Point", "coordinates": [79.513231, 17.266056]}}, {"type": "Feature", "properties": {"District": "Adilabad", "Mandal": "Narnoor", "Company": "M/s. Vinci Global Pvt Ltd 189/A/25 Plot1 1st Floor Kavuri Hills Madhapur \u2013", "Address": "M/s. Vinci Global Pvt Ltd 189/A/25 Plot1 1st Floor Kavuri Hills Madhapur \u2013", "Mineral": "Road Metal", "MineralTyp": "QL", "SurveyNumb": "89/A", "LandType": "Patta Land", "Production": 400000, "Dispatch": 400000, "ETS": 600000, "Notice": 200000, "Reg_From": "2021-03-23", "Reg_To": "2023-03-22", "ORIG_FID": 176}, "geometry": {"type": "Point", "coordinates": [78.909507, 19.504764]}}, {"type": "Feature", "properties": {"District": "Adilabad", "Mandal": "Narnoor", "Company": "M/s. HR Infratel India Private Limited H.No. 82350/3/2/302 Sri Vasista Apurva3rd Floor Green Valley Road No3 Banjara Hills \u2013", "Address": "M/s. HR Infratel India Private Limited H.No. 82350/3/2/302 Sri Vasista Apurva3rd Floor Green Valley Road No3 Banjara Hills \u2013", "Mineral": "Road Metal", "MineralTyp": "QL", "SurveyNumb": "48/U", "LandType": "Patta Land", "Production": 400000, "Dispatch": 400000, "ETS": 600000, "Notice": 200000, "Reg_From": "2021-03-23", "Reg_To": "2023-03-22", "ORIG_FID": 177}, "geometry": {"type": "Point", "coordinates": [78.873764, 19.497914]}}, {"type": "Feature", "properties": {"District": "Nalgonda", "Mandal": "Kethepalle", "Company": "M/s. Shiva Baba Engineering Works /2/1 H.P. Road Moosapet", "Address": "M/s. Shiva Baba Engineering Works /2/1 H.P. Road Moosapet", "Mineral": "Road Metal", "MineralTyp": "QL", "SurveyNumb": "512", "LandType": "Govt.Land", "Production": 400000, "Dispatch": 400000, "ETS": 600000, "Notice": 200000, "Reg_From": "2021-03-24", "Reg_To": "2022-03-23", "ORIG_FID": 178}, "geometry": {"type": "Point", "coordinates": [79.444899, 17.159466]}}, {"type": "Feature", "properties": {"District": "Adilabad", "Mandal": "Narnoor", "Company": "M/s. VSA Infra Projects Pvt Ltd 10 1st Floor APIIC Building type 3 Prashanth Nagar IE Kukutpally 72", "Address": "M/s. VSA Infra Projects Pvt Ltd 10 1st Floor APIIC Building type 3 Prashanth Nagar IE Kukutpally 72", "Mineral": "Road Metal", "MineralTyp": "QL", "SurveyNumb": "445", "LandType": "Govt.Land", "Production": 400000, "Dispatch": 400000, "ETS": 600000, "Notice": 200000, "Reg_From": "2021-03-24", "Reg_To": "2022-03-23", "ORIG_FID": 179}, "geometry": {"type": "Point", "coordinates": [78.851489, 19.497002]}}, {"type": "Feature", "properties": {"District": "Adilabad", "Mandal": "Narnoor", "Company": "M/s. Cosyn Limited Plot No.15 TP House 3rd Floor Jaihind Enclave Madhapur", "Address": "M/s. Cosyn Limited Plot No.15 TP House 3rd Floor Jaihind Enclave Madhapur", "Mineral": "Road Metal", "MineralTyp": "QL", "SurveyNumb": "89", "LandType": "Patta Land", "Production": 400000, "Dispatch": 400000, "ETS": 600000, "Notice": 200000, "Reg_From": "2021-03-25", "Reg_To": "2022-03-24", "ORIG_FID": 180}, "geometry": {"type": "Point", "coordinates": [78.827016, 19.495546]}}, {"type": "Feature", "properties": {"District": "Nalgonda", "Mandal": "Nakrekal", "Company": "M/s. SV Constructions 62188/404 Elite Residency Subash Nagar Nizamabad", "Address": "M/s. SV Constructions 62188/404 Elite Residency Subash Nagar Nizamabad", "Mineral": "Road Metal", "MineralTyp": "QL", "SurveyNumb": "536/2", "LandType": "Govt.Land", "Production": 400000, "Dispatch": 400000, "ETS": 600000, "Notice": 200000, "Reg_From": "2024-06-14", "Reg_To": "2026-06-13", "ORIG_FID": 181}, "geometry": {"type": "Point", "coordinates": [79.403108, 17.174891]}}, {"type": "Feature", "properties": {"District": "Nalgonda", "Mandal": "Kattangoor", "Company": "M/s. Sri Virupaksha Electricals Pvt Ltd Flat No.205 Sai Heights Road No.6 Vijaya Nagar Colony Kukutpally", "Address": "M/s. Sri Virupaksha Electricals Pvt Ltd Flat No.205 Sai Heights Road No.6 Vijaya Nagar Colony Kukutpally", "Mineral": "Road Metal", "MineralTyp": "QL", "SurveyNumb": "54", "LandType": "Govt.Land", "Production": 400000, "Dispatch": 400000, "ETS": 600000, "Notice": 200000, "Reg_From": "2021-03-26", "Reg_To": "2022-03-25", "ORIG_FID": 182}, "geometry": {"type": "Point", "coordinates": [79.386782, 17.199513]}}, {"type": "Feature", "properties": {"District": "Adilabad", "Mandal": "Narnoor", "Company": "M/s. Chinmayi Enterprises H.No. 250/5/1 Ammenapur Opp: Water tank Patan Cheruvu Medak", "Address": "M/s. Chinmayi Enterprises H.No. 250/5/1 Ammenapur Opp: Water tank Patan Cheruvu Medak", "Mineral": "Road Metal", "MineralTyp": "QL", "SurveyNumb": "580", "LandType": "Govt.Land", "Production": 400000, "Dispatch": 400000, "ETS": 600000, "Notice": 200000, "Reg_From": "2021-03-31", "Reg_To": "2022-03-30", "ORIG_FID": 185}, "geometry": {"type": "Point", "coordinates": [78.915047, 19.489029]}}, {"type": "Feature", "properties": {"District": "Nalgonda", "Mandal": "Thirumalgiri", "Company": "M/s. Pawan and Telecom Ltd 204 Ashoka Plaza Khairatabad Masab Tank . Telangana", "Address": "M/s. Pawan and Telecom Ltd 204 Ashoka Plaza Khairatabad Masab Tank . Telangana", "Mineral": "Road Metal", "MineralTyp": "QL", "SurveyNumb": "192", "LandType": "Govt.Land", "Production": 400000, "Dispatch": 400000, "ETS": 600000, "Notice": 200000, "Reg_From": "2021-04-03", "Reg_To": "2022-04-02", "ORIG_FID": 186}, "geometry": {"type": "Point", "coordinates": [79.533078, 17.457242]}}, {"type": "Feature", "properties": {"District": "Nalgonda", "Mandal": "Thungathurthi", "Company": "M/s. A Ambica Engineering Works Plot No. 218 IDA Cherlapally PhaseII", "Address": "M/s. A Ambica Engineering Works Plot No. 218 IDA Cherlapally PhaseII", "Mineral": "Road Metal", "MineralTyp": "QL", "SurveyNumb": "441/1", "LandType": "Govt.Land", "Production": 400000, "Dispatch": 400000, "ETS": 600000, "Notice": 200000, "Reg_From": "2021-04-08", "Reg_To": "2022-04-07", "ORIG_FID": 187}, "geometry": {"type": "Point", "coordinates": [79.550331, 17.444744]}}, {"type": "Feature", "properties": {"District": "Nalgonda", "Mandal": "Thungathurthi", "Company": "M/s. Sreekanth Electrical Products H.No. 4152/22 SY.No. 7B/A/1/1 Cheryal Keesara", "Address": "M/s. Sreekanth Electrical Products H.No. 4152/22 SY.No. 7B/A/1/1 Cheryal Keesara", "Mineral": "Road Metal", "MineralTyp": "QL", "SurveyNumb": "393", "LandType": "Govt.Land", "Production": 400000, "Dispatch": 400000, "ETS": 600000, "Notice": 200000, "Reg_From": "2021-04-08", "Reg_To": "2022-04-07", "ORIG_FID": 188}, "geometry": {"type": "Point", "coordinates": [79.598631, 17.456458]}}, {"type": "Feature", "properties": {"District": "Nalgonda", "Mandal": "Thungathurthi", "Company": "M/s. Risha Electric Pvt Ltd H.no.143/144 syno umarkhandaira abdullapurmett rangareddy. Telangana", "Address": "M/s. Risha Electric Pvt Ltd H.no.143/144 syno umarkhandaira abdullapurmett rangareddy. Telangana", "Mineral": "Road Metal", "MineralTyp": "QL", "SurveyNumb": "393/2", "LandType": "Govt.Land", "Production": 400000, "Dispatch": 400000, "ETS": 600000, "Notice": 200000, "Reg_From": "2021-04-08", "Reg_To": "2023-04-07", "ORIG_FID": 190}, "geometry": {"type": "Point", "coordinates": [79.647797, 17.434099]}}, {"type": "Feature", "properties": {"District": "Nalgonda", "Mandal": "Rajapet", "Company": "M/s. Vnu Corporate Services LLP 10/A 2nd Floor Jasthi Towers BkGuda Sr Nagar", "Address": "M/s. Vnu Corporate Services LLP 10/A 2nd Floor Jasthi Towers BkGuda Sr Nagar", "Mineral": "Road Metal", "MineralTyp": "QL", "SurveyNumb": "393", "LandType": "Govt.Land", "Production": 400000, "Dispatch": 400000, "ETS": 600000, "Notice": 200000, "Reg_From": "2021-04-12", "Reg_To": "2022-04-11", "ORIG_FID": 192}, "geometry": {"type": "Point", "coordinates": [78.907321, 17.668574]}}, {"type": "Feature", "properties": {"District": "Nalgonda", "Mandal": "Thungathurthi", "Company": "M/s. S K Electricals 744 Anushakthinagar Dammaiguda Nagaram Po", "Address": "M/s. S K Electricals 744 Anushakthinagar Dammaiguda Nagaram Po", "Mineral": "Road Metal", "MineralTyp": "QL", "SurveyNumb": "132", "LandType": "Govt.Land", "Production": 400000, "Dispatch": 400000, "ETS": 600000, "Notice": 200000, "Reg_From": "2021-04-16", "Reg_To": "2023-04-15", "ORIG_FID": 195}, "geometry": {"type": "Point", "coordinates": [79.586746, 17.406148]}}, {"type": "Feature", "properties": {"District": "Nalgonda", "Mandal": "Thungathurthi", "Company": "M/s. G. Mastan Reddy 18450/1/A21 1st floor Indian Airlines Colony Begumpet", "Address": "M/s. G. Mastan Reddy 18450/1/A21 1st floor Indian Airlines Colony Begumpet", "Mineral": "Road Metal", "MineralTyp": "QL", "SurveyNumb": "393", "LandType": "Govt.Land", "Production": 400000, "Dispatch": 400000, "ETS": 600000, "Notice": 200000, "Reg_From": "2021-04-19", "Reg_To": "2022-04-18", "ORIG_FID": 198}, "geometry": {"type": "Point", "coordinates": [79.555931, 17.405452]}}, {"type": "Feature", "properties": {"District": "Nalgonda", "Mandal": "Jajireddi Gudem", "Company": "M/s. Peb Structural Industry Plot No.11 Opp. IDPL beside HP Petrol Pump Balanagar", "Address": "M/s. Peb Structural Industry Plot No.11 Opp. IDPL beside HP Petrol Pump Balanagar", "Mineral": "Road Metal", "MineralTyp": "QL", "SurveyNumb": "132", "LandType": "Govt.Land", "Production": 400000, "Dispatch": 400000, "ETS": 600000, "Notice": 200000, "Reg_From": "2021-04-21", "Reg_To": "2022-04-20", "ORIG_FID": 199}, "geometry": {"type": "Point", "coordinates": [79.574137, 17.302208]}}, {"type": "Feature", "properties": {"District": "Nalgonda", "Mandal": "Yadagirigutta", "Company": "M/s. Ambica Industries Plot No.7 Near CIPET College Phase2 IDA Cherlapally Hy derabad", "Address": "M/s. Ambica Industries Plot No.7 Near CIPET College Phase2 IDA Cherlapally Hy derabad", "Mineral": "Road Metal", "MineralTyp": "QL", "SurveyNumb": "132", "LandType": "Govt.Land", "Production": 400000, "Dispatch": 400000, "ETS": 600000, "Notice": 200000, "Reg_From": "2021-04-21", "Reg_To": "2023-04-20", "ORIG_FID": 200}, "geometry": {"type": "Point", "coordinates": [78.913395, 17.589184]}}, {"type": "Feature", "properties": {"District": "Nalgonda", "Mandal": "Mothey", "Company": "M/s. Kakatiya Engineering Private Limited Plot No.140/A2 SVCOOP Industrial Estate IDA Bollaram Medak", "Address": "M/s. Kakatiya Engineering Private Limited Plot No.140/A2 SVCOOP Industrial Estate IDA Bollaram Medak", "Mineral": "Road Metal", "MineralTyp": "QL", "SurveyNumb": "393", "LandType": "Govt.Land", "Production": 400000, "Dispatch": 400000, "ETS": 600000, "Notice": 200000, "Reg_From": "2021-04-22", "Reg_To": "2022-04-21", "ORIG_FID": 201}, "geometry": {"type": "Point", "coordinates": [79.829735, 17.202727]}}, {"type": "Feature", "properties": {"District": "Nalgonda", "Mandal": "Mattam Palle", "Company": "M/s. M Infratech India Pvt Ltd Plot No.28 Road No.4 Phase I Ida Cherlapally Telangana India", "Address": "M/s. M Infratech India Pvt Ltd Plot No.28 Road No.4 Phase I Ida Cherlapally Telangana India", "Mineral": "Road Metal", "MineralTyp": "QL", "SurveyNumb": "192", "LandType": "Govt.Land", "Production": 400000, "Dispatch": 400000, "ETS": 600000, "Notice": 200000, "Reg_From": "2021-05-03", "Reg_To": "2022-04-29", "ORIG_FID": 205}, "geometry": {"type": "Point", "coordinates": [79.846377, 16.769434]}}, {"type": "Feature", "properties": {"District": "Nalgonda", "Mandal": "Mella Cheruvu", "Company": "M/s. Pixon Green Energy Private Limited 2nd Floor Star Avenue Nr. M oti Tanki Chowk Gymkhana Road Rajkot \u2013 . Gujarat. India", "Address": "M/s. Pixon Green Energy Private Limited 2nd Floor Star Avenue Nr. M oti Tanki Chowk Gymkhana Road Rajkot \u2013 . Gujarat. India", "Mineral": "Road Metal", "MineralTyp": "QL", "SurveyNumb": "441/2", "LandType": "Govt.Land", "Production": 400000, "Dispatch": 400000, "ETS": 600000, "Notice": 200000, "Reg_From": "2021-06-05", "Reg_To": "2023-06-04", "ORIG_FID": 206}, "geometry": {"type": "Point", "coordinates": [79.887816, 16.793596]}}, {"type": "Feature", "properties": {"District": "Nalgonda", "Mandal": "Mattam Palle", "Company": "M/s. CHERIESH TECHNOLOGIES Plot no.6667SHOP NO.2SURVEYNO 13/A13/B 14/B BATCHUPALLY VILLAGE BACHUPALLY MANDAL MEDCHAL MALKAJGERI DISTRICT RANGA REDDY TELANGANA", "Address": "M/s. CHERIESH TECHNOLOGIES Plot no.6667SHOP NO.2SURVEYNO 13/A13/B 14/B BATCHUPALLY VILLAGE BACHUPALLY MANDAL MEDCHAL MALKAJGERI DISTRICT RANGA REDDY TELANGANA", "Mineral": "Road Metal", "MineralTyp": "QL", "SurveyNumb": "441/1", "LandType": "Govt.Land", "Production": 400000, "Dispatch": 400000, "ETS": 600000, "Notice": 200000, "Reg_From": "2023-10-16", "Reg_To": "2024-10-15", "ORIG_FID": 207}, "geometry": {"type": "Point", "coordinates": [79.880545, 16.806394]}}, {"type": "Feature", "properties": {"District": "Nalgonda", "Mandal": "Mattam Palle", "Company": "M/s. Saurashakthi #113BEshwaripuri Colony Sainikpuri postSecunderabad", "Address": "M/s. Saurashakthi #113BEshwaripuri Colony Sainikpuri postSecunderabad", "Mineral": "Road Metal", "MineralTyp": "QL", "SurveyNumb": "393", "LandType": "Govt.Land", "Production": 400000, "Dispatch": 400000, "ETS": 600000, "Notice": 200000, "Reg_From": "2024-08-25", "Reg_To": "2026-08-24", "ORIG_FID": 210}, "geometry": {"type": "Point", "coordinates": [79.788819, 16.832098]}}, {"type": "Feature", "properties": {"District": "Nalgonda", "Mandal": "Huzurnagar", "Company": "M/s. BRITE SYSTEMS 22192 BHARATH NAGAR Bagh Ambeerpet", "Address": "M/s. BRITE SYSTEMS 22192 BHARATH NAGAR Bagh Ambeerpet", "Mineral": "Road Metal", "MineralTyp": "QL", "SurveyNumb": "441", "LandType": "Govt.Land", "Production": 400000, "Dispatch": 400000, "ETS": 600000, "Notice": 200000, "Reg_From": "2024-03-22", "Reg_To": "2026-03-21", "ORIG_FID": 211}, "geometry": {"type": "Point", "coordinates": [79.852111, 16.924106]}}, {"type": "Feature", "properties": {"District": "Nalgonda", "Mandal": "Chilkur", "Company": "M/s. HYDROMO Second Floor Flat no:82293/ A/89/B Road No:9Jubilee Hil ls 33 Telangana.", "Address": "M/s. HYDROMO Second Floor Flat no:82293/ A/89/B Road No:9Jubilee Hil ls 33 Telangana.", "Mineral": "Road Metal", "MineralTyp": "QL", "SurveyNumb": "209", "LandType": "Govt.Land", "Production": 400000, "Dispatch": 400000, "ETS": 600000, "Notice": 200000, "Reg_From": "2024-12-27", "Reg_To": "2026-12-26", "ORIG_FID": 212}, "geometry": {"type": "Point", "coordinates": [79.92769, 16.939532]}}, {"type": "Feature", "properties": {"District": "Nalgonda", "Mandal": "Kodad", "Company": "M/s. BLUELEAF ENERGY SOLUTIONS H NO 5948/11 PLOT NO 14/ RAGHAVA KALYAN ESTATES/ YAPRAL JJ NAGAR POST SAINIKPURI SECUNDERABAD/ KAPRA/ MEDCHEL", "Address": "M/s. BLUELEAF ENERGY SOLUTIONS H NO 5948/11 PLOT NO 14/ RAGHAVA KALYAN ESTATES/ YAPRAL JJ NAGAR POST SAINIKPURI SECUNDERABAD/ KAPRA/ MEDCHEL", "Mineral": "Road Metal", "MineralTyp": "QL", "SurveyNumb": "389", "LandType": "Govt.Land", "Production": 400000, "Dispatch": 400000, "ETS": 600000, "Notice": 200000, "Reg_From": "2021-09-21", "Reg_To": "2022-09-20", "ORIG_FID": 213}, "geometry": {"type": "Point", "coordinates": [79.984765, 16.931175]}}, {"type": "Feature", "properties": {"District": "Nalgonda", "Mandal": "Kodad", "Company": "M/s. Sun Energy Solutions 34663/5/A Narayanguda TS", "Address": "M/s. Sun Energy Solutions 34663/5/A Narayanguda TS", "Mineral": "Road Metal", "MineralTyp": "QL", "SurveyNumb": "52", "LandType": "Patta Land", "Production": 400000, "Dispatch": 400000, "ETS": 600000, "Notice": 200000, "Reg_From": "2021-10-14", "Reg_To": "2022-10-13", "ORIG_FID": 214}, "geometry": {"type": "Point", "coordinates": [79.994427, 16.939214]}}, {"type": "Feature", "properties": {"District": "Nalgonda", "Mandal": "Mella Cheruvu", "Company": "M/s. QBARONS NATURAL ENERGY SYSTEMS REG&PERMENENT ADDRESS D.NO: FLAT NO:201 VENKATACHALAPATHI RESIDENCY JAGANADHAPURAM AKKAYAPALEM VISAKHAPATNAM PIN", "Address": "M/s. QBARONS NATURAL ENERGY SYSTEMS REG&PERMENENT ADDRESS D.NO: FLAT NO:201 VENKATACHALAPATHI RESIDENCY JAGANADHAPURAM AKKAYAPALEM VISAKHAPATNAM PIN", "Mineral": "Road Metal", "MineralTyp": "QL", "SurveyNumb": "389", "LandType": "Govt.Land", "Production": 400000, "Dispatch": 400000, "ETS": 600000, "Notice": 200000, "Reg_From": "2021-10-19", "Reg_To": "2022-10-18", "ORIG_FID": 215}, "geometry": {"type": "Point", "coordinates": [79.960067, 16.895128]}}, {"type": "Feature", "properties": {"District": "Mahbubnagar", "Mandal": "Chinnachintakunta", "Company": "M/s. KK ENTERPRISES H.NO 84203/A KAMAN TO KOTHIRAMPUR ROAD GANESH NAGAR OPP: MODI FORD KARIMNAGAR TELANGANA", "Address": "M/s. KK ENTERPRISES H.NO 84203/A KAMAN TO KOTHIRAMPUR ROAD GANESH NAGAR OPP: MODI FORD KARIMNAGAR TELANGANA", "Mineral": "Road Metal", "MineralTyp": "QL", "SurveyNumb": "230,231&232", "LandType": "Patta Land", "Production": 400000, "Dispatch": 400000, "ETS": 600000, "Notice": 200000, "Reg_From": "2025-03-24", "Reg_To": "2026-03-23", "ORIG_FID": 216}, "geometry": {"type": "Point", "coordinates": [77.856943, 16.445417]}}, {"type": "Feature", "properties": {"District": "Mahbubnagar", "Mandal": "Narva", "Company": "M/s. VISION SOLUTIONS H.NO.722/1/B/2 Plot NO.160 bhagya Laxmi Colony Road No.4 Subash nagr Quthbulapur", "Address": "M/s. VISION SOLUTIONS H.NO.722/1/B/2 Plot NO.160 bhagya Laxmi Colony Road No.4 Subash nagr Quthbulapur", "Mineral": "Road Metal", "MineralTyp": "QL", "SurveyNumb": "53,54", "LandType": "Patta Land", "Production": 400000, "Dispatch": 400000, "ETS": 600000, "Notice": 200000, "Reg_From": "2021-11-26", "Reg_To": "2023-11-25", "ORIG_FID": 217}, "geometry": {"type": "Point", "coordinates": [77.701007, 16.481195]}}, {"type": "Feature", "properties": {"District": "Nalgonda", "Mandal": "Garidepalle", "Company": "M/s. Sai Krishna Solutions H.No. 652 Raghunathpally (V& M) JANGAON Dist", "Address": "M/s. Sai Krishna Solutions H.No. 652 Raghunathpally (V& M) JANGAON Dist", "Mineral": "Road Metal", "MineralTyp": "QL", "SurveyNumb": "373", "LandType": "Govt.Land", "Production": 400000, "Dispatch": 400000, "ETS": 600000, "Notice": 200000, "Reg_From": "2022-01-10", "Reg_To": "2024-01-09", "ORIG_FID": 219}, "geometry": {"type": "Point", "coordinates": [79.814007, 16.925553]}}, {"type": "Feature", "properties": {"District": "Nalgonda", "Mandal": "Kodad", "Company": "M/s. PROCOR PENERTECH Pvt Ltd SHED: 109/4PHASE 2 LANE 17 IDACHERLAPALLI R.R.DIST HYD", "Address": "M/s. PROCOR PENERTECH Pvt Ltd SHED: 109/4PHASE 2 LANE 17 IDACHERLAPALLI R.R.DIST HYD", "Mineral": "Road Metal", "MineralTyp": "QL", "SurveyNumb": "432", "LandType": "Govt.Land", "Production": 400000, "Dispatch": 400000, "ETS": 600000, "Notice": 200000, "Reg_From": "2022-02-24", "Reg_To": "2023-02-23", "ORIG_FID": 223}, "geometry": {"type": "Point", "coordinates": [79.962623, 17.012335]}}, {"type": "Feature", "properties": {"District": "Nalgonda", "Mandal": "Kodad", "Company": "M/s. AB SYSTEMS NIZAMPET FLAT NO 210 ADITYA LAKE VIEW TOWERS LAKE VIEWCOLONY TELANGANA.", "Address": "M/s. AB SYSTEMS NIZAMPET FLAT NO 210 ADITYA LAKE VIEW TOWERS LAKE VIEWCOLONY TELANGANA.", "Mineral": "Road Metal", "MineralTyp": "QL", "SurveyNumb": "486", "LandType": "Govt.Land", "Production": 400000, "Dispatch": 400000, "ETS": 600000, "Notice": 200000, "Reg_From": "2023-04-07", "Reg_To": "2025-04-06", "ORIG_FID": 224}, "geometry": {"type": "Point", "coordinates": [79.935276, 17.018449]}}, {"type": "Feature", "properties": {"District": "Mahbubnagar", "Mandal": "Dhanwada", "Company": "M/s.Comuti Energy Private Limited No.403 Sai Silicon Heights Plot No 117 & 118 Road No.6 Ayyapp Society Madhapur", "Address": "M/s.Comuti Energy Private Limited No.403 Sai Silicon Heights Plot No 117 & 118 Road No.6 Ayyapp Society Madhapur", "Mineral": "Road Metal", "MineralTyp": "QL", "SurveyNumb": "486", "LandType": "Govt.Land", "Production": 400000, "Dispatch": 400000, "ETS": 600000, "Notice": 200000, "Reg_From": "2023-04-04", "Reg_To": "2025-04-04", "ORIG_FID": 227}, "geometry": {"type": "Point", "coordinates": [77.667136, 16.577944]}}, {"type": "Feature", "properties": {"District": "Mahbubnagar", "Mandal": "Dhanwada", "Company": "M/s.Square Energy Private Limited G3 B wing Hetkunj V.P Road Fidai Baugh Lane Andheri West Mumbai", "Address": "M/s.Square Energy Private Limited G3 B wing Hetkunj V.P Road Fidai Baugh Lane Andheri West Mumbai", "Mineral": "Road Metal", "MineralTyp": "QL", "SurveyNumb": "59", "LandType": "Govt.Land", "Production": 400000, "Dispatch": 400000, "ETS": 600000, "Notice": 200000, "Reg_From": "2024-04-13", "Reg_To": "2026-04-12", "ORIG_FID": 229}, "geometry": {"type": "Point", "coordinates": [77.701243, 16.601963]}}, {"type": "Feature", "properties": {"District": "Nalgonda", "Mandal": "Nadigudem", "Company": "M/s. NATURAL ENERGIES H.NO: 21495ADHARSHA OLONY ROAD NO1 SAMMAIAH NAGARNEAR KU 'X ROAD HANAMKONDA", "Address": "M/s. NATURAL ENERGIES H.NO: 21495ADHARSHA OLONY ROAD NO1 SAMMAIAH NAGARNEAR KU 'X ROAD HANAMKONDA", "Mineral": "Road Metal", "MineralTyp": "QL", "SurveyNumb": "31 & 32", "LandType": "Govt.Land", "Production": 400000, "Dispatch": 400000, "ETS": 600000, "Notice": 200000, "Reg_From": "2024-04-22", "Reg_To": "2026-04-21", "ORIG_FID": 231}, "geometry": {"type": "Point", "coordinates": [79.880389, 17.070066]}}, {"type": "Feature", "properties": {"District": "Nalgonda", "Mandal": "Mothey", "Company": "M/s. OAKSUN ELECTRIX INDIA PVT LTD F1 Plot No.1536 Vensa HomesDoctors Colony Pragathi Nagar Nizampet", "Address": "M/s. OAKSUN ELECTRIX INDIA PVT LTD F1 Plot No.1536 Vensa HomesDoctors Colony Pragathi Nagar Nizampet", "Mineral": "Road Metal", "MineralTyp": "QL", "SurveyNumb": "31 & 32", "LandType": "Govt.Land", "Production": 400000, "Dispatch": 400000, "ETS": 600000, "Notice": 200000, "Reg_From": "2023-09-29", "Reg_To": "2024-09-28", "ORIG_FID": 232}, "geometry": {"type": "Point", "coordinates": [79.750958, 17.129129]}}, {"type": "Feature", "properties": {"District": "Mahbubnagar", "Mandal": "Addakal", "Company": "M/s. Zenith Energy Services Private Limited 3rd Floor Ramky Grandiose Ramky Towers Complex Gachibowli", "Address": "M/s. Zenith Energy Services Private Limited 3rd Floor Ramky Grandiose Ramky Towers Complex Gachibowli", "Mineral": "Road Metal", "MineralTyp": "QL", "SurveyNumb": "10", "LandType": "Govt.Land", "Production": 400000, "Dispatch": 400000, "ETS": 600000, "Notice": 200000, "Reg_From": "2022-05-31", "Reg_To": "2024-05-30", "ORIG_FID": 237}, "geometry": {"type": "Point", "coordinates": [78.010362, 16.635762]}}, {"type": "Feature", "properties": {"District": "Mahbubnagar", "Mandal": "Bhoothpur", "Company": "M/s. CR ENERGY 17925/1 Ramnagar", "Address": "M/s. CR ENERGY 17925/1 Ramnagar", "Mineral": "Road Metal", "MineralTyp": "QL", "SurveyNumb": "119 & 139", "LandType": "Govt.Land", "Production": 400000, "Dispatch": 400000, "ETS": 600000, "Notice": 200000, "Reg_From": "2024-08-13", "Reg_To": "2025-08-12", "ORIG_FID": 240}, "geometry": {"type": "Point", "coordinates": [77.991346, 16.66318]}}, {"type": "Feature", "properties": {"District": "Mahbubnagar", "Mandal": "Bhoothpur", "Company": "M/s. S S M ENTERPRISES 31157/2 CHANDRASHEKAR COLONY X ROAD NIZAMABAD NIZAMABAD TELANGANA", "Address": "M/s. S S M ENTERPRISES 31157/2 CHANDRASHEKAR COLONY X ROAD NIZAMABAD NIZAMABAD TELANGANA", "Mineral": "Road Metal", "MineralTyp": "QL", "SurveyNumb": "399", "LandType": "Govt.Land", "Production": 400000, "Dispatch": 400000, "ETS": 600000, "Notice": 200000, "Reg_From": "2022-07-20", "Reg_To": "2023-07-19", "ORIG_FID": 241}, "geometry": {"type": "Point", "coordinates": [78.031545, 16.648657]}}, {"type": "Feature", "properties": {"District": "Nalgonda", "Mandal": "Peddavoora", "Company": "M/s. ISHA TECHNOLOGIES AND SERVICES D NO 262 AZIZ NAGAR MOINABAD RANGA REDDY TELANGANA 75", "Address": "M/s. ISHA TECHNOLOGIES AND SERVICES D NO 262 AZIZ NAGAR MOINABAD RANGA REDDY TELANGANA 75", "Mineral": "Road Metal", "MineralTyp": "QL", "SurveyNumb": "904/Parts", "LandType": "Govt.Land", "Production": 400000, "Dispatch": 400000, "ETS": 600000, "Notice": 200000, "Reg_From": "2024-08-25", "Reg_To": "2026-08-24", "ORIG_FID": 244}, "geometry": {"type": "Point", "coordinates": [79.229682, 16.784451]}}, {"type": "Feature", "properties": {"District": "Adilabad", "Mandal": "Kaddam (Peddur)", "Company": "M/s. Evigo Charge Private Limited 2240334300 D 1 Udyog Sadan No 3 MIDC Industrial Area Andheri East", "Address": "M/s. Evigo Charge Private Limited 2240334300 D 1 Udyog Sadan No 3 MIDC Industrial Area Andheri East", "Mineral": "Road Metal", "MineralTyp": "QL", "SurveyNumb": "676", "LandType": "Govt.Land", "Production": 400000, "Dispatch": 400000, "ETS": 600000, "Notice": 200000, "Reg_From": "2023-01-31", "Reg_To": "2028-01-30", "ORIG_FID": 259}, "geometry": {"type": "Point", "coordinates": [78.784184, 19.239628]}}, {"type": "Feature", "properties": {"District": "Nalgonda", "Mandal": "Thripuraram", "Company": "M/s. Shivam Enterprises H.No.617/1 Plot no : I3 Uday Garden Kawadipally village Abdullapurmet Mandal Rangareddy District Telangana", "Address": "M/s. Shivam Enterprises H.No.617/1 Plot no : I3 Uday Garden Kawadipally village Abdullapurmet Mandal Rangareddy District Telangana", "Mineral": "Road Metal", "MineralTyp": "QL", "SurveyNumb": "749/2", "LandType": "Govt.Land", "Production": 400000, "Dispatch": 400000, "ETS": 600000, "Notice": 200000, "Reg_From": "2023-03-09", "Reg_To": "2025-03-08", "ORIG_FID": 263}, "geometry": {"type": "Point", "coordinates": [79.497664, 16.762683]}}, {"type": "Feature", "properties": {"District": "Nalgonda", "Mandal": "Dameracherla", "Company": "M/s. Sri Lakshmi Karthikeya Infra Private Limited Survey No 15 SuraramJyothi Milk LaneQuthbullapurMedchal Malkajgiri Dist Telangana", "Address": "M/s. Sri Lakshmi Karthikeya Infra Private Limited Survey No 15 SuraramJyothi Milk LaneQuthbullapurMedchal Malkajgiri Dist Telangana", "Mineral": "Road Metal", "MineralTyp": "QL", "SurveyNumb": "77", "LandType": "Govt.Land", "Production": 400000, "Dispatch": 400000, "ETS": 600000, "Notice": 200000, "Reg_From": "2024-03-10", "Reg_To": "2025-03-09", "ORIG_FID": 264}, "geometry": {"type": "Point", "coordinates": [79.603011, 16.790016]}}, {"type": "Feature", "properties": {"District": "Nalgonda", "Mandal": "Miryalaguda", "Company": "M/s. VIJETHA AND MARKETING SERVICES 12143/5 SRINIVASA NAGAR KODAD SURYAPET T.S", "Address": "M/s. VIJETHA AND MARKETING SERVICES 12143/5 SRINIVASA NAGAR KODAD SURYAPET T.S", "Mineral": "Road Metal", "MineralTyp": "QL", "SurveyNumb": "180,181 &187", "LandType": "Govt.Land", "Production": 400000, "Dispatch": 400000, "ETS": 600000, "Notice": 200000, "Reg_From": "2024-03-11", "Reg_To": "2025-03-10", "ORIG_FID": 265}, "geometry": {"type": "Point", "coordinates": [79.633797, 16.826919]}}, {"type": "Feature", "properties": {"District": "Adilabad", "Mandal": "Jannaram", "Company": "M/s. RAVINDRANATH SOLUTIONS H.No: VENURAO COLONY POCHAMMA MAIDANWARANGAL TELANGANA", "Address": "M/s. RAVINDRANATH SOLUTIONS H.No: VENURAO COLONY POCHAMMA MAIDANWARANGAL TELANGANA", "Mineral": "Road Metal", "MineralTyp": "QL", "SurveyNumb": "237", "LandType": "Govt.Land", "Production": 400000, "Dispatch": 400000, "ETS": 600000, "Notice": 200000, "Reg_From": "2023-03-13", "Reg_To": "2024-03-12", "ORIG_FID": 266}, "geometry": {"type": "Point", "coordinates": [78.963783, 19.117208]}}, {"type": "Feature", "properties": {"District": "Adilabad", "Mandal": "Jannaram", "Company": "M/s. Akshaya HIG 254 Flat No 202 Sai Vign esh Nilayam Main Road KPHB Colony Medchal Malkajgiri Telangana", "Address": "M/s. Akshaya HIG 254 Flat No 202 Sai Vign esh Nilayam Main Road KPHB Colony Medchal Malkajgiri Telangana", "Mineral": "Road Metal", "MineralTyp": "QL", "SurveyNumb": "22,", "LandType": "Govt.Land", "Production": 400000, "Dispatch": 400000, "ETS": 600000, "Notice": 200000, "Reg_From": "2024-04-25", "Reg_To": "2026-04-24", "ORIG_FID": 267}, "geometry": {"type": "Point", "coordinates": [78.986422, 19.125881]}}, {"type": "Feature", "properties": {"District": "Adilabad", "Mandal": "Sirpur", "Company": "M/s. Brihaspathi Technologies Pvt Ltd 5th Floor Sahithi Arcade SRNagar Beside SR Nagar Traffic Police station Telangana India.", "Address": "M/s. Brihaspathi Technologies Pvt Ltd 5th Floor Sahithi Arcade SRNagar Beside SR Nagar Traffic Police station Telangana India.", "Mineral": "Road Metal", "MineralTyp": "QL", "SurveyNumb": "22", "LandType": "Govt.Land", "Production": 400000, "Dispatch": 400000, "ETS": 600000, "Notice": 200000, "Reg_From": "2023-05-01", "Reg_To": "2025-04-04", "ORIG_FID": 268}, "geometry": {"type": "Point", "coordinates": [79.004829, 19.345931]}}, {"type": "Feature", "properties": {"District": "Adilabad", "Mandal": "Sirpur", "Company": "M/s. Sunpro sys Pvt Ltd Plot16 Bhagya lakshmi colony IDA Subhash nagar Jeedimetl a55", "Address": "M/s. Sunpro sys Pvt Ltd Plot16 Bhagya lakshmi colony IDA Subhash nagar Jeedimetl a55", "Mineral": "Road Metal", "MineralTyp": "QL", "SurveyNumb": "22", "LandType": "Govt.Land", "Production": 800000, "Dispatch": 600000, "ETS": 1200000, "Notice": 600000, "Reg_From": "2024-04-12", "Reg_To": "2025-04-11", "ORIG_FID": 269}, "geometry": {"type": "Point", "coordinates": [79.029773, 19.352749]}}, {"type": "Feature", "properties": {"District": "Adilabad", "Mandal": "Asifabad", "Company": "M/s. SHAATIT PVT LTD /T/210 SARASWATHI NAGAR COLONY SAIDABAD HYDRABAD OPP INDIAN OIL PETROL PUMP", "Address": "M/s. SHAATIT PVT LTD /T/210 SARASWATHI NAGAR COLONY SAIDABAD HYDRABAD OPP INDIAN OIL PETROL PUMP", "Mineral": "Road Metal", "MineralTyp": "QL", "SurveyNumb": "257", "LandType": "Govt.Land", "Production": 800000, "Dispatch": 600000, "ETS": 1200000, "Notice": 600000, "Reg_From": "2023-05-08", "Reg_To": "2025-05-07", "ORIG_FID": 270}, "geometry": {"type": "Point", "coordinates": [79.111581, 19.316622]}}, {"type": "Feature", "properties": {"District": "Adilabad", "Mandal": "Tiryani", "Company": "M/s. MANA H NO: 1100050/1 1st Floor Gadderegadi Kyathanpalli Mancherial", "Address": "M/s. MANA H NO: 1100050/1 1st Floor Gadderegadi Kyathanpalli Mancherial", "Mineral": "Road Metal", "MineralTyp": "QL", "SurveyNumb": "124", "LandType": "Govt.Land", "Production": 800000, "Dispatch": 600000, "ETS": 1200000, "Notice": 600000, "Reg_From": "2023-04-19", "Reg_To": "2024-04-18", "ORIG_FID": 271}, "geometry": {"type": "Point", "coordinates": [79.088909, 19.235639]}}, {"type": "Feature", "properties": {"District": "Adilabad", "Mandal": "Tiryani", "Company": "KSQUARE ENERGY PRIVATE LIMITED B SIGNATURE 2 SARKHEJ SANAND CROSS ROAD SARKHEJ AHMEDABAD GUJARAT", "Address": "KSQUARE ENERGY PRIVATE LIMITED B SIGNATURE 2 SARKHEJ SANAND CROSS ROAD SARKHEJ AHMEDABAD GUJARAT", "Mineral": "Road Metal", "MineralTyp": "QL", "SurveyNumb": "8", "LandType": "Govt.Land", "Production": 800000, "Dispatch": 600000, "ETS": 1200000, "Notice": 600000, "Reg_From": "2025-11-13", "Reg_To": "2027-11-12", "ORIG_FID": 272}, "geometry": {"type": "Point", "coordinates": [79.08945, 19.28642]}}, {"type": "Feature", "properties": {"District": "Adilabad", "Mandal": "Jannaram", "Company": "M/s. ZYTECH INDIA PVT LTD P41 CHANDRAGIRI COLONY TIRUMALAGIRI SECUNDERABAD HYDERA BAD TELANGANA", "Address": "M/s. ZYTECH INDIA PVT LTD P41 CHANDRAGIRI COLONY TIRUMALAGIRI SECUNDERABAD HYDERA BAD TELANGANA", "Mineral": "Road Metal", "MineralTyp": "QL", "SurveyNumb": "38", "LandType": "Govt.Land", "Production": 800000, "Dispatch": 600000, "ETS": 1200000, "Notice": 600000, "Reg_From": "2024-07-26", "Reg_To": "2025-07-25", "ORIG_FID": 273}, "geometry": {"type": "Point", "coordinates": [79.024281, 19.076712]}}, {"type": "Feature", "properties": {"District": "Adilabad", "Mandal": "Sirpur", "Company": "M/s. KENSURE SYSTEMS MIG344", "Address": "M/s. KENSURE SYSTEMS MIG344; KPHB COLONY;", "Mineral": "Road Metal", "MineralTyp": "QL", "SurveyNumb": "38", "LandType": "Govt.Land", "Production": 800000, "Dispatch": 600000, "ETS": 1200000, "Notice": 600000, "Reg_From": "2023-07-24", "Reg_To": "2024-07-23", "ORIG_FID": 274}, "geometry": {"type": "Point", "coordinates": [79.006492, 19.233543]}}, {"type": "Feature", "properties": {"District": "Adilabad", "Mandal": "Tiryani", "Company": "M/s. AAR PEE SYSTEMS FLAT NO. 403 MATHRUSRI NILAYAM B N REDDY NAGAR VANASTALIPURAM", "Address": "M/s. AAR PEE SYSTEMS FLAT NO. 403 MATHRUSRI NILAYAM B N REDDY NAGAR VANASTALIPURAM", "Mineral": "Road Metal", "MineralTyp": "QL", "SurveyNumb": "749/2", "LandType": "Govt.Land", "Production": 800000, "Dispatch": 600000, "ETS": 1200000, "Notice": 600000, "Reg_From": "2024-08-07", "Reg_To": "2025-08-06", "ORIG_FID": 275}, "geometry": {"type": "Point", "coordinates": [79.066566, 19.235751]}}, {"type": "Feature", "properties": {"District": "Nalgonda", "Mandal": "Miryalaguda", "Company": "M/s. KAKATIYA ENERGIES H.NO:1241611ST FLOOR SRIRAM REDDY HOSPITAL BUILDINGRA M NAGAR X ROAD HANAMKONDA", "Address": "M/s. KAKATIYA ENERGIES H.NO:1241611ST FLOOR SRIRAM REDDY HOSPITAL BUILDINGRA M NAGAR X ROAD HANAMKONDA", "Mineral": "Road Metal", "MineralTyp": "QL", "SurveyNumb": "61", "LandType": "Govt.Land", "Production": 800000, "Dispatch": 600000, "ETS": 1200000, "Notice": 600000, "Reg_From": "2023-08-18", "Reg_To": "2025-08-17", "ORIG_FID": 276}, "geometry": {"type": "Point", "coordinates": [79.646467, 16.850272]}}, {"type": "Feature", "properties": {"District": "Mahbubnagar", "Mandal": "Thimmajipet", "Company": "M/s. Ekalavya Impex And Industries 112/4/1 Ex servicemen Colony Near Prathibha vidya Mandir school Jawahar Nagar municipa l corp Kapra mandal Medchal Malkajigiri Telangana", "Address": "M/s. Ekalavya Impex And Industries 112/4/1 Ex servicemen Colony Near Prathibha vidya Mandir school Jawahar Nagar municipa l corp Kapra mandal Medchal Malkajigiri Telangana", "Mineral": "Road Metal", "MineralTyp": "QL", "SurveyNumb": "55", "LandType": "Govt.Land", "Production": 800000, "Dispatch": 600000, "ETS": 1200000, "Notice": 600000, "Reg_From": "2024-03-19", "Reg_To": "2025-03-18", "ORIG_FID": 328}, "geometry": {"type": "Point", "coordinates": [78.281634, 16.682353]}}, {"type": "Feature", "properties": {"District": "Mahbubnagar", "Mandal": "Balmoor", "Company": "Renewables And Energy Conservation 5234 SRC Nayak Nagar Apuro opa Colony IDA Jeedimetla", "Address": "Renewables And Energy Conservation 5234 SRC Nayak Nagar Apuro opa Colony IDA Jeedimetla", "Mineral": "Road Metal", "MineralTyp": "QL", "SurveyNumb": "82", "LandType": "Govt.Land", "Production": 800000, "Dispatch": 600000, "ETS": 1200000, "Notice": 600000, "Reg_From": "2024-03-31", "Reg_To": "2026-03-30", "ORIG_FID": 345}, "geometry": {"type": "Point", "coordinates": [78.547855, 16.387128]}}, {"type": "Feature", "properties": {"District": "Mahbubnagar", "Mandal": "Pebbair", "Company": "BRIGHT SOLUTIONS 9372 Shashank Enclve Near Krishna Theatre Dammaiguda Medchal Malkajgiri Telangana", "Address": "BRIGHT SOLUTIONS 9372 Shashank Enclve Near Krishna Theatre Dammaiguda Medchal Malkajgiri Telangana", "Mineral": "Road Metal", "MineralTyp": "QL", "SurveyNumb": "82", "LandType": "Govt.Land", "Production": 800000, "Dispatch": 600000, "ETS": 1200000, "Notice": 600000, "Reg_From": "2024-04-02", "Reg_To": "2026-04-01", "ORIG_FID": 346}, "geometry": {"type": "Point", "coordinates": [78.045138, 16.205397]}}, {"type": "Feature", "properties": {"District": "Mahbubnagar", "Mandal": "Pebbair", "Company": "Avani Green Energy 4358/3A/A69 Lucky Complex Shop No.4 Nirmal XRoad Bhainsa Nirmal (Dist.) Telang ana", "Address": "Avani Green Energy 4358/3A/A69 Lucky Complex Shop No.4 Nirmal XRoad Bhainsa Nirmal (Dist.) Telang ana", "Mineral": "Road Metal", "MineralTyp": "QL", "SurveyNumb": "260", "LandType": "Govt.Land", "Production": 800000, "Dispatch": 600000, "ETS": 1200000, "Notice": 600000, "Reg_From": "2024-04-01", "Reg_To": "2025-03-31", "ORIG_FID": 347}, "geometry": {"type": "Point", "coordinates": [78.037682, 16.235474]}}, {"type": "Feature", "properties": {"District": "Mahbubnagar", "Mandal": "Thimmajipet", "Company": "M/s. Trinic Electronics Pvt Ltd flat 201 NCL kaveri1 Shantin agarMasabtank", "Address": "M/s. Trinic Electronics Pvt Ltd flat 201 NCL kaveri1 Shantin agarMasabtank", "Mineral": "Road Metal", "MineralTyp": "QL", "SurveyNumb": "132", "LandType": "Govt.Land", "Production": 800000, "Dispatch": 600000, "ETS": 1200000, "Notice": 600000, "Reg_From": "2024-04-15", "Reg_To": "2025-04-14", "ORIG_FID": 352}, "geometry": {"type": "Point", "coordinates": [78.260092, 16.626852]}}, {"type": "Feature", "properties": {"District": "Mahbubnagar", "Mandal": "Balmoor", "Company": "M/s. LAKSHMI ENTERPRISES 1923 Street Number 17 Gauta m Nagar Medchal Malkajgiri Telangana", "Address": "M/s. LAKSHMI ENTERPRISES 1923 Street Number 17 Gauta m Nagar Medchal Malkajgiri Telangana", "Mineral": "Road Metal", "MineralTyp": "QL", "SurveyNumb": "132", "LandType": "Govt.Land", "Production": 800000, "Dispatch": 600000, "ETS": 1200000, "Notice": 600000, "Reg_From": "2024-04-16", "Reg_To": "2026-04-15", "ORIG_FID": 353}, "geometry": {"type": "Point", "coordinates": [78.639104, 16.26262]}}, {"type": "Feature", "properties": {"District": "Mahbubnagar", "Mandal": "Achampet", "Company": "M/s. MAAX STAR SYSTEMS H.NO:2236 Hanumasai Nagar Uppal Pin Code:", "Address": "M/s. MAAX STAR SYSTEMS H.NO:2236 Hanumasai Nagar Uppal Pin Code:", "Mineral": "Road Metal", "MineralTyp": "QL", "SurveyNumb": "270", "LandType": "Govt.Land", "Production": 800000, "Dispatch": 600000, "ETS": 1200000, "Notice": 600000, "Reg_From": "2024-04-17", "Reg_To": "2025-04-16", "ORIG_FID": 354}, "geometry": {"type": "Point", "coordinates": [78.681952, 16.40504]}}, {"type": "Feature", "properties": {"District": "Mahbubnagar", "Mandal": "Farooqnagar", "Company": "SUNTRONIC SYSTEMS 304/ 1611740/3/37 gaddiannaram saroornagar", "Address": "SUNTRONIC SYSTEMS 304/ 1611740/3/37 gaddiannaram saroornagar", "Mineral": "Road Metal", "MineralTyp": "QL", "SurveyNumb": "793", "LandType": "Govt.Land", "Production": 800000, "Dispatch": 600000, "ETS": 1200000, "Notice": 600000, "Reg_From": "2024-02-21", "Reg_To": "2025-02-20", "ORIG_FID": 362}, "geometry": {"type": "Point", "coordinates": [78.133398, 17.046528]}}, {"type": "Feature", "properties": {"District": "Mahbubnagar", "Mandal": "Balanagar1", "Company": "M/s. M P R CONSTRUCTIONS FLOT NO 1 63 661/D NEAR ASIAN INSTITUTE OF GASTROENTEROLOGY SANGEETHNAGAR BANJARA NIVAS Somajiguda Telangana", "Address": "M/s. M P R CONSTRUCTIONS FLOT NO 1 63 661/D NEAR ASIAN INSTITUTE OF GASTROENTEROLOGY SANGEETHNAGAR BANJARA NIVAS Somajiguda Telangana", "Mineral": "Road Metal", "MineralTyp": "QL", "SurveyNumb": "793", "LandType": "Govt.Land", "Production": 800000, "Dispatch": 600000, "ETS": 1200000, "Notice": 600000, "Reg_From": "2024-05-03", "Reg_To": "2026-05-02", "ORIG_FID": 363}, "geometry": {"type": "Point", "coordinates": [78.16175, 16.994589]}}, {"type": "Feature", "properties": {"District": "Mahbubnagar", "Mandal": "Kothur", "Company": "Radiant Private Limited Plot No. 15 FAB City Ravirya l Village Maheswaram Mandal RR District", "Address": "Radiant Private Limited Plot No. 15 FAB City Ravirya l Village Maheswaram Mandal RR District", "Mineral": "Road Metal", "MineralTyp": "QL", "SurveyNumb": "793", "LandType": "Govt.Land", "Production": 800000, "Dispatch": 600000, "ETS": 1200000, "Notice": 600000, "Reg_From": "2024-05-07", "Reg_To": "2025-05-06", "ORIG_FID": 364}, "geometry": {"type": "Point", "coordinates": [78.259269, 17.151164]}}, {"type": "Feature", "properties": {"District": "Mahbubnagar", "Mandal": "Kondurg", "Company": "Trinayani Solutions Pvt Ltd 18201 GANESHPURI COLONY DILSUKNAGAR KOTHAPET", "Address": "Trinayani Solutions Pvt Ltd 18201 GANESHPURI COLONY DILSUKNAGAR KOTHAPET", "Mineral": "Road Metal", "MineralTyp": "QL", "SurveyNumb": "264", "LandType": "Govt.Land", "Production": 800000, "Dispatch": 600000, "ETS": 1200000, "Notice": 600000, "Reg_From": "2024-05-14", "Reg_To": "2025-05-13", "ORIG_FID": 365}, "geometry": {"type": "Point", "coordinates": [77.997229, 17.068358]}}, {"type": "Feature", "properties": {"District": "Mahbubnagar", "Mandal": "Nawabpet1", "Company": "APS @ SERVICES PLOT NO. 38 H NO 23562/1 SAI NAGAR ROAD NO 1 MALLIKARGUNA NILAYAM NAGOLE RANGAREDDY DISTRICT.", "Address": "APS @ SERVICES PLOT NO. 38 H NO 23562/1 SAI NAGAR ROAD NO 1 MALLIKARGUNA NILAYAM NAGOLE RANGAREDDY DISTRICT.", "Mineral": "Road Metal", "MineralTyp": "QL", "SurveyNumb": "819", "LandType": "Govt.Land", "Production": 800000, "Dispatch": 600000, "ETS": 1200000, "Notice": 600000, "Reg_From": "2024-05-23", "Reg_To": "2025-05-22", "ORIG_FID": 367}, "geometry": {"type": "Point", "coordinates": [78.064023, 16.983443]}}, {"type": "Feature", "properties": {"District": "Mahbubnagar", "Mandal": "Nawabpet1", "Company": "MONOFRONT PRIVATE LIMITED 1/1/32/610 SAI RAM NAGAR Dammaiguda Road", "Address": "MONOFRONT PRIVATE LIMITED 1/1/32/610 SAI RAM NAGAR Dammaiguda Road", "Mineral": "Road Metal", "MineralTyp": "QL", "SurveyNumb": "819", "LandType": "Govt.Land", "Production": 800000, "Dispatch": 600000, "ETS": 1200000, "Notice": 600000, "Reg_From": "2024-05-17", "Reg_To": "2025-05-16", "ORIG_FID": 368}, "geometry": {"type": "Point", "coordinates": [78.088665, 16.97526]}}, {"type": "Feature", "properties": {"District": "Mahbubnagar", "Mandal": "Vangoor", "Company": "mamidee enterprises 15111 LAKSHMI NAGAR NFC NAGAR COLONY NEAR RAILWAY GATE GHATKESAR", "Address": "mamidee enterprises 15111 LAKSHMI NAGAR NFC NAGAR COLONY NEAR RAILWAY GATE GHATKESAR", "Mineral": "Road Metal", "MineralTyp": "QL", "SurveyNumb": "496", "LandType": "Govt.Land", "Production": 800000, "Dispatch": 600000, "ETS": 1200000, "Notice": 600000, "Reg_From": "2024-05-23", "Reg_To": "2025-05-22", "ORIG_FID": 369}, "geometry": {"type": "Point", "coordinates": [78.663959, 16.678116]}}, {"type": "Feature", "properties": {"District": "Mahbubnagar", "Mandal": "Veldanda", "Company": "M/s. Rishi LLp H No. 6A34/A1 Apurupa Colon y Quthubullapur IDA Jeedimet la. Telangana 50005 5.", "Address": "M/s. Rishi LLp H No. 6A34/A1 Apurupa Colon y Quthubullapur IDA Jeedimet la. Telangana 50005 5.", "Mineral": "Road Metal", "MineralTyp": "QL", "SurveyNumb": "270", "LandType": "Govt.Land", "Production": 800000, "Dispatch": 600000, "ETS": 1200000, "Notice": 600000, "Reg_From": "2024-05-25", "Reg_To": "2025-05-24", "ORIG_FID": 370}, "geometry": {"type": "Point", "coordinates": [78.654043, 16.729489]}}, {"type": "Feature", "properties": {"District": "Mahbubnagar", "Mandal": "Midjil", "Company": "M/s. MITTAL AGENCIES A46 ASHOK MARKET OLD FEELKHANA TELANGANA.", "Address": "M/s. MITTAL AGENCIES A46 ASHOK MARKET OLD FEELKHANA TELANGANA.", "Mineral": "Road Metal", "MineralTyp": "QL", "SurveyNumb": "333", "LandType": "Govt.Land", "Production": 800000, "Dispatch": 600000, "ETS": 1200000, "Notice": 600000, "Reg_From": "2024-05-28", "Reg_To": "2026-05-27", "ORIG_FID": 372}, "geometry": {"type": "Point", "coordinates": [78.382967, 16.689861]}}, {"type": "Feature", "properties": {"District": "Mahbubnagar", "Mandal": "Jadcherla", "Company": "M/s. SRI DURGA ENTERPRISES H.No. 11125/3 Bhavani Colony Premavathipet Rajendranagar", "Address": "M/s. SRI DURGA ENTERPRISES H.No. 11125/3 Bhavani Colony Premavathipet Rajendranagar", "Mineral": "Road Metal", "MineralTyp": "QL", "SurveyNumb": "496", "LandType": "Govt.Land", "Production": 800000, "Dispatch": 600000, "ETS": 1200000, "Notice": 600000, "Reg_From": "2024-07-08", "Reg_To": "2025-07-07", "ORIG_FID": 382}, "geometry": {"type": "Point", "coordinates": [78.108491, 16.81947]}}, {"type": "Feature", "properties": {"District": "Mahbubnagar", "Mandal": "Nawabpet1", "Company": "M/s. Moulya Infra Projects 759/32 Tirumala EnclaveDAMMIGUDA MEDCHAL", "Address": "M/s. Moulya Infra Projects 759/32 Tirumala EnclaveDAMMIGUDA MEDCHAL", "Mineral": "Road Metal", "MineralTyp": "QL", "SurveyNumb": "496", "LandType": "Govt.Land", "Production": 800000, "Dispatch": 600000, "ETS": 1200000, "Notice": 600000, "Reg_From": "2026-01-17", "Reg_To": "2027-01-16", "ORIG_FID": 383}, "geometry": {"type": "Point", "coordinates": [78.066291, 16.888971]}}, {"type": "Feature", "properties": {"District": "Mahbubnagar", "Mandal": "Nawabpet1", "Company": "M/s. VK GROUPS 4178/1BHAVANI NAGARNACHARAMMEDCHALMALKAJGIRITELANGANA", "Address": "M/s. VK GROUPS 4178/1BHAVANI NAGARNACHARAMMEDCHALMALKAJGIRITELANGANA", "Mineral": "Road Metal", "MineralTyp": "QL", "SurveyNumb": "243", "LandType": "Govt.Land", "Production": 800000, "Dispatch": 600000, "ETS": 1200000, "Notice": 600000, "Reg_From": "2024-06-18", "Reg_To": "2026-06-17", "ORIG_FID": 384}, "geometry": {"type": "Point", "coordinates": [78.041565, 16.891944]}}, {"type": "Feature", "properties": {"District": "Khammam", "Mandal": "Madhira", "Company": "M/s. PR ENGINEERING SERVICES H.No:4421024/p31 part Paparayudu Nagar Kukatpally5", "Address": "M/s. PR ENGINEERING SERVICES H.No:4421024/p31 part Paparayudu Nagar Kukatpally5", "Mineral": "Road Metal", "MineralTyp": "QL", "SurveyNumb": "402", "LandType": "Govt.Land", "Production": 800000, "Dispatch": 600000, "ETS": 1200000, "Notice": 600000, "Reg_From": "2024-07-22", "Reg_To": "2026-07-21", "ORIG_FID": 387}, "geometry": {"type": "Point", "coordinates": [80.334467, 16.931595]}}, {"type": "Feature", "properties": {"District": "Khammam", "Mandal": "Chinthakani", "Company": "", "Address": "", "Mineral": "Road Metal", "MineralTyp": "QL", "SurveyNumb": "349", "LandType": "Govt.Land", "Production": 800000, "Dispatch": 600000, "ETS": 1200000, "Notice": 600000, "Reg_From": "2024-09-06", "Reg_To": "2029-09-05", "ORIG_FID": 405}, "geometry": {"type": "Point", "coordinates": [80.21263, 17.135838]}}, {"type": "Feature", "properties": {"District": "Khammam", "Mandal": "Nelakondapalle", "Company": "WHITECAP H.NO", "Address": "WHITECAP H.NO;3149/3 PLOT NO;261ST FLOOR ARROKAY MILKROAD NO.1MALLIKARJUN NAGAR NEAR RAVINDRA BHARATHI SCHOOLBODUPPALMEDIPALLY MANDAL.TELANGANA", "Mineral": "Road Metal", "MineralTyp": "QL", "SurveyNumb": "116", "LandType": "Govt.Land", "Production": 800000, "Dispatch": 600000, "ETS": 1200000, "Notice": 600000, "Reg_From": "2024-09-10", "Reg_To": "2026-09-09", "ORIG_FID": 408}, "geometry": {"type": "Point", "coordinates": [79.998465, 17.152651]}}, {"type": "Feature", "properties": {"District": "Khammam", "Mandal": "Mudigonda", "Company": "SSNC TECHNOLOGIES /7/5/2 Old Malakpet Dar Al Khair Appartment FLAT 201 Saddam Hotel Lane Telangana", "Address": "SSNC TECHNOLOGIES /7/5/2 Old Malakpet Dar Al Khair Appartment FLAT 201 Saddam Hotel Lane Telangana", "Mineral": "Road Metal", "MineralTyp": "QL", "SurveyNumb": "116", "LandType": "Govt.Land", "Production": 800000, "Dispatch": 600000, "ETS": 1200000, "Notice": 600000, "Reg_From": "2024-09-11", "Reg_To": "2026-09-10", "ORIG_FID": 409}, "geometry": {"type": "Point", "coordinates": [80.137028, 17.156758]}}, {"type": "Feature", "properties": {"District": "Khammam", "Mandal": "Konijerla", "Company": "M/s. RAKESH ELECTRICAL WORKS 1536/B PNR Township KudaKuda Suryapet Telangana", "Address": "M/s. RAKESH ELECTRICAL WORKS 1536/B PNR Township KudaKuda Suryapet Telangana", "Mineral": "Road Metal", "MineralTyp": "QL", "SurveyNumb": "91", "LandType": "Govt.Land", "Production": 400000, "Dispatch": 400000, "ETS": 450000, "Notice": 50000, "Reg_From": "2024-09-27", "Reg_To": "2026-09-26", "ORIG_FID": 418}, "geometry": {"type": "Point", "coordinates": [80.256273, 17.203286]}}, {"type": "Feature", "properties": {"District": "Khammam", "Mandal": "Tallada", "Company": "KVK ENGINEERING Flat 301 Devi Residency Road No 3 Telecom Nagar Gachibow li", "Address": "KVK ENGINEERING Flat 301 Devi Residency Road No 3 Telecom Nagar Gachibow li", "Mineral": "Road Metal", "MineralTyp": "QL", "SurveyNumb": "497", "LandType": "Govt.Land", "Production": 400000, "Dispatch": 400000, "ETS": 450000, "Notice": 50000, "Reg_From": "2024-09-25", "Reg_To": "2025-09-24", "ORIG_FID": 419}, "geometry": {"type": "Point", "coordinates": [80.421883, 17.20978]}}, {"type": "Feature", "properties": {"District": "Khammam", "Mandal": "Kallur1", "Company": "M/s. RK SYSTEMS 83214/7/1 SRINIVASA COLONY WEST SR NAGAR TELANGANA", "Address": "M/s. RK SYSTEMS 83214/7/1 SRINIVASA COLONY WEST SR NAGAR TELANGANA", "Mineral": "Road Metal", "MineralTyp": "QL", "SurveyNumb": "178", "LandType": "Govt.Land", "Production": 400000, "Dispatch": 400000, "ETS": 450000, "Notice": 50000, "Reg_From": "2024-10-12", "Reg_To": "2025-10-11", "ORIG_FID": 426}, "geometry": {"type": "Point", "coordinates": [80.521444, 17.240586]}}, {"type": "Feature", "properties": {"District": "Nalgonda", "Mandal": "Nampalle", "Company": "SRINIVASA ELECTRICALS #31177 MOTHI MARKET KOTI", "Address": "SRINIVASA ELECTRICALS #31177 MOTHI MARKET KOTI", "Mineral": "Road Metal", "MineralTyp": "QL", "SurveyNumb": "17", "LandType": "Govt.Land", "Production": 400000, "Dispatch": 400000, "ETS": 450000, "Notice": 50000, "Reg_From": "2024-11-21", "Reg_To": "2025-11-20", "ORIG_FID": 444}, "geometry": {"type": "Point", "coordinates": [78.94109, 16.941022]}}, {"type": "Feature", "properties": {"District": "Khammam", "Mandal": "Thirumalayapalem", "Company": "Giga Flat No:506 Bharani Classic Hakeemabad Colony Chintalku nta L b nagar 50 0074", "Address": "Giga Flat No:506 Bharani Classic Hakeemabad Colony Chintalku nta L b nagar 50 0074", "Mineral": "Road Metal", "MineralTyp": "QL", "SurveyNumb": "35/A/1", "LandType": "Govt.Land", "Production": 400000, "Dispatch": 400000, "ETS": 450000, "Notice": 50000, "Reg_From": "2024-11-19", "Reg_To": "2026-11-18", "ORIG_FID": 445}, "geometry": {"type": "Point", "coordinates": [79.813526, 17.318727]}}, {"type": "Feature", "properties": {"District": "Khammam", "Mandal": "Thirumalayapalem", "Company": "GENTECH ENGINEERING GROUND FLOOR P.NO. S70 MAHADEVAPURAM Gajularamaram Medchal Malkajgiri Telangana", "Address": "GENTECH ENGINEERING GROUND FLOOR P.NO. S70 MAHADEVAPURAM Gajularamaram Medchal Malkajgiri Telangana", "Mineral": "Road Metal", "MineralTyp": "QL", "SurveyNumb": "35/Part", "LandType": "Govt.Land", "Production": 400000, "Dispatch": 400000, "ETS": 450000, "Notice": 50000, "Reg_From": "2024-11-23", "Reg_To": "2025-11-22", "ORIG_FID": 446}, "geometry": {"type": "Point", "coordinates": [79.834261, 17.31987]}}, {"type": "Feature", "properties": {"District": "Khammam", "Mandal": "Khammam (Rural)", "Company": "CAPTAIN POLYPLAST LIMITED Plot No 41 Survey No. 305 Vijayanagar Colony Road No 5 Jadcherla Mahabubnagar Telangana", "Address": "CAPTAIN POLYPLAST LIMITED Plot No 41 Survey No. 305 Vijayanagar Colony Road No 5 Jadcherla Mahabubnagar Telangana", "Mineral": "Road Metal", "MineralTyp": "QL", "SurveyNumb": "35", "LandType": "Govt.Land", "Production": 400000, "Dispatch": 400000, "ETS": 450000, "Notice": 50000, "Reg_From": "2024-11-24", "Reg_To": "2025-11-23", "ORIG_FID": 447}, "geometry": {"type": "Point", "coordinates": [80.174302, 17.33332]}}, {"type": "Feature", "properties": {"District": "Nalgonda", "Mandal": "Chandur", "Company": "GLO LED Private Limited nofax 5535/121 Prasanthi Nagar Ku katpally", "Address": "GLO LED Private Limited nofax 5535/121 Prasanthi Nagar Ku katpally", "Mineral": "Road Metal", "MineralTyp": "QL", "SurveyNumb": "35", "LandType": "Govt.Land", "Production": 400000, "Dispatch": 400000, "ETS": 450000, "Notice": 50000, "Reg_From": "2024-11-26", "Reg_To": "2026-11-25", "ORIG_FID": 448}, "geometry": {"type": "Point", "coordinates": [78.980615, 16.972594]}}, {"type": "Feature", "properties": {"District": "Nalgonda", "Mandal": "Marriguda", "Company": "ESSAAR CENTRE Plot.No./1State Bank of Mysore opposite lane East MarredpallySec26", "Address": "ESSAAR CENTRE Plot.No./1State Bank of Mysore opposite lane East MarredpallySec26", "Mineral": "Road Metal", "MineralTyp": "QL", "SurveyNumb": "35/A/1", "LandType": "Govt.Land", "Production": 400000, "Dispatch": 400000, "ETS": 450000, "Notice": 50000, "Reg_From": "2024-11-06", "Reg_To": "2025-11-05", "ORIG_FID": 449}, "geometry": {"type": "Point", "coordinates": [78.959958, 16.982325]}}, {"type": "Feature", "properties": {"District": "Nalgonda", "Mandal": "Marriguda", "Company": "SANTRIX CONSGTRUCTIONS 1909 Vivekanandanagar Dilsukhnagar Pin:", "Address": "SANTRIX CONSGTRUCTIONS 1909 Vivekanandanagar Dilsukhnagar Pin:", "Mineral": "Road Metal", "MineralTyp": "QL", "SurveyNumb": "35/A", "LandType": "Govt.Land", "Production": 400000, "Dispatch": 400000, "ETS": 450000, "Notice": 50000, "Reg_From": "2024-11-27", "Reg_To": "2025-11-26", "ORIG_FID": 450}, "geometry": {"type": "Point", "coordinates": [78.917005, 16.979545]}}, {"type": "Feature", "properties": {"District": "Khammam", "Mandal": "Chandrugonda", "Company": "Helios Renewable Energy Block No 19 19440 Satya Kam ala Complex Sagar Road HDFC Bank Reddy Colony Miryalaguda Nalgonda Telangana", "Address": "Helios Renewable Energy Block No 19 19440 Satya Kam ala Complex Sagar Road HDFC Bank Reddy Colony Miryalaguda Nalgonda Telangana", "Mineral": "Road Metal", "MineralTyp": "QL", "SurveyNumb": "35/A/1", "LandType": "Govt.Land", "Production": 400000, "Dispatch": 400000, "ETS": 450000, "Notice": 50000, "Reg_From": "2024-11-28", "Reg_To": "2025-11-27", "ORIG_FID": 451}, "geometry": {"type": "Point", "coordinates": [80.687498, 17.381629]}}, {"type": "Feature", "properties": {"District": "Khammam", "Mandal": "Kamepalle", "Company": "M/s. Suman kumar Mana Agritech /5A kapuwada kaghaznagar komrambheem asifabadTELANGANA", "Address": "M/s. Suman kumar Mana Agritech /5A kapuwada kaghaznagar komrambheem asifabadTELANGANA", "Mineral": "Road Metal", "MineralTyp": "QL", "SurveyNumb": "35/A/1", "LandType": "Govt.Land", "Production": 400000, "Dispatch": 400000, "ETS": 450000, "Notice": 50000, "Reg_From": "2024-11-20", "Reg_To": "2025-11-19", "ORIG_FID": 452}, "geometry": {"type": "Point", "coordinates": [80.308509, 17.408927]}}, {"type": "Feature", "properties": {"District": "Khammam", "Mandal": "Julurpad", "Company": "M/s. Suryateja Energy House no 81296/S/183 /SS/101 Flat N0. 101Plot no. 183 Sri Rama SerenityRoad no. 02Sri Ramana Colony ZP Road Karmanghat LB Nagar Rangareddy", "Address": "M/s. Suryateja Energy House no 81296/S/183 /SS/101 Flat N0. 101Plot no. 183 Sri Rama SerenityRoad no. 02Sri Ramana Colony ZP Road Karmanghat LB Nagar Rangareddy", "Mineral": "Road Metal", "MineralTyp": "QL", "SurveyNumb": "35", "LandType": "Govt.Land", "Production": 400000, "Dispatch": 400000, "ETS": 450000, "Notice": 50000, "Reg_From": "2024-12-02", "Reg_To": "2025-12-01", "ORIG_FID": 453}, "geometry": {"type": "Point", "coordinates": [80.528941, 17.417887]}}, {"type": "Feature", "properties": {"District": "Khammam", "Mandal": "Kamepalle", "Company": "M/s. Access Technologies Plot No 997", "Address": "M/s. Access Technologies Plot No 997;Beside Karur VysyaBank LanePragathi Nagar Bachupally Mandal Medchal Malkajgiri District 500090Telangana State", "Mineral": "Road Metal", "MineralTyp": "QL", "SurveyNumb": "35", "LandType": "Govt.Land", "Production": 400000, "Dispatch": 400000, "ETS": 450000, "Notice": 50000, "Reg_From": "2024-12-02", "Reg_To": "2026-12-01", "ORIG_FID": 454}, "geometry": {"type": "Point", "coordinates": [80.226202, 17.407139]}}, {"type": "Feature", "properties": {"District": "Khammam", "Mandal": "Kamepalle", "Company": "M/s. NARENDER SATHE Plot No 65 H NO 2120 APHB COLONY MEDCHAL Medchal Malkajgiri Telangana", "Address": "M/s. NARENDER SATHE Plot No 65 H NO 2120 APHB COLONY MEDCHAL Medchal Malkajgiri Telangana", "Mineral": "Road Metal", "MineralTyp": "QL", "SurveyNumb": "35", "LandType": "Govt.Land", "Production": 400000, "Dispatch": 400000, "ETS": 450000, "Notice": 50000, "Reg_From": "2024-12-02", "Reg_To": "2025-12-01", "ORIG_FID": 455}, "geometry": {"type": "Point", "coordinates": [80.268134, 17.415642]}}, {"type": "Feature", "properties": {"District": "Khammam", "Mandal": "Kamepalle", "Company": "VARCAS AUTOMOBILES PRIVATE LIMITED SY No. 69 Block B BESIDE SHR I BHAVANI SHANKARA TEMPLE GAD DAPOTHARAM ROAD ALLINAGARAMLA T Sangareddy Chetlapotharam Medak Patancheru Telangana India", "Address": "VARCAS AUTOMOBILES PRIVATE LIMITED SY No. 69 Block B BESIDE SHR I BHAVANI SHANKARA TEMPLE GAD DAPOTHARAM ROAD ALLINAGARAMLA T Sangareddy Chetlapotharam Medak Patancheru Telangana India", "Mineral": "Road Metal", "MineralTyp": "QL", "SurveyNumb": "403/C1", "LandType": "Govt.Land", "Production": 400000, "Dispatch": 400000, "ETS": 450000, "Notice": 50000, "Reg_From": "2024-12-04", "Reg_To": "2029-12-03", "ORIG_FID": 457}, "geometry": {"type": "Point", "coordinates": [80.271832, 17.446939]}}, {"type": "Feature", "properties": {"District": "Khammam", "Mandal": "Singareni", "Company": "ECOPLANET MOTORS PRIVATE LIMITED SUSML C 23/09 ROAD NO.15 HO JIWALA INDUSTRIAL ESTATE SACH IN SURAT GUJARAT", "Address": "ECOPLANET MOTORS PRIVATE LIMITED SUSML C 23/09 ROAD NO.15 HO JIWALA INDUSTRIAL ESTATE SACH IN SURAT GUJARAT", "Mineral": "Road Metal", "MineralTyp": "QL", "SurveyNumb": "271", "LandType": "Govt.Land", "Production": 400000, "Dispatch": 400000, "ETS": 450000, "Notice": 50000, "Reg_From": "2024-12-04", "Reg_To": "2025-12-03", "ORIG_FID": 458}, "geometry": {"type": "Point", "coordinates": [80.21037, 17.462406]}}, {"type": "Feature", "properties": {"District": "Khammam", "Mandal": "Garla", "Company": "M/s. SHOURYAINFRA PLOT NO 13 FLAT NO 202 SOLITAIRE ENCLVE AGRICULTURE COLONY HASTINAPURAM", "Address": "M/s. SHOURYAINFRA PLOT NO 13 FLAT NO 202 SOLITAIRE ENCLVE AGRICULTURE COLONY HASTINAPURAM", "Mineral": "Road Metal", "MineralTyp": "QL", "SurveyNumb": "228", "LandType": "Govt.Land", "Production": 400000, "Dispatch": 400000, "ETS": 450000, "Notice": 50000, "Reg_From": "2024-12-02", "Reg_To": "2025-12-01", "ORIG_FID": 459}, "geometry": {"type": "Point", "coordinates": [80.190433, 17.466762]}}, {"type": "Feature", "properties": {"District": "Khammam", "Mandal": "Kothagudem1", "Company": "M/s. PRINCIPLE ACS ENGINEERING INDIA PVT LTD PLOT NO 82293/82/A/58/A GROUND FLOOR PAVANI EQUINOX ROAD NO 8 JUBILEE HILLS", "Address": "M/s. PRINCIPLE ACS ENGINEERING INDIA PVT LTD PLOT NO 82293/82/A/58/A GROUND FLOOR PAVANI EQUINOX ROAD NO 8 JUBILEE HILLS", "Mineral": "Road Metal", "MineralTyp": "QL", "SurveyNumb": "1752/1", "LandType": "Govt.Land", "Production": 400000, "Dispatch": 400000, "ETS": 450000, "Notice": 50000, "Reg_From": "2024-12-07", "Reg_To": "2026-12-06", "ORIG_FID": 460}, "geometry": {"type": "Point", "coordinates": [80.549273, 17.485455]}}, {"type": "Feature", "properties": {"District": "Khammam", "Mandal": "Singareni", "Company": "M/s. Ctech Solutions Flat 108 Range view apartment opp pillar 35 Retibowli Mehdipatnam", "Address": "M/s. Ctech Solutions Flat 108 Range view apartment opp pillar 35 Retibowli Mehdipatnam", "Mineral": "Road Metal", "MineralTyp": "QL", "SurveyNumb": "392/1", "LandType": "Govt.Land", "Production": 400000, "Dispatch": 400000, "ETS": 450000, "Notice": 50000, "Reg_From": "2024-12-02", "Reg_To": "2025-12-01", "ORIG_FID": 462}, "geometry": {"type": "Point", "coordinates": [80.267394, 17.514211]}}, {"type": "Feature", "properties": {"District": "Warangal", "Mandal": "Maripeda", "Company": "M/s. Tandberg Systems LLP 4470 NEW MIG BHEL RC puramPatancheru Telangana", "Address": "M/s. Tandberg Systems LLP 4470 NEW MIG BHEL RC puramPatancheru Telangana", "Mineral": "Road Metal", "MineralTyp": "QL", "SurveyNumb": "109", "LandType": "Govt.Land", "Production": 400000, "Dispatch": 400000, "ETS": 450000, "Notice": 50000, "Reg_From": "2024-12-07", "Reg_To": "2025-12-06", "ORIG_FID": 476}, "geometry": {"type": "Point", "coordinates": [79.941466, 17.399943]}}, {"type": "Feature", "properties": {"District": "Nalgonda", "Mandal": "Rajapet", "Company": "M/s. SURYODHAYA ENTERPRISE Subhash Nagar Road Ravali Wooden Furniture Subha sh Nagar Karimnagar Telangana", "Address": "M/s. SURYODHAYA ENTERPRISE Subhash Nagar Road Ravali Wooden Furniture Subha sh Nagar Karimnagar Telangana", "Mineral": "Road Metal", "MineralTyp": "QL", "SurveyNumb": "679/1", "LandType": "Govt.Land", "Production": 400000, "Dispatch": 400000, "ETS": 450000, "Notice": 50000, "Reg_From": "2024-12-23", "Reg_To": "2026-12-22", "ORIG_FID": 479}, "geometry": {"type": "Point", "coordinates": [78.949333, 17.686594]}}, {"type": "Feature", "properties": {"District": "Nalgonda", "Mandal": "Yadagirigutta", "Company": "M/s. KARTIKEYA 2115/C Grain Market Road Jammikunta Karimnagar Telangana", "Address": "M/s. KARTIKEYA 2115/C Grain Market Road Jammikunta Karimnagar Telangana", "Mineral": "Road Metal", "MineralTyp": "QL", "SurveyNumb": "231", "LandType": "Govt.Land", "Production": 400000, "Dispatch": 400000, "ETS": 450000, "Notice": 50000, "Reg_From": "2025-01-03", "Reg_To": "2027-01-02", "ORIG_FID": 480}, "geometry": {"type": "Point", "coordinates": [78.976178, 17.687664]}}, {"type": "Feature", "properties": {"District": "Warangal", "Mandal": "Dornakal", "Company": "M/s. AKSHAYA ENTERPRISES Building no/Flat no 15211/A/1 Road/Street Tharuni Water Plant Road Industrial Area Khanapuram Khammam Telangana", "Address": "M/s. AKSHAYA ENTERPRISES Building no/Flat no 15211/A/1 Road/Street Tharuni Water Plant Road Industrial Area Khanapuram Khammam Telangana", "Mineral": "Road Metal", "MineralTyp": "QL", "SurveyNumb": "404", "LandType": "Govt.Land", "Production": 400000, "Dispatch": 400000, "ETS": 450000, "Notice": 50000, "Reg_From": "2025-01-04", "Reg_To": "2027-01-03", "ORIG_FID": 481}, "geometry": {"type": "Point", "coordinates": [80.056748, 17.43166]}}, {"type": "Feature", "properties": {"District": "Warangal", "Mandal": "Maripeda", "Company": "M/s. I Mech Technologies Pvt Ltd 14161/29Akash Enclave JJ Nagar P.O Near Sainikpuri", "Address": "M/s. I Mech Technologies Pvt Ltd 14161/29Akash Enclave JJ Nagar P.O Near Sainikpuri", "Mineral": "Road Metal", "MineralTyp": "QL", "SurveyNumb": "466", "LandType": "Govt.Land", "Production": 400000, "Dispatch": 400000, "ETS": 450000, "Notice": 50000, "Reg_From": "2025-01-24", "Reg_To": "2026-01-23", "ORIG_FID": 492}, "geometry": {"type": "Point", "coordinates": [79.879717, 17.520954]}}, {"type": "Feature", "properties": {"District": "Adilabad", "Mandal": "Vemanpalle", "Company": "M/s. AMB GREEN ENERGY PRIVATE LIMITED Flot No 502 Arcus sky cradle near by VNR college bachupally", "Address": "M/s. AMB GREEN ENERGY PRIVATE LIMITED Flot No 502 Arcus sky cradle near by VNR college bachupally", "Mineral": "Road Metal", "MineralTyp": "QL", "SurveyNumb": "86/1", "LandType": "Govt.Land", "Production": 400000, "Dispatch": 400000, "ETS": 450000, "Notice": 50000, "Reg_From": "2025-01-25", "Reg_To": "2026-01-24", "ORIG_FID": 493}, "geometry": {"type": "Point", "coordinates": [79.739655, 19.116107]}}, {"type": "Feature", "properties": {"District": "Adilabad", "Mandal": "Vemanpalle", "Company": "M/s. SRIRAM INFRA AND SOLUTIONS 93A khammam rural Muthagudem Gollagudem Khammam Telangana", "Address": "M/s. SRIRAM INFRA AND SOLUTIONS 93A khammam rural Muthagudem Gollagudem Khammam Telangana", "Mineral": "Road Metal", "MineralTyp": "QL", "SurveyNumb": "155", "LandType": "Govt.Land", "Production": 400000, "Dispatch": 400000, "ETS": 450000, "Notice": 50000, "Reg_From": "2025-02-10", "Reg_To": "2026-02-09", "ORIG_FID": 500}, "geometry": {"type": "Point", "coordinates": [79.769598, 19.133299]}}, {"type": "Feature", "properties": {"District": "Warangal", "Mandal": "Nellikudur", "Company": "M/s. ESSAR ENTERPRISE SOLUTIONS 5533/85 Viganapuri Colony Road Behind Metro Medchal Malkajgiri Telangana", "Address": "M/s. ESSAR ENTERPRISE SOLUTIONS 5533/85 Viganapuri Colony Road Behind Metro Medchal Malkajgiri Telangana", "Mineral": "Road Metal", "MineralTyp": "QL", "SurveyNumb": "196/1", "LandType": "Govt.Land", "Production": 400000, "Dispatch": 400000, "ETS": 450000, "Notice": 50000, "Reg_From": "2025-02-14", "Reg_To": "2026-02-13", "ORIG_FID": 505}, "geometry": {"type": "Point", "coordinates": [79.79073, 17.561181]}}, {"type": "Feature", "properties": {"District": "Khammam", "Mandal": "Yellandu", "Company": "M/s. SS ENERGY SOLUTIONS Flat No. 409 sai durga gardens opp. HMT Nagar Nacharam Telangana", "Address": "M/s. SS ENERGY SOLUTIONS Flat No. 409 sai durga gardens opp. HMT Nagar Nacharam Telangana", "Mineral": "Road Metal", "MineralTyp": "QL", "SurveyNumb": "196/1", "LandType": "Govt.Land", "Production": 400000, "Dispatch": 400000, "ETS": 450000, "Notice": 50000, "Reg_From": "2025-02-14", "Reg_To": "2026-02-13", "ORIG_FID": 506}, "geometry": {"type": "Point", "coordinates": [80.311861, 17.697463]}}, {"type": "Feature", "properties": {"District": "Adilabad", "Mandal": "Dahegaon", "Company": "M/s. AADITHYA ENERGIES Plot No.42 SY No.96/6 Gandipet Himayat Sagar Rangareddy Telangana", "Address": "M/s. AADITHYA ENERGIES Plot No.42 SY No.96/6 Gandipet Himayat Sagar Rangareddy Telangana", "Mineral": "Road Metal", "MineralTyp": "QL", "SurveyNumb": "196", "LandType": "Govt.Land", "Production": 400000, "Dispatch": 400000, "ETS": 450000, "Notice": 50000, "Reg_From": "2025-02-15", "Reg_To": "2027-02-14", "ORIG_FID": 507}, "geometry": {"type": "Point", "coordinates": [79.805295, 19.15348]}}, {"type": "Feature", "properties": {"District": "Adilabad", "Mandal": "Kasipet", "Company": "M/s. MAHAVEER TECH SOLUTIONS 1061 JYOTHULA NAGAR THIMMAPURAM VILLAGE JAJIREDDY GUDEM MANDAL SURYAPET DISTRICT", "Address": "M/s. MAHAVEER TECH SOLUTIONS 1061 JYOTHULA NAGAR THIMMAPURAM VILLAGE JAJIREDDY GUDEM MANDAL SURYAPET DISTRICT", "Mineral": "Road Metal", "MineralTyp": "QL", "SurveyNumb": "196/1", "LandType": "Govt.Land", "Production": 400000, "Dispatch": 400000, "ETS": 450000, "Notice": 50000, "Reg_From": "2025-02-19", "Reg_To": "2026-02-18", "ORIG_FID": 508}, "geometry": {"type": "Point", "coordinates": [79.413119, 19.082302]}}, {"type": "Feature", "properties": {"District": "Adilabad", "Mandal": "Vemanpalle", "Company": "M/s. ASCLER INDIA SOLUTIONS 302 82596/F/44/A Farhat Afza Road No. 10 Banjara Hills Telangana", "Address": "M/s. ASCLER INDIA SOLUTIONS 302 82596/F/44/A Farhat Afza Road No. 10 Banjara Hills Telangana", "Mineral": "Road Metal", "MineralTyp": "QL", "SurveyNumb": "196/1", "LandType": "Govt.Land", "Production": 400000, "Dispatch": 400000, "ETS": 450000, "Notice": 50000, "Reg_From": "2025-02-14", "Reg_To": "2026-02-13", "ORIG_FID": 509}, "geometry": {"type": "Point", "coordinates": [79.766476, 19.16112]}}, {"type": "Feature", "properties": {"District": "Khammam", "Mandal": "Tekulapalle", "Company": "M/s. Shrushi Enterprises H. No. 3217 to 17 Kachiguda Near D Mart", "Address": "M/s. Shrushi Enterprises H. No. 3217 to 17 Kachiguda Near D Mart", "Mineral": "Road Metal", "MineralTyp": "QL", "SurveyNumb": "196/1", "LandType": "Govt.Land", "Production": 400000, "Dispatch": 400000, "ETS": 450000, "Notice": 50000, "Reg_From": "2025-02-19", "Reg_To": "2026-02-18", "ORIG_FID": 510}, "geometry": {"type": "Point", "coordinates": [80.460477, 17.710259]}}, {"type": "Feature", "properties": {"District": "Adilabad", "Mandal": "Kasipet", "Company": "M/s. LASYA ENTERPRISES AND SOLUTIONS 4275/2/29/2/a/2 Near SSV Towers Besta Colony Khammam", "Address": "M/s. LASYA ENTERPRISES AND SOLUTIONS 4275/2/29/2/a/2 Near SSV Towers Besta Colony Khammam", "Mineral": "Road Metal", "MineralTyp": "QL", "SurveyNumb": "196/1", "LandType": "Govt.Land", "Production": 400000, "Dispatch": 400000, "ETS": 450000, "Notice": 50000, "Reg_From": "2025-02-20", "Reg_To": "2026-02-19", "ORIG_FID": 511}, "geometry": {"type": "Point", "coordinates": [79.419275, 19.097509]}}, {"type": "Feature", "properties": {"District": "Warangal", "Mandal": "Nellikudur", "Company": "M/s. TIRUMALA ENERGY 1110740/17/A Bhurunapuram Opp D R D A Office Khammam town & Dist Telangana", "Address": "M/s. TIRUMALA ENERGY 1110740/17/A Bhurunapuram Opp D R D A Office Khammam town & Dist Telangana", "Mineral": "Road Metal", "MineralTyp": "QL", "SurveyNumb": "154/A", "LandType": "Govt.Land", "Production": 400000, "Dispatch": 400000, "ETS": 450000, "Notice": 50000, "Reg_From": "2025-02-21", "Reg_To": "2026-02-20", "ORIG_FID": 515}, "geometry": {"type": "Point", "coordinates": [79.747173, 17.58903]}}, {"type": "Feature", "properties": {"District": "Adilabad", "Mandal": "Bellampalle", "Company": "M/s. SUNLYTIC SYSTEMS PRIVATE LIMITED FLAT 320 SRI TIRUMALA HARMONY OPP SAKETH TOWERSKAPRAECIL MEDCHAL MALKAJGIRI DIST TELANGANA", "Address": "M/s. SUNLYTIC SYSTEMS PRIVATE LIMITED FLAT 320 SRI TIRUMALA HARMONY OPP SAKETH TOWERSKAPRAECIL MEDCHAL MALKAJGIRI DIST TELANGANA", "Mineral": "Road Metal", "MineralTyp": "QL", "SurveyNumb": "154/B", "LandType": "Govt.Land", "Production": 400000, "Dispatch": 400000, "ETS": 450000, "Notice": 50000, "Reg_From": "2025-02-24", "Reg_To": "2026-02-23", "ORIG_FID": 516}, "geometry": {"type": "Point", "coordinates": [79.450449, 19.107649]}}, {"type": "Feature", "properties": {"District": "Warangal", "Mandal": "Thorrur", "Company": "M/s. TRUFA ENTERPRISE PRIVATE LIMITED VILLA271.XIII PHASEINDU FORTUNE FIELDS KUKATPALLY Rangareddi Telangana India", "Address": "M/s. TRUFA ENTERPRISE PRIVATE LIMITED VILLA271.XIII PHASEINDU FORTUNE FIELDS KUKATPALLY Rangareddi Telangana India", "Mineral": "Road Metal", "MineralTyp": "QL", "SurveyNumb": "387/1", "LandType": "Govt.Land", "Production": 400000, "Dispatch": 400000, "ETS": 450000, "Notice": 50000, "Reg_From": "2025-02-19", "Reg_To": "2027-02-18", "ORIG_FID": 517}, "geometry": {"type": "Point", "coordinates": [79.621325, 17.596794]}}, {"type": "Feature", "properties": {"District": "Warangal", "Mandal": "Devaruppula", "Company": "M/s. DEEPTHI SOLUTIONS 81710/1 NEAR CSI CHURCH RTC COLONY NALGONDA", "Address": "M/s. DEEPTHI SOLUTIONS 81710/1 NEAR CSI CHURCH RTC COLONY NALGONDA", "Mineral": "Road Metal", "MineralTyp": "QL", "SurveyNumb": "572", "LandType": "Govt.Land", "Production": 400000, "Dispatch": 400000, "ETS": 450000, "Notice": 50000, "Reg_From": "2025-02-21", "Reg_To": "2027-02-20", "ORIG_FID": 519}, "geometry": {"type": "Point", "coordinates": [79.240739, 17.595872]}}, {"type": "Feature", "properties": {"District": "Khammam", "Mandal": "Yellandu", "Company": "M/s. AVVARU ENERGY SYSTEMS S1 H NO 1113201/3 ANUPAMA TOWERS GREENHILLS COLONY KOTHAPET SAROORNAGAR", "Address": "M/s. AVVARU ENERGY SYSTEMS S1 H NO 1113201/3 ANUPAMA TOWERS GREENHILLS COLONY KOTHAPET SAROORNAGAR", "Mineral": "Road Metal", "MineralTyp": "QL", "SurveyNumb": "633/1", "LandType": "Govt.Land", "Production": 400000, "Dispatch": 400000, "ETS": 450000, "Notice": 50000, "Reg_From": "2025-02-25", "Reg_To": "2026-02-24", "ORIG_FID": 520}, "geometry": {"type": "Point", "coordinates": [80.284095, 17.733168]}}, {"type": "Feature", "properties": {"District": "Warangal", "Mandal": "Devaruppula", "Company": "M/s. SRI SITARAMA ELECTRONICS BRIDGE ROAD BHADRACHALAM", "Address": "M/s. SRI SITARAMA ELECTRONICS BRIDGE ROAD BHADRACHALAM", "Mineral": "Road Metal", "MineralTyp": "QL", "SurveyNumb": "633/1", "LandType": "Govt.Land", "Production": 400000, "Dispatch": 400000, "ETS": 450000, "Notice": 50000, "Reg_From": "2025-02-26", "Reg_To": "2026-02-25", "ORIG_FID": 521}, "geometry": {"type": "Point", "coordinates": [79.261098, 17.600849]}}, {"type": "Feature", "properties": {"District": "Khammam", "Mandal": "Yellandu", "Company": "M/s. TEJASWI SOLUTIONS 5119 TEKULA BASTI Bellampalle Mancherial Telangana", "Address": "M/s. TEJASWI SOLUTIONS 5119 TEKULA BASTI Bellampalle Mancherial Telangana", "Mineral": "Road Metal", "MineralTyp": "QL", "SurveyNumb": "633/1", "LandType": "Govt.Land", "Production": 400000, "Dispatch": 400000, "ETS": 450000, "Notice": 50000, "Reg_From": "2025-02-26", "Reg_To": "2026-02-25", "ORIG_FID": 522}, "geometry": {"type": "Point", "coordinates": [80.337153, 17.734971]}}, {"type": "Feature", "properties": {"District": "Warangal", "Mandal": "Nellikudur", "Company": "M/s. SAI RAJ TECH MIG 506 Opp Temple Bus Stop KPHB Colony", "Address": "M/s. SAI RAJ TECH MIG 506 Opp Temple Bus Stop KPHB Colony", "Mineral": "Road Metal", "MineralTyp": "QL", "SurveyNumb": "633/1", "LandType": "Govt.Land", "Production": 400000, "Dispatch": 400000, "ETS": 450000, "Notice": 50000, "Reg_From": "2025-03-01", "Reg_To": "2027-02-28", "ORIG_FID": 523}, "geometry": {"type": "Point", "coordinates": [79.801921, 17.605334]}}, {"type": "Feature", "properties": {"District": "Adilabad", "Mandal": "Dahegaon", "Company": "M/s. VNR ENERGY PLOT NO.189FLAT NO.102 PARK VIEW APARTMENT MOTINAGAR Telangana", "Address": "M/s. VNR ENERGY PLOT NO.189FLAT NO.102 PARK VIEW APARTMENT MOTINAGAR Telangana", "Mineral": "Road Metal", "MineralTyp": "QL", "SurveyNumb": "633/1", "LandType": "Govt.Land", "Production": 400000, "Dispatch": 400000, "ETS": 450000, "Notice": 50000, "Reg_From": "2025-03-03", "Reg_To": "2026-03-02", "ORIG_FID": 524}, "geometry": {"type": "Point", "coordinates": [79.787923, 19.196874]}}, {"type": "Feature", "properties": {"District": "Medak", "Mandal": "Tupran", "Company": "M/s. Sunpetal renewable energies private limited /2/A above medplus NIT subedari hanamkonda telangana", "Address": "M/s. Sunpetal renewable energies private limited /2/A above medplus NIT subedari hanamkonda telangana", "Mineral": "Road Metal", "MineralTyp": "QL", "SurveyNumb": "633/1", "LandType": "Govt.Land", "Production": 400000, "Dispatch": 400000, "ETS": 450000, "Notice": 50000, "Reg_From": "2025-03-03", "Reg_To": "2026-03-02", "ORIG_FID": 525}, "geometry": {"type": "Point", "coordinates": [78.495465, 17.772405]}}, {"type": "Feature", "properties": {"District": "Warangal", "Mandal": "Devaruppula", "Company": "M/s. Connects 23132/2 Adarsh Nagar Colony Road Nagole Rangareddy Telangana", "Address": "M/s. Connects 23132/2 Adarsh Nagar Colony Road Nagole Rangareddy Telangana", "Mineral": "Road Metal", "MineralTyp": "QL", "SurveyNumb": "633/1", "LandType": "Govt.Land", "Production": 400000, "Dispatch": 400000, "ETS": 450000, "Notice": 50000, "Reg_From": "2025-03-03", "Reg_To": "2026-03-02", "ORIG_FID": 526}, "geometry": {"type": "Point", "coordinates": [79.292619, 17.619187]}}, {"type": "Feature", "properties": {"District": "Medak", "Mandal": "Wargal", "Company": "M/s. TATA GREEN SOLUTIONS Plot No.425 Flat No. G2 venkata ramana colony Gokul Plots Kukatpally Medchal Malkajgiri Telangana", "Address": "M/s. TATA GREEN SOLUTIONS Plot No.425 Flat No. G2 venkata ramana colony Gokul Plots Kukatpally Medchal Malkajgiri Telangana", "Mineral": "Road Metal", "MineralTyp": "QL", "SurveyNumb": "633/1", "LandType": "Govt.Land", "Production": 400000, "Dispatch": 400000, "ETS": 450000, "Notice": 50000, "Reg_From": "2025-03-03", "Reg_To": "2027-03-02", "ORIG_FID": 527}, "geometry": {"type": "Point", "coordinates": [78.596607, 17.779488]}}, {"type": "Feature", "properties": {"District": "Adilabad", "Mandal": "Tandur1", "Company": "M/s. Saiber Systems 11308/87P Ground Floor Sri Ram Nagar Colony Kapra Medchal Malkajgiri.", "Address": "M/s. Saiber Systems 11308/87P Ground Floor Sri Ram Nagar Colony Kapra Medchal Malkajgiri.", "Mineral": "Road Metal", "MineralTyp": "QL", "SurveyNumb": "633/1", "LandType": "Govt.Land", "Production": 400000, "Dispatch": 400000, "ETS": 450000, "Notice": 50000, "Reg_From": "2025-02-04", "Reg_To": "2027-02-03", "ORIG_FID": 528}, "geometry": {"type": "Point", "coordinates": [79.478696, 19.137173]}}, {"type": "Feature", "properties": {"District": "Khammam", "Mandal": "Yellandu", "Company": "M/s. Gargeya Enterprises H.NO. 68222/1 Ravindra Nagar Colony Nalgonda Telangana", "Address": "M/s. Gargeya Enterprises H.NO. 68222/1 Ravindra Nagar Colony Nalgonda Telangana", "Mineral": "Road Metal", "MineralTyp": "QL", "SurveyNumb": "633/1", "LandType": "Govt.Land", "Production": 400000, "Dispatch": 400000, "ETS": 450000, "Notice": 50000, "Reg_From": "2025-03-06", "Reg_To": "2027-03-05", "ORIG_FID": 529}, "geometry": {"type": "Point", "coordinates": [80.312272, 17.758359]}}, {"type": "Feature", "properties": {"District": "Khammam", "Mandal": "Gundala1", "Company": "M/s. Devi Engineering And Communication H. NO. 10=91/6/27/1 Nethaji Nagar Keesara (M) Nagaram Rangareddy Dist Tenagana", "Address": "M/s. Devi Engineering And Communication H. NO. 10=91/6/27/1 Nethaji Nagar Keesara (M) Nagaram Rangareddy Dist Tenagana", "Mineral": "Road Metal", "MineralTyp": "QL", "SurveyNumb": "84/1", "LandType": "Govt.Land", "Production": 400000, "Dispatch": 400000, "ETS": 450000, "Notice": 50000, "Reg_From": "2025-03-01", "Reg_To": "2026-02-28", "ORIG_FID": 530}, "geometry": {"type": "Point", "coordinates": [80.446942, 17.755636]}}, {"type": "Feature", "properties": {"District": "Adilabad", "Mandal": "Tiryani", "Company": "M/s. SIDHI VINAYAKA GRID SOLLUTIONS DOOR NO 9264 MAIN RAOD ICHODA ICHODA VILLAGE AND MANDAL DISTRICT ADILABAD", "Address": "M/s. SIDHI VINAYAKA GRID SOLLUTIONS DOOR NO 9264 MAIN RAOD ICHODA ICHODA VILLAGE AND MANDAL DISTRICT ADILABAD", "Mineral": "Road Metal", "MineralTyp": "QL", "SurveyNumb": "84/1", "LandType": "Govt.Land", "Production": 400000, "Dispatch": 400000, "ETS": 450000, "Notice": 50000, "Reg_From": "2025-03-07", "Reg_To": "2026-03-06", "ORIG_FID": 531}, "geometry": {"type": "Point", "coordinates": [79.389985, 19.139406]}}, {"type": "Feature", "properties": {"District": "Warangal", "Mandal": "Lingalaghanpur", "Company": "M/s. GPL ENERGY SERVICES 11160/220/2BJR NAGARNEAR MAJID MAKAJGIRI HEDARABAD TELANGANA", "Address": "M/s. GPL ENERGY SERVICES 11160/220/2BJR NAGARNEAR MAJID MAKAJGIRI HEDARABAD TELANGANA", "Mineral": "Road Metal", "MineralTyp": "QL", "SurveyNumb": "84/1", "LandType": "Govt.Land", "Production": 400000, "Dispatch": 400000, "ETS": 450000, "Notice": 50000, "Reg_From": "2025-02-26", "Reg_To": "2026-02-25", "ORIG_FID": 532}, "geometry": {"type": "Point", "coordinates": [79.228255, 17.627926]}}, {"type": "Feature", "properties": {"District": "Adilabad", "Mandal": "Tandur1", "Company": "M/s. Padmaja Transformers /2 Kamala Deepthi Apts Srinivasa Nagar Colony Padmarao Nagar Secunderabad", "Address": "M/s. Padmaja Transformers /2 Kamala Deepthi Apts Srinivasa Nagar Colony Padmarao Nagar Secunderabad", "Mineral": "Road Metal", "MineralTyp": "QL", "SurveyNumb": "84/1", "LandType": "Govt.Land", "Production": 400000, "Dispatch": 400000, "ETS": 450000, "Notice": 50000, "Reg_From": "2025-03-19", "Reg_To": "2026-03-18", "ORIG_FID": 533}, "geometry": {"type": "Point", "coordinates": [79.49739, 19.146518]}}, {"type": "Feature", "properties": {"District": "Medak", "Mandal": "Kowdipalle", "Company": "M/s. Chenamali Solutions Pvt Ltd 1st floor KRK House 1830348/15 PG Road Sindhi Colony Begumpet", "Address": "M/s. Chenamali Solutions Pvt Ltd 1st floor KRK House 1830348/15 PG Road Sindhi Colony Begumpet", "Mineral": "Road Metal", "MineralTyp": "QL", "SurveyNumb": "435", "LandType": "Govt.Land", "Production": 400000, "Dispatch": 400000, "ETS": 450000, "Notice": 50000, "Reg_From": "2025-03-19", "Reg_To": "2026-03-18", "ORIG_FID": 534}, "geometry": {"type": "Point", "coordinates": [78.216527, 17.85018]}}, {"type": "Feature", "properties": {"District": "Medak", "Mandal": "Wargal", "Company": "M/s. Vyavastha Enterprises Pvt Ltd Plot #1025/MIG2 HUDA COLONY MIYAPUR .", "Address": "M/s. Vyavastha Enterprises Pvt Ltd Plot #1025/MIG2 HUDA COLONY MIYAPUR .", "Mineral": "Road Metal", "MineralTyp": "QL", "SurveyNumb": "24/1", "LandType": "Govt.Land", "Production": 400000, "Dispatch": 400000, "ETS": 450000, "Notice": 50000, "Reg_From": "2025-03-21", "Reg_To": "2027-03-20", "ORIG_FID": 535}, "geometry": {"type": "Point", "coordinates": [78.704478, 17.787344]}}, {"type": "Feature", "properties": {"District": "Adilabad", "Mandal": "Tandur1", "Company": "M/s. BVM ENTERPRISES GROUND FLOOR 449/3/10/A /1 near main road nagaram sri ramnagar colony Medchal Malkajgiri Telangana", "Address": "M/s. BVM ENTERPRISES GROUND FLOOR 449/3/10/A /1 near main road nagaram sri ramnagar colony Medchal Malkajgiri Telangana", "Mineral": "Road Metal", "MineralTyp": "QL", "SurveyNumb": "24/1", "LandType": "Govt.Land", "Production": 400000, "Dispatch": 400000, "ETS": 450000, "Notice": 50000, "Reg_From": "2025-03-27", "Reg_To": "2026-03-26", "ORIG_FID": 536}, "geometry": {"type": "Point", "coordinates": [79.438939, 19.148899]}}, {"type": "Feature", "properties": {"District": "Medak", "Mandal": "Kowdipalle", "Company": "M/s. Sun Services H. No. Anand Nagar Bandla Guda Nagole", "Address": "M/s. Sun Services H. No. Anand Nagar Bandla Guda Nagole", "Mineral": "Road Metal", "MineralTyp": "QL", "SurveyNumb": "761/2", "LandType": "Govt.Land", "Production": 400000, "Dispatch": 400000, "ETS": 450000, "Notice": 50000, "Reg_From": "2025-04-26", "Reg_To": "2026-04-25", "ORIG_FID": 545}, "geometry": {"type": "Point", "coordinates": [78.143076, 17.887408]}}, {"type": "Feature", "properties": {"District": "Adilabad", "Mandal": "Rebbana", "Company": "Evolve Green Energies Private Limited 371 SIDCO Industrial Estate NP Ambattur Chennai", "Address": "Evolve Green Energies Private Limited 371 SIDCO Industrial Estate NP Ambattur Chennai", "Mineral": "Road Metal", "MineralTyp": "QL", "SurveyNumb": "392/1", "LandType": "Govt.Land", "Production": 400000, "Dispatch": 400000, "ETS": 450000, "Notice": 50000, "Reg_From": "2025-04-28", "Reg_To": "2027-04-27", "ORIG_FID": 546}, "geometry": {"type": "Point", "coordinates": [79.465967, 19.18693]}}, {"type": "Feature", "properties": {"District": "Warangal", "Mandal": "Lingalaghanpur", "Company": "NATIONS PRIDE ENERGY SYSTEMS PRIVATE LIMITED first floor 82684/II/8 KAU SHIK SOCIETY KANAKADURGA TEMP LE STREET ROAD NO 12 BANJARA HILLS TELANGANA", "Address": "NATIONS PRIDE ENERGY SYSTEMS PRIVATE LIMITED first floor 82684/II/8 KAU SHIK SOCIETY KANAKADURGA TEMP LE STREET ROAD NO 12 BANJARA HILLS TELANGANA", "Mineral": "Road Metal", "MineralTyp": "QL", "SurveyNumb": "392", "LandType": "Govt.Land", "Production": 400000, "Dispatch": 400000, "ETS": 450000, "Notice": 50000, "Reg_From": "2025-05-01", "Reg_To": "2026-04-30", "ORIG_FID": 547}, "geometry": {"type": "Point", "coordinates": [79.226671, 17.673096]}}, {"type": "Feature", "properties": {"District": "Medak", "Mandal": "Gajwel", "Company": "M/s. Gravity door No: 1138/3/1 UPPUGAL ZAFFERGADH JANAGOAN", "Address": "M/s. Gravity door No: 1138/3/1 UPPUGAL ZAFFERGADH JANAGOAN", "Mineral": "Road Metal", "MineralTyp": "QL", "SurveyNumb": "392/1", "LandType": "Govt.Land", "Production": 400000, "Dispatch": 400000, "ETS": 450000, "Notice": 50000, "Reg_From": "2025-04-29", "Reg_To": "2026-04-28", "ORIG_FID": 548}, "geometry": {"type": "Point", "coordinates": [78.688158, 17.832711]}}, {"type": "Feature", "properties": {"District": "Adilabad", "Mandal": "Rebbana", "Company": "M/s. Aakash Projects H No 1229 Armur Main Road Mamidipalli Branch Post Office Mamidipally Armur Nizamabad Telangana", "Address": "M/s. Aakash Projects H No 1229 Armur Main Road Mamidipalli Branch Post Office Mamidipally Armur Nizamabad Telangana", "Mineral": "Road Metal", "MineralTyp": "QL", "SurveyNumb": "809/1", "LandType": "Govt.Land", "Production": 400000, "Dispatch": 400000, "ETS": 450000, "Notice": 50000, "Reg_From": "2025-05-07", "Reg_To": "2026-05-06", "ORIG_FID": 550}, "geometry": {"type": "Point", "coordinates": [79.450316, 19.199181]}}, {"type": "Feature", "properties": {"District": "Khammam", "Mandal": "Gundala1", "Company": "Enviro Infra Engineers Limited 201Second Floor R G Metro Arcade Sec 11 Rohini Delhi", "Address": "Enviro Infra Engineers Limited 201Second Floor R G Metro Arcade Sec 11 Rohini Delhi", "Mineral": "Road Metal", "MineralTyp": "QL", "SurveyNumb": "584", "LandType": "Patta Land", "Production": 400000, "Dispatch": 400000, "ETS": 450000, "Notice": 50000, "Reg_From": "2025-05-14", "Reg_To": "2026-05-03", "ORIG_FID": 551}, "geometry": {"type": "Point", "coordinates": [80.326482, 17.81826]}}, {"type": "Feature", "properties": {"District": "Warangal", "Mandal": "Jangaon", "Company": "MD ARIFUDDIN HNo.3280 Subhash Road ACC Mancherial Dist.Mancherial Telangana state", "Address": "MD ARIFUDDIN HNo.3280 Subhash Road ACC Mancherial Dist.Mancherial Telangana state", "Mineral": "Road Metal", "MineralTyp": "QL", "SurveyNumb": "69", "LandType": "Govt.Land", "Production": 400000, "Dispatch": 400000, "ETS": 450000, "Notice": 50000, "Reg_From": "2025-05-20", "Reg_To": "2027-05-19", "ORIG_FID": 553}, "geometry": {"type": "Point", "coordinates": [79.102513, 17.690959]}}, {"type": "Feature", "properties": {"District": "Khammam", "Mandal": "Gundala1", "Company": "M/s. NVNR & Infra Pvt Ltd 14217 Plot No. 217 Doyens Township Serilingampally", "Address": "M/s. NVNR & Infra Pvt Ltd 14217 Plot No. 217 Doyens Township Serilingampally", "Mineral": "Road Metal", "MineralTyp": "QL", "SurveyNumb": "69", "LandType": "Govt.Land", "Production": 400000, "Dispatch": 400000, "ETS": 450000, "Notice": 50000, "Reg_From": "2025-05-22", "Reg_To": "2027-05-21", "ORIG_FID": 556}, "geometry": {"type": "Point", "coordinates": [80.374147, 17.828597]}}, {"type": "Feature", "properties": {"District": "Adilabad", "Mandal": "Rebbana", "Company": "M/s. Connecting Sun Solutions H. No. 2510255 Bapuji Nagar Kazipet Hanamkonda", "Address": "M/s. Connecting Sun Solutions H. No. 2510255 Bapuji Nagar Kazipet Hanamkonda", "Mineral": "Road Metal", "MineralTyp": "QL", "SurveyNumb": "378/D", "LandType": "Patta Land", "Production": 400000, "Dispatch": 400000, "ETS": 450000, "Notice": 50000, "Reg_From": "2025-05-23", "Reg_To": "2026-05-22", "ORIG_FID": 558}, "geometry": {"type": "Point", "coordinates": [79.393756, 19.213114]}}, {"type": "Feature", "properties": {"District": "Warangal", "Mandal": "Lingalaghanpur", "Company": "M/s. Sun Solutions 126/7 Macha Bollaram Tirumalagiri Medchal", "Address": "M/s. Sun Solutions 126/7 Macha Bollaram Tirumalagiri Medchal", "Mineral": "Road Metal", "MineralTyp": "QL", "SurveyNumb": "439", "LandType": "Govt.Land", "Production": 400000, "Dispatch": 400000, "ETS": 450000, "Notice": 50000, "Reg_From": "2025-05-24", "Reg_To": "2026-05-23", "ORIG_FID": 560}, "geometry": {"type": "Point", "coordinates": [79.257693, 17.698934]}}, {"type": "Feature", "properties": {"District": "Medak", "Mandal": "Kowdipalle", "Company": "M/s. Bhargav Solutions Pvt Ltd. Plot No.43 Shiva Durga Colony Rampally", "Address": "M/s. Bhargav Solutions Pvt Ltd. Plot No.43 Shiva Durga Colony Rampally", "Mineral": "Road Metal", "MineralTyp": "QL", "SurveyNumb": "439/1", "LandType": "Govt.Land", "Production": 400000, "Dispatch": 400000, "ETS": 450000, "Notice": 50000, "Reg_From": "2025-05-26", "Reg_To": "2027-05-25", "ORIG_FID": 561}, "geometry": {"type": "Point", "coordinates": [78.24966, 17.915841]}}, {"type": "Feature", "properties": {"District": "Medak", "Mandal": "Kowdipalle", "Company": "KTR INFRA PROJECTS 3rd Floor KHPH 15th PHASE PLOT NO LGI18 SRI VENKAT RAMANACOLONY KUKATPALLY TELANHANA", "Address": "KTR INFRA PROJECTS 3rd Floor KHPH 15th PHASE PLOT NO LGI18 SRI VENKAT RAMANACOLONY KUKATPALLY TELANHANA", "Mineral": "Road Metal", "MineralTyp": "QL", "SurveyNumb": "439/1", "LandType": "Govt.Land", "Production": 400000, "Dispatch": 400000, "ETS": 450000, "Notice": 50000, "Reg_From": "2025-05-27", "Reg_To": "2027-05-26", "ORIG_FID": 563}, "geometry": {"type": "Point", "coordinates": [78.136057, 17.918219]}}, {"type": "Feature", "properties": {"District": "Medak", "Mandal": "Kulcharam", "Company": "M/s. Vortex line Solutions 6100/A Laxmipur Malkapur Kothapalle Karimnagar Telangana", "Address": "M/s. Vortex line Solutions 6100/A Laxmipur Malkapur Kothapalle Karimnagar Telangana", "Mineral": "Road Metal", "MineralTyp": "QL", "SurveyNumb": "468/1 & 469/1", "LandType": "Govt.Land", "Production": 400000, "Dispatch": 400000, "ETS": 450000, "Notice": 50000, "Reg_From": "2025-06-06", "Reg_To": "2026-06-05", "ORIG_FID": 564}, "geometry": {"type": "Point", "coordinates": [78.151763, 17.927682]}}, {"type": "Feature", "properties": {"District": "Medak", "Mandal": "Kowdipalle", "Company": "M/s. NVRBS Global Pvt Ltd H. NO. 30265/50/2/1 Plot No. 1&2 Pragathi Nagar Sainathpuram Eoad AS Rao Nagar", "Address": "M/s. NVRBS Global Pvt Ltd H. NO. 30265/50/2/1 Plot No. 1&2 Pragathi Nagar Sainathpuram Eoad AS Rao Nagar", "Mineral": "Road Metal", "MineralTyp": "QL", "SurveyNumb": "439/1", "LandType": "Govt.Land", "Production": 400000, "Dispatch": 400000, "ETS": 450000, "Notice": 50000, "Reg_From": "2025-05-06", "Reg_To": "2027-05-05", "ORIG_FID": 567}, "geometry": {"type": "Point", "coordinates": [78.167477, 17.929965]}}, {"type": "Feature", "properties": {"District": "Warangal", "Mandal": "Jangaon", "Company": "Ness Enterprisess 16321/584/101 Flat number 1 01 Shree Venkateshwara nilayam Bhagat singh nagar phase 1 KPHB 6th phase", "Address": "Ness Enterprisess 16321/584/101 Flat number 1 01 Shree Venkateshwara nilayam Bhagat singh nagar phase 1 KPHB 6th phase", "Mineral": "Road Metal", "MineralTyp": "QL", "SurveyNumb": "1551", "LandType": "Patta Land", "Production": 400000, "Dispatch": 400000, "ETS": 450000, "Notice": 50000, "Reg_From": "2025-06-06", "Reg_To": "2027-06-05", "ORIG_FID": 568}, "geometry": {"type": "Point", "coordinates": [79.182129, 17.716101]}}, {"type": "Feature", "properties": {"District": "Adilabad", "Mandal": "Kagaznagar", "Company": "M/s. Southern Global Energy 106&106/1/LPT/205 Shop No. 205 LPT Market Auto Nagar Chintalakunta Chintalakunta Rangareddy Telangana", "Address": "M/s. Southern Global Energy 106&106/1/LPT/205 Shop No. 205 LPT Market Auto Nagar Chintalakunta Chintalakunta Rangareddy Telangana", "Mineral": "Road Metal", "MineralTyp": "QL", "SurveyNumb": "439/1", "LandType": "Govt.Land", "Production": 400000, "Dispatch": 400000, "ETS": 450000, "Notice": 50000, "Reg_From": "2025-06-11", "Reg_To": "2026-06-10", "ORIG_FID": 569}, "geometry": {"type": "Point", "coordinates": [79.611599, 19.308345]}}, {"type": "Feature", "properties": {"District": "Khammam", "Mandal": "Gundala1", "Company": "SRI SAI BALAJI ENTERPRISES HNO: 3133/119. CRPF COLONY INJAPUR RANGAREDDY DISTRICT PIN", "Address": "SRI SAI BALAJI ENTERPRISES HNO: 3133/119. CRPF COLONY INJAPUR RANGAREDDY DISTRICT PIN", "Mineral": "Road Metal", "MineralTyp": "QL", "SurveyNumb": "439/1", "LandType": "Govt.Land", "Production": 400000, "Dispatch": 400000, "ETS": 450000, "Notice": 50000, "Reg_From": "2025-06-06", "Reg_To": "2027-06-05", "ORIG_FID": 571}, "geometry": {"type": "Point", "coordinates": [80.291548, 17.855876]}}, {"type": "Feature", "properties": {"District": "Medak", "Mandal": "Yeldurthy", "Company": "M/s. Megha Multi Energy Stores D. No. 56210 Beside Bharat Rani Hospital Road No. 4 Khaleelwadi Nizamabad \u2013 .", "Address": "M/s. Megha Multi Energy Stores D. No. 56210 Beside Bharat Rani Hospital Road No. 4 Khaleelwadi Nizamabad \u2013 .", "Mineral": "Road Metal", "MineralTyp": "QL", "SurveyNumb": "1471", "LandType": "Govt.Land", "Production": 400000, "Dispatch": 400000, "ETS": 450000, "Notice": 50000, "Reg_From": "2025-06-14", "Reg_To": "2027-06-13", "ORIG_FID": 572}, "geometry": {"type": "Point", "coordinates": [78.2899, 17.939079]}}, {"type": "Feature", "properties": {"District": "Warangal", "Mandal": "Raghunathpalle", "Company": "Quality Electric Company FLat no : 16 & 17 2nd foor son i business complex prashanthinagar kukatpally", "Address": "Quality Electric Company FLat no : 16 & 17 2nd foor son i business complex prashanthinagar kukatpally", "Mineral": "Road Metal", "MineralTyp": "QL", "SurveyNumb": "439/1", "LandType": "Govt.Land", "Production": 400000, "Dispatch": 400000, "ETS": 450000, "Notice": 50000, "Reg_From": "2025-06-14", "Reg_To": "2026-06-13", "ORIG_FID": 573}, "geometry": {"type": "Point", "coordinates": [79.226631, 17.725677]}}, {"type": "Feature", "properties": {"District": "Adilabad", "Mandal": "Bejjur", "Company": "SURABHI SPINNING PRIVATE LIMITED 23/D SY.No. 487 SURABHI SPINNING PVT LTD SUGLAMPALLI Sultanabad Peddapalli Telangana", "Address": "SURABHI SPINNING PRIVATE LIMITED 23/D SY.No. 487 SURABHI SPINNING PVT LTD SUGLAMPALLI Sultanabad Peddapalli Telangana", "Mineral": "Road Metal", "MineralTyp": "QL", "SurveyNumb": "439/1", "LandType": "Govt.Land", "Production": 400000, "Dispatch": 400000, "ETS": 450000, "Notice": 50000, "Reg_From": "2025-06-19", "Reg_To": "2027-06-18", "ORIG_FID": 574}, "geometry": {"type": "Point", "coordinates": [79.760642, 19.31791]}}, {"type": "Feature", "properties": {"District": "Adilabad", "Mandal": "Kagaznagar", "Company": "M/s. C.O.P Energy Pvt Ltd House No: Bhodevi Nagar Trimulgherry Rangareddy Telangana", "Address": "M/s. C.O.P Energy Pvt Ltd House No: Bhodevi Nagar Trimulgherry Rangareddy Telangana", "Mineral": "Road Metal", "MineralTyp": "QL", "SurveyNumb": "685", "LandType": "Govt.Land", "Production": 400000, "Dispatch": 400000, "ETS": 450000, "Notice": 50000, "Reg_From": "2025-06-16", "Reg_To": "2026-06-15", "ORIG_FID": 575}, "geometry": {"type": "Point", "coordinates": [79.702108, 19.322653]}}, {"type": "Feature", "properties": {"District": "Medak", "Mandal": "Gajwel", "Company": "SEVEN STAR TRADERS APHB SANTOSH NAGAR COLONY EWS60 SANTOSHNAGAR MAIN ROAD Telangana", "Address": "SEVEN STAR TRADERS APHB SANTOSH NAGAR COLONY EWS60 SANTOSHNAGAR MAIN ROAD Telangana", "Mineral": "Road Metal", "MineralTyp": "QL", "SurveyNumb": "314", "LandType": "Patta Land", "Production": 400000, "Dispatch": 400000, "ETS": 450000, "Notice": 50000, "Reg_From": "2025-06-19", "Reg_To": "2026-06-18", "ORIG_FID": 576}, "geometry": {"type": "Point", "coordinates": [78.708053, 17.89288]}}, {"type": "Feature", "properties": {"District": "Khammam", "Mandal": "Gundala1", "Company": "M/s. BPS ENERGY plot no 486 Judges Colony Mansoorabad.", "Address": "M/s. BPS ENERGY plot no 486 Judges Colony Mansoorabad.", "Mineral": "Road Metal", "MineralTyp": "QL", "SurveyNumb": "314", "LandType": "Patta Land", "Production": 400000, "Dispatch": 400000, "ETS": 450000, "Notice": 50000, "Reg_From": "2025-06-19", "Reg_To": "2026-06-18", "ORIG_FID": 577}, "geometry": {"type": "Point", "coordinates": [80.376251, 17.868541]}}, {"type": "Feature", "properties": {"District": "Medak", "Mandal": "Doultabad", "Company": "UNI SOLUTIONS 551/A VADLA VEEDHI GadwalJogulamba Gadwal Telangana", "Address": "UNI SOLUTIONS 551/A VADLA VEEDHI GadwalJogulamba Gadwal Telangana", "Mineral": "Road Metal", "MineralTyp": "QL", "SurveyNumb": "439/1", "LandType": "Govt.Land", "Production": 400000, "Dispatch": 400000, "ETS": 450000, "Notice": 50000, "Reg_From": "2025-06-23", "Reg_To": "2026-06-22", "ORIG_FID": 580}, "geometry": {"type": "Point", "coordinates": [78.56391, 17.900427]}}, {"type": "Feature", "properties": {"District": "Warangal", "Mandal": "Wardhannapet", "Company": "AVC DYNAMIC SOLUTONS PRIVATE LIMITED H.NO 357 Munisubgari Bazara Nekarikallu Palnadu Andhr a Pradesh Pin", "Address": "AVC DYNAMIC SOLUTONS PRIVATE LIMITED H.NO 357 Munisubgari Bazara Nekarikallu Palnadu Andhr a Pradesh Pin", "Mineral": "Road Metal", "MineralTyp": "QL", "SurveyNumb": "136", "LandType": "Patta Land", "Production": 400000, "Dispatch": 400000, "ETS": 450000, "Notice": 50000, "Reg_From": "2025-06-25", "Reg_To": "2027-06-24", "ORIG_FID": 581}, "geometry": {"type": "Point", "coordinates": [79.510654, 17.742476]}}, {"type": "Feature", "properties": {"District": "Warangal", "Mandal": "Ghanpur (Station)", "Company": "M/s. Harsha System 5166 Near Bhagath Singh Park Fathenagar Balanagar \u2013", "Address": "M/s. Harsha System 5166 Near Bhagath Singh Park Fathenagar Balanagar \u2013", "Mineral": "Road Metal", "MineralTyp": "QL", "SurveyNumb": "230", "LandType": "Govt.Land", "Production": 400000, "Dispatch": 400000, "ETS": 450000, "Notice": 50000, "Reg_From": "2025-06-24", "Reg_To": "2026-06-23", "ORIG_FID": 582}, "geometry": {"type": "Point", "coordinates": [79.358962, 17.752793]}}, {"type": "Feature", "properties": {"District": "Warangal", "Mandal": "Raghunathpalle", "Company": "M/s. Akhil Electrical Works Sarpanch Street 230 Sajjapuram Palakeedu Suryapet Telangana", "Address": "M/s. Akhil Electrical Works Sarpanch Street 230 Sajjapuram Palakeedu Suryapet Telangana", "Mineral": "Road Metal", "MineralTyp": "QL", "SurveyNumb": "24/P & 21/P", "LandType": "Forest Land", "Production": 400000, "Dispatch": 400000, "ETS": 450000, "Notice": 50000, "Reg_From": "2025-06-26", "Reg_To": "2027-06-25", "ORIG_FID": 583}, "geometry": {"type": "Point", "coordinates": [79.316168, 17.754568]}}, {"type": "Feature", "properties": {"District": "Warangal", "Mandal": "Wardhannapet", "Company": "M/s. Ashvath Suntech Solutions 699/1 Road No.3 Laxmareddy Palem Behind Candor Shine I School Pedda Amberpet (V) Abdullapuremet (M) Rangareddy Dist", "Address": "M/s. Ashvath Suntech Solutions 699/1 Road No.3 Laxmareddy Palem Behind Candor Shine I School Pedda Amberpet (V) Abdullapuremet (M) Rangareddy Dist", "Mineral": "Road Metal", "MineralTyp": "QL", "SurveyNumb": "13, 14/1, 23/1, & 24", "LandType": "Govt.Land", "Production": 400000, "Dispatch": 400000, "ETS": 450000, "Notice": 50000, "Reg_From": "2025-06-27", "Reg_To": "2026-06-26", "ORIG_FID": 584}, "geometry": {"type": "Point", "coordinates": [79.54853, 17.757498]}}, {"type": "Feature", "properties": {"District": "Warangal", "Mandal": "Raghunathpalle", "Company": "M/s. Singari Renewables Energy Solutions LLP 2nd Floor JQ Chambers Door No. 450/5 Plot No. 5 Survey No. 103/1 105 & 106 Jayabheri Enclave Gachibowli", "Address": "M/s. Singari Renewables Energy Solutions LLP 2nd Floor JQ Chambers Door No. 450/5 Plot No. 5 Survey No. 103/1 105 & 106 Jayabheri Enclave Gachibowli", "Mineral": "Road Metal", "MineralTyp": "QL", "SurveyNumb": "204/228/P", "LandType": "Patta Land", "Production": 400000, "Dispatch": 400000, "ETS": 450000, "Notice": 50000, "Reg_From": "2025-06-30", "Reg_To": "2026-06-29", "ORIG_FID": 585}, "geometry": {"type": "Point", "coordinates": [79.249672, 17.761906]}}, {"type": "Feature", "properties": {"District": "Medak", "Mandal": "Doultabad", "Company": "Natural Asia Pvt Ltd Plot No.144 Aaskash Ganga Complex Beside The Leela Hotel Line Banjahills Telangana. India.", "Address": "Natural Asia Pvt Ltd Plot No.144 Aaskash Ganga Complex Beside The Leela Hotel Line Banjahills Telangana. India.", "Mineral": "Road Metal", "MineralTyp": "QL", "SurveyNumb": "179", "LandType": "Patta Land", "Production": 400000, "Dispatch": 400000, "ETS": 450000, "Notice": 50000, "Reg_From": "2025-06-12", "Reg_To": "2027-06-11", "ORIG_FID": 586}, "geometry": {"type": "Point", "coordinates": [78.573056, 17.919265]}}, {"type": "Feature", "properties": {"District": "Medak", "Mandal": "Doultabad", "Company": "M/s. Sunrayz Solutions 694 porumalla village Medipalli(M) Jagtial(D)", "Address": "M/s. Sunrayz Solutions 694 porumalla village Medipalli(M) Jagtial(D)", "Mineral": "Road Metal", "MineralTyp": "QL", "SurveyNumb": "228 & 229", "LandType": "Patta Land", "Production": 400000, "Dispatch": 400000, "ETS": 450000, "Notice": 50000, "Reg_From": "2025-07-04", "Reg_To": "2027-07-03", "ORIG_FID": 587}, "geometry": {"type": "Point", "coordinates": [78.632378, 17.921228]}}, {"type": "Feature", "properties": {"District": "Warangal", "Mandal": "Zaffergadh", "Company": "lumina systems 0 0 plot no.13survey no.501 kees ara Ankireddypalli Village H yderabad Medchal Malkajgiri Telangana", "Address": "lumina systems 0 0 plot no.13survey no.501 kees ara Ankireddypalli Village H yderabad Medchal Malkajgiri Telangana", "Mineral": "Road Metal", "MineralTyp": "QL", "SurveyNumb": "228 & 229", "LandType": "Patta Land", "Production": 400000, "Dispatch": 400000, "ETS": 450000, "Notice": 50000, "Reg_From": "2025-07-05", "Reg_To": "2026-07-04", "ORIG_FID": 588}, "geometry": {"type": "Point", "coordinates": [79.463475, 17.76763]}}, {"type": "Feature", "properties": {"District": "Warangal", "Mandal": "Raghunathpalle", "Company": "M/s. Apoorva Energy Systems H.No. 71525 Mankamma Thota Building Karimnagar", "Address": "M/s. Apoorva Energy Systems H.No. 71525 Mankamma Thota Building Karimnagar", "Mineral": "Road Metal", "MineralTyp": "QL", "SurveyNumb": "365/D/2/1 & 365/D/1", "LandType": "Govt.Land", "Production": 400000, "Dispatch": 400000, "ETS": 450000, "Notice": 50000, "Reg_From": "2025-07-05", "Reg_To": "2027-07-04", "ORIG_FID": 589}, "geometry": {"type": "Point", "coordinates": [79.227612, 17.766397]}}, {"type": "Feature", "properties": {"District": "Warangal", "Mandal": "Chennaraopet", "Company": "M/s. Druva Energy H.No. 699/1 Laxma Reddy Palem Pedda Amberpet Abdullapurmet (M) Rangareddy Dist \u2013 .", "Address": "M/s. Druva Energy H.No. 699/1 Laxma Reddy Palem Pedda Amberpet Abdullapurmet (M) Rangareddy Dist \u2013 .", "Mineral": "Road Metal", "MineralTyp": "QL", "SurveyNumb": "28", "LandType": "Govt.Land", "Production": 400000, "Dispatch": 400000, "ETS": 450000, "Notice": 50000, "Reg_From": "2025-07-06", "Reg_To": "2027-07-05", "ORIG_FID": 590}, "geometry": {"type": "Point", "coordinates": [79.853749, 17.78819]}}, {"type": "Feature", "properties": {"District": "Warangal", "Mandal": "Gudur3", "Company": "M/s. The Agricultural CoOperative Association Ltd # 2nd Floor HACA Bhavan Opp. Public Garden", "Address": "M/s. The Agricultural CoOperative Association Ltd # 2nd Floor HACA Bhavan Opp. Public Garden", "Mineral": "Road Metal", "MineralTyp": "QL", "SurveyNumb": "545/1", "LandType": "Govt.Land", "Production": 400000, "Dispatch": 400000, "ETS": 450000, "Notice": 50000, "Reg_From": "2025-07-08", "Reg_To": "2027-07-07", "ORIG_FID": 591}, "geometry": {"type": "Point", "coordinates": [79.979907, 17.790064]}}, {"type": "Feature", "properties": {"District": "Medak", "Mandal": "Chegunta", "Company": "QUALITY SOLUTIONS 0 H.NO 270 REKURTY KOTHAPA LLY KARIMNAGAR TELANGANA PH .NO EMAIL ID sa beel.ahmed38@gmail.com", "Address": "QUALITY SOLUTIONS 0 H.NO 270 REKURTY KOTHAPA LLY KARIMNAGAR TELANGANA PH .NO EMAIL ID sa beel.ahmed38@gmail.com", "Mineral": "Road Metal", "MineralTyp": "QL", "SurveyNumb": "188 & 193", "LandType": "Govt.Land", "Production": 400000, "Dispatch": 400000, "ETS": 450000, "Notice": 50000, "Reg_From": "2025-07-08", "Reg_To": "2027-07-07", "ORIG_FID": 592}, "geometry": {"type": "Point", "coordinates": [78.526845, 17.944031]}}, {"type": "Feature", "properties": {"District": "Medak", "Mandal": "Gajwel", "Company": "GLAUBEN INDUSTRIES PVT LTD H.NO: 63668/10/35 Durga Nag ar Rd Number 2 Durga Nagar Co lony Punjagutta T elangana", "Address": "GLAUBEN INDUSTRIES PVT LTD H.NO: 63668/10/35 Durga Nag ar Rd Number 2 Durga Nagar Co lony Punjagutta T elangana", "Mineral": "Road Metal", "MineralTyp": "QL", "SurveyNumb": "545/1", "LandType": "Govt.Land", "Production": 400000, "Dispatch": 400000, "ETS": 450000, "Notice": 50000, "Reg_From": "2025-07-08", "Reg_To": "2027-07-07", "ORIG_FID": 593}, "geometry": {"type": "Point", "coordinates": [78.689473, 17.947732]}}, {"type": "Feature", "properties": {"District": "Warangal", "Mandal": "Chennaraopet", "Company": "AAKASH ENERGY no :36645 101 flat streety no :9 himayat nagar hyd ts.", "Address": "AAKASH ENERGY no :36645 101 flat streety no :9 himayat nagar hyd ts.", "Mineral": "Road Metal", "MineralTyp": "QL", "SurveyNumb": "172/P", "LandType": "Govt.Land", "Production": 400000, "Dispatch": 400000, "ETS": 450000, "Notice": 50000, "Reg_From": "2025-06-24", "Reg_To": "2026-06-23", "ORIG_FID": 594}, "geometry": {"type": "Point", "coordinates": [79.863683, 17.794278]}}, {"type": "Feature", "properties": {"District": "Medak", "Mandal": "Doultabad", "Company": "EM ENGINEERS PVT LTD Plot # 270E/A MCH # 985 Roa d # 10 Jubilee Hills Hydera bad500033. Phone: +91 40 23", "Address": "EM ENGINEERS PVT LTD Plot # 270E/A MCH # 985 Roa d # 10 Jubilee Hills Hydera bad500033. Phone: +91 40 23", "Mineral": "Road Metal", "MineralTyp": "QL", "SurveyNumb": "204/228/P", "LandType": "Patta Land", "Production": 400000, "Dispatch": 400000, "ETS": 450000, "Notice": 50000, "Reg_From": "2025-07-08", "Reg_To": "2027-07-07", "ORIG_FID": 595}, "geometry": {"type": "Point", "coordinates": [78.582931, 17.946551]}}, {"type": "Feature", "properties": {"District": "Medak", "Mandal": "Chegunta", "Company": "M/s. Gemmr Communications 530 GSHW Society Nagireddy Palli Erramballi Road Bhongir \u2013 .", "Address": "M/s. Gemmr Communications 530 GSHW Society Nagireddy Palli Erramballi Road Bhongir \u2013 .", "Mineral": "Road Metal", "MineralTyp": "QL", "SurveyNumb": "545/1", "LandType": "Govt.Land", "Production": 400000, "Dispatch": 400000, "ETS": 450000, "Notice": 50000, "Reg_From": "2025-07-09", "Reg_To": "2026-07-08", "ORIG_FID": 596}, "geometry": {"type": "Point", "coordinates": [78.473054, 17.947322]}}, {"type": "Feature", "properties": {"District": "Medak", "Mandal": "Doultabad", "Company": "M/s. Aruna Solutions 32438 Anand Nagar Colony Bheemaram Hanamkonda Warangal \u2013 .", "Address": "M/s. Aruna Solutions 32438 Anand Nagar Colony Bheemaram Hanamkonda Warangal \u2013 .", "Mineral": "Road Metal", "MineralTyp": "QL", "SurveyNumb": "137/P", "LandType": "Govt.Land", "Production": 400000, "Dispatch": 400000, "ETS": 450000, "Notice": 50000, "Reg_From": "2025-07-14", "Reg_To": "2026-07-13", "ORIG_FID": 597}, "geometry": {"type": "Point", "coordinates": [78.682616, 17.965525]}}, {"type": "Feature", "properties": {"District": "Medak", "Mandal": "Doultabad", "Company": "Green Secure Systems Private Limited Room No: 521 Acendia Ark Sy 12 White Fileds Kondapur Hy derabad Telangana Indian 5 00084", "Address": "Green Secure Systems Private Limited Room No: 521 Acendia Ark Sy 12 White Fileds Kondapur Hy derabad Telangana Indian 5 00084", "Mineral": "Road Metal", "MineralTyp": "QL", "SurveyNumb": "286/A", "LandType": "Patta Land", "Production": 400000, "Dispatch": 400000, "ETS": 450000, "Notice": 50000, "Reg_From": "2025-07-10", "Reg_To": "2026-07-09", "ORIG_FID": 598}, "geometry": {"type": "Point", "coordinates": [78.591306, 17.975351]}}, {"type": "Feature", "properties": {"District": "Medak", "Mandal": "Chegunta", "Company": "M/s. Krisol Infra Pvt Ltd Fairmount Square Building Unit No. 312 3rd Floor Kompally Medchal Malkajgiri", "Address": "M/s. Krisol Infra Pvt Ltd Fairmount Square Building Unit No. 312 3rd Floor Kompally Medchal Malkajgiri", "Mineral": "Road Metal", "MineralTyp": "QL", "SurveyNumb": "266", "LandType": "Govt.Land", "Production": 400000, "Dispatch": 400000, "ETS": 450000, "Notice": 50000, "Reg_From": "2025-07-14", "Reg_To": "2026-07-13", "ORIG_FID": 599}, "geometry": {"type": "Point", "coordinates": [78.519241, 17.977987]}}, {"type": "Feature", "properties": {"District": "Warangal", "Mandal": "Chennaraopet", "Company": "M/s. Sresta Energy Solutions H.No. 44102/1 Gandhi Colony Chunchupally Kothagudem", "Address": "M/s. Sresta Energy Solutions H.No. 44102/1 Gandhi Colony Chunchupally Kothagudem", "Mineral": "Road Metal", "MineralTyp": "QL", "SurveyNumb": "281/1, 287/178", "LandType": "Govt.Land", "Production": 400000, "Dispatch": 400000, "ETS": 450000, "Notice": 50000, "Reg_From": "2025-07-18", "Reg_To": "2026-07-17", "ORIG_FID": 600}, "geometry": {"type": "Point", "coordinates": [79.883116, 17.826618]}}, {"type": "Feature", "properties": {"District": "Medak", "Mandal": "Chegunta", "Company": "SRESTHA ENERGY SOLUTIONS LLP R905 RAJAPUSHPA THE RETREAT GANDIPET ROAD KOKAPET", "Address": "SRESTHA ENERGY SOLUTIONS LLP R905 RAJAPUSHPA THE RETREAT GANDIPET ROAD KOKAPET", "Mineral": "Road Metal", "MineralTyp": "QL", "SurveyNumb": "281/1, 287/178", "LandType": "Govt.Land", "Production": 400000, "Dispatch": 400000, "ETS": 450000, "Notice": 50000, "Reg_From": "2025-07-19", "Reg_To": "2026-07-18", "ORIG_FID": 601}, "geometry": {"type": "Point", "coordinates": [78.545003, 17.991278]}}, {"type": "Feature", "properties": {"District": "Warangal", "Mandal": "Ghanpur (Station)", "Company": "BEARWORX ENGINEERING PRIVATE LIMITED 0 0 8415/16 SRINIVASA NILAYAM ROAD NO2 SAPTHAGIRI COLONY MIYAPUR Telangana", "Address": "BEARWORX ENGINEERING PRIVATE LIMITED 0 0 8415/16 SRINIVASA NILAYAM ROAD NO2 SAPTHAGIRI COLONY MIYAPUR Telangana", "Mineral": "Road Metal", "MineralTyp": "QL", "SurveyNumb": "281/1, 287/178", "LandType": "Govt.Land", "Production": 400000, "Dispatch": 400000, "ETS": 450000, "Notice": 50000, "Reg_From": "2025-07-22", "Reg_To": "2026-07-21", "ORIG_FID": 602}, "geometry": {"type": "Point", "coordinates": [79.400118, 17.835472]}}, {"type": "Feature", "properties": {"District": "Warangal", "Mandal": "Zaffergadh", "Company": "P4Q SOLUTIONS 0 0 5 510 BHAVYA SREE SURYA APAR TMENTS BLOCK NO 2 HYDERNAGAR MEDCHAL Medchal Malkajgiri Telangana", "Address": "P4Q SOLUTIONS 0 0 5 510 BHAVYA SREE SURYA APAR TMENTS BLOCK NO 2 HYDERNAGAR MEDCHAL Medchal Malkajgiri Telangana", "Mineral": "Road Metal", "MineralTyp": "QL", "SurveyNumb": "262/1", "LandType": "Govt.Land", "Production": 400000, "Dispatch": 400000, "ETS": 450000, "Notice": 50000, "Reg_From": "2025-07-24", "Reg_To": "2026-07-23", "ORIG_FID": 603}, "geometry": {"type": "Point", "coordinates": [79.432044, 17.838315]}}, {"type": "Feature", "properties": {"District": "Medak", "Mandal": "Thoguta", "Company": "Kondaas Automation Pvt Ltd 0 NO 5 B SRI ALAMELU NAGAR KAM ARAJAR ROAD COIMBATORE TAM ILNADU PINCODE", "Address": "Kondaas Automation Pvt Ltd 0 NO 5 B SRI ALAMELU NAGAR KAM ARAJAR ROAD COIMBATORE TAM ILNADU PINCODE", "Mineral": "Road Metal", "MineralTyp": "QL", "SurveyNumb": "230", "LandType": "Govt.Land", "Production": 400000, "Dispatch": 400000, "ETS": 450000, "Notice": 50000, "Reg_From": "2025-07-17", "Reg_To": "2026-07-16", "ORIG_FID": 604}, "geometry": {"type": "Point", "coordinates": [78.651407, 18.000515]}}, {"type": "Feature", "properties": {"District": "Medak", "Mandal": "Chegunta", "Company": "M/s. VPCL Infra Limited Door No. /5/B/A/1/R78 1st Floor F27 SR Commericial Complex Bonakal Road Khammam", "Address": "M/s. VPCL Infra Limited Door No. /5/B/A/1/R78 1st Floor F27 SR Commericial Complex Bonakal Road Khammam", "Mineral": "Road Metal", "MineralTyp": "QL", "SurveyNumb": "230", "LandType": "Govt.Land", "Production": 400000, "Dispatch": 400000, "ETS": 450000, "Notice": 50000, "Reg_From": "2025-07-25", "Reg_To": "2027-07-24", "ORIG_FID": 605}, "geometry": {"type": "Point", "coordinates": [78.492141, 18.003919]}}, {"type": "Feature", "properties": {"District": "Medak", "Mandal": "Chegunta", "Company": "RK One Enterprises 0 0 1156 Habsiguda Secunderaba d Telangana 50001 7", "Address": "RK One Enterprises 0 0 1156 Habsiguda Secunderaba d Telangana 50001 7", "Mineral": "Road Metal", "MineralTyp": "QL", "SurveyNumb": "276/1", "LandType": "Forest Land", "Production": 400000, "Dispatch": 400000, "ETS": 450000, "Notice": 50000, "Reg_From": "2025-07-25", "Reg_To": "2026-07-24", "ORIG_FID": 606}, "geometry": {"type": "Point", "coordinates": [78.522204, 18.010623]}}, {"type": "Feature", "properties": {"District": "Medak", "Mandal": "Thoguta", "Company": "BENEDETTO ENTERPRISES 0 0 FIRST FLOOR H NO 4913 HMT NAGAR NACHARAM NACHARAM Med chal Malkajgiri Telangana 50 0076", "Address": "BENEDETTO ENTERPRISES 0 0 FIRST FLOOR H NO 4913 HMT NAGAR NACHARAM NACHARAM Med chal Malkajgiri Telangana 50 0076", "Mineral": "Road Metal", "MineralTyp": "QL", "SurveyNumb": "293", "LandType": "Govt.Land", "Production": 400000, "Dispatch": 400000, "ETS": 450000, "Notice": 50000, "Reg_From": "2025-07-25", "Reg_To": "2026-07-24", "ORIG_FID": 607}, "geometry": {"type": "Point", "coordinates": [78.706168, 18.016143]}}, {"type": "Feature", "properties": {"District": "Warangal", "Mandal": "Ghanpur (Station)", "Company": "Claro Energy limited Floor No.2 Building No. Indira Nagar Tilak Nagar H yderabad Telangana", "Address": "Claro Energy limited Floor No.2 Building No. Indira Nagar Tilak Nagar H yderabad Telangana", "Mineral": "Road Metal", "MineralTyp": "QL", "SurveyNumb": "292 & 293", "LandType": "Govt.Land", "Production": 400000, "Dispatch": 400000, "ETS": 450000, "Notice": 50000, "Reg_From": "2025-07-25", "Reg_To": "2026-07-24", "ORIG_FID": 608}, "geometry": {"type": "Point", "coordinates": [79.401071, 17.86365]}}, {"type": "Feature", "properties": {"District": "Rangareddy", "Mandal": "Mominpet", "Company": "BHARATH ENTERPRISES H.NO 2101091 JYOTHINAGAR KARIMNAG AR NO EMAIL bharathentp1@gmail.com", "Address": "BHARATH ENTERPRISES H.NO 2101091 JYOTHINAGAR KARIMNAG AR NO EMAIL bharathentp1@gmail.com", "Mineral": "Road Metal", "MineralTyp": "QL", "SurveyNumb": "230 & 236", "LandType": "Govt.Land", "Production": 400000, "Dispatch": 400000, "ETS": 450000, "Notice": 50000, "Reg_From": "2025-12-17", "Reg_To": "2027-12-16", "ORIG_FID": 750}, "geometry": {"type": "Point", "coordinates": [77.950852, 17.516718]}}, {"type": "Feature", "properties": {"District": "Rangareddy", "Mandal": "Qutubullapur", "Company": "M/s. Raviteja Solutions 11GR0004 Opp to Vysya Bhavan Siddipet", "Address": "M/s. Raviteja Solutions 11GR0004 Opp to Vysya Bhavan Siddipet", "Mineral": "Road Metal", "MineralTyp": "QL", "SurveyNumb": "2207/1", "LandType": "Govt.Land", "Production": 400000, "Dispatch": 400000, "ETS": 450000, "Notice": 50000, "Reg_From": "2025-12-19", "Reg_To": "2026-12-18", "ORIG_FID": 754}, "geometry": {"type": "Point", "coordinates": [78.405227, 17.616529]}}, {"type": "Feature", "properties": {"District": "Rangareddy", "Mandal": "Medchal", "Company": "Unite Developers Global Inc Office No. 82 350/3/C/2 1st Floor Road No.3. Banjara Hill s", "Address": "Unite Developers Global Inc Office No. 82 350/3/C/2 1st Floor Road No.3. Banjara Hill s", "Mineral": "Road Metal", "MineralTyp": "QL", "SurveyNumb": "894/1", "LandType": "Govt.Land", "Production": 400000, "Dispatch": 400000, "ETS": 450000, "Notice": 50000, "Reg_From": "2025-12-18", "Reg_To": "2026-12-17", "ORIG_FID": 755}, "geometry": {"type": "Point", "coordinates": [78.487201, 17.658467]}}, {"type": "Feature", "properties": {"District": "Rangareddy", "Mandal": "Medchal", "Company": "KAUSTHUBHA SYSTEMS 2108/6/19/1 BODUPPAL MEDIPALLY Asoka Technologies B L NA GAR ROAD NO 2 Medchal Malkajgiri Telangana", "Address": "KAUSTHUBHA SYSTEMS 2108/6/19/1 BODUPPAL MEDIPALLY Asoka Technologies B L NA GAR ROAD NO 2 Medchal Malkajgiri Telangana", "Mineral": "Road Metal", "MineralTyp": "QL", "SurveyNumb": "379", "LandType": "Govt.Land", "Production": 400000, "Dispatch": 400000, "ETS": 450000, "Notice": 50000, "Reg_From": "2025-12-23", "Reg_To": "2026-12-22", "ORIG_FID": 757}, "geometry": {"type": "Point", "coordinates": [78.507903, 17.665731]}}, {"type": "Feature", "properties": {"District": "Rangareddy", "Mandal": "Medchal", "Company": "M/s. Fort Ev Motor Service Pvt Ltd D No. 1110268/6/A/1 Shop Zone Sayanapalli Yellandu", "Address": "M/s. Fort Ev Motor Service Pvt Ltd D No. 1110268/6/A/1 Shop Zone Sayanapalli Yellandu", "Mineral": "Road Metal", "MineralTyp": "QL", "SurveyNumb": "43/1", "LandType": "Govt.Land", "Production": 400000, "Dispatch": 400000, "ETS": 450000, "Notice": 50000, "Reg_From": "2025-12-23", "Reg_To": "2026-12-22", "ORIG_FID": 758}, "geometry": {"type": "Point", "coordinates": [78.462614, 17.666504]}}, {"type": "Feature", "properties": {"District": "Nizamabad", "Mandal": "Nizamabad", "Company": "M/s. Sivaom 369 Electronics Energy Private Limited 1st Floor Flat No 16 Block No18 Ramaraja Nagar Colony Near suchitra Crossroads Near Rushh Hospital Medchal Malkajgiri Telangana", "Address": "M/s. Sivaom 369 Electronics Energy Private Limited 1st Floor Flat No 16 Block No18 Ramaraja Nagar Colony Near suchitra Crossroads Near Rushh Hospital Medchal Malkajgiri Telangana", "Mineral": "Road Metal", "MineralTyp": "QL", "SurveyNumb": "183", "LandType": "Govt.Land", "Production": 400000, "Dispatch": 400000, "ETS": 450000, "Notice": 50000, "Reg_From": "2025-12-31", "Reg_To": "2026-12-30", "ORIG_FID": 763}, "geometry": {"type": "Point", "coordinates": [78.08254, 18.634354]}}, {"type": "Feature", "properties": {"District": "Nizamabad", "Mandal": "Armur", "Company": "M/s. Sri Rama Enterprises H. No 7103/86/2 Warangal Highway Road Manakondur Karimnagar.", "Address": "M/s. Sri Rama Enterprises H. No 7103/86/2 Warangal Highway Road Manakondur Karimnagar.", "Mineral": "Road Metal", "MineralTyp": "QL", "SurveyNumb": "183", "LandType": "Govt.Land", "Production": 400000, "Dispatch": 400000, "ETS": 450000, "Notice": 50000, "Reg_From": "2026-01-03", "Reg_To": "2028-01-02", "ORIG_FID": 764}, "geometry": {"type": "Point", "coordinates": [78.269243, 18.777178]}}, {"type": "Feature", "properties": {"District": "Nizamabad", "Mandal": "Sadasivanagar", "Company": "SLNKO ENERGY PRIVATE LIMITED Registered Office Village Khiribar PO Purbdiha PSChainpur Palamu Jharkhand Head Office B26 Sector06 Noida Uttar Pradesh", "Address": "SLNKO ENERGY PRIVATE LIMITED Registered Office Village Khiribar PO Purbdiha PSChainpur Palamu Jharkhand Head Office B26 Sector06 Noida Uttar Pradesh", "Mineral": "Road Metal", "MineralTyp": "QL", "SurveyNumb": "183", "LandType": "Govt.Land", "Production": 400000, "Dispatch": 400000, "ETS": 450000, "Notice": 50000, "Reg_From": "2025-12-31", "Reg_To": "2026-12-30", "ORIG_FID": 765}, "geometry": {"type": "Point", "coordinates": [78.234324, 18.394049]}}, {"type": "Feature", "properties": {"District": "Nizamabad", "Mandal": "Bheemgal", "Company": "M/s. Trinex Energy 14451/2 Plot No.290 Groud Floor Room No 1 Satyanagar Colony Kothapet Saroornagar", "Address": "M/s. Trinex Energy 14451/2 Plot No.290 Groud Floor Room No 1 Satyanagar Colony Kothapet Saroornagar", "Mineral": "Road Metal", "MineralTyp": "QL", "SurveyNumb": "265/1", "LandType": "Govt.Land", "Production": 400000, "Dispatch": 400000, "ETS": 450000, "Notice": 50000, "Reg_From": "2026-01-03", "Reg_To": "2027-01-02", "ORIG_FID": 767}, "geometry": {"type": "Point", "coordinates": [78.46926, 18.640886]}}, {"type": "Feature", "properties": {"District": "Nizamabad", "Mandal": "Yedpalle", "Company": "M/s. Ram Ranga Constructions & 28970 Vidyanagar Colony Near Shastra School Miryalaguda Town & Mandal Nalgonda .", "Address": "M/s. Ram Ranga Constructions & 28970 Vidyanagar Colony Near Shastra School Miryalaguda Town & Mandal Nalgonda .", "Mineral": "Road Metal", "MineralTyp": "QL", "SurveyNumb": "914", "LandType": "Govt.Land", "Production": 400000, "Dispatch": 400000, "ETS": 450000, "Notice": 50000, "Reg_From": "2026-01-05", "Reg_To": "2027-01-04", "ORIG_FID": 768}, "geometry": {"type": "Point", "coordinates": [78.016204, 18.678085]}}, {"type": "Feature", "properties": {"District": "Mahbubnagar", "Mandal": "Bijinapalle", "Company": "M/s. Sanrak Solentech Pvt Ltd Ground Floor H No.13120/1 Raghavendra Nagar Colony Medchal Medchal Malkajgiri", "Address": "M/s. Sanrak Solentech Pvt Ltd Ground Floor H No.13120/1 Raghavendra Nagar Colony Medchal Medchal Malkajgiri", "Mineral": "Road Metal", "MineralTyp": "QL", "SurveyNumb": "914", "LandType": "Govt.Land", "Production": 400000, "Dispatch": 400000, "ETS": 450000, "Notice": 50000, "Reg_From": "2026-01-05", "Reg_To": "2027-01-04", "ORIG_FID": 769}, "geometry": {"type": "Point", "coordinates": [78.227051, 16.535431]}}, {"type": "Feature", "properties": {"District": "Khammam", "Mandal": "Aswapuram", "Company": "Capart Industries Private Limited Plot no 17/B Phase I IDA Jeedimetla", "Address": "Capart Industries Private Limited Plot no 17/B Phase I IDA Jeedimetla", "Mineral": "Road Metal", "MineralTyp": "QL", "SurveyNumb": "914", "LandType": "Govt.Land", "Production": 400000, "Dispatch": 400000, "ETS": 450000, "Notice": 50000, "Reg_From": "2026-01-01", "Reg_To": "2027-12-31", "ORIG_FID": 770}, "geometry": {"type": "Point", "coordinates": [80.804685, 17.789337]}}, {"type": "Feature", "properties": {"District": "Adilabad", "Mandal": "Gudihathnoor", "Company": "GLOBAL NETWORKS BLACKA FLAT NO A602 ENVIRON TOWERS MAMATHANAGAR COLONY NAGOLE Rangareddy Telangana", "Address": "GLOBAL NETWORKS BLACKA FLAT NO A602 ENVIRON TOWERS MAMATHANAGAR COLONY NAGOLE Rangareddy Telangana", "Mineral": "Road Metal", "MineralTyp": "QL", "SurveyNumb": "331", "LandType": "Govt.Land", "Production": 400000, "Dispatch": 400000, "ETS": 450000, "Notice": 50000, "Reg_From": "2026-01-08", "Reg_To": "2027-01-07", "ORIG_FID": 771}, "geometry": {"type": "Point", "coordinates": [78.476691, 19.47208]}}, {"type": "Feature", "properties": {"District": "Adilabad", "Mandal": "Sarangapur1", "Company": "M/s. Ramadevi Energy And Solution /1 Unnamed Road Paidipalli Branch Post Office Warangal .", "Address": "M/s. Ramadevi Energy And Solution /1 Unnamed Road Paidipalli Branch Post Office Warangal .", "Mineral": "Road Metal", "MineralTyp": "QL", "SurveyNumb": "331", "LandType": "Govt.Land", "Production": 400000, "Dispatch": 400000, "ETS": 450000, "Notice": 50000, "Reg_From": "2026-01-09", "Reg_To": "2027-01-08", "ORIG_FID": 772}, "geometry": {"type": "Point", "coordinates": [78.196597, 19.243261]}}, {"type": "Feature", "properties": {"District": "Adilabad", "Mandal": "Tiryani", "Company": "(SRR) Shri Raja Raajeshwari Enterprises ENTERPRISES Ground floor BalajiNagar Doctors colony2 Warangal", "Address": "(SRR) Shri Raja Raajeshwari Enterprises ENTERPRISES Ground floor BalajiNagar Doctors colony2 Warangal", "Mineral": "Road Metal", "MineralTyp": "QL", "SurveyNumb": "367", "LandType": "Govt.Land", "Production": 400000, "Dispatch": 400000, "ETS": 450000, "Notice": 50000, "Reg_From": "2026-01-09", "Reg_To": "2027-01-08", "ORIG_FID": 774}, "geometry": {"type": "Point", "coordinates": [79.244254, 19.146955]}}, {"type": "Feature", "properties": {"District": "Khammam", "Mandal": "Aswaraopeta", "Company": "JK ENTERPRISES # Kaviraj Nagar Khanapuram Haveli Khammam", "Address": "JK ENTERPRISES # Kaviraj Nagar Khanapuram Haveli Khammam", "Mineral": "Road Metal", "MineralTyp": "QL", "SurveyNumb": "384/P1, P5,P6", "LandType": "Patta Land", "Production": 400000, "Dispatch": 400000, "ETS": 450000, "Notice": 50000, "Reg_From": "2026-01-19", "Reg_To": "2027-01-18", "ORIG_FID": 782}, "geometry": {"type": "Point", "coordinates": [81.164119, 17.414263]}}, {"type": "Feature", "properties": {"District": "Adilabad", "Mandal": "Narnoor", "Company": "KATYA ENTERPRISES H.No. 1130.Saraswati Colony Near Uppal Uppal Main Road H yderabad Medchal Malkajgiri Telangana", "Address": "KATYA ENTERPRISES H.No. 1130.Saraswati Colony Near Uppal Uppal Main Road H yderabad Medchal Malkajgiri Telangana", "Mineral": "Road Metal", "MineralTyp": "QL", "SurveyNumb": "386", "LandType": "Govt.Land", "Production": 400000, "Dispatch": 400000, "ETS": 450000, "Notice": 50000, "Reg_From": "2026-01-19", "Reg_To": "2027-01-18", "ORIG_FID": 783}, "geometry": {"type": "Point", "coordinates": [78.968493, 19.480341]}}, {"type": "Feature", "properties": {"District": "Rangareddy", "Mandal": "Pargi", "Company": "M/s. Suryansh Energies H. No. 234 Kapulakanaparthy Nearby Post Office Sangem Warangal \u2013 .", "Address": "M/s. Suryansh Energies H. No. 234 Kapulakanaparthy Nearby Post Office Sangem Warangal \u2013 .", "Mineral": "Road Metal", "MineralTyp": "QL", "SurveyNumb": "386", "LandType": "Govt.Land", "Production": 400000, "Dispatch": 400000, "ETS": 450000, "Notice": 50000, "Reg_From": "2026-01-22", "Reg_To": "2027-01-21", "ORIG_FID": 784}, "geometry": {"type": "Point", "coordinates": [77.837259, 17.209664]}}, {"type": "Feature", "properties": {"District": "Rangareddy", "Mandal": "Yelal", "Company": "M/s. Sri Shakthi Infra Projects Sri Satya Residency H.No.22233 Plot No.167 Eenadu Society Vivekananda Nagar Colony Rangareddy", "Address": "M/s. Sri Shakthi Infra Projects Sri Satya Residency H.No.22233 Plot No.167 Eenadu Society Vivekananda Nagar Colony Rangareddy", "Mineral": "Road Metal", "MineralTyp": "QL", "SurveyNumb": "589", "LandType": "Govt.Land", "Production": 400000, "Dispatch": 400000, "ETS": 450000, "Notice": 50000, "Reg_From": "2026-01-22", "Reg_To": "2027-01-21", "ORIG_FID": 785}, "geometry": {"type": "Point", "coordinates": [77.563002, 17.153555]}}, {"type": "Feature", "properties": {"District": "Nalgonda", "Mandal": "Kangal", "Company": "JP ENERGY SOLUTIONS H.NO. 1914 OLD MIG MAIN ROADRAMACHENDRAPURAM SANGAREDDY TELANGANA", "Address": "JP ENERGY SOLUTIONS H.NO. 1914 OLD MIG MAIN ROADRAMACHENDRAPURAM SANGAREDDY TELANGANA", "Mineral": "Road Metal", "MineralTyp": "QL", "SurveyNumb": "589/1", "LandType": "Govt.Land", "Production": 400000, "Dispatch": 400000, "ETS": 450000, "Notice": 50000, "Reg_From": "2026-01-23", "Reg_To": "2027-01-22", "ORIG_FID": 786}, "geometry": {"type": "Point", "coordinates": [79.224942, 16.969352]}}, {"type": "Feature", "properties": {"District": "Nalgonda", "Mandal": "Gundla Palle", "Company": "X SOLUTIONS 4th floor Room No.14MCH No.1 158/8/49&50 Srinath Commercial complex Sarojini Devi Road Opp :Tajamahal Hotel Secunderabad Telangana", "Address": "X SOLUTIONS 4th floor Room No.14MCH No.1 158/8/49&50 Srinath Commercial complex Sarojini Devi Road Opp :Tajamahal Hotel Secunderabad Telangana", "Mineral": "Road Metal", "MineralTyp": "QL", "SurveyNumb": "592/1", "LandType": "Govt.Land", "Production": 400000, "Dispatch": 400000, "ETS": 450000, "Notice": 50000, "Reg_From": "2026-01-23", "Reg_To": "2027-01-22", "ORIG_FID": 787}, "geometry": {"type": "Point", "coordinates": [78.655696, 16.540354]}}, {"type": "Feature", "properties": {"District": "Mahbubnagar", "Mandal": "Dharur1", "Company": "M/s. Sun Savers Energy Solutions Plot No 51EP Lokamatha Colony KAPRA Cherlapally Medchal Malkajgiri .", "Address": "M/s. Sun Savers Energy Solutions Plot No 51EP Lokamatha Colony KAPRA Cherlapally Medchal Malkajgiri .", "Mineral": "Road Metal", "MineralTyp": "QL", "SurveyNumb": "758/13", "LandType": "Govt.Land", "Production": 400000, "Dispatch": 400000, "ETS": 450000, "Notice": 50000, "Reg_From": "2026-01-24", "Reg_To": "2027-01-23", "ORIG_FID": 788}, "geometry": {"type": "Point", "coordinates": [77.661853, 16.35131]}}, {"type": "Feature", "properties": {"District": "Adilabad", "Mandal": "Kaddam (Peddur)", "Company": "AB HUB /8/a/1 kaikondagudem Kaikondaigudem Khammam Khammam Telangana", "Address": "AB HUB /8/a/1 kaikondagudem Kaikondaigudem Khammam Khammam Telangana", "Mineral": "Road Metal", "MineralTyp": "QL", "SurveyNumb": "758/13", "LandType": "Govt.Land", "Production": 400000, "Dispatch": 400000, "ETS": 450000, "Notice": 50000, "Reg_From": "2026-01-24", "Reg_To": "2027-01-23", "ORIG_FID": 789}, "geometry": {"type": "Point", "coordinates": [78.742767, 19.132954]}}, {"type": "Feature", "properties": {"District": "Nizamabad", "Mandal": "Nandipet", "Company": "M/s. Shivakasi Infra & Solutions Near RTO Office Utyara Dwaraka Nagar Khammam", "Address": "M/s. Shivakasi Infra & Solutions Near RTO Office Utyara Dwaraka Nagar Khammam", "Mineral": "Road Metal", "MineralTyp": "QL", "SurveyNumb": "984", "LandType": "Govt.Land", "Production": 400000, "Dispatch": 400000, "ETS": 450000, "Notice": 50000, "Reg_From": "2026-01-24", "Reg_To": "2027-01-23", "ORIG_FID": 790}, "geometry": {"type": "Point", "coordinates": [78.215216, 18.973389]}}, {"type": "Feature", "properties": {"District": "Nizamabad", "Mandal": "Jukkal", "Company": "BHARATHI CLEAN ENERGY VENTURES LLP H.NO:/1 KANTESHWAR NIZAMABAD TELANGANA03002 INDIA", "Address": "BHARATHI CLEAN ENERGY VENTURES LLP H.NO:/1 KANTESHWAR NIZAMABAD TELANGANA03002 INDIA", "Mineral": "Road Metal", "MineralTyp": "QL", "SurveyNumb": "984", "LandType": "Govt.Land", "Production": 400000, "Dispatch": 400000, "ETS": 450000, "Notice": 50000, "Reg_From": "2026-01-23", "Reg_To": "2027-01-22", "ORIG_FID": 791}, "geometry": {"type": "Point", "coordinates": [77.618539, 18.301402]}}, {"type": "Feature", "properties": {"District": "Nizamabad", "Mandal": "Nizamsagar", "Company": "ACCUREENERGY PRIVATE LIMITED plot no 185 Gayathri nagar g odavari homestelang ana", "Address": "ACCUREENERGY PRIVATE LIMITED plot no 185 Gayathri nagar g odavari homestelang ana", "Mineral": "Road Metal", "MineralTyp": "QL", "SurveyNumb": "984", "LandType": "Govt.Land", "Production": 400000, "Dispatch": 400000, "ETS": 450000, "Notice": 50000, "Reg_From": "2026-01-20", "Reg_To": "2027-01-19", "ORIG_FID": 792}, "geometry": {"type": "Point", "coordinates": [77.947353, 18.159576]}}, {"type": "Feature", "properties": {"District": "Karimnagar", "Mandal": "Koheda", "Company": "VENKATDHEERU INFRACON PRIVATE LIMITED 9 Flat no: 201 3rd floor Dream wood Apartment Panchavati La yout Manikonda Te langana", "Address": "VENKATDHEERU INFRACON PRIVATE LIMITED 9 Flat no: 201 3rd floor Dream wood Apartment Panchavati La yout Manikonda Te langana", "Mineral": "Road Metal", "MineralTyp": "QL", "SurveyNumb": "984/2", "LandType": "Govt.Land", "Production": 400000, "Dispatch": 400000, "ETS": 450000, "Notice": 50000, "Reg_From": "2026-01-27", "Reg_To": "2027-01-26", "ORIG_FID": 793}, "geometry": {"type": "Point", "coordinates": [79.015081, 18.170287]}}, {"type": "Feature", "properties": {"District": "Mahbubnagar", "Mandal": "Veepangandla", "Company": "HANUVOLTS RENEWABLE ENERGY PRIVATE LIMITED 0 0 H. No 15646/1/87 Sri Nagar Colony Tirumalagiri Alwal S ri Nagar Colony Old Alwal Se cunderabad Medchal Malkajgiri Telangana", "Address": "HANUVOLTS RENEWABLE ENERGY PRIVATE LIMITED 0 0 H. No 15646/1/87 Sri Nagar Colony Tirumalagiri Alwal S ri Nagar Colony Old Alwal Se cunderabad Medchal Malkajgiri Telangana", "Mineral": "Road Metal", "MineralTyp": "QL", "SurveyNumb": "77/1", "LandType": "Govt.Land", "Production": 400000, "Dispatch": 400000, "ETS": 450000, "Notice": 50000, "Reg_From": "2026-01-30", "Reg_To": "2027-01-29", "ORIG_FID": 794}, "geometry": {"type": "Point", "coordinates": [78.140055, 16.001699]}}, {"type": "Feature", "properties": {"District": "Medak", "Mandal": "Munpalle", "Company": "LEKKALA INFRA PROJECTS LLP FLAT NO 203 VAJRAS RESIDENCY ROAD NO 4 P S RAO NAGAR DAMMAIGUDA NAGARAM MEDCHAL MALKAJGIRITELANGANA", "Address": "LEKKALA INFRA PROJECTS LLP FLAT NO 203 VAJRAS RESIDENCY ROAD NO 4 P S RAO NAGAR DAMMAIGUDA NAGARAM MEDCHAL MALKAJGIRITELANGANA", "Mineral": "Road Metal", "MineralTyp": "QL", "SurveyNumb": "879/1", "LandType": "Govt.Land", "Production": 400000, "Dispatch": 400000, "ETS": 450000, "Notice": 50000, "Reg_From": "2026-01-30", "Reg_To": "2027-01-29", "ORIG_FID": 798}, "geometry": {"type": "Point", "coordinates": [77.88208, 17.811527]}}, {"type": "Feature", "properties": {"District": "Adilabad", "Mandal": "Bellampalle", "Company": "SRI SHIVAMULTISOLUTIONS Falt No.401. 1113704. Gayath ri apartment.Green hills colon y RD no.4/D Beside ozone hosp ital Kothapet. Rk puram", "Address": "SRI SHIVAMULTISOLUTIONS Falt No.401. 1113704. Gayath ri apartment.Green hills colon y RD no.4/D Beside ozone hosp ital Kothapet. Rk puram", "Mineral": "Road Metal", "MineralTyp": "QL", "SurveyNumb": "195/1", "LandType": "Govt.Land", "Production": 400000, "Dispatch": 400000, "ETS": 450000, "Notice": 50000, "Reg_From": "2026-01-31", "Reg_To": "2027-01-30", "ORIG_FID": 799}, "geometry": {"type": "Point", "coordinates": [79.45004, 19.12172]}}, {"type": "Feature", "properties": {"District": "Nalgonda", "Mandal": "Pedda Adiserla Palle", "Company": "Bharatnext Projects Private Limited #209 2ND flOOR bblock Asia n Sun city Kondapur Seriling ampally K.V Rangareddy", "Address": "Bharatnext Projects Private Limited #209 2ND flOOR bblock Asia n Sun city Kondapur Seriling ampally K.V Rangareddy", "Mineral": "Road Metal", "MineralTyp": "QL", "SurveyNumb": "2207/1", "LandType": "Govt.Land", "Production": 400000, "Dispatch": 400000, "ETS": 450000, "Notice": 50000, "Reg_From": "2026-02-02", "Reg_To": "2027-02-01", "ORIG_FID": 800}, "geometry": {"type": "Point", "coordinates": [79.194247, 16.562792]}}, {"type": "Feature", "properties": {"District": "Mahbubnagar", "Mandal": "Koilkonda", "Company": "M/s. AJ SOLUTIONS H. No. 25283 NAKKALAGUTTA Hanumakonda", "Address": "M/s. AJ SOLUTIONS H. No. 25283 NAKKALAGUTTA Hanumakonda", "Mineral": "Road Metal", "MineralTyp": "QL", "SurveyNumb": "894/1", "LandType": "Govt.Land", "Production": 400000, "Dispatch": 400000, "ETS": 450000, "Notice": 50000, "Reg_From": "2026-02-03", "Reg_To": "2027-02-02", "ORIG_FID": 801}, "geometry": {"type": "Point", "coordinates": [77.77759, 16.725504]}}, {"type": "Feature", "properties": {"District": "Khammam", "Mandal": "Kothagudem1", "Company": "M/s. Zettabyte It Solutions Private Limited 13th Floor Survey No. 64 Building Number 9 WeWork K Raheja Mindspace Madhapur Telangana \u2013 .", "Address": "M/s. Zettabyte It Solutions Private Limited 13th Floor Survey No. 64 Building Number 9 WeWork K Raheja Mindspace Madhapur Telangana \u2013 .", "Mineral": "Road Metal", "MineralTyp": "QL", "SurveyNumb": "379", "LandType": "Govt.Land", "Production": 400000, "Dispatch": 400000, "ETS": 450000, "Notice": 50000, "Reg_From": "2026-02-03", "Reg_To": "2027-02-02", "ORIG_FID": 803}, "geometry": {"type": "Point", "coordinates": [80.639239, 17.703792]}}, {"type": "Feature", "properties": {"District": "Rangareddy", "Mandal": "Dharur2", "Company": "MS ARAVINDH B TRADERS AND DEVELOPERS 2236 FLAT NO:403 JAIPURI COLONY NAGOLE UPPAL MEDCHEL", "Address": "MS ARAVINDH B TRADERS AND DEVELOPERS 2236 FLAT NO:403 JAIPURI COLONY NAGOLE UPPAL MEDCHEL", "Mineral": "Road Metal", "MineralTyp": "QL", "SurveyNumb": "43/1", "LandType": "Govt.Land", "Production": 400000, "Dispatch": 400000, "ETS": 450000, "Notice": 50000, "Reg_From": "2026-02-07", "Reg_To": "2027-02-06", "ORIG_FID": 804}, "geometry": {"type": "Point", "coordinates": [77.751316, 17.3664]}}, {"type": "Feature", "properties": {"District": "Warangal", "Mandal": "Tadvai", "Company": "SSMS ENERGY PRIVATE LIMITED 6118/60/8 AMBEDKAR NAGAR Jangaon Warangal Jangaon Telangana India", "Address": "SSMS ENERGY PRIVATE LIMITED 6118/60/8 AMBEDKAR NAGAR Jangaon Warangal Jangaon Telangana India", "Mineral": "Road Metal", "MineralTyp": "QL", "SurveyNumb": "183", "LandType": "Govt.Land", "Production": 400000, "Dispatch": 400000, "ETS": 450000, "Notice": 50000, "Reg_From": "2026-02-12", "Reg_To": "2027-02-11", "ORIG_FID": 809}, "geometry": {"type": "Point", "coordinates": [80.337806, 18.273514]}}, {"type": "Feature", "properties": {"District": "Warangal", "Mandal": "Shayampet", "Company": "ANVESH ENERGY H.NO: 533 VILL: BURUGUPALLY (K) MDL: NARSAPUR(G) DIST: NIRMAL TELANGANA", "Address": "ANVESH ENERGY H.NO: 533 VILL: BURUGUPALLY (K) MDL: NARSAPUR(G) DIST: NIRMAL TELANGANA", "Mineral": "Road Metal", "MineralTyp": "QL", "SurveyNumb": "183", "LandType": "Govt.Land", "Production": 400000, "Dispatch": 400000, "ETS": 450000, "Notice": 50000, "Reg_From": "2026-02-13", "Reg_To": "2027-02-12", "ORIG_FID": 810}, "geometry": {"type": "Point", "coordinates": [79.762692, 18.143347]}}, {"type": "Feature", "properties": {"District": "Adilabad", "Mandal": "Jainad", "Company": "ATOM ENERGY H.NO 646/2 MAIN ROAD MALLAPUR JAGITIAL", "Address": "ATOM ENERGY H.NO 646/2 MAIN ROAD MALLAPUR JAGITIAL", "Mineral": "Road Metal", "MineralTyp": "QL", "SurveyNumb": "183", "LandType": "Govt.Land", "Production": 400000, "Dispatch": 400000, "ETS": 450000, "Notice": 50000, "Reg_From": "2026-02-13", "Reg_To": "2028-02-12", "ORIG_FID": 811}, "geometry": {"type": "Point", "coordinates": [78.680568, 19.64257]}}, {"type": "Feature", "properties": {"District": "Khammam", "Mandal": "Konijerla", "Company": "VoltEco Dynamics Pvt Ltd D.NO.26/9941Mittamadi 2nd Street GopavaramProddatur Town & MandalYSR Dist Andhra Pradesh", "Address": "VoltEco Dynamics Pvt Ltd D.NO.26/9941Mittamadi 2nd Street GopavaramProddatur Town & MandalYSR Dist Andhra Pradesh", "Mineral": "Road Metal", "MineralTyp": "QL", "SurveyNumb": "265/1", "LandType": "Govt.Land", "Production": 400000, "Dispatch": 400000, "ETS": 450000, "Notice": 50000, "Reg_From": "2026-02-17", "Reg_To": "2027-02-16", "ORIG_FID": 813}, "geometry": {"type": "Point", "coordinates": [80.377034, 17.222192]}}, {"type": "Feature", "properties": {"District": "Medak", "Mandal": "Sadasivpet", "Company": "AMIGOS RENEWABLE ENERGY LLP 1127/19/10/A PRASHANTH NAGAR Hanumakonda Telangana", "Address": "AMIGOS RENEWABLE ENERGY LLP 1127/19/10/A PRASHANTH NAGAR Hanumakonda Telangana", "Mineral": "Road Metal", "MineralTyp": "QL", "SurveyNumb": "914", "LandType": "Govt.Land", "Production": 400000, "Dispatch": 400000, "ETS": 450000, "Notice": 50000, "Reg_From": "2026-02-17", "Reg_To": "2028-02-16", "ORIG_FID": 814}, "geometry": {"type": "Point", "coordinates": [78.053473, 17.669239]}}, {"type": "Feature", "properties": {"District": "Adilabad", "Mandal": "Jannaram", "Company": "M/s. JAYSUN ENERGIES INFRATECH 53/66 PLOT66 PART SURAKSHA ENLCAVE DAMMAIGUDA KEESARA MA NDAL NEAR LAKE VIEW COLONY Medchal Malkajgiri Telangana", "Address": "M/s. JAYSUN ENERGIES INFRATECH 53/66 PLOT66 PART SURAKSHA ENLCAVE DAMMAIGUDA KEESARA MA NDAL NEAR LAKE VIEW COLONY Medchal Malkajgiri Telangana", "Mineral": "Colour Granite", "MineralTyp": "QL", "SurveyNumb": "114,156", "LandType": "Govt.Land", "Production": 75000, "Dispatch": 75000, "ETS": 100000, "Notice": 25000, "Reg_From": "2022-12-12", "Reg_To": "2023-12-11", "ORIG_FID": 255}, "geometry": {"type": "Point", "coordinates": [79.003371, 19.11082]}}, {"type": "Feature", "properties": {"District": "Nalgonda", "Mandal": "Anumula", "Company": "M/s. Mallieshwara Energy H.no: 698 Near Hanuman Temple main Road Gollapalli Jagityal Dist \u2013 .", "Address": "M/s. Mallieshwara Energy H.no: 698 Near Hanuman Temple main Road Gollapalli Jagityal Dist \u2013 .", "Mineral": "Colour Granite", "MineralTyp": "QL", "SurveyNumb": "148 , 164", "LandType": "Govt.Land", "Production": 75000, "Dispatch": 75000, "ETS": 100000, "Notice": 25000, "Reg_From": "2022-11-27", "Reg_To": "2023-11-26", "ORIG_FID": 256}, "geometry": {"type": "Point", "coordinates": [79.348443, 16.757897]}}, {"type": "Feature", "properties": {"District": "Nalgonda", "Mandal": "Neredcherla", "Company": "M/s. CUBEFORE SOLUTIONS PRIVATE LIMITED 3rd Floor 5126/1 Jahangir Na gar Chintalkunta Rangareddi", "Address": "M/s. CUBEFORE SOLUTIONS PRIVATE LIMITED 3rd Floor 5126/1 Jahangir Na gar Chintalkunta Rangareddi", "Mineral": "Colour Granite", "MineralTyp": "QL", "SurveyNumb": "48/H", "LandType": "Patta Land", "Production": 75000, "Dispatch": 75000, "ETS": 100000, "Notice": 25000, "Reg_From": "2023-08-23", "Reg_To": "2025-08-22", "ORIG_FID": 277}, "geometry": {"type": "Point", "coordinates": [79.685529, 16.812386]}}, {"type": "Feature", "properties": {"District": "Nalgonda", "Mandal": "Garidepalle", "Company": "M/s. TEAM ELECTRICALS #16333 Shantinagar Kareemabad Road Warangal Telangana", "Address": "M/s. TEAM ELECTRICALS #16333 Shantinagar Kareemabad Road Warangal Telangana", "Mineral": "Colour Granite", "MineralTyp": "QL", "SurveyNumb": "49/P", "LandType": "Patta Land", "Production": 75000, "Dispatch": 75000, "ETS": 100000, "Notice": 25000, "Reg_From": "2025-01-31", "Reg_To": "2027-01-30", "ORIG_FID": 278}, "geometry": {"type": "Point", "coordinates": [79.743884, 16.831258]}}, {"type": "Feature", "properties": {"District": "Nizamabad", "Mandal": "Armur", "Company": "M/s. Equinox Projects 10529/1/8A/25 Ground Floor Maheshwari Complex Masab Tank", "Address": "M/s. Equinox Projects 10529/1/8A/25 Ground Floor Maheshwari Complex Masab Tank", "Mineral": "Road Metal", "MineralTyp": "QL", "SurveyNumb": "114/C", "LandType": "Patta Land", "Production": 500000, "Dispatch": 500000, "ETS": 1000000, "Notice": 500000, "Reg_From": "2024-06-16", "Reg_To": "2026-06-15", "ORIG_FID": 20}, "geometry": {"type": "Point", "coordinates": [78.322578, 18.757537]}}, {"type": "Feature", "properties": {"District": "Nizamabad", "Mandal": "Navipet", "Company": "M/s. Envious Energy Pvt. Ltd. H. No. 63633/1 Sughra ManzilBehind Kotak Mahindra BankKhairatabad . Cont.Person: Mr.G.SuranderBabu.", "Address": "M/s. Envious Energy Pvt. Ltd. H. No. 63633/1 Sughra ManzilBehind Kotak Mahindra BankKhairatabad . Cont.Person: Mr.G.SuranderBabu.", "Mineral": "Road Metal", "MineralTyp": "QL", "SurveyNumb": "11/A", "LandType": "Patta Land", "Production": 500000, "Dispatch": 500000, "ETS": 1000000, "Notice": 500000, "Reg_From": "2024-11-06", "Reg_To": "2025-11-05", "ORIG_FID": 19}, "geometry": {"type": "Point", "coordinates": [78.082351, 18.940246]}}, {"type": "Feature", "properties": {"District": "Nizamabad", "Mandal": "Makloor", "Company": "M/s. GREEN SECURE ENERGY PVT. LTD. # 1st Floor Plot No.704 Road No.37 near 100 feet road Ayyappa society Madhapur", "Address": "M/s. GREEN SECURE ENERGY PVT. LTD. # 1st Floor Plot No.704 Road No.37 near 100 feet road Ayyappa society Madhapur", "Mineral": "Road Metal", "MineralTyp": "QL", "SurveyNumb": "374/F", "LandType": "Patta Land", "Production": 500000, "Dispatch": 500000, "ETS": 1000000, "Notice": 500000, "Reg_From": "2024-07-10", "Reg_To": "2026-07-09", "ORIG_FID": 31}, "geometry": {"type": "Point", "coordinates": [78.137843, 18.766479]}}, {"type": "Feature", "properties": {"District": "Khammam", "Mandal": "Kamepalle", "Company": "M/s. SSM ENTERPRISES HNo: 31157/2chandrashekar colonyNizamabad.", "Address": "M/s. SSM ENTERPRISES HNo: 31157/2chandrashekar colonyNizamabad.", "Mineral": "Road Metal", "MineralTyp": "QL", "SurveyNumb": "355/D", "LandType": "Govt.Land", "Production": 400000, "Dispatch": 400000, "ETS": 450000, "Notice": 50000, "Reg_From": "2024-11-14", "Reg_To": "2025-11-13", "ORIG_FID": 456}, "geometry": {"type": "Point", "coordinates": [80.252057, 17.433132]}}, {"type": "Feature", "properties": {"District": "Warangal", "Mandal": "Kuravi", "Company": "M/s. CELKON IMPEX PRIVATE LIMITED PLOT NO 283/A C1 To C5 INCOR 9 BUILDING KAVURI HILLS MADHAPUR Rangareddy Telangana", "Address": "M/s. CELKON IMPEX PRIVATE LIMITED PLOT NO 283/A C1 To C5 INCOR 9 BUILDING KAVURI HILLS MADHAPUR Rangareddy Telangana", "Mineral": "Road Metal", "MineralTyp": "QL", "SurveyNumb": "404/P", "LandType": "Govt.Land", "Production": 400000, "Dispatch": 400000, "ETS": 450000, "Notice": 50000, "Reg_From": "2025-01-05", "Reg_To": "2027-01-04", "ORIG_FID": 482}, "geometry": {"type": "Point", "coordinates": [80.006936, 17.435693]}}, {"type": "Feature", "properties": {"District": "Medak", "Mandal": "Kangti", "Company": "Swayam Samruddhi Cooperative 6027 Currency Tower Mumbai Kolkata Highway Meraki Spa Vishal Nagar Raipur Raipur Chhattisgarh", "Address": "Swayam Samruddhi Cooperative 6027 Currency Tower Mumbai Kolkata Highway Meraki Spa Vishal Nagar Raipur Raipur Chhattisgarh", "Mineral": "Road Metal", "MineralTyp": "QL", "SurveyNumb": "226/J", "LandType": "Govt.Land", "Production": 400000, "Dispatch": 400000, "ETS": 450000, "Notice": 50000, "Reg_From": "2026-01-12", "Reg_To": "2027-01-11", "ORIG_FID": 777}, "geometry": {"type": "Point", "coordinates": [77.726824, 18.159971]}}, {"type": "Feature", "properties": {"District": "Medak", "Mandal": "Medak", "Company": "FRONTIER ENERGIES PRIVATE LIMITED 6c6th Floor8084 Melange Tower Road Number 3 Techno Enclave Road Madhapur", "Address": "FRONTIER ENERGIES PRIVATE LIMITED 6c6th Floor8084 Melange Tower Road Number 3 Techno Enclave Road Madhapur", "Mineral": "Road Metal", "MineralTyp": "QL", "SurveyNumb": "227/D", "LandType": "Govt.Land", "Production": 400000, "Dispatch": 400000, "ETS": 450000, "Notice": 50000, "Reg_From": "2026-01-13", "Reg_To": "2028-01-12", "ORIG_FID": 778}, "geometry": {"type": "Point", "coordinates": [78.179992, 18.138595]}}, {"type": "Feature", "properties": {"District": "Khammam", "Mandal": "Mudigonda", "Company": "M/s. GPE SYSTEMS PRIVATE LIMITED Kukatpally 1121/30/A Plot 2 Road 4/3 Ramnaresh Nagar Hydernagar", "Address": "M/s. GPE SYSTEMS PRIVATE LIMITED Kukatpally 1121/30/A Plot 2 Road 4/3 Ramnaresh Nagar Hydernagar", "Mineral": "Colour Granite", "MineralTyp": "QL", "SurveyNumb": "462,463,464", "LandType": "Govt.Land", "Production": 120000, "Dispatch": 100000, "ETS": 150000, "Notice": 50000, "Reg_From": "2024-07-24", "Reg_To": "2025-07-23", "ORIG_FID": 389}, "geometry": {"type": "Point", "coordinates": [80.134096, 17.016839]}}, {"type": "Feature", "properties": {"District": "Nalgonda", "Mandal": "Gundla Palle", "Company": "M/s. Creative Energy Solutions H:NO: 18527/7/1 RAITHU COLONY SHADNAGAR FAROOQNAGAR RANG AREDDY", "Address": "M/s. Creative Energy Solutions H:NO: 18527/7/1 RAITHU COLONY SHADNAGAR FAROOQNAGAR RANG AREDDY", "Mineral": "Colour Granite", "MineralTyp": "QL", "SurveyNumb": "555", "LandType": "Govt.Land", "Production": 0, "Dispatch": 0, "ETS": 0, "Notice": 0, "Reg_From": "2024-02-14", "Reg_To": "2026-02-13", "ORIG_FID": 295}, "geometry": {"type": "Point", "coordinates": [78.780866, 16.646806]}}, {"type": "Feature", "properties": {"District": "Nalgonda", "Mandal": "Devarakonda", "Company": "M/s. GARUDA BLUE SYSTEMS Ground Floor no 27445 Excise Colony Hanmakonda Warangal Urban Telangana", "Address": "M/s. GARUDA BLUE SYSTEMS Ground Floor no 27445 Excise Colony Hanmakonda Warangal Urban Telangana", "Mineral": "Colour Granite", "MineralTyp": "QL", "SurveyNumb": "369", "LandType": "Govt.Land", "Production": 0, "Dispatch": 0, "ETS": 0, "Notice": 0, "Reg_From": "2024-02-20", "Reg_To": "2026-02-19", "ORIG_FID": 296}, "geometry": {"type": "Point", "coordinates": [78.851458, 16.641192]}}]}