{"type": "FeatureCollection", "features": [{"type": "Feature", "properties": {"District": "Karimnagar", "Mandal": "Chigurumamidi", "Company": "A & T Systems", "Address": "M/s. A & T Systems H. No. 71619/A/10 Flat No. 301Naina Residency Srinivasa Nagar (E)Ameerpet", "Mineral": "Black Granite", "MineralTyp": "QL", "SurveyNumb": "143", "LandType": "Govt.Land", "Production": 150000, "Dispatch": 150000, "ETS": 200000, "Notice": 50000, "Reg_From": "2024-11-04", "Reg_To": "2025-11-03"}, "geometry": {"type": "Polygon", "coordinates": [[[79.234537, 18.225684], [79.234529, 18.226588], [79.235475, 18.226595], [79.235482, 18.225692], [79.234537, 18.225684]]]}}, {"type": "Feature", "properties": {"District": "Nizamabad", "Mandal": "Ranjal", "Company": "M/s. Access Ltd.", "Address": "M/s. Access Ltd. Plot No.104 Prashanthi Nagar I.E. Kukatpally", "Mineral": "Road Metal", "MineralTyp": "QL", "SurveyNumb": "11/P", "LandType": "Patta Land", "Production": 500000, "Dispatch": 500000, "ETS": 1000000, "Notice": 500000, "Reg_From": "2018-07-23", "Reg_To": "2020-07-22"}, "geometry": {"type": "Polygon", "coordinates": [[[77.970172, 18.771472], [77.970159, 18.772375], [77.971107, 18.772388], [77.971121, 18.771484], [77.970172, 18.771472]]]}}, {"type": "Feature", "properties": {"District": "Adilabad", "Mandal": "Bhainsa", "Company": "M/s. Aditi Pvt. Ltd. Plot No. 17 Road No. 11 Aleap Industrial Estate Via. KPHB JNTU Pragati Nagar Bachupally (M) Medchal dist.", "Address": "M/s. Aditi Pvt. Ltd. Plot No. 17 Road No. 11 Aleap Industrial Estate Via. KPHB JNTU Pragati Nagar Bachupally (M) Medchal dist.", "Mineral": "Colour Granite", "MineralTyp": "QL", "SurveyNumb": "163/B2", "LandType": "Patta Land", "Production": 75000, "Dispatch": 75000, "ETS": 100000, "Notice": 25000, "Reg_From": "2024-03-01", "Reg_To": "2026-02-28"}, "geometry": {"type": "Polygon", "coordinates": [[[77.975716, 19.060296], [77.975702, 19.061199], [77.976652, 19.061211], [77.976666, 19.060308], [77.975716, 19.060296]]]}}, {"type": "Feature", "properties": {"District": "Adilabad", "Mandal": "Mudhole", "Company": "M/s. AKSHAYA (INDIA) PVT. LTD. Plot No. 60/C/E PhaseI IDA Jeedimetla", "Address": "M/s. AKSHAYA (INDIA) PVT. LTD. Plot No. 60/C/E PhaseI IDA Jeedimetla", "Mineral": "Road Metal", "MineralTyp": "QL", "SurveyNumb": "115", "LandType": "Govt.Land", "Production": 500000, "Dispatch": 500000, "ETS": 1000000, "Notice": 500000, "Reg_From": "2020-07-10", "Reg_To": "2022-07-09"}, "geometry": {"type": "Polygon", "coordinates": [[[77.990203, 19.01603], [77.990189, 19.016933], [77.991139, 19.016946], [77.991152, 19.016042], [77.990203, 19.01603]]]}}, {"type": "Feature", "properties": {"District": "Adilabad", "Mandal": "Mudhole", "Company": "M/s. Amigo Energies #SCB#/PART Pedda Thokatta Hanuman Mandir Line Bowenpally Secunderabad", "Address": "M/s. Amigo Energies #SCB#/PART Pedda Thokatta Hanuman Mandir Line Bowenpally Secunderabad", "Mineral": "Road Metal", "MineralTyp": "QL", "SurveyNumb": "629/1", "LandType": "Govt.Land", "Production": 500000, "Dispatch": 500000, "ETS": 1000000, "Notice": 500000, "Reg_From": "2023-03-14", "Reg_To": "2024-03-13"}, "geometry": {"type": "Polygon", "coordinates": [[[78.002896, 18.974669], [78.002883, 18.975572], [78.003832, 18.975585], [78.003845, 18.974682], [78.002896, 18.974669]]]}}, {"type": "Feature", "properties": {"District": "Adilabad", "Mandal": "Mudhole", "Company": "M/s. Analogics Tech India Limited Plot no:9/10Road no.6 Nacharam Industrial", "Address": "M/s. Analogics Tech India Limited Plot no:9/10Road no.6 Nacharam Industrial", "Mineral": "Road Metal", "MineralTyp": "QL", "SurveyNumb": "629/1", "LandType": "Govt.Land", "Production": 500000, "Dispatch": 500000, "ETS": 1000000, "Notice": 500000, "Reg_From": "2018-07-16", "Reg_To": "2020-07-15"}, "geometry": {"type": "Polygon", "coordinates": [[[77.969226, 18.95691], [77.969212, 18.957814], [77.970162, 18.957826], [77.970175, 18.956923], [77.969226, 18.95691]]]}}, {"type": "Feature", "properties": {"District": "Nizamabad", "Mandal": "Makloor", "Company": "M/s. Argo Pvt. Ltd. #102 Plot No. 109 Sai Balaji Towers Patrika Nagar Hitech City Madhapur", "Address": "M/s. Argo Pvt. Ltd. #102 Plot No. 109 Sai Balaji Towers Patrika Nagar Hitech City Madhapur", "Mineral": "Road Metal", "MineralTyp": "QL", "SurveyNumb": "122/P", "LandType": "Govt.Land", "Production": 500000, "Dispatch": 500000, "ETS": 1000000, "Notice": 500000, "Reg_From": "2018-07-16", "Reg_To": "2020-07-15"}, "geometry": {"type": "Polygon", "coordinates": [[[78.169849, 18.785474], [78.169836, 18.786377], [78.170784, 18.786389], [78.170797, 18.785486], [78.169849, 18.785474]]]}}, {"type": "Feature", "properties": {"District": "Nizamabad", "Mandal": "Makloor", "Company": "M/s. Arka Build Technologies Pvt. Ltd. Flot No. 106 Happy Homes Apartments Moti Nagar Erragadda", "Address": "M/s. Arka Build Technologies Pvt. Ltd. Flot No. 106 Happy Homes Apartments Moti Nagar Erragadda", "Mineral": "Colour Granite", "MineralTyp": "QL", "SurveyNumb": "941", "LandType": "Patta Land", "Production": 75000, "Dispatch": 75000, "ETS": 100000, "Notice": 25000, "Reg_From": "2018-07-16", "Reg_To": "2020-07-15"}, "geometry": {"type": "Polygon", "coordinates": [[[78.196025, 18.759239], [78.196013, 18.760142], [78.196961, 18.760154], [78.196974, 18.759251], [78.196025, 18.759239]]]}}, {"type": "Feature", "properties": {"District": "Nizamabad", "Mandal": "Makloor", "Company": "M/s. Assure Energy Systems # 51 Aruna Enclave Trimulgherry Sec'bad", "Address": "M/s. Assure Energy Systems # 51 Aruna Enclave Trimulgherry Sec'bad", "Mineral": "Colour Granite", "MineralTyp": "QL", "SurveyNumb": "945", "LandType": "Govt.Land", "Production": 75000, "Dispatch": 75000, "ETS": 100000, "Notice": 25000, "Reg_From": "2024-07-10", "Reg_To": "2026-07-09"}, "geometry": {"type": "Polygon", "coordinates": [[[78.082744, 18.817147], [78.082731, 18.81805], [78.08368, 18.818062], [78.083693, 18.817159], [78.082744, 18.817147]]]}}, {"type": "Feature", "properties": {"District": "Adilabad", "Mandal": "Mudhole", "Company": "M/s. Avghni Renewable Energy Systems India Pvt. Ltd. Plot. No.# 63/64 Seshachal Colony West Marredpally Sec'bad", "Address": "M/s. Avghni Renewable Energy Systems India Pvt. Ltd. Plot. No.# 63/64 Seshachal Colony West Marredpally Sec'bad", "Mineral": "Black Granite", "MineralTyp": "QL", "SurveyNumb": "127 & 128", "LandType": "Govt.Land", "Production": 150000, "Dispatch": 150000, "ETS": 200000, "Notice": 50000, "Reg_From": "2024-07-10", "Reg_To": "2026-07-09"}, "geometry": {"type": "Polygon", "coordinates": [[[77.940998, 18.957728], [77.940984, 18.958632], [77.941934, 18.958644], [77.941947, 18.957741], [77.940998, 18.957728]]]}}, {"type": "Feature", "properties": {"District": "Nizamabad", "Mandal": "Nizamabad", "Company": "M/s. Axis Systems Shop No. 10 Sony Commercial Complex Prasanthi Nagar Industrial Estate Kukatpally 72.", "Address": "M/s. Axis Systems Shop No. 10 Sony Commercial Complex Prasanthi Nagar Industrial Estate Kukatpally 72.", "Mineral": "Black Granite", "MineralTyp": "QL", "SurveyNumb": "180 & 181 \r", "LandType": "Patta Land", "Production": 150000, "Dispatch": 150000, "ETS": 200000, "Notice": 50000, "Reg_From": "2024-07-01", "Reg_To": "2026-06-30"}, "geometry": {"type": "Polygon", "coordinates": [[[78.049448, 18.71848], [78.049435, 18.719383], [78.050383, 18.719396], [78.050396, 18.718492], [78.049448, 18.71848]]]}}, {"type": "Feature", "properties": {"District": "Nizamabad", "Mandal": "Nizamabad", "Company": "M/s. Bandaru Energies Pvt. Ltd. # 21 63569/1/2/1 Rockdale Compound Somajiguda \u2013", "Address": "M/s. Bandaru Energies Pvt. Ltd. # 21 63569/1/2/1 Rockdale Compound Somajiguda \u2013", "Mineral": "Black Granite", "MineralTyp": "QL", "SurveyNumb": "334", "LandType": "Patta Land", "Production": 150000, "Dispatch": 150000, "ETS": 200000, "Notice": 50000, "Reg_From": "2021-07-10", "Reg_To": "2023-07-09"}, "geometry": {"type": "Polygon", "coordinates": [[[78.031998, 18.595865], [78.031985, 18.596768], [78.032933, 18.596781], [78.032946, 18.595877], [78.031998, 18.595865]]]}}, {"type": "Feature", "properties": {"District": "Nizamabad", "Mandal": "Nizamabad", "Company": "M/s. Bhanu Energy Systems 108 A Block Vasudha Appt. Suchitra Medchal", "Address": "M/s. Bhanu Energy Systems 108 A Block Vasudha Appt. Suchitra Medchal", "Mineral": "Colour Granite", "MineralTyp": "QL", "SurveyNumb": "844,842, 838 and 843", "LandType": "Patta Land", "Production": 75000, "Dispatch": 75000, "ETS": 100000, "Notice": 25000, "Reg_From": "2018-07-10", "Reg_To": "2020-07-09"}, "geometry": {"type": "Polygon", "coordinates": [[[78.076756, 18.658245], [78.076743, 18.659148], [78.077691, 18.65916], [78.077704, 18.658257], [78.076756, 18.658245]]]}}, {"type": "Feature", "properties": {"District": "Nizamabad", "Mandal": "Nizamabad", "Company": "M/s. Bhargava Engineers 58218/1 Pantakaluva Road Patamata Vijayawada", "Address": "M/s. Bhargava Engineers 58218/1 Pantakaluva Road Patamata Vijayawada", "Mineral": "Colour Granite", "MineralTyp": "QL", "SurveyNumb": "162/B1, B2 & B3", "LandType": "Patta Land", "Production": 75000, "Dispatch": 75000, "ETS": 100000, "Notice": 25000, "Reg_From": "2018-09-01", "Reg_To": "2020-08-31"}, "geometry": {"type": "Polygon", "coordinates": [[[78.099644, 18.530881], [78.099631, 18.531785], [78.100579, 18.531797], [78.100591, 18.530894], [78.099644, 18.530881]]]}}, {"type": "Feature", "properties": {"District": "Nizamabad", "Mandal": "Nizamabad", "Company": "M/s. Budding Leaf Infratech Pvt. Ltd. Flot No. 603 RivieraAppt. Dwarakapuri Colony Punjagutta", "Address": "M/s. Budding Leaf Infratech Pvt. Ltd. Flot No. 603 RivieraAppt. Dwarakapuri Colony Punjagutta", "Mineral": "Black Granite", "MineralTyp": "QL", "SurveyNumb": "306/A/1", "LandType": "Patta Land", "Production": 150000, "Dispatch": 150000, "ETS": 200000, "Notice": 50000, "Reg_From": "2024-07-10", "Reg_To": "2026-07-09"}, "geometry": {"type": "Polygon", "coordinates": [[[78.124219, 18.526634], [78.124206, 18.527538], [78.125153, 18.52755], [78.125166, 18.526646], [78.124219, 18.526634]]]}}, {"type": "Feature", "properties": {"District": "Adilabad", "Mandal": "Bhainsa", "Company": "M/s. BayMa 2 Engg. Solutions (P) Ltd. Flot No. 305 Virat Resedency Kompally Qutubullapur", "Address": "M/s. BayMa 2 Engg. Solutions (P) Ltd. Flot No. 305 Virat Resedency Kompally Qutubullapur", "Mineral": "Black Granite", "MineralTyp": "QL", "SurveyNumb": "305/A, 306/B", "LandType": "Patta Land", "Production": 150000, "Dispatch": 150000, "ETS": 200000, "Notice": 50000, "Reg_From": "2024-07-01", "Reg_To": "2026-06-30"}, "geometry": {"type": "Polygon", "coordinates": [[[78.007478, 19.059303], [78.007465, 19.060206], [78.008414, 19.060219], [78.008428, 19.059316], [78.007478, 19.059303]]]}}, {"type": "Feature", "properties": {"District": "Adilabad", "Mandal": "Lokeswaram", "Company": "M/s. Coolkaru Info Solutions Pvt. Ltd. (OPC) 4th floor Plot No. 13 Kavuri Hills Phase II Ext Madhapur", "Address": "M/s. Coolkaru Info Solutions Pvt. Ltd. (OPC) 4th floor Plot No. 13 Kavuri Hills Phase II Ext Madhapur", "Mineral": "Black Granite", "MineralTyp": "QL", "SurveyNumb": "133", "LandType": "Govt.Land", "Production": 150000, "Dispatch": 150000, "ETS": 200000, "Notice": 50000, "Reg_From": "2025-12-10", "Reg_To": "2026-12-09"}, "geometry": {"type": "Polygon", "coordinates": [[[78.085931, 18.993869], [78.085918, 18.994772], [78.086867, 18.994785], [78.08688, 18.993882], [78.085931, 18.993869]]]}}, {"type": "Feature", "properties": {"District": "Nizamabad", "Mandal": "Armur", "Company": "M/s.Cosmo Integrated z Pvt. Ltd #12 Shiv Bagh Colony Ameerpet", "Address": "M/s.Cosmo Integrated z Pvt. Ltd #12 Shiv Bagh Colony Ameerpet", "Mineral": "Road Metal", "MineralTyp": "QL", "SurveyNumb": "205", "LandType": "Govt.Land", "Production": 500000, "Dispatch": 500000, "ETS": 1000000, "Notice": 500000, "Reg_From": "2018-07-10", "Reg_To": "2020-07-09"}, "geometry": {"type": "Polygon", "coordinates": [[[78.283364, 18.837345], [78.283352, 18.838248], [78.284301, 18.83826], [78.284313, 18.837356], [78.283364, 18.837345]]]}}, {"type": "Feature", "properties": {"District": "Nizamabad", "Mandal": "Armur", "Company": "M/s. emug Energy Private Limited. H.No. 485/6 PMR Residency Brindavan Nagar Street No.8 Habsiguda", "Address": "M/s. emug Energy Private Limited. H.No. 485/6 PMR Residency Brindavan Nagar Street No.8 Habsiguda", "Mineral": "Road Metal", "MineralTyp": "QL", "SurveyNumb": "360", "LandType": "Patta Land", "Production": 500000, "Dispatch": 500000, "ETS": 1000000, "Notice": 500000, "Reg_From": "2024-01-27", "Reg_To": "2026-01-26"}, "geometry": {"type": "Polygon", "coordinates": [[[78.278746, 18.825432], [78.278734, 18.826335], [78.279683, 18.826347], [78.279695, 18.825443], [78.278746, 18.825432]]]}}, {"type": "Feature", "properties": {"District": "Nizamabad", "Mandal": "Navipet", "Company": "M/s. Envious Energy Pvt. Ltd. H. No. 63633/1 Sughra ManzilBehind Kotak Mahindra BankKhairatabad . Cont.Person: Mr.G.SuranderBabu.", "Address": "M/s. Envious Energy Pvt. Ltd. H. No. 63633/1 Sughra ManzilBehind Kotak Mahindra BankKhairatabad . Cont.Person: Mr.G.SuranderBabu.", "Mineral": "Road Metal", "MineralTyp": "QL", "SurveyNumb": "11/A", "LandType": "Patta Land", "Production": 500000, "Dispatch": 500000, "ETS": 1000000, "Notice": 500000, "Reg_From": "2024-11-06", "Reg_To": "2025-11-05"}, "geometry": {"type": "Polygon", "coordinates": [[[78.081883, 18.939788], [78.08187, 18.940691], [78.082819, 18.940703], [78.082832, 18.9398], [78.081883, 18.939788]]]}}, {"type": "Feature", "properties": {"District": "Nizamabad", "Mandal": "Armur", "Company": "M/s. Equinox Projects 10529/1/8A/25 Ground Floor Maheshwari Complex Masab Tank", "Address": "M/s. Equinox Projects 10529/1/8A/25 Ground Floor Maheshwari Complex Masab Tank", "Mineral": "Road Metal", "MineralTyp": "QL", "SurveyNumb": "114/C", "LandType": "Patta Land", "Production": 500000, "Dispatch": 500000, "ETS": 1000000, "Notice": 500000, "Reg_From": "2024-06-16", "Reg_To": "2026-06-15"}, "geometry": {"type": "Polygon", "coordinates": [[[78.32211, 18.75708], [78.322098, 18.757983], [78.323046, 18.757995], [78.323058, 18.757091], [78.32211, 18.75708]]]}}, {"type": "Feature", "properties": {"District": "Nizamabad", "Mandal": "Velpur", "Company": "M/s. Four Energy Systems Pvt. Ltd. /1/P/4024th floor Jewel Pawani Tower Somajiguda .", "Address": "M/s. Four Energy Systems Pvt. Ltd. /1/P/4024th floor Jewel Pawani Tower Somajiguda .", "Mineral": "Black Granite", "MineralTyp": "QL", "SurveyNumb": "104,105,107,108 & 108/D", "LandType": "Patta Land", "Production": 150000, "Dispatch": 150000, "ETS": 200000, "Notice": 50000, "Reg_From": "2024-07-10", "Reg_To": "2026-07-09"}, "geometry": {"type": "Polygon", "coordinates": [[[78.342949, 18.753232], [78.342938, 18.754135], [78.343886, 18.754147], [78.343898, 18.753243], [78.342949, 18.753232]]]}}, {"type": "Feature", "properties": {"District": "Nizamabad", "Mandal": "Velpur", "Company": "M/s. Fourth Partner Energy Pvt. Ltd. Plot No. N46 No. 4910 HMT Nagar", "Address": "M/s. Fourth Partner Energy Pvt. Ltd. Plot No. N46 No. 4910 HMT Nagar", "Mineral": "Black Granite", "MineralTyp": "QL", "SurveyNumb": "265", "LandType": "Govt.Land", "Production": 150000, "Dispatch": 150000, "ETS": 200000, "Notice": 50000, "Reg_From": "2018-10-20", "Reg_To": "2020-10-19"}, "geometry": {"type": "Polygon", "coordinates": [[[78.402118, 18.780493], [78.402106, 18.781397], [78.403054, 18.781408], [78.403066, 18.780504], [78.402118, 18.780493]]]}}, {"type": "Feature", "properties": {"District": "Nizamabad", "Mandal": "Velpur", "Company": "M/s.Free Energy Systems H.No. 61218 Namdevwada Nizambad", "Address": "M/s.Free Energy Systems H.No. 61218 Namdevwada Nizambad", "Mineral": "Black Granite", "MineralTyp": "QL", "SurveyNumb": "265", "LandType": "Govt.Land", "Production": 150000, "Dispatch": 150000, "ETS": 200000, "Notice": 50000, "Reg_From": "2023-03-14", "Reg_To": "2025-03-13"}, "geometry": {"type": "Polygon", "coordinates": [[[78.362505, 18.811668], [78.362493, 18.812571], [78.363442, 18.812582], [78.363453, 18.811679], [78.362505, 18.811668]]]}}, {"type": "Feature", "properties": {"District": "Nizamabad", "Mandal": "Armur", "Company": "M/s. Fusion Technologies Pvt Ltd", "Address": "M/s. Fusion Technologies Pvt Ltd", "Mineral": "Black Granite", "MineralTyp": "QL", "SurveyNumb": "265", "LandType": "Govt.Land", "Production": 150000, "Dispatch": 150000, "ETS": 200000, "Notice": 50000, "Reg_From": "2018-07-10", "Reg_To": "2020-07-09"}, "geometry": {"type": "Polygon", "coordinates": [[[78.323279, 18.804985], [78.323267, 18.805888], [78.324215, 18.8059], [78.324227, 18.804996], [78.323279, 18.804985]]]}}, {"type": "Feature", "properties": {"District": "Nizamabad", "Mandal": "Armur", "Company": "M/s. Future tech Instruments Pvt Ltd", "Address": "M/s. Future tech Instruments Pvt Ltd", "Mineral": "Road Metal", "MineralTyp": "QL", "SurveyNumb": "90", "LandType": "Patta Land", "Production": 500000, "Dispatch": 500000, "ETS": 1000000, "Notice": 500000, "Reg_From": "2018-07-16", "Reg_To": "2020-07-15"}, "geometry": {"type": "Polygon", "coordinates": [[[78.305561, 18.841695], [78.305549, 18.842598], [78.306498, 18.842609], [78.30651, 18.841706], [78.305561, 18.841695]]]}}, {"type": "Feature", "properties": {"District": "Nizamabad", "Mandal": "Balkonda", "Company": "M/s. Go Grid Ltd. Flat No. 104 & 103 Block No. 13Rain Tree Park Malaysian Town Ship KPHB Colony", "Address": "M/s. Go Grid Ltd. Flat No. 104 & 103 Block No. 13Rain Tree Park Malaysian Town Ship KPHB Colony", "Mineral": "Gravel", "MineralTyp": "QL", "SurveyNumb": "168", "LandType": "Govt.Land", "Production": 250000, "Dispatch": 200000, "ETS": 300000, "Notice": 100000, "Reg_From": "2018-09-01", "Reg_To": "2020-08-31"}, "geometry": {"type": "Polygon", "coordinates": [[[78.324234, 18.867799], [78.324223, 18.868703], [78.325171, 18.868714], [78.325183, 18.867811], [78.324234, 18.867799]]]}}, {"type": "Feature", "properties": {"District": "Nizamabad", "Mandal": "Balkonda", "Company": "M/s.GVNL Heart Solutions Flat # 302 Sai Krupa Apartments Road # 36 beside Jubile Ridge Hotel Street Kavuri Hills Madhapur", "Address": "M/s.GVNL Heart Solutions Flat # 302 Sai Krupa Apartments Road # 36 beside Jubile Ridge Hotel Street Kavuri Hills Madhapur", "Mineral": "Road Metal", "MineralTyp": "QL", "SurveyNumb": "253/P", "LandType": "Patta Land", "Production": 500000, "Dispatch": 500000, "ETS": 1000000, "Notice": 500000, "Reg_From": "2018-07-23", "Reg_To": "2020-07-22"}, "geometry": {"type": "Polygon", "coordinates": [[[78.357707, 18.838785], [78.357696, 18.839688], [78.358644, 18.839699], [78.358656, 18.838796], [78.357707, 18.838785]]]}}, {"type": "Feature", "properties": {"District": "Adilabad", "Mandal": "Mudhole", "Company": "M/s. Ghrian Renewables Pvt. Ltd. Plot. No. 19 \"Green Tech Square\"4th Floor Kavurai Hills Phase III", "Address": "M/s. Ghrian Renewables Pvt. Ltd. Plot. No. 19 \"Green Tech Square\"4th Floor Kavurai Hills Phase III", "Mineral": "Colour Granite", "MineralTyp": "QL", "SurveyNumb": "48", "LandType": "Govt.Land", "Production": 75000, "Dispatch": 75000, "ETS": 100000, "Notice": 25000, "Reg_From": "2020-07-26", "Reg_To": "2022-07-25"}, "geometry": {"type": "Polygon", "coordinates": [[[77.965452, 19.008943], [77.965438, 19.009847], [77.966388, 19.009859], [77.966401, 19.008956], [77.965452, 19.008943]]]}}, {"type": "Feature", "properties": {"District": "Adilabad", "Mandal": "Mudhole", "Company": "M/s. Gigawatt Pvt. Ltd. 1831 to 41 Kapadia Towers 3rd Floor Bapubagh Colony P.G. Road Secunderabad", "Address": "M/s. Gigawatt Pvt. Ltd. 1831 to 41 Kapadia Towers 3rd Floor Bapubagh Colony P.G. Road Secunderabad", "Mineral": "Colour Granite", "MineralTyp": "QL", "SurveyNumb": "154/1/F/3", "LandType": "Patta Land", "Production": 75000, "Dispatch": 75000, "ETS": 100000, "Notice": 25000, "Reg_From": "2022-07-16", "Reg_To": "2024-07-15"}, "geometry": {"type": "Polygon", "coordinates": [[[78.014804, 18.93996], [78.014791, 18.940864], [78.01574, 18.940876], [78.015753, 18.939973], [78.014804, 18.93996]]]}}, {"type": "Feature", "properties": {"District": "Nizamabad", "Mandal": "Navipet", "Company": "M/s. Green Life Energy Solutions LLP H. No. LIGH 171/2RT Ground Floor Vijaya Nagar ColonyNear Andhra Bank Masab Tank", "Address": "M/s. Green Life Energy Solutions LLP H. No. LIGH 171/2RT Ground Floor Vijaya Nagar ColonyNear Andhra Bank Masab Tank", "Mineral": "Colour Granite", "MineralTyp": "QL", "SurveyNumb": "154/1/F/3", "LandType": "Patta Land", "Production": 75000, "Dispatch": 75000, "ETS": 100000, "Notice": 25000, "Reg_From": "2024-11-05", "Reg_To": "2025-11-04"}, "geometry": {"type": "Polygon", "coordinates": [[[78.052161, 18.934928], [78.052147, 18.935831], [78.053097, 18.935844], [78.05311, 18.934941], [78.052161, 18.934928]]]}}, {"type": "Feature", "properties": {"District": "Nizamabad", "Mandal": "Makloor", "Company": "M/s. GREEN SECURE ENERGY PVT. LTD. # 1st Floor Plot No.704 Road No.37 near 100 feet road Ayyappa society Madhapur", "Address": "M/s. GREEN SECURE ENERGY PVT. LTD. # 1st Floor Plot No.704 Road No.37 near 100 feet road Ayyappa society Madhapur", "Mineral": "Road Metal", "MineralTyp": "QL", "SurveyNumb": "374/F", "LandType": "Patta Land", "Production": 500000, "Dispatch": 500000, "ETS": 1000000, "Notice": 500000, "Reg_From": "2024-07-10", "Reg_To": "2026-07-09"}, "geometry": {"type": "Polygon", "coordinates": [[[78.137375, 18.766021], [78.137362, 18.766924], [78.13831, 18.766936], [78.138323, 18.766033], [78.137375, 18.766021]]]}}, {"type": "Feature", "properties": {"District": "Nizamabad", "Mandal": "Nizamabad", "Company": "M/s. Greentek India Pvt. Ltd. Plot No. 8 Lepakshi Colony West Marredpally Sec'bad Cont. Person: Sri S.P. Varma", "Address": "M/s. Greentek India Pvt. Ltd. Plot No. 8 Lepakshi Colony West Marredpally Sec'bad Cont. Person: Sri S.P. Varma", "Mineral": "Road Metal", "MineralTyp": "QL", "SurveyNumb": "431", "LandType": "Govt.Land", "Production": 500000, "Dispatch": 500000, "ETS": 1000000, "Notice": 500000, "Reg_From": "2023-07-16", "Reg_To": "2025-07-15"}, "geometry": {"type": "Polygon", "coordinates": [[[78.109016, 18.613535], [78.109003, 18.614439], [78.109951, 18.614451], [78.109963, 18.613547], [78.109016, 18.613535]]]}}, {"type": "Feature", "properties": {"District": "Nizamabad", "Mandal": "Dichpalle", "Company": "M/s. Helios Services H.No. 82277/37 UBI Colony Road No. 03 Banjara Hills Cont. Person: Madhu Babu Kode", "Address": "M/s. Helios Services H.No. 82277/37 UBI Colony Road No. 03 Banjara Hills Cont. Person: Madhu Babu Kode", "Mineral": "Road Metal", "MineralTyp": "QL", "SurveyNumb": "431", "LandType": "Govt.Land", "Production": 500000, "Dispatch": 500000, "ETS": 1000000, "Notice": 500000, "Reg_From": "2024-02-29", "Reg_To": "2026-02-27"}, "geometry": {"type": "Polygon", "coordinates": [[[78.196655, 18.602022], [78.196643, 18.602926], [78.19759, 18.602938], [78.197603, 18.602034], [78.196655, 18.602022]]]}}, {"type": "Feature", "properties": {"District": "Nizamabad", "Mandal": "Dichpalle", "Company": "M/s. Hykon India (p) Ltd Hykon House Ikkandawarrier Road Thrissur Kerala India", "Address": "M/s. Hykon India (p) Ltd Hykon House Ikkandawarrier Road Thrissur Kerala India", "Mineral": "Black Granite", "MineralTyp": "QL", "SurveyNumb": "239,240 & 307", "LandType": "Govt.Land & Patta Land", "Production": 150000, "Dispatch": 150000, "ETS": 200000, "Notice": 50000, "Reg_From": "2018-07-23", "Reg_To": "2020-07-22"}, "geometry": {"type": "Polygon", "coordinates": [[[78.212781, 18.533718], [78.212769, 18.534622], [78.213716, 18.534633], [78.213728, 18.53373], [78.212781, 18.533718]]]}}, {"type": "Feature", "properties": {"District": "Nizamabad", "Mandal": "Tadwai", "Company": "M/s. Akshaya Enterprises 4361/1/3 4361/1/44 Opp. New Bus stand Beside Nalanda College Adilabad", "Address": "M/s. Akshaya Enterprises 4361/1/3 4361/1/44 Opp. New Bus stand Beside Nalanda College Adilabad", "Mineral": "Road Metal", "MineralTyp": "QL", "SurveyNumb": "1109", "LandType": "Govt.Land", "Production": 500000, "Dispatch": 500000, "ETS": 1000000, "Notice": 500000, "Reg_From": "2024-03-13", "Reg_To": "2026-03-12"}, "geometry": {"type": "Polygon", "coordinates": [[[78.21464, 18.266712], [78.214627, 18.267616], [78.215573, 18.267628], [78.215586, 18.266724], [78.21464, 18.266712]]]}}, {"type": "Feature", "properties": {"District": "Nizamabad", "Mandal": "Jakranpalle", "Company": "M/s. Junna Systems P. Ltd Plot No.17&18 IDA Prasanthi Nagar Ext. Vignanapuri ColonyKukutpally \u2013", "Address": "M/s. Junna Systems P. Ltd Plot No.17&18 IDA Prasanthi Nagar Ext. Vignanapuri ColonyKukutpally \u2013", "Mineral": "Colour Granite", "MineralTyp": "QL", "SurveyNumb": "162/A & 163/A", "LandType": "Patta Land", "Production": 75000, "Dispatch": 75000, "ETS": 100000, "Notice": 25000, "Reg_From": "2024-07-01", "Reg_To": "2026-06-30"}, "geometry": {"type": "Polygon", "coordinates": [[[78.270047, 18.708283], [78.270034, 18.709186], [78.270983, 18.709198], [78.270995, 18.708294], [78.270047, 18.708283]]]}}, {"type": "Feature", "properties": {"District": "Medak", "Mandal": "Narayankhed", "Company": "M/s. Karvy Renewable Energy Projects Ltd. Karvy Millennium \u2013 Annex Building 1st Floor Plot No.31 Financial District Nanakramguda Gachibowli \u2013 .", "Address": "M/s. Karvy Renewable Energy Projects Ltd. Karvy Millennium \u2013 Annex Building 1st Floor Plot No.31 Financial District Nanakramguda Gachibowli \u2013 .", "Mineral": "Colour Granite", "MineralTyp": "QL", "SurveyNumb": "947", "LandType": "Govt.Land", "Production": 75000, "Dispatch": 75000, "ETS": 100000, "Notice": 25000, "Reg_From": "2020-12-16", "Reg_To": "2021-12-15"}, "geometry": {"type": "Polygon", "coordinates": [[[77.791835, 18.045112], [77.791821, 18.046016], [77.792766, 18.046029], [77.79278, 18.045126], [77.791835, 18.045112]]]}}, {"type": "Feature", "properties": {"District": "Medak", "Mandal": "Shankarampet[A]", "Company": "M/s. LV's Sun Dwaraka Nagar Kahammam \u2013 Cell No.", "Address": "M/s. LV's Sun Dwaraka Nagar Kahammam \u2013 Cell No.", "Mineral": "Colour Granite", "MineralTyp": "QL", "SurveyNumb": "323", "LandType": "Govt.Land", "Production": 75000, "Dispatch": 75000, "ETS": 100000, "Notice": 25000, "Reg_From": "2020-11-25", "Reg_To": "2021-11-24"}, "geometry": {"type": "Polygon", "coordinates": [[[77.867231, 18.025058], [77.867217, 18.025962], [77.868162, 18.025975], [77.868176, 18.025072], [77.867231, 18.025058]]]}}, {"type": "Feature", "properties": {"District": "Medak", "Mandal": "Shankarampet[A]", "Company": "M/s. Milestone com Pvt. Ltd. #82686/9/6 Plot No. 56 Park View EnclaveRoad No.12 Banjara Hills", "Address": "M/s. Milestone com Pvt. Ltd. #82686/9/6 Plot No. 56 Park View EnclaveRoad No.12 Banjara Hills", "Mineral": "Road Metal", "MineralTyp": "QL", "SurveyNumb": "214", "LandType": "Govt.Land", "Production": 500000, "Dispatch": 500000, "ETS": 1000000, "Notice": 500000, "Reg_From": "2022-07-26", "Reg_To": "2024-07-25"}, "geometry": {"type": "Polygon", "coordinates": [[[77.894244, 18.017437], [77.89423, 18.018341], [77.895175, 18.018354], [77.895189, 18.01745], [77.894244, 18.017437]]]}}, {"type": "Feature", "properties": {"District": "Medak", "Mandal": "Shankarampet[A]", "Company": "M/s. Mitra Greentech Pvt. Ltd. 1213399 Street 1 Lane 4 Tarnaka Secuderabad", "Address": "M/s. Mitra Greentech Pvt. Ltd. 1213399 Street 1 Lane 4 Tarnaka Secuderabad", "Mineral": "Road Metal", "MineralTyp": "QL", "SurveyNumb": "214", "LandType": "Govt.Land", "Production": 500000, "Dispatch": 500000, "ETS": 1000000, "Notice": 500000, "Reg_From": "2020-07-23", "Reg_To": "2022-07-22"}, "geometry": {"type": "Polygon", "coordinates": [[[77.916621, 18.044291], [77.916607, 18.045194], [77.917552, 18.045208], [77.917566, 18.044304], [77.916621, 18.044291]]]}}, {"type": "Feature", "properties": {"District": "Medak", "Mandal": "Raikode", "Company": "M/s. Mithra Systems H. No. 601/1/1/8 2nd floor Venkateshwara Enclave Suchitra 'X' Road Quthbullapur Jeedimetla", "Address": "M/s. Mithra Systems H. No. 601/1/1/8 2nd floor Venkateshwara Enclave Suchitra 'X' Road Quthbullapur Jeedimetla", "Mineral": "Black Granite", "MineralTyp": "QL", "SurveyNumb": "181/B & 183", "LandType": "Patta Land", "Production": 150000, "Dispatch": 150000, "ETS": 200000, "Notice": 50000, "Reg_From": "2020-09-01", "Reg_To": "2022-08-31"}, "geometry": {"type": "Polygon", "coordinates": [[[77.825752, 17.820684], [77.825738, 17.821588], [77.826682, 17.821602], [77.826696, 17.820698], [77.825752, 17.820684]]]}}, {"type": "Feature", "properties": {"District": "Medak", "Mandal": "Regode", "Company": "M/s. Novus Green Energy Sys. Pvt. Ltd. # 100 Siddhi 1 st & 2nd floor P & T Colony Trimulgherry Sec'bad", "Address": "M/s. Novus Green Energy Sys. Pvt. Ltd. # 100 Siddhi 1 st & 2nd floor P & T Colony Trimulgherry Sec'bad", "Mineral": "Black Granite", "MineralTyp": "QL", "SurveyNumb": "156 & 183", "LandType": "Patta Land", "Production": 150000, "Dispatch": 150000, "ETS": 200000, "Notice": 50000, "Reg_From": "2020-08-10", "Reg_To": "2022-08-09"}, "geometry": {"type": "Polygon", "coordinates": [[[77.853636, 17.994813], [77.853622, 17.995717], [77.854567, 17.995731], [77.854581, 17.994827], [77.853636, 17.994813]]]}}, {"type": "Feature", "properties": {"District": "Medak", "Mandal": "Pulkal", "Company": "M/s. ORB Energy Pvt. Ltd. 95 Digital Park Road 2nd StageYeshwanthapura Bengalore", "Address": "M/s. ORB Energy Pvt. Ltd. 95 Digital Park Road 2nd StageYeshwanthapura Bengalore", "Mineral": "Road Metal", "MineralTyp": "QL", "SurveyNumb": "169", "LandType": "Govt.Land", "Production": 500000, "Dispatch": 500000, "ETS": 1000000, "Notice": 500000, "Reg_From": "2018-07-10", "Reg_To": "2020-07-09"}, "geometry": {"type": "Polygon", "coordinates": [[[77.956641, 17.760241], [77.956628, 17.761145], [77.957571, 17.761158], [77.957585, 17.760254], [77.956641, 17.760241]]]}}, {"type": "Feature", "properties": {"District": "Medak", "Mandal": "Pulkal", "Company": "M/s. PLS Green P. Ltd. 202 2nd Floor Krishna Kunj 30Navyug Society V.M.Road J.V.P.D. Vile Parle (West) Mumbai City Mh Hyd. Br. Office: M/s. PLS Green P. Ltd. Podicheru Anajpuram Mothkur (M) Nalgonda Dist.", "Address": "M/s. PLS Green P. Ltd. 202 2nd Floor Krishna Kunj 30Navyug Society V.M.Road J.V.P.D. Vile Parle (West) Mumbai City Mh Hyd. Br. Office: M/s. PLS Green P. Ltd. Podicheru Anajpuram Mothkur (M) Nalgonda Dist.", "Mineral": "Road Metal", "MineralTyp": "QL", "SurveyNumb": "169", "LandType": "Govt.Land", "Production": 500000, "Dispatch": 500000, "ETS": 1000000, "Notice": 500000, "Reg_From": "2020-07-01", "Reg_To": "2021-06-30"}, "geometry": {"type": "Polygon", "coordinates": [[[77.996386, 17.762344], [77.996373, 17.763248], [77.997316, 17.763261], [77.997329, 17.762357], [77.996386, 17.762344]]]}}, {"type": "Feature", "properties": {"District": "Medak", "Mandal": "Pulkal", "Company": "M/s. Pavanasuta Renewable Energy Pvt. Ltd. C4 Stone Valley Apartments Road No. 4 Banjara Hills", "Address": "M/s. Pavanasuta Renewable Energy Pvt. Ltd. C4 Stone Valley Apartments Road No. 4 Banjara Hills", "Mineral": "Road Metal", "MineralTyp": "QL", "SurveyNumb": "105/1", "LandType": "Govt.Land", "Production": 500000, "Dispatch": 500000, "ETS": 1000000, "Notice": 500000, "Reg_From": "2024-03-19", "Reg_To": "2026-03-18"}, "geometry": {"type": "Polygon", "coordinates": [[[77.962432, 17.772996], [77.962419, 17.7739], [77.963362, 17.773913], [77.963376, 17.773009], [77.962432, 17.772996]]]}}, {"type": "Feature", "properties": {"District": "Nizamabad", "Mandal": "Sirkonda", "Company": "M/s. One Micro Systems (P) Ltd F # 106 Riviera Apartment Dwarakapuricolony Panjagutta Head Office: GF3/F12 KSSIC Building Vcross I Stage Peenya Industrial Estate Bangalore", "Address": "M/s. One Micro Systems (P) Ltd F # 106 Riviera Apartment Dwarakapuricolony Panjagutta Head Office: GF3/F12 KSSIC Building Vcross I Stage Peenya Industrial Estate Bangalore", "Mineral": "Road Metal", "MineralTyp": "QL", "SurveyNumb": "402/1", "LandType": "Govt.Land", "Production": 500000, "Dispatch": 500000, "ETS": 1000000, "Notice": 500000, "Reg_From": "2018-07-10", "Reg_To": "2020-07-09"}, "geometry": {"type": "Polygon", "coordinates": [[[78.576139, 18.601173], [78.576128, 18.602077], [78.577076, 18.602087], [78.577086, 18.601183], [78.576139, 18.601173]]]}}, {"type": "Feature", "properties": {"District": "Medak", "Mandal": "Alladurg", "Company": "M/s. Premier Energies Limited 8th Floor Orbit Tower 1 Sy. No. 83/1 Knowledge City TSIIC Raidurgam", "Address": "M/s. Premier Energies Limited 8th Floor Orbit Tower 1 Sy. No. 83/1 Knowledge City TSIIC Raidurgam", "Mineral": "Road Metal", "MineralTyp": "QL", "SurveyNumb": "1475/2", "LandType": "Govt.Land", "Production": 500000, "Dispatch": 500000, "ETS": 1000000, "Notice": 500000, "Reg_From": "2024-09-17", "Reg_To": "2026-09-16"}, "geometry": {"type": "Polygon", "coordinates": [[[77.945343, 17.921131], [77.945329, 17.922034], [77.946274, 17.922047], [77.946287, 17.921143], [77.945343, 17.921131]]]}}, {"type": "Feature", "properties": {"District": "Medak", "Mandal": "Alladurg", "Company": "M/s.R R Soura Shakti Private Limited 198199Vinuthna Colony Vanas\u0002thalipuram", "Address": "M/s.R R Soura Shakti Private Limited 198199Vinuthna Colony Vanas\u0002thalipuram", "Mineral": "Road Metal", "MineralTyp": "QL", "SurveyNumb": "591/1", "LandType": "Govt.Land", "Production": 500000, "Dispatch": 500000, "ETS": 1000000, "Notice": 500000, "Reg_From": "2024-03-18", "Reg_To": "2025-03-17"}, "geometry": {"type": "Polygon", "coordinates": [[[77.966268, 17.917341], [77.966254, 17.918245], [77.967198, 17.918258], [77.967212, 17.917354], [77.966268, 17.917341]]]}}, {"type": "Feature", "properties": {"District": "Medak", "Mandal": "Sadasivpet", "Company": "M/s. Rajdeep Energies Pvt. Ltd. Survey No. 4126/9 Gowdavally VillageMedchal to Miyapur BI Pass Road Near Ayodhya Junction Medchal", "Address": "M/s. Rajdeep Energies Pvt. Ltd. Survey No. 4126/9 Gowdavally VillageMedchal to Miyapur BI Pass Road Near Ayodhya Junction Medchal", "Mineral": "Road Metal", "MineralTyp": "QL", "SurveyNumb": "56/A", "LandType": "Patta Land", "Production": 500000, "Dispatch": 500000, "ETS": 1000000, "Notice": 500000, "Reg_From": "2018-07-16", "Reg_To": "2020-07-15"}, "geometry": {"type": "Polygon", "coordinates": [[[77.948682, 17.641598], [77.948668, 17.642502], [77.949611, 17.642515], [77.949624, 17.641611], [77.948682, 17.641598]]]}}, {"type": "Feature", "properties": {"District": "Medak", "Mandal": "Sadasivpet", "Company": "M/s. Rays Technologies H.No. 23528/C/15/B Near Ramanthapur TV Studio", "Address": "M/s. Rays Technologies H.No. 23528/C/15/B Near Ramanthapur TV Studio", "Mineral": "Road Metal", "MineralTyp": "QL", "SurveyNumb": "23", "LandType": "Patta Land", "Production": 500000, "Dispatch": 500000, "ETS": 1000000, "Notice": 500000, "Reg_From": "2019-08-01", "Reg_To": "2020-07-31"}, "geometry": {"type": "Polygon", "coordinates": [[[77.927965, 17.672623], [77.927951, 17.673527], [77.928894, 17.67354], [77.928908, 17.672636], [77.927965, 17.672623]]]}}, {"type": "Feature", "properties": {"District": "Medak", "Mandal": "Sadasivpet", "Company": "M/s. Rohan Infra Plot No.97 to 302 Kamala Nagar Colony Next to DRS School Gundlapochampally (V) Medchal (M)", "Address": "M/s. Rohan Infra Plot No.97 to 302 Kamala Nagar Colony Next to DRS School Gundlapochampally (V) Medchal (M)", "Mineral": "Road Metal", "MineralTyp": "QL", "SurveyNumb": "20", "LandType": "Patta Land", "Production": 500000, "Dispatch": 500000, "ETS": 1000000, "Notice": 500000, "Reg_From": "2018-07-10", "Reg_To": "2020-07-09"}, "geometry": {"type": "Polygon", "coordinates": [[[77.972537, 17.687582], [77.972524, 17.688486], [77.973467, 17.688499], [77.97348, 17.687595], [77.972537, 17.687582]]]}}, {"type": "Feature", "properties": {"District": "Karimnagar", "Mandal": "Julapalle", "Company": "M/s. S Cube Energy & Infra Pvt. Ltd. LIGB273 Beside Bajaj Electronics Lane Dr. A.S. Rao Nagar", "Address": "M/s. S Cube Energy & Infra Pvt. Ltd. LIGB273 Beside Bajaj Electronics Lane Dr. A.S. Rao Nagar", "Mineral": "Road Metal", "MineralTyp": "QL", "SurveyNumb": "373", "LandType": "Govt.Land", "Production": 500000, "Dispatch": 500000, "ETS": 1000000, "Notice": 500000, "Reg_From": "2024-05-31", "Reg_To": "2026-05-30"}, "geometry": {"type": "Polygon", "coordinates": [[[79.234044, 18.619096], [79.234036, 18.619999], [79.234984, 18.620007], [79.234991, 18.619103], [79.234044, 18.619096]]]}}, {"type": "Feature", "properties": {"District": "Karimnagar", "Mandal": "Julapalle", "Company": "M/s. Sunrise Technologies PLOT NO:32 PRASANTH NAGAR NE AR ASHA HOSPITAL HITENSION R OAD KAPRA", "Address": "M/s. Sunrise Technologies PLOT NO:32 PRASANTH NAGAR NE AR ASHA HOSPITAL HITENSION R OAD KAPRA", "Mineral": "Feldspar", "MineralTyp": "QL", "SurveyNumb": "425/2", "LandType": "Govt.Land", "Production": 250000, "Dispatch": 250000, "ETS": 265000, "Notice": 15000, "Reg_From": "2023-02-12", "Reg_To": "2025-02-11"}, "geometry": {"type": "Polygon", "coordinates": [[[79.251398, 18.620874], [79.251391, 18.621777], [79.252338, 18.621784], [79.252346, 18.620881], [79.251398, 18.620874]]]}}, {"type": "Feature", "properties": {"District": "Karimnagar", "Mandal": "Julapalle", "Company": "M/s. S.V.Technologies 1247/100/36 Plot no: 36 Subhodaya nagar Behind Aditya Nagar Hydernagar Kukatpally", "Address": "M/s. S.V.Technologies 1247/100/36 Plot no: 36 Subhodaya nagar Behind Aditya Nagar Hydernagar Kukatpally", "Mineral": "Feldspar", "MineralTyp": "QL", "SurveyNumb": "425/1", "LandType": "Govt.Land", "Production": 250000, "Dispatch": 250000, "ETS": 265000, "Notice": 15000, "Reg_From": "2018-07-16", "Reg_To": "2020-07-15"}, "geometry": {"type": "Polygon", "coordinates": [[[79.2657, 18.614335], [79.265693, 18.615239], [79.26664, 18.615246], [79.266648, 18.614343], [79.2657, 18.614335]]]}}, {"type": "Feature", "properties": {"District": "Karimnagar", "Mandal": "Julapalle", "Company": "M/s. Sai Babuji Projects Pvt. Ltd. 16 IDA Balanagar 500037Tel No. 040 23078614 23", "Address": "M/s. Sai Babuji Projects Pvt. Ltd. 16 IDA Balanagar 500037Tel No. 040 23078614 23", "Mineral": "Road Metal", "MineralTyp": "QL", "SurveyNumb": "43/2", "LandType": "Govt.Land", "Production": 500000, "Dispatch": 500000, "ETS": 1000000, "Notice": 500000, "Reg_From": "2025-12-07", "Reg_To": "2027-12-06"}, "geometry": {"type": "Polygon", "coordinates": [[[79.289172, 18.630672], [79.289165, 18.631576], [79.290113, 18.631583], [79.29012, 18.630679], [79.289172, 18.630672]]]}}, {"type": "Feature", "properties": {"District": "Medak", "Mandal": "Kondapur", "Company": "M/s. Sai Systems & Inverter Distributors #51449 Yellandu \u2018X\u2019 Road Near II Town Police Station Khammam.", "Address": "M/s. Sai Systems & Inverter Distributors #51449 Yellandu \u2018X\u2019 Road Near II Town Police Station Khammam.", "Mineral": "Road Metal", "MineralTyp": "QL", "SurveyNumb": "169/P", "LandType": "Govt.Land", "Production": 500000, "Dispatch": 500000, "ETS": 1000000, "Notice": 500000, "Reg_From": "2024-02-29", "Reg_To": "2026-02-27"}, "geometry": {"type": "Polygon", "coordinates": [[[78.038918, 17.572328], [78.038905, 17.573232], [78.039847, 17.573245], [78.03986, 17.57234], [78.038918, 17.572328]]]}}, {"type": "Feature", "properties": {"District": "Karimnagar", "Mandal": "Peddapalle", "Company": "M/s. Samraj Industries 35242/1 Krishna Nagar Moula Ali", "Address": "M/s. Samraj Industries 35242/1 Krishna Nagar Moula Ali", "Mineral": "Road Metal", "MineralTyp": "QL", "SurveyNumb": "530", "LandType": "Govt.Land", "Production": 500000, "Dispatch": 500000, "ETS": 1000000, "Notice": 500000, "Reg_From": "2022-07-10", "Reg_To": "2024-07-09"}, "geometry": {"type": "Polygon", "coordinates": [[[79.317715, 18.640045], [79.317708, 18.640949], [79.318655, 18.640956], [79.318663, 18.640052], [79.317715, 18.640045]]]}}, {"type": "Feature", "properties": {"District": "Adilabad", "Mandal": "Khanapur1", "Company": "M/s. Seven Star Enterprises H. No. 17195/1/1/B Road No. 1 Srinagar Colony Suryapet Dist. Suryapet", "Address": "M/s. Seven Star Enterprises H. No. 17195/1/1/B Road No. 1 Srinagar Colony Suryapet Dist. Suryapet", "Mineral": "Road Metal", "MineralTyp": "QL", "SurveyNumb": "485/8 to 485/12", "LandType": "Patta Land", "Production": 500000, "Dispatch": 500000, "ETS": 1000000, "Notice": 500000, "Reg_From": "2025-02-11", "Reg_To": "2027-02-10"}, "geometry": {"type": "Polygon", "coordinates": [[[78.567589, 19.143162], [78.567578, 19.144065], [78.568528, 19.144075], [78.568539, 19.143172], [78.567589, 19.143162]]]}}, {"type": "Feature", "properties": {"District": "Adilabad", "Mandal": "Khanapur1", "Company": "M/s. Guru H.No. 73310 Beside Ramakrishna Gardens ByPass Road Khammam", "Address": "M/s. Guru H.No. 73310 Beside Ramakrishna Gardens ByPass Road Khammam", "Mineral": "Black Granite", "MineralTyp": "QL", "SurveyNumb": "284", "LandType": "Govt.Land", "Production": 150000, "Dispatch": 150000, "ETS": 200000, "Notice": 50000, "Reg_From": "2024-06-25", "Reg_To": "2026-06-24"}, "geometry": {"type": "Polygon", "coordinates": [[[78.54384, 19.142937], [78.54383, 19.14384], [78.54478, 19.14385], [78.544791, 19.142947], [78.54384, 19.142937]]]}}, {"type": "Feature", "properties": {"District": "Adilabad", "Mandal": "Khanapur1", "Company": "M/s. Idea Pvt. Ltd. # 82277/A/7 Plot No. 126 Road No. 2 Banjara Hills", "Address": "M/s. Idea Pvt. Ltd. # 82277/A/7 Plot No. 126 Road No. 2 Banjara Hills", "Mineral": "Road Metal", "MineralTyp": "QL", "SurveyNumb": "244", "LandType": "Govt.Land", "Production": 500000, "Dispatch": 500000, "ETS": 1000000, "Notice": 500000, "Reg_From": "2022-09-01", "Reg_To": "2024-08-31"}, "geometry": {"type": "Polygon", "coordinates": [[[78.528595, 19.144116], [78.528584, 19.145019], [78.529534, 19.14503], [78.529545, 19.144127], [78.528595, 19.144116]]]}}, {"type": "Feature", "properties": {"District": "Karimnagar", "Mandal": "Julapalle", "Company": "M/s. Soltek photovoltek pvt. Ltd. Head Office: Plot No. 47 & 62 Block A 03 New Autonagar Kanuru Vijayawada Branch Office: Flat No. 402 Plot No. 50 Gouthami Layout Manya Arcadia Kondapur (V) Ranga Reddy Dist.", "Address": "M/s. Soltek photovoltek pvt. Ltd. Head Office: Plot No. 47 & 62 Block A 03 New Autonagar Kanuru Vijayawada Branch Office: Flat No. 402 Plot No. 50 Gouthami Layout Manya Arcadia Kondapur (V) Ranga Reddy Dist.", "Mineral": "Mosaic Chips", "MineralTyp": "QL", "SurveyNumb": "11", "LandType": "Govt.Land", "Production": 250000, "Dispatch": 250000, "ETS": 255000, "Notice": 5000, "Reg_From": "2019-09-20", "Reg_To": "2020-09-19"}, "geometry": {"type": "Polygon", "coordinates": [[[79.262431, 18.651944], [79.262424, 18.652847], [79.263372, 18.652854], [79.263379, 18.651951], [79.262431, 18.651944]]]}}, {"type": "Feature", "properties": {"District": "Adilabad", "Mandal": "Khanapur1", "Company": "M/s. Sparkman Infra Advisors (India) Private Limited H. No. 82248/A/5/42&29 Venkateshwara Hills ColonyRd. no. 3 Banjara Hills Cont. Person: Mr. Sudhir Tinnagiri", "Address": "M/s. Sparkman Infra Advisors (India) Private Limited H. No. 82248/A/5/42&29 Venkateshwara Hills ColonyRd. no. 3 Banjara Hills Cont. Person: Mr. Sudhir Tinnagiri", "Mineral": "Limestone Slabs", "MineralTyp": "QL", "SurveyNumb": "58", "LandType": "Patta Land", "Production": 50000, "Dispatch": 50000, "ETS": 52000, "Notice": 2000, "Reg_From": "2019-08-22", "Reg_To": "2020-08-21"}, "geometry": {"type": "Polygon", "coordinates": [[[78.534716, 19.159786], [78.534705, 19.160689], [78.535655, 19.160699], [78.535666, 19.159796], [78.534716, 19.159786]]]}}, {"type": "Feature", "properties": {"District": "Karimnagar", "Mandal": "Dharmaram", "Company": "M/s. Sri Associates H.No. 14160/52 Plot No.52 Retreat Colony Old Awal", "Address": "M/s. Sri Associates H.No. 14160/52 Plot No.52 Retreat Colony Old Awal", "Mineral": "Limestone Slabs", "MineralTyp": "QL", "SurveyNumb": "129", "LandType": "Govt.Land", "Production": 50000, "Dispatch": 50000, "ETS": 52000, "Notice": 2000, "Reg_From": "2024-07-10", "Reg_To": "2026-07-09"}, "geometry": {"type": "Polygon", "coordinates": [[[79.238727, 18.664301], [79.238719, 18.665204], [79.239667, 18.665211], [79.239675, 18.664308], [79.238727, 18.664301]]]}}, {"type": "Feature", "properties": {"District": "Karimnagar", "Mandal": "Dharmaram", "Company": "M/s. Sri Balaji Energies #6134 1st floor Chintala Narasimhulu Complex Lashkar Bazar Hanumakonda Warangal", "Address": "M/s. Sri Balaji Energies #6134 1st floor Chintala Narasimhulu Complex Lashkar Bazar Hanumakonda Warangal", "Mineral": "Black Granite", "MineralTyp": "QL", "SurveyNumb": "280", "LandType": "Govt.Land", "Production": 150000, "Dispatch": 150000, "ETS": 200000, "Notice": 50000, "Reg_From": "2024-10-20", "Reg_To": "2026-10-19"}, "geometry": {"type": "Polygon", "coordinates": [[[79.222842, 18.676197], [79.222834, 18.6771], [79.223782, 18.677107], [79.22379, 18.676204], [79.222842, 18.676197]]]}}, {"type": "Feature", "properties": {"District": "Karimnagar", "Mandal": "Dharmaram", "Company": "M/s. Sri Sai Energy Systems H. No. 2/239 Main Road Opp: Police Station Kalluru .Khammam Dist.", "Address": "M/s. Sri Sai Energy Systems H. No. 2/239 Main Road Opp: Police Station Kalluru .Khammam Dist.", "Mineral": "Road Metal", "MineralTyp": "QL", "SurveyNumb": "75 & 105", "LandType": "Govt.Land", "Production": 500000, "Dispatch": 500000, "ETS": 1000000, "Notice": 500000, "Reg_From": "2024-02-20", "Reg_To": "2025-02-19"}, "geometry": {"type": "Polygon", "coordinates": [[[79.174879, 18.689365], [79.174871, 18.690269], [79.175819, 18.690276], [79.175827, 18.689373], [79.174879, 18.689365]]]}}, {"type": "Feature", "properties": {"District": "Karimnagar", "Mandal": "Ramagundam", "Company": "M/s. Sri Sai Systems Regd. SRT 776 Industrial Housing Colony Beside Mee Seva Sanathnagar", "Address": "M/s. Sri Sai Systems Regd. SRT 776 Industrial Housing Colony Beside Mee Seva Sanathnagar", "Mineral": "Road Metal", "MineralTyp": "QL", "SurveyNumb": "737", "LandType": "Govt.Land", "Production": 500000, "Dispatch": 500000, "ETS": 1000000, "Notice": 500000, "Reg_From": "2024-07-10", "Reg_To": "2026-07-09"}, "geometry": {"type": "Polygon", "coordinates": [[[79.524317, 18.678312], [79.524311, 18.679215], [79.525259, 18.679221], [79.525265, 18.678318], [79.524317, 18.678312]]]}}, {"type": "Feature", "properties": {"District": "Karimnagar", "Mandal": "Dharmaram", "Company": "M/s. Sri Savitr Pvt. Ltd. Plot No: F11/D IDA Kukatpally Gandhi Nagar .", "Address": "M/s. Sri Savitr Pvt. Ltd. Plot No: F11/D IDA Kukatpally Gandhi Nagar .", "Mineral": "Laterite", "MineralTyp": "QL", "SurveyNumb": "396/P", "LandType": "Govt.Land", "Production": 500000, "Dispatch": 500000, "ETS": 600000, "Notice": 100000, "Reg_From": "2025-11-26", "Reg_To": "2027-11-25"}, "geometry": {"type": "Polygon", "coordinates": [[[79.268927, 18.726349], [79.268919, 18.727252], [79.269867, 18.727259], [79.269875, 18.726356], [79.268927, 18.726349]]]}}, {"type": "Feature", "properties": {"District": "Karimnagar", "Mandal": "Kamanpur", "Company": "M/s. Span Pumps Private Limited Off. No. 1001 Tower 2 10th floor Montreal Business Centre Baner RoadBaner Pune", "Address": "M/s. Span Pumps Private Limited Off. No. 1001 Tower 2 10th floor Montreal Business Centre Baner RoadBaner Pune", "Mineral": "Black Granite", "MineralTyp": "QL", "SurveyNumb": "138", "LandType": "Govt.Land", "Production": 150000, "Dispatch": 150000, "ETS": 200000, "Notice": 50000, "Reg_From": "2018-08-01", "Reg_To": "2019-07-31"}, "geometry": {"type": "Polygon", "coordinates": [[[79.508431, 18.693015], [79.508425, 18.693918], [79.509373, 18.693924], [79.509379, 18.693021], [79.508431, 18.693015]]]}}, {"type": "Feature", "properties": {"District": "Karimnagar", "Mandal": "Dharmaram", "Company": "M/s. Sun Shakthhi Systems Plot No. 179/P Ramreddy Nagar IDA Jeedimetla Medchal. Tel. No. 040 29", "Address": "M/s. Sun Shakthhi Systems Plot No. 179/P Ramreddy Nagar IDA Jeedimetla Medchal. Tel. No. 040 29", "Mineral": "Road Metal", "MineralTyp": "QL", "SurveyNumb": "21", "LandType": "Govt.Land", "Production": 500000, "Dispatch": 500000, "ETS": 1000000, "Notice": 500000, "Reg_From": "2018-07-23", "Reg_To": "2020-07-22"}, "geometry": {"type": "Polygon", "coordinates": [[[79.262957, 18.748826], [79.262949, 18.749729], [79.263898, 18.749736], [79.263905, 18.748833], [79.262957, 18.748826]]]}}, {"type": "Feature", "properties": {"District": "Karimnagar", "Mandal": "Kamanpur", "Company": "M/s. Sun Technologies 23 B Royal Enclave Manovikas NagarBowenpally Secbad \u2013", "Address": "M/s. Sun Technologies 23 B Royal Enclave Manovikas NagarBowenpally Secbad \u2013", "Mineral": "Black Granite", "MineralTyp": "QL", "SurveyNumb": "54", "LandType": "Govt.Land", "Production": 150000, "Dispatch": 150000, "ETS": 200000, "Notice": 50000, "Reg_From": "2023-05-16", "Reg_To": "2025-05-15"}, "geometry": {"type": "Polygon", "coordinates": [[[79.535143, 18.715027], [79.535136, 18.71593], [79.536084, 18.715936], [79.536091, 18.715032], [79.535143, 18.715027]]]}}, {"type": "Feature", "properties": {"District": "Karimnagar", "Mandal": "Ramagundam", "Company": "M/s. SunUSA Industries Pvt. Ltd. Shed No. 5A Lane 1 Phase IV IDA Cherlapally", "Address": "M/s. SunUSA Industries Pvt. Ltd. Shed No. 5A Lane 1 Phase IV IDA Cherlapally", "Mineral": "Feldspar", "MineralTyp": "QL", "SurveyNumb": "102", "LandType": "Govt.Land", "Production": 250000, "Dispatch": 250000, "ETS": 265000, "Notice": 15000, "Reg_From": "2018-08-15", "Reg_To": "2020-07-14"}, "geometry": {"type": "Polygon", "coordinates": [[[79.509617, 18.715903], [79.50961, 18.716806], [79.510558, 18.716812], [79.510565, 18.715909], [79.509617, 18.715903]]]}}, {"type": "Feature", "properties": {"District": "Karimnagar", "Mandal": "Velgatoor", "Company": "M/s. Sunfield Energy Pvt. Ltd. Plot No: B3 Phase V IDA Kukatpally Gandhinagar \u2013", "Address": "M/s. Sunfield Energy Pvt. Ltd. Plot No: B3 Phase V IDA Kukatpally Gandhinagar \u2013", "Mineral": "Black Granite", "MineralTyp": "QL", "SurveyNumb": "729/21", "LandType": "Govt.Land", "Production": 150000, "Dispatch": 150000, "ETS": 200000, "Notice": 50000, "Reg_From": "2023-07-15", "Reg_To": "2024-07-16"}, "geometry": {"type": "Polygon", "coordinates": [[[79.139765, 18.760222], [79.139757, 18.761125], [79.140705, 18.761133], [79.140713, 18.760229], [79.139765, 18.760222]]]}}, {"type": "Feature", "properties": {"District": "Karimnagar", "Mandal": "Ramagundam", "Company": "M/s.Sunergy Technologies", "Address": "M/s.Sunergy Technologies", "Mineral": "Road Metal", "MineralTyp": "QL", "SurveyNumb": "441", "LandType": "Govt.Land", "Production": 500000, "Dispatch": 500000, "ETS": 1000000, "Notice": 500000, "Reg_From": "2018-07-10", "Reg_To": "2020-07-09"}, "geometry": {"type": "Polygon", "coordinates": [[[79.503166, 18.726059], [79.50316, 18.726963], [79.504108, 18.726969], [79.504114, 18.726065], [79.503166, 18.726059]]]}}, {"type": "Feature", "properties": {"District": "Karimnagar", "Mandal": "Velgatoor", "Company": "M/S. Sungrace Energy Solutions P. Ltd. F4 Road No. 12 IDA Nacharam", "Address": "M/S. Sungrace Energy Solutions P. Ltd. F4 Road No. 12 IDA Nacharam", "Mineral": "Black Granite", "MineralTyp": "QL", "SurveyNumb": "312", "LandType": "Govt.Land", "Production": 150000, "Dispatch": 150000, "ETS": 200000, "Notice": 50000, "Reg_From": "2023-08-26", "Reg_To": "2025-08-25"}, "geometry": {"type": "Polygon", "coordinates": [[[79.256006, 18.766521], [79.255999, 18.767425], [79.256947, 18.767432], [79.256955, 18.766528], [79.256006, 18.766521]]]}}, {"type": "Feature", "properties": {"District": "Medak", "Mandal": "Pulkal", "Company": "M/s. Suntek Energy Systems Pvt. Ltd. Plot No. 77 2nd Floor Subhodaya Colony (Jashu Society) Allwyn Colony RoadKukatpally", "Address": "M/s. Suntek Energy Systems Pvt. Ltd. Plot No. 77 2nd Floor Subhodaya Colony (Jashu Society) Allwyn Colony RoadKukatpally", "Mineral": "Black Granite", "MineralTyp": "QL", "SurveyNumb": "870, 875 and 877", "LandType": "Patta Land", "Production": 150000, "Dispatch": 150000, "ETS": 200000, "Notice": 50000, "Reg_From": "2024-07-13", "Reg_To": "2026-07-12"}, "geometry": {"type": "Polygon", "coordinates": [[[78.041618, 17.709041], [78.041605, 17.709945], [78.042548, 17.709957], [78.042561, 17.709053], [78.041618, 17.709041]]]}}, {"type": "Feature", "properties": {"District": "Karimnagar", "Mandal": "Velgatoor", "Company": "", "Address": "", "Mineral": "Black Granite", "MineralTyp": "QL", "SurveyNumb": "870", "LandType": "Govt.Land", "Production": 150000, "Dispatch": 150000, "ETS": 200000, "Notice": 50000, "Reg_From": "2022-04-21", "Reg_To": "2024-04-20"}, "geometry": {"type": "Polygon", "coordinates": [[[79.257676, 18.785855], [79.257668, 18.786758], [79.258617, 18.786765], [79.258624, 18.785862], [79.257676, 18.785855]]]}}, {"type": "Feature", "properties": {"District": "Karimnagar", "Mandal": "Velgatoor", "Company": "M/s. Sunworks Energy Pvt. Ltd. Plot. No. 126 2nd Floor Jubilee Hills Road No.11 33", "Address": "M/s. Sunworks Energy Pvt. Ltd. Plot. No. 126 2nd Floor Jubilee Hills Road No.11 33", "Mineral": "Colour Granite", "MineralTyp": "QL", "SurveyNumb": "127", "LandType": "Govt.Land", "Production": 75000, "Dispatch": 75000, "ETS": 100000, "Notice": 25000, "Reg_From": "2024-01-16", "Reg_To": "2026-01-15"}, "geometry": {"type": "Polygon", "coordinates": [[[79.162471, 18.783929], [79.162463, 18.784832], [79.163411, 18.78484], [79.163419, 18.783936], [79.162471, 18.783929]]]}}, {"type": "Feature", "properties": {"District": "Karimnagar", "Mandal": "Ramagundam", "Company": "M/s. Swelect Energy Systems Ltd. \"Swelect House\" No. 53rd floor Sir P. Sivaswamy Salai Mylapore Chennai Tamilnadu", "Address": "M/s. Swelect Energy Systems Ltd. \"Swelect House\" No. 53rd floor Sir P. Sivaswamy Salai Mylapore Chennai Tamilnadu", "Mineral": "Black Granite", "MineralTyp": "QL", "SurveyNumb": "149", "LandType": "Govt.Land", "Production": 150000, "Dispatch": 150000, "ETS": 200000, "Notice": 50000, "Reg_From": "2021-12-28", "Reg_To": "2023-12-27"}, "geometry": {"type": "Polygon", "coordinates": [[[79.514253, 18.745296], [79.514247, 18.746199], [79.515195, 18.746205], [79.515201, 18.745302], [79.514253, 18.745296]]]}}, {"type": "Feature", "properties": {"District": "Karimnagar", "Mandal": "Velgatoor", "Company": "M/s. TATA Systems Limited No. 78 Electronic City Phase \u2013 1 Hosur Road Bangalore \u2013", "Address": "M/s. TATA Systems Limited No. 78 Electronic City Phase \u2013 1 Hosur Road Bangalore \u2013", "Mineral": "Black Granite", "MineralTyp": "QL", "SurveyNumb": "263", "LandType": "Govt.Land", "Production": 150000, "Dispatch": 150000, "ETS": 200000, "Notice": 50000, "Reg_From": "2018-10-01", "Reg_To": "2019-09-30"}, "geometry": {"type": "Polygon", "coordinates": [[[79.290323, 18.805243], [79.290316, 18.806146], [79.291264, 18.806153], [79.291272, 18.80525], [79.290323, 18.805243]]]}}, {"type": "Feature", "properties": {"District": "Karimnagar", "Mandal": "Velgatoor", "Company": "M/s. Techser Solutions Pvt. Ltd. No.2 1st floor Laxminagar Near Wellington Road Picket Secunderabad", "Address": "M/s. Techser Solutions Pvt. Ltd. No.2 1st floor Laxminagar Near Wellington Road Picket Secunderabad", "Mineral": "Road Metal", "MineralTyp": "QL", "SurveyNumb": "280", "LandType": "Govt.Land", "Production": 500000, "Dispatch": 500000, "ETS": 1000000, "Notice": 500000, "Reg_From": "2018-07-10", "Reg_To": "2020-07-09"}, "geometry": {"type": "Polygon", "coordinates": [[[79.162768, 18.799484], [79.16276, 18.800387], [79.163709, 18.800395], [79.163717, 18.799492], [79.162768, 18.799484]]]}}, {"type": "Feature", "properties": {"District": "Karimnagar", "Mandal": "Gollapalle", "Company": "M/s. Thrive Energy Pvt Ltd Plot No. 38/B Phase I IDA Cherlapally", "Address": "M/s. Thrive Energy Pvt Ltd Plot No. 38/B Phase I IDA Cherlapally", "Mineral": "Black Granite", "MineralTyp": "QL", "SurveyNumb": "280", "LandType": "Govt.Land", "Production": 150000, "Dispatch": 150000, "ETS": 200000, "Notice": 50000, "Reg_From": "2018-07-10", "Reg_To": "2020-07-09"}, "geometry": {"type": "Polygon", "coordinates": [[[79.144418, 18.8024], [79.14441, 18.803303], [79.145359, 18.803311], [79.145367, 18.802407], [79.144418, 18.8024]]]}}, {"type": "Feature", "properties": {"District": "Medak", "Mandal": "Pulkal", "Company": "M/s. Uni Pvt.Ltd. TRT 377 Vidyanagar Beside Hanuman Temple", "Address": "M/s. Uni Pvt.Ltd. TRT 377 Vidyanagar Beside Hanuman Temple", "Mineral": "Laterite", "MineralTyp": "QL", "SurveyNumb": "116/P", "LandType": "Govt.Land", "Production": 500000, "Dispatch": 500000, "ETS": 600000, "Notice": 100000, "Reg_From": "2024-04-09", "Reg_To": "2026-04-08"}, "geometry": {"type": "Polygon", "coordinates": [[[78.013009, 17.738172], [78.012995, 17.739076], [78.013939, 17.739089], [78.013952, 17.738185], [78.013009, 17.738172]]]}}, {"type": "Feature", "properties": {"District": "Karimnagar", "Mandal": "Velgatoor", "Company": "M/s. Uniscan Systems # 203 Jelwel Residency Teachers Colony East Marredpally Secunderabad", "Address": "M/s. Uniscan Systems # 203 Jelwel Residency Teachers Colony East Marredpally Secunderabad", "Mineral": "Road Metal", "MineralTyp": "QL", "SurveyNumb": "85", "LandType": "Govt.Land", "Production": 500000, "Dispatch": 500000, "ETS": 1000000, "Notice": 500000, "Reg_From": "2024-07-26", "Reg_To": "2026-07-25"}, "geometry": {"type": "Polygon", "coordinates": [[[79.267621, 18.808775], [79.267614, 18.809678], [79.268562, 18.809685], [79.26857, 18.808782], [79.267621, 18.808775]]]}}, {"type": "Feature", "properties": {"District": "Adilabad", "Mandal": "Mancherial", "Company": "M/s. Vamana Energy Pvt. Ltd. Plot No. 20 82684/3/K/20 Kaushik Society Road No.12 Banjarahills", "Address": "M/s. Vamana Energy Pvt. Ltd. Plot No. 20 82684/3/K/20 Kaushik Society Road No.12 Banjarahills", "Mineral": "Black Granite", "MineralTyp": "QL", "SurveyNumb": "527", "LandType": "Govt.Land", "Production": 150000, "Dispatch": 150000, "ETS": 200000, "Notice": 50000, "Reg_From": "2022-07-26", "Reg_To": "2024-07-25"}, "geometry": {"type": "Polygon", "coordinates": [[[79.314662, 18.815498], [79.314655, 18.816401], [79.315603, 18.816408], [79.31561, 18.815505], [79.314662, 18.815498]]]}}, {"type": "Feature", "properties": {"District": "Karimnagar", "Mandal": "Velgatoor", "Company": "M/s. Vulcan Energy Systems E6 Vikrampuri colony Karkhana Secunderabad", "Address": "M/s. Vulcan Energy Systems E6 Vikrampuri colony Karkhana Secunderabad", "Mineral": "Black Granite", "MineralTyp": "QL", "SurveyNumb": "264", "LandType": "Govt.Land", "Production": 150000, "Dispatch": 150000, "ETS": 200000, "Notice": 50000, "Reg_From": "2024-07-10", "Reg_To": "2026-07-09"}, "geometry": {"type": "Polygon", "coordinates": [[[79.144394, 18.82683], [79.144386, 18.827733], [79.145334, 18.827741], [79.145342, 18.826838], [79.144394, 18.82683]]]}}, {"type": "Feature", "properties": {"District": "Karimnagar", "Mandal": "Velgatoor", "Company": "M/s. WAAREE Energies Ltd. 602 Western Edge \u2013 1 Western Express Highway Borivali (E) Mumbai \u2013 Contact Person: Mr. A. Kiran Kumar", "Address": "M/s. WAAREE Energies Ltd. 602 Western Edge \u2013 1 Western Express Highway Borivali (E) Mumbai \u2013 Contact Person: Mr. A. Kiran Kumar", "Mineral": "Black Granite", "MineralTyp": "QL", "SurveyNumb": "598", "LandType": "Govt.Land", "Production": 150000, "Dispatch": 150000, "ETS": 200000, "Notice": 50000, "Reg_From": "2018-12-01", "Reg_To": "2020-11-30"}, "geometry": {"type": "Polygon", "coordinates": [[[79.215862, 18.827298], [79.215854, 18.828201], [79.216803, 18.828209], [79.216811, 18.827305], [79.215862, 18.827298]]]}}, {"type": "Feature", "properties": {"District": "Karimnagar", "Mandal": "Velgatoor", "Company": "M/s. Wind Stream Energy Technologies India Pvt. Ltd. Plot. No. 273 G2 SSH Pride Road No. 78 Jubilee Hills", "Address": "M/s. Wind Stream Energy Technologies India Pvt. Ltd. Plot. No. 273 G2 SSH Pride Road No. 78 Jubilee Hills", "Mineral": "Black Granite", "MineralTyp": "QL", "SurveyNumb": "598", "LandType": "Govt.Land", "Production": 150000, "Dispatch": 150000, "ETS": 200000, "Notice": 50000, "Reg_From": "2021-07-23", "Reg_To": "2022-07-22"}, "geometry": {"type": "Polygon", "coordinates": [[[79.26348, 18.825186], [79.263472, 18.82609], [79.264421, 18.826097], [79.264428, 18.825193], [79.26348, 18.825186]]]}}, {"type": "Feature", "properties": {"District": "Karimnagar", "Mandal": "Velgatoor", "Company": "M/s. KKN Energy Private Limited Vridhi Flat No. D2 No. 45 1st Main Road Raja Annamalaipuram puram Chennai", "Address": "M/s. KKN Energy Private Limited Vridhi Flat No. D2 No. 45 1st Main Road Raja Annamalaipuram puram Chennai", "Mineral": "Black Granite", "MineralTyp": "QL", "SurveyNumb": "32", "LandType": "Patta Land", "Production": 150000, "Dispatch": 150000, "ETS": 200000, "Notice": 50000, "Reg_From": "2019-11-06", "Reg_To": "2021-11-05"}, "geometry": {"type": "Polygon", "coordinates": [[[79.277404, 18.824059], [79.277397, 18.824962], [79.278346, 18.824969], [79.278353, 18.824066], [79.277404, 18.824059]]]}}, {"type": "Feature", "properties": {"District": "Karimnagar", "Mandal": "Konaraopeta", "Company": "M/s. Big G Solutions # 513/5 Sangeeth Nagar Kukatpally Cont. Person: Sri L.Amarendra", "Address": "M/s. Big G Solutions # 513/5 Sangeeth Nagar Kukatpally Cont. Person: Sri L.Amarendra", "Mineral": "Road Metal", "MineralTyp": "QL", "SurveyNumb": "29/2", "LandType": "Govt.Land", "Production": 500000, "Dispatch": 500000, "ETS": 1000000, "Notice": 500000, "Reg_From": "2019-06-25", "Reg_To": "2021-06-24"}, "geometry": {"type": "Polygon", "coordinates": [[[78.643025, 18.563679], [78.643015, 18.564583], [78.643962, 18.564592], [78.643973, 18.563689], [78.643025, 18.563679]]]}}, {"type": "Feature", "properties": {"District": "Karimnagar", "Mandal": "Chandurthi", "Company": "M/s. Zolt Energy Pvt. Ltd. B83 Gate No. 5 APIE Balanagar Balanagar", "Address": "M/s. Zolt Energy Pvt. Ltd. B83 Gate No. 5 APIE Balanagar Balanagar", "Mineral": "Colour Granite", "MineralTyp": "QL", "SurveyNumb": "141", "LandType": "Govt.Land", "Production": 75000, "Dispatch": 75000, "ETS": 100000, "Notice": 25000, "Reg_From": "2019-06-01", "Reg_To": "2021-05-31"}, "geometry": {"type": "Polygon", "coordinates": [[[78.75498, 18.569211], [78.75497, 18.570115], [78.755917, 18.570124], [78.755927, 18.569221], [78.75498, 18.569211]]]}}, {"type": "Feature", "properties": {"District": "Karimnagar", "Mandal": "Chandurthi", "Company": "M/s. Volga Solutions Pvt. Ltd. S. No. Bachupally Rangareddy Pin. No. Cont. Person: Sri G. Karthik", "Address": "M/s. Volga Solutions Pvt. Ltd. S. No. Bachupally Rangareddy Pin. No. Cont. Person: Sri G. Karthik", "Mineral": "Black Granite", "MineralTyp": "QL", "SurveyNumb": "12", "LandType": "Govt.Land", "Production": 150000, "Dispatch": 150000, "ETS": 200000, "Notice": 50000, "Reg_From": "2019-09-13", "Reg_To": "2021-09-12"}, "geometry": {"type": "Polygon", "coordinates": [[[78.769993, 18.570571], [78.769983, 18.571474], [78.77093, 18.571483], [78.77094, 18.57058], [78.769993, 18.570571]]]}}, {"type": "Feature", "properties": {"District": "Karimnagar", "Mandal": "Chandurthi", "Company": "M/s. sol # 81393/PM/338 Flat # 201 Tahani Enclave Paramount ColonyTolichowki", "Address": "M/s. sol # 81393/PM/338 Flat # 201 Tahani Enclave Paramount ColonyTolichowki", "Mineral": "Road Metal", "MineralTyp": "QL", "SurveyNumb": "32", "LandType": "Govt.Land", "Production": 500000, "Dispatch": 500000, "ETS": 1000000, "Notice": 500000, "Reg_From": "2019-09-13", "Reg_To": "2021-09-12"}, "geometry": {"type": "Polygon", "coordinates": [[[78.737183, 18.585722], [78.737173, 18.586625], [78.73812, 18.586635], [78.73813, 18.585731], [78.737183, 18.585722]]]}}, {"type": "Feature", "properties": {"District": "Nizamabad", "Mandal": "Kammarpalle", "Company": "M/s. RK Systems H. No. 83214/7/1 Gajalakshmi Estates Srinivasa Colony (West) S.R. Nagar Cont. Person: Sri S. Rajkumar Abhimanyu", "Address": "M/s. RK Systems H. No. 83214/7/1 Gajalakshmi Estates Srinivasa Colony (West) S.R. Nagar Cont. Person: Sri S. Rajkumar Abhimanyu", "Mineral": "Black Granite", "MineralTyp": "QL", "SurveyNumb": "32", "LandType": "Patta Land", "Production": 100000, "Dispatch": 100000, "ETS": 120000, "Notice": 20000, "Reg_From": "2019-09-20", "Reg_To": "2020-09-19"}, "geometry": {"type": "Polygon", "coordinates": [[[78.654125, 18.607651], [78.654114, 18.608555], [78.655062, 18.608564], [78.655072, 18.607661], [78.654125, 18.607651]]]}}, {"type": "Feature", "properties": {"District": "Karimnagar", "Mandal": "Kodimial", "Company": "M/s. Sauryouth Enterprises H. No. 4398 EWS Colony Opp. Sunshine Park Ghatkesar Medchal Dist. Cont. Person: Mr. Sathish Reddy", "Address": "M/s. Sauryouth Enterprises H. No. 4398 EWS Colony Opp. Sunshine Park Ghatkesar Medchal Dist. Cont. Person: Mr. Sathish Reddy", "Mineral": "Black Granite", "MineralTyp": "QL", "SurveyNumb": "207", "LandType": "Govt.Land", "Production": 100000, "Dispatch": 100000, "ETS": 120000, "Notice": 20000, "Reg_From": "2019-09-27", "Reg_To": "2021-09-26"}, "geometry": {"type": "Polygon", "coordinates": [[[78.828874, 18.613385], [78.828864, 18.614289], [78.829812, 18.614298], [78.829822, 18.613394], [78.828874, 18.613385]]]}}, {"type": "Feature", "properties": {"District": "Karimnagar", "Mandal": "Chandurthi", "Company": "M/s. Ilios Pvt. Ltd. 1st floor Plot # 28 Ashwini Layout Jubilee Hills \u2013", "Address": "M/s. Ilios Pvt. Ltd. 1st floor Plot # 28 Ashwini Layout Jubilee Hills \u2013", "Mineral": "Black Granite", "MineralTyp": "QL", "SurveyNumb": "207", "LandType": "Govt.Land", "Production": 100000, "Dispatch": 100000, "ETS": 120000, "Notice": 20000, "Reg_From": "2018-10-15", "Reg_To": "2020-10-14"}, "geometry": {"type": "Polygon", "coordinates": [[[78.806264, 18.611691], [78.806254, 18.612594], [78.807202, 18.612603], [78.807212, 18.6117], [78.806264, 18.611691]]]}}, {"type": "Feature", "properties": {"District": "Karimnagar", "Mandal": "Chandurthi", "Company": "M/s. Bull Enegy LLP. A202 Aditya Hill Top Film Nagar Near Senor Valley Villas", "Address": "M/s. Bull Enegy LLP. A202 Aditya Hill Top Film Nagar Near Senor Valley Villas", "Mineral": "Black Granite", "MineralTyp": "QL", "SurveyNumb": "207", "LandType": "Govt.Land", "Production": 100000, "Dispatch": 100000, "ETS": 120000, "Notice": 20000, "Reg_From": "2023-06-01", "Reg_To": "2025-05-31"}, "geometry": {"type": "Polygon", "coordinates": [[[78.743482, 18.616724], [78.743472, 18.617628], [78.74442, 18.617637], [78.74443, 18.616734], [78.743482, 18.616724]]]}}, {"type": "Feature", "properties": {"District": "Nizamabad", "Mandal": "Kammarpalle", "Company": "M/s. Swadeshi Energy Solutions (India) Pvt. Ltd. F. No. 102 1st floor H. No. 1115140/1White House beside laneDoctor's Colony Sarror Nagar Hyd .", "Address": "M/s. Swadeshi Energy Solutions (India) Pvt. Ltd. F. No. 102 1st floor H. No. 1115140/1White House beside laneDoctor's Colony Sarror Nagar Hyd .", "Mineral": "Black Granite", "MineralTyp": "QL", "SurveyNumb": "12", "LandType": "Govt.Land", "Production": 100000, "Dispatch": 100000, "ETS": 120000, "Notice": 20000, "Reg_From": "2024-07-16", "Reg_To": "2026-07-15"}, "geometry": {"type": "Polygon", "coordinates": [[[78.639201, 18.636359], [78.63919, 18.637262], [78.640138, 18.637272], [78.640148, 18.636369], [78.639201, 18.636359]]]}}, {"type": "Feature", "properties": {"District": "Karimnagar", "Mandal": "Medipalle", "Company": "M/s. Sravanthi H. No. 5713 Chandrabushan Reddy ComplexOpp. Balaji Lab KhaleelwadiNzb", "Address": "M/s. Sravanthi H. No. 5713 Chandrabushan Reddy ComplexOpp. Balaji Lab KhaleelwadiNzb", "Mineral": "Black Granite", "MineralTyp": "QL", "SurveyNumb": "12", "LandType": "Govt.Land", "Production": 100000, "Dispatch": 100000, "ETS": 120000, "Notice": 20000, "Reg_From": "2023-03-17", "Reg_To": "2025-03-16"}, "geometry": {"type": "Polygon", "coordinates": [[[78.786504, 18.656115], [78.786495, 18.657019], [78.787443, 18.657028], [78.787452, 18.656124], [78.786504, 18.656115]]]}}, {"type": "Feature", "properties": {"District": "Karimnagar", "Mandal": "Kathlapur", "Company": "M/s. Planet Energy Technologies Pvt. Ltd. Plot No. 3/23/3 and 3/4 H. No. /3/2 3rd floor Tulasi Nagar HMT Hills Kukatpally", "Address": "M/s. Planet Energy Technologies Pvt. Ltd. Plot No. 3/23/3 and 3/4 H. No. /3/2 3rd floor Tulasi Nagar HMT Hills Kukatpally", "Mineral": "Black Granite", "MineralTyp": "QL", "SurveyNumb": "207", "LandType": "Govt.Land", "Production": 100000, "Dispatch": 100000, "ETS": 120000, "Notice": 20000, "Reg_From": "2023-07-23", "Reg_To": "2025-07-22"}, "geometry": {"type": "Polygon", "coordinates": [[[78.714186, 18.658261], [78.714176, 18.659165], [78.715124, 18.659174], [78.715134, 18.658271], [78.714186, 18.658261]]]}}, {"type": "Feature", "properties": {"District": "Nizamabad", "Mandal": "Kammarpalle", "Company": "M/s. RRRK Associates Pvt. Ltd. 3134/Plot No. 4142 Balaji Park Town Nizampet", "Address": "M/s. RRRK Associates Pvt. Ltd. 3134/Plot No. 4142 Balaji Park Town Nizampet", "Mineral": "Black Granite", "MineralTyp": "QL", "SurveyNumb": "365, 366", "LandType": "Patta Land", "Production": 100000, "Dispatch": 100000, "ETS": 120000, "Notice": 20000, "Reg_From": "2019-09-27", "Reg_To": "2021-09-26"}, "geometry": {"type": "Polygon", "coordinates": [[[78.637411, 18.663467], [78.6374, 18.664371], [78.638348, 18.664381], [78.638359, 18.663477], [78.637411, 18.663467]]]}}, {"type": "Feature", "properties": {"District": "Karimnagar", "Mandal": "Medipalle", "Company": "M/s. Bright Ltd. C 103 Titanium Square Nr. Thaltej Cross Road S.G.Highway Ahmedabad Gujarat", "Address": "M/s. Bright Ltd. C 103 Titanium Square Nr. Thaltej Cross Road S.G.Highway Ahmedabad Gujarat", "Mineral": "Colour Granite", "MineralTyp": "QL", "SurveyNumb": "280", "LandType": "Govt.Land", "Production": 75000, "Dispatch": 75000, "ETS": 100000, "Notice": 25000, "Reg_From": "2018-08-20", "Reg_To": "2020-08-19"}, "geometry": {"type": "Polygon", "coordinates": [[[78.786632, 18.675399], [78.786623, 18.676303], [78.787571, 18.676312], [78.78758, 18.675408], [78.786632, 18.675399]]]}}, {"type": "Feature", "properties": {"District": "Medak", "Mandal": "Chinnakodur", "Company": "M/s. Apparna Engineering Works R/o Sy. No.176 Cherlapally(V) Kapra Gharkesar (M) Medchal dist.", "Address": "M/s. Apparna Engineering Works R/o Sy. No.176 Cherlapally(V) Kapra Gharkesar (M) Medchal dist.", "Mineral": "Colour Granite", "MineralTyp": "QL", "SurveyNumb": "382", "LandType": "Govt.Land", "Production": 75000, "Dispatch": 75000, "ETS": 100000, "Notice": 25000, "Reg_From": "2018-07-10", "Reg_To": "2020-07-09"}, "geometry": {"type": "Polygon", "coordinates": [[[78.778358, 18.252107], [78.778348, 18.253011], [78.779294, 18.25302], [78.779304, 18.252117], [78.778358, 18.252107]]]}}, {"type": "Feature", "properties": {"District": "Karimnagar", "Mandal": "Medipalle", "Company": "M/s. SOLON India Pvt Ltd Regd Office. Plot No. D52 Phase \u2013 5 I.D.A Jeedimetla \u2013 Cell No.", "Address": "M/s. SOLON India Pvt Ltd Regd Office. Plot No. D52 Phase \u2013 5 I.D.A Jeedimetla \u2013 Cell No.", "Mineral": "Black Granite", "MineralTyp": "QL", "SurveyNumb": "207", "LandType": "Govt.Land", "Production": 100000, "Dispatch": 100000, "ETS": 120000, "Notice": 20000, "Reg_From": "2018-07-16", "Reg_To": "2020-07-15"}, "geometry": {"type": "Polygon", "coordinates": [[[78.805091, 18.688591], [78.805081, 18.689495], [78.806029, 18.689504], [78.806039, 18.688601], [78.805091, 18.688591]]]}}, {"type": "Feature", "properties": {"District": "Karimnagar", "Mandal": "Medipalle", "Company": "M/s. Lakshmikunds Pvt. Ltd. Plat No. /RP/101 Sanath Nagar", "Address": "M/s. Lakshmikunds Pvt. Ltd. Plat No. /RP/101 Sanath Nagar", "Mineral": "Limestone Slabs", "MineralTyp": "QL", "SurveyNumb": "156", "LandType": "Patta Land", "Production": 50000, "Dispatch": 50000, "ETS": 52000, "Notice": 2000, "Reg_From": "2024-01-10", "Reg_To": "2026-01-09"}, "geometry": {"type": "Polygon", "coordinates": [[[78.824047, 18.695959], [78.824037, 18.696863], [78.824985, 18.696872], [78.824995, 18.695968], [78.824047, 18.695959]]]}}, {"type": "Feature", "properties": {"District": "Karimnagar", "Mandal": "Ellanthakunta", "Company": "M/s. RAYWIN Energy Pvt. Ltd. Sy. No. 225 Bahadurpally Jeedimetla Road Medchal Dist.", "Address": "M/s. RAYWIN Energy Pvt. Ltd. Sy. No. 225 Bahadurpally Jeedimetla Road Medchal Dist.", "Mineral": "Road Metal", "MineralTyp": "QL", "SurveyNumb": "228", "LandType": "Govt.Land", "Production": 500000, "Dispatch": 500000, "ETS": 1000000, "Notice": 500000, "Reg_From": "2019-06-01", "Reg_To": "2021-05-31"}, "geometry": {"type": "Polygon", "coordinates": [[[78.895684, 18.284513], [78.895675, 18.285416], [78.896621, 18.285425], [78.89663, 18.284521], [78.895684, 18.284513]]]}}, {"type": "Feature", "properties": {"District": "Karimnagar", "Mandal": "Mustabad", "Company": "M/s. Purna Enterprises # /1 Near Gopdaswamy TempleMG Road Warangal", "Address": "M/s. Purna Enterprises # /1 Near Gopdaswamy TempleMG Road Warangal", "Mineral": "Road Metal", "MineralTyp": "QL", "SurveyNumb": "319", "LandType": "Govt.Land", "Production": 500000, "Dispatch": 500000, "ETS": 1000000, "Notice": 500000, "Reg_From": "2020-08-20", "Reg_To": "2022-08-19"}, "geometry": {"type": "Polygon", "coordinates": [[[78.756901, 18.291045], [78.756891, 18.291948], [78.757837, 18.291958], [78.757847, 18.291054], [78.756901, 18.291045]]]}}, {"type": "Feature", "properties": {"District": "Karimnagar", "Mandal": "Sircilla", "Company": "M/s. Energy Devices 721/A/22 Balkampet (Near Petrol Pump) Cont. Person: Vijay Rahit", "Address": "M/s. Energy Devices 721/A/22 Balkampet (Near Petrol Pump) Cont. Person: Vijay Rahit", "Mineral": "Black Granite", "MineralTyp": "QL", "SurveyNumb": "300", "LandType": "Patta Land", "Production": 100000, "Dispatch": 100000, "ETS": 120000, "Notice": 20000, "Reg_From": "2023-04-11", "Reg_To": "2024-04-10"}, "geometry": {"type": "Polygon", "coordinates": [[[78.836282, 18.290725], [78.836272, 18.291629], [78.837218, 18.291638], [78.837228, 18.290734], [78.836282, 18.290725]]]}}, {"type": "Feature", "properties": {"District": "Karimnagar", "Mandal": "Sircilla", "Company": "M/s. VARP Pvt. Ltd. 14879/B/4 Plot No. 4 Megacity 921 Bakaram Street 7Gandhinagar", "Address": "M/s. VARP Pvt. Ltd. 14879/B/4 Plot No. 4 Megacity 921 Bakaram Street 7Gandhinagar", "Mineral": "Black Granite", "MineralTyp": "QL", "SurveyNumb": "784", "LandType": "Govt.Land", "Production": 100000, "Dispatch": 100000, "ETS": 120000, "Notice": 20000, "Reg_From": "2019-09-27", "Reg_To": "2021-09-26"}, "geometry": {"type": "Polygon", "coordinates": [[[78.858992, 18.28894], [78.858983, 18.289844], [78.859929, 18.289853], [78.859938, 18.288949], [78.858992, 18.28894]]]}}, {"type": "Feature", "properties": {"District": "Karimnagar", "Mandal": "Ellanthakunta", "Company": "M/s.Hyperion Green Energy Pvt Ltd", "Address": "M/s.Hyperion Green Energy Pvt Ltd", "Mineral": "Colour Granite", "MineralTyp": "QL", "SurveyNumb": "297", "LandType": "Govt.Land", "Production": 75000, "Dispatch": 75000, "ETS": 100000, "Notice": 25000, "Reg_From": "2018-07-16", "Reg_To": "2020-07-15"}, "geometry": {"type": "Polygon", "coordinates": [[[78.897875, 18.308306], [78.897865, 18.309209], [78.898812, 18.309218], [78.898821, 18.308314], [78.897875, 18.308306]]]}}, {"type": "Feature", "properties": {"District": "Karimnagar", "Mandal": "Sircilla", "Company": "M/s.HBL Systems Ltd", "Address": "M/s.HBL Systems Ltd", "Mineral": "Road Metal", "MineralTyp": "QL", "SurveyNumb": "350", "LandType": "Govt.Land", "Production": 500000, "Dispatch": 500000, "ETS": 1000000, "Notice": 500000, "Reg_From": "2018-07-16", "Reg_To": "2020-07-15"}, "geometry": {"type": "Polygon", "coordinates": [[[78.828895, 18.302903], [78.828886, 18.303807], [78.829832, 18.303816], [78.829841, 18.302912], [78.828895, 18.302903]]]}}, {"type": "Feature", "properties": {"District": "Karimnagar", "Mandal": "Mustabad", "Company": "M/s. MITTALS GREEN Energy Private Limited 2ND FLOOR 4615 Ansal Plaza Vaishali Ghaziabad Uttar Pradesh Cont. Person: Mr. Mayank Kapoor Cont. person: Mr. Rahul Kumar", "Address": "M/s. MITTALS GREEN Energy Private Limited 2ND FLOOR 4615 Ansal Plaza Vaishali Ghaziabad Uttar Pradesh Cont. Person: Mr. Mayank Kapoor Cont. person: Mr. Rahul Kumar", "Mineral": "Road Metal", "MineralTyp": "QL", "SurveyNumb": "319", "LandType": "Govt.Land", "Production": 500000, "Dispatch": 500000, "ETS": 1000000, "Notice": 500000, "Reg_From": "2019-12-03", "Reg_To": "2021-12-02"}, "geometry": {"type": "Polygon", "coordinates": [[[78.750493, 18.319425], [78.750483, 18.320329], [78.75143, 18.320338], [78.751439, 18.319434], [78.750493, 18.319425]]]}}, {"type": "Feature", "properties": {"District": "Karimnagar", "Mandal": "Sircilla", "Company": "M/s. Photon Energy Systems Pvt Ltd Plot No. 46 Anrich Estate IDA Bollaram Sangareddy", "Address": "M/s. Photon Energy Systems Pvt Ltd Plot No. 46 Anrich Estate IDA Bollaram Sangareddy", "Mineral": "Road Metal", "MineralTyp": "QL", "SurveyNumb": "202", "LandType": "Govt.Land", "Production": 500000, "Dispatch": 500000, "ETS": 1000000, "Notice": 500000, "Reg_From": "2024-10-15", "Reg_To": "2026-10-14"}, "geometry": {"type": "Polygon", "coordinates": [[[78.806034, 18.346203], [78.806025, 18.347106], [78.806971, 18.347115], [78.806981, 18.346212], [78.806034, 18.346203]]]}}, {"type": "Feature", "properties": {"District": "Karimnagar", "Mandal": "Ibrahimpatnam1", "Company": "M/s. Stanley Black & Decker India Pvt. Ltd. Groworks Kapil Towers 4th Floor Opp. ICICI Bank ISB Road Financial District Gachibowli . Cont. Person: Sri G. Dinesh", "Address": "M/s. Stanley Black & Decker India Pvt. Ltd. Groworks Kapil Towers 4th Floor Opp. ICICI Bank ISB Road Financial District Gachibowli . Cont. Person: Sri G. Dinesh", "Mineral": "Road Metal", "MineralTyp": "QL", "SurveyNumb": "202", "LandType": "Govt.Land", "Production": 500000, "Dispatch": 500000, "ETS": 1000000, "Notice": 500000, "Reg_From": "2019-08-26", "Reg_To": "2021-08-25"}, "geometry": {"type": "Polygon", "coordinates": [[[78.578477, 18.815753], [78.578467, 18.816657], [78.579415, 18.816667], [78.579426, 18.815763], [78.578477, 18.815753]]]}}, {"type": "Feature", "properties": {"District": "Karimnagar", "Mandal": "Koratla", "Company": "M/s. ABS Renew Pvt. Ltd. ABS House 'W' 116A TTC Industrial Area Khairane MIDC Thane Belapur Road Kopor Khairane Navi Mumbai . Cont. Person: Mr. Eshwar Pisalkar", "Address": "M/s. ABS Renew Pvt. Ltd. ABS House 'W' 116A TTC Industrial Area Khairane MIDC Thane Belapur Road Kopor Khairane Navi Mumbai . Cont. Person: Mr. Eshwar Pisalkar", "Mineral": "Road Metal", "MineralTyp": "QL", "SurveyNumb": "202", "LandType": "Govt.Land", "Production": 500000, "Dispatch": 500000, "ETS": 1000000, "Notice": 500000, "Reg_From": "2019-09-09", "Reg_To": "2021-09-08"}, "geometry": {"type": "Polygon", "coordinates": [[[78.726375, 18.820406], [78.726365, 18.821309], [78.727313, 18.821319], [78.727323, 18.820416], [78.726375, 18.820406]]]}}, {"type": "Feature", "properties": {"District": "Karimnagar", "Mandal": "Metpalle", "Company": "M/s. Cube Fore Solutions Pvt. Ltd # 38195/1 Suryodhaya Colony Monsorabad LB Nagar Near Kamineni Hospital", "Address": "M/s. Cube Fore Solutions Pvt. Ltd # 38195/1 Suryodhaya Colony Monsorabad LB Nagar Near Kamineni Hospital", "Mineral": "Road Metal", "MineralTyp": "QL", "SurveyNumb": "46/1", "LandType": "Govt.Land", "Production": 500000, "Dispatch": 500000, "ETS": 1000000, "Notice": 500000, "Reg_From": "2019-09-13", "Reg_To": "2021-09-12"}, "geometry": {"type": "Polygon", "coordinates": [[[78.640681, 18.817002], [78.64067, 18.817905], [78.641619, 18.817915], [78.641629, 18.817011], [78.640681, 18.817002]]]}}, {"type": "Feature", "properties": {"District": "Karimnagar", "Mandal": "Metpalle", "Company": "M/s. Vajra Enterprises Plot No. 35 & 36Flat No. 404 Sanjana Residency Uppal DepotChenna Reddy Enclave Cont. Person: Sri P. Vijayapal Reddy", "Address": "M/s. Vajra Enterprises Plot No. 35 & 36Flat No. 404 Sanjana Residency Uppal DepotChenna Reddy Enclave Cont. Person: Sri P. Vijayapal Reddy", "Mineral": "Feldspar", "MineralTyp": "QL", "SurveyNumb": "107", "LandType": "Govt.Land", "Production": 250000, "Dispatch": 250000, "ETS": 265000, "Notice": 15000, "Reg_From": "2024-02-16", "Reg_To": "2025-02-15"}, "geometry": {"type": "Polygon", "coordinates": [[[78.656281, 18.826005], [78.65627, 18.826909], [78.657219, 18.826918], [78.657229, 18.826015], [78.656281, 18.826005]]]}}, {"type": "Feature", "properties": {"District": "Karimnagar", "Mandal": "Koratla", "Company": "M/s. Accutech Infosystems Pvt. Ltd. 31/7 2RT Prakash Nagar Begumpet", "Address": "M/s. Accutech Infosystems Pvt. Ltd. 31/7 2RT Prakash Nagar Begumpet", "Mineral": "Black Granite", "MineralTyp": "QL", "SurveyNumb": "154", "LandType": "Govt.Land", "Production": 100000, "Dispatch": 100000, "ETS": 120000, "Notice": 20000, "Reg_From": "2024-10-01", "Reg_To": "2026-09-30"}, "geometry": {"type": "Polygon", "coordinates": [[[78.677208, 18.82207], [78.677198, 18.822973], [78.678146, 18.822983], [78.678156, 18.82208], [78.677208, 18.82207]]]}}, {"type": "Feature", "properties": {"District": "Karimnagar", "Mandal": "Koratla", "Company": "M/s. Sunalpha Energy Pvt. Ltd. 104105106107 1st floor C94 Fortune Heights Subhash Marg Jaipur Rajasthan Cont. Person: BVSS Saikrishna", "Address": "M/s. Sunalpha Energy Pvt. Ltd. 104105106107 1st floor C94 Fortune Heights Subhash Marg Jaipur Rajasthan Cont. Person: BVSS Saikrishna", "Mineral": "Black Granite", "MineralTyp": "QL", "SurveyNumb": "10", "LandType": "Govt.Land", "Production": 100000, "Dispatch": 100000, "ETS": 120000, "Notice": 20000, "Reg_From": "2019-08-05", "Reg_To": "2021-08-04"}, "geometry": {"type": "Polygon", "coordinates": [[[78.745521, 18.837821], [78.745511, 18.838724], [78.74646, 18.838734], [78.74647, 18.83783], [78.745521, 18.837821]]]}}, {"type": "Feature", "properties": {"District": "Karimnagar", "Mandal": "Koratla", "Company": "M/s.Nava Bharat Construction 155/193/D2 CMC Layout Near Pearl Village Kondapur", "Address": "M/s.Nava Bharat Construction 155/193/D2 CMC Layout Near Pearl Village Kondapur", "Mineral": "Black Granite", "MineralTyp": "QL", "SurveyNumb": "81", "LandType": "Govt.Land", "Production": 100000, "Dispatch": 100000, "ETS": 120000, "Notice": 20000, "Reg_From": "2018-07-10", "Reg_To": "2020-07-09"}, "geometry": {"type": "Polygon", "coordinates": [[[78.676492, 18.841235], [78.676482, 18.842139], [78.677431, 18.842148], [78.677441, 18.841245], [78.676492, 18.841235]]]}}, {"type": "Feature", "properties": {"District": "Medak", "Mandal": "Shankarampet[A]", "Company": "M/s. Sun Shine Solution Pvt. Ltd. Lakshmi Chambers 3rd Floor No. 30 Anna Salai Little Mount SaidapetChennai", "Address": "M/s. Sun Shine Solution Pvt. Ltd. Lakshmi Chambers 3rd Floor No. 30 Anna Salai Little Mount SaidapetChennai", "Mineral": "Black Granite", "MineralTyp": "QL", "SurveyNumb": "34 & 36", "LandType": "Govt.Land", "Production": 100000, "Dispatch": 100000, "ETS": 120000, "Notice": 20000, "Reg_From": "2019-08-16", "Reg_To": "2021-08-15"}, "geometry": {"type": "Polygon", "coordinates": [[[77.959402, 18.056594], [77.959389, 18.057498], [77.960333, 18.05751], [77.960347, 18.056607], [77.959402, 18.056594]]]}}, {"type": "Feature", "properties": {"District": "Karimnagar", "Mandal": "Metpalle", "Company": "M/s. Sree Sai Electronics # Survey No 262 Near SBH Bank Phase II Cherlapally", "Address": "M/s. Sree Sai Electronics # Survey No 262 Near SBH Bank Phase II Cherlapally", "Mineral": "Limestone", "MineralTyp": "ML", "SurveyNumb": "517 to 558, 565 to 567, 569, 570, 572 to 587 & 34/P, 41 to 43, 49 to 52, 62", "LandType": "Govt Land (255.510) & Patta Land (98.726)", "Production": 1000000, "Dispatch": 1000000, "ETS": 1005000, "Notice": 5000, "Reg_From": "2024-07-23", "Reg_To": "2026-07-22"}, "geometry": {"type": "Polygon", "coordinates": [[[78.602577, 18.840725], [78.602566, 18.841628], [78.603515, 18.841638], [78.603525, 18.840735], [78.602577, 18.840725]]]}}, {"type": "Feature", "properties": {"District": "Karimnagar", "Mandal": "Medipalle", "Company": "M/s. Mahathi Engineering Industries Pvt. Ltd. 17A 1st Floor Plot No. 106 Nirmala Kubera Heights Peerzadiguda", "Address": "M/s. Mahathi Engineering Industries Pvt. Ltd. 17A 1st Floor Plot No. 106 Nirmala Kubera Heights Peerzadiguda", "Mineral": "Road Metal", "MineralTyp": "QL", "SurveyNumb": "350", "LandType": "Govt.Land", "Production": 500000, "Dispatch": 500000, "ETS": 1000000, "Notice": 500000, "Reg_From": "2019-05-01", "Reg_To": "2021-04-30"}, "geometry": {"type": "Polygon", "coordinates": [[[78.816338, 18.841249], [78.816328, 18.842152], [78.817277, 18.842161], [78.817286, 18.841258], [78.816338, 18.841249]]]}}, {"type": "Feature", "properties": {"District": "Medak", "Mandal": "Medak", "Company": "M/s. Helios Natural Energy 103 Vrundavan Complex 1st floorOpp. Krushna kunj ComplexKudasan Gandhinagar Gujarat 38242", "Address": "M/s. Helios Natural Energy 103 Vrundavan Complex 1st floorOpp. Krushna kunj ComplexKudasan Gandhinagar Gujarat 38242", "Mineral": "Feldspar", "MineralTyp": "QL", "SurveyNumb": "21", "LandType": "Govt.Land", "Production": 250000, "Dispatch": 250000, "ETS": 265000, "Notice": 15000, "Reg_From": "2019-08-16", "Reg_To": "2020-08-15"}, "geometry": {"type": "Polygon", "coordinates": [[[78.221689, 18.14429], [78.221676, 18.145194], [78.222622, 18.145205], [78.222634, 18.144302], [78.221689, 18.14429]]]}}, {"type": "Feature", "properties": {"District": "Medak", "Mandal": "Medak", "Company": "M/s. Suchitra Infra Private Limited H.No. 43243 Old Bhoiguda R.P. Road Secunderabad", "Address": "M/s. Suchitra Infra Private Limited H.No. 43243 Old Bhoiguda R.P. Road Secunderabad", "Mineral": "Road Metal", "MineralTyp": "QL", "SurveyNumb": "384", "LandType": "Govt.Land", "Production": 500000, "Dispatch": 500000, "ETS": 1000000, "Notice": 500000, "Reg_From": "2019-05-01", "Reg_To": "2020-04-30"}, "geometry": {"type": "Polygon", "coordinates": [[[78.21523, 18.132321], [78.215218, 18.133225], [78.216163, 18.133236], [78.216175, 18.132333], [78.21523, 18.132321]]]}}, {"type": "Feature", "properties": {"District": "Medak", "Mandal": "Ramayampet", "Company": "M/s. Sri Krishna Systems # /1 2nd Floor Chandragiri Colony Safilguda", "Address": "M/s. Sri Krishna Systems # /1 2nd Floor Chandragiri Colony Safilguda", "Mineral": "Quartz", "MineralTyp": "QL", "SurveyNumb": "153", "LandType": "Govt.Land", "Production": 250000, "Dispatch": 250000, "ETS": 255000, "Notice": 5000, "Reg_From": "2024-04-25", "Reg_To": "2025-04-24"}, "geometry": {"type": "Polygon", "coordinates": [[[78.496502, 18.152676], [78.496491, 18.15358], [78.497437, 18.153591], [78.497448, 18.152687], [78.496502, 18.152676]]]}}, {"type": "Feature", "properties": {"District": "Medak", "Mandal": "Ramayampet", "Company": "M/s. Nova Solution # 104 Surya Enclave Rd. No.3 Trimulgherry Secunderabad Cont. Person: Jhon William", "Address": "M/s. Nova Solution # 104 Surya Enclave Rd. No.3 Trimulgherry Secunderabad Cont. Person: Jhon William", "Mineral": "Road Metal", "MineralTyp": "QL", "SurveyNumb": "142", "LandType": "Govt.Land", "Production": 500000, "Dispatch": 500000, "ETS": 1000000, "Notice": 500000, "Reg_From": "2024-09-16", "Reg_To": "2026-09-15"}, "geometry": {"type": "Polygon", "coordinates": [[[78.463358, 18.113548], [78.463346, 18.114452], [78.464292, 18.114463], [78.464303, 18.113559], [78.463358, 18.113548]]]}}, {"type": "Feature", "properties": {"District": "Medak", "Mandal": "Medak", "Company": "M/s. ASUM Energy In Reg Office. /33 F.No. 303 Swathi Heaven Apartments Revenue Board Colony Gaddiannaram Malakpet", "Address": "M/s. ASUM Energy In Reg Office. /33 F.No. 303 Swathi Heaven Apartments Revenue Board Colony Gaddiannaram Malakpet", "Mineral": "Road Metal", "MineralTyp": "QL", "SurveyNumb": "384", "LandType": "Govt.Land", "Production": 500000, "Dispatch": 500000, "ETS": 1000000, "Notice": 500000, "Reg_From": "2024-09-16", "Reg_To": "2026-09-15"}, "geometry": {"type": "Polygon", "coordinates": [[[78.282259, 18.094906], [78.282247, 18.09581], [78.283192, 18.095822], [78.283204, 18.094918], [78.282259, 18.094906]]]}}, {"type": "Feature", "properties": {"District": "Medak", "Mandal": "Ramayampet", "Company": "M/s. Freyr Energy Services Pvt. Ltd. Spaces & More Business Park Unit # E on the Fifth Floor Plot No. 48&49Lumbini Layout Bio Diversity Gachibowli Serilingampalli", "Address": "M/s. Freyr Energy Services Pvt. Ltd. Spaces & More Business Park Unit # E on the Fifth Floor Plot No. 48&49Lumbini Layout Bio Diversity Gachibowli Serilingampalli", "Mineral": "Road Metal", "MineralTyp": "QL", "SurveyNumb": "477", "LandType": "Govt.Land", "Production": 500000, "Dispatch": 500000, "ETS": 1000000, "Notice": 500000, "Reg_From": "2024-07-10", "Reg_To": "2026-07-09"}, "geometry": {"type": "Polygon", "coordinates": [[[78.392889, 18.095176], [78.392878, 18.09608], [78.393823, 18.096091], [78.393834, 18.095187], [78.392889, 18.095176]]]}}, {"type": "Feature", "properties": {"District": "Medak", "Mandal": "Medak", "Company": "M/s. Kapil and Infra Pvt. Ltd. 14th Floor Kapil Towers Financial District Nanakramguda Gachibowli Cont. Person: Sri M.A. Khader", "Address": "M/s. Kapil and Infra Pvt. Ltd. 14th Floor Kapil Towers Financial District Nanakramguda Gachibowli Cont. Person: Sri M.A. Khader", "Mineral": "Road Metal", "MineralTyp": "QL", "SurveyNumb": "308", "LandType": "Govt.Land", "Production": 500000, "Dispatch": 500000, "ETS": 1000000, "Notice": 500000, "Reg_From": "2023-05-01", "Reg_To": "2025-04-30"}, "geometry": {"type": "Polygon", "coordinates": [[[78.355616, 18.082957], [78.355605, 18.08386], [78.35655, 18.083872], [78.356561, 18.082968], [78.355616, 18.082957]]]}}, {"type": "Feature", "properties": {"District": "Adilabad", "Mandal": "Nennal", "Company": "M/s. Sriven Systems # 1247/100/36 Subhodaya Colony Behind Aditya Nagar Hydernagar Kukatpally", "Address": "M/s. Sriven Systems # 1247/100/36 Subhodaya Colony Behind Aditya Nagar Hydernagar Kukatpally", "Mineral": "Feldspar", "MineralTyp": "QL", "SurveyNumb": "35", "LandType": "Govt.Land", "Production": 250000, "Dispatch": 250000, "ETS": 255000, "Notice": 5000, "Reg_From": "2024-02-08", "Reg_To": "2026-02-07"}, "geometry": {"type": "Polygon", "coordinates": [[[79.675064, 19.092191], [79.675058, 19.093094], [79.676008, 19.0931], [79.676014, 19.092197], [79.675064, 19.092191]]]}}, {"type": "Feature", "properties": {"District": "Adilabad", "Mandal": "Nennal", "Company": "M/s. Vigna Vijay Digital Solutions H.No. 599/6 Vignan Sadan Bhoopati Rao Nagar Loyola College Road Old Alwal Secunderabad", "Address": "M/s. Vigna Vijay Digital Solutions H.No. 599/6 Vignan Sadan Bhoopati Rao Nagar Loyola College Road Old Alwal Secunderabad", "Mineral": "Black Granite", "MineralTyp": "QL", "SurveyNumb": "75", "LandType": "Govt.Land", "Production": 100000, "Dispatch": 100000, "ETS": 120000, "Notice": 20000, "Reg_From": "2019-07-28", "Reg_To": "2020-07-27"}, "geometry": {"type": "Polygon", "coordinates": [[[79.589869, 19.081852], [79.589863, 19.082755], [79.590813, 19.08276], [79.590819, 19.081857], [79.589869, 19.081852]]]}}, {"type": "Feature", "properties": {"District": "Adilabad", "Mandal": "Nennal", "Company": "M/s. Zunroof Tech. PVT. LTD. 6th floor Paras Trinity Sector 63Gurgaon Haryana", "Address": "M/s. Zunroof Tech. PVT. LTD. 6th floor Paras Trinity Sector 63Gurgaon Haryana", "Mineral": "Black Granite", "MineralTyp": "QL", "SurveyNumb": "16", "LandType": "Govt.Land", "Production": 100000, "Dispatch": 100000, "ETS": 120000, "Notice": 20000, "Reg_From": "2021-09-20", "Reg_To": "2022-09-19"}, "geometry": {"type": "Polygon", "coordinates": [[[79.617455, 19.076888], [79.617449, 19.077791], [79.618399, 19.077797], [79.618405, 19.076894], [79.617455, 19.076888]]]}}, {"type": "Feature", "properties": {"District": "Adilabad", "Mandal": "Nennal", "Company": "M/s. ARCEDO Systems #402 4th floor Plot No. 1486 (Part)Amarendar Sunita Homes Pragathi Nagar", "Address": "M/s. ARCEDO Systems #402 4th floor Plot No. 1486 (Part)Amarendar Sunita Homes Pragathi Nagar", "Mineral": "Limestone Slabs", "MineralTyp": "QL", "SurveyNumb": "420", "LandType": "Govt.Land", "Production": 50000, "Dispatch": 50000, "ETS": 52000, "Notice": 2000, "Reg_From": "2020-11-16", "Reg_To": "2022-11-15"}, "geometry": {"type": "Polygon", "coordinates": [[[79.692151, 19.070035], [79.692145, 19.070938], [79.693095, 19.070943], [79.693101, 19.07004], [79.692151, 19.070035]]]}}, {"type": "Feature", "properties": {"District": "Nalgonda", "Mandal": "Mothkur", "Company": "M/s. Satya Enterprises #367/18/N Plot No.18/P Lane Between Runway9 & BIG Bazar Kompally", "Address": "M/s. Satya Enterprises #367/18/N Plot No.18/P Lane Between Runway9 & BIG Bazar Kompally", "Mineral": "Road Metal", "MineralTyp": "QL", "SurveyNumb": "245", "LandType": "Govt.Land", "Production": 500000, "Dispatch": 500000, "ETS": 1000000, "Notice": 500000, "Reg_From": "2025-02-01", "Reg_To": "2027-01-31"}, "geometry": {"type": "Polygon", "coordinates": [[[79.390092, 17.423119], [79.390086, 17.424023], [79.391027, 17.42403], [79.391034, 17.423126], [79.390092, 17.423119]]]}}, {"type": "Feature", "properties": {"District": "Nalgonda", "Mandal": "Sali Gouraram", "Company": "M/s. Chethna Constructions 17925/1 Ramnagar Musheerabad", "Address": "M/s. Chethna Constructions 17925/1 Ramnagar Musheerabad", "Mineral": "Road Metal", "MineralTyp": "QL", "SurveyNumb": "2", "LandType": "Govt.Land", "Production": 400000, "Dispatch": 400000, "ETS": 600000, "Notice": 200000, "Reg_From": "2020-10-21", "Reg_To": "2021-10-20"}, "geometry": {"type": "Polygon", "coordinates": [[[79.433095, 17.261001], [79.433089, 17.261905], [79.43403, 17.261911], [79.434037, 17.261007], [79.433095, 17.261001]]]}}, {"type": "Feature", "properties": {"District": "Nalgonda", "Mandal": "Sali Gouraram", "Company": "M/s. Jaagruthi and Infra Private Limited Plot 122 & 123 Krishna Building 5th Floor Diamond Hills Lumbini Avenue Gachibowli", "Address": "M/s. Jaagruthi and Infra Private Limited Plot 122 & 123 Krishna Building 5th Floor Diamond Hills Lumbini Avenue Gachibowli", "Mineral": "Quartz", "MineralTyp": "QL", "SurveyNumb": "247", "LandType": "Govt.Land", "Production": 250000, "Dispatch": 250000, "ETS": 255000, "Notice": 5000, "Reg_From": "2024-05-18", "Reg_To": "2025-05-17"}, "geometry": {"type": "Polygon", "coordinates": [[[79.39714, 17.26431], [79.397133, 17.265214], [79.398074, 17.265221], [79.398081, 17.264317], [79.39714, 17.26431]]]}}, {"type": "Feature", "properties": {"District": "Nalgonda", "Mandal": "Mothkur", "Company": "M/s. Kehansri Technologies and Services Private Limited # 402 Usha Arun Complex Road No.13 Banjara Hills \u2013", "Address": "M/s. Kehansri Technologies and Services Private Limited # 402 Usha Arun Complex Road No.13 Banjara Hills \u2013", "Mineral": "Road Metal", "MineralTyp": "QL", "SurveyNumb": "278/P", "LandType": "Govt.Land", "Production": 400000, "Dispatch": 400000, "ETS": 600000, "Notice": 200000, "Reg_From": "2022-11-19", "Reg_To": "2024-11-18"}, "geometry": {"type": "Polygon", "coordinates": [[[79.264006, 17.458227], [79.263998, 17.459131], [79.264941, 17.459138], [79.264948, 17.458234], [79.264006, 17.458227]]]}}, {"type": "Feature", "properties": {"District": "Nalgonda", "Mandal": "Bhongir", "Company": "M/s. Access Technologies Ground Floor Plot No.997 Beside Karur Vysya Bank Lane Pragathi Nagar", "Address": "M/s. Access Technologies Ground Floor Plot No.997 Beside Karur Vysya Bank Lane Pragathi Nagar", "Mineral": "Mosaic Chips", "MineralTyp": "QL", "SurveyNumb": "123/1", "LandType": "Patta Land", "Production": 250000, "Dispatch": 250000, "ETS": 255000, "Notice": 5000, "Reg_From": "2020-11-25", "Reg_To": "2022-11-24"}, "geometry": {"type": "Polygon", "coordinates": [[[78.90432, 17.46472], [78.904311, 17.465624], [78.905253, 17.465632], [78.905262, 17.464728], [78.90432, 17.46472]]]}}, {"type": "Feature", "properties": {"District": "Nalgonda", "Mandal": "Bibinagar", "Company": "M/s. Arka Energy Solutions H.No. 8 S.B.I. Colony Manovikas Nagar Secunderabad \u2013", "Address": "M/s. Arka Energy Solutions H.No. 8 S.B.I. Colony Manovikas Nagar Secunderabad \u2013", "Mineral": "Limestone Slabs", "MineralTyp": "QL", "SurveyNumb": "124", "LandType": "Patta Land", "Production": 50000, "Dispatch": 50000, "ETS": 52000, "Notice": 2000, "Reg_From": "2022-11-25", "Reg_To": "2024-11-24"}, "geometry": {"type": "Polygon", "coordinates": [[[78.786648, 17.428484], [78.786639, 17.429388], [78.787581, 17.429397], [78.78759, 17.428493], [78.786648, 17.428484]]]}}, {"type": "Feature", "properties": {"District": "Nalgonda", "Mandal": "Bhongir", "Company": "M/s. Amplus KN One Pvt Ltd Level \u2013 6 Emaar \u2013 The Plan Square Golf Course Extension Road Sector \u2013 66 Gurgaon \u2013 Haryana.", "Address": "M/s. Amplus KN One Pvt Ltd Level \u2013 6 Emaar \u2013 The Plan Square Golf Course Extension Road Sector \u2013 66 Gurgaon \u2013 Haryana.", "Mineral": "Limestone Slabs", "MineralTyp": "QL", "SurveyNumb": "124", "LandType": "Patta Land", "Production": 50000, "Dispatch": 50000, "ETS": 52000, "Notice": 2000, "Reg_From": "2022-11-25", "Reg_To": "2024-11-24"}, "geometry": {"type": "Polygon", "coordinates": [[[78.920348, 17.421787], [78.920339, 17.422691], [78.921281, 17.4227], [78.92129, 17.421796], [78.920348, 17.421787]]]}}, {"type": "Feature", "properties": {"District": "Nalgonda", "Mandal": "Bhongir", "Company": "M/s. Ishaan Pvt Ltd 11th Floor Bascon Future SV IT Park Venkat Narayan Road T. Nagar Chennai \u2013", "Address": "M/s. Ishaan Pvt Ltd 11th Floor Bascon Future SV IT Park Venkat Narayan Road T. Nagar Chennai \u2013", "Mineral": "Limestone Slabs", "MineralTyp": "QL", "SurveyNumb": "123", "LandType": "Patta Land", "Production": 50000, "Dispatch": 50000, "ETS": 52000, "Notice": 2000, "Reg_From": "2020-11-25", "Reg_To": "2022-11-24"}, "geometry": {"type": "Polygon", "coordinates": [[[78.899433, 17.380998], [78.899424, 17.381902], [78.900366, 17.381911], [78.900375, 17.381007], [78.899433, 17.380998]]]}}, {"type": "Feature", "properties": {"District": "Nalgonda", "Mandal": "Pochampalle", "Company": "M/s. APN Energy Private Limited 21288 2nd Floor Khanna Residency Street No.13 Nallakunta", "Address": "M/s. APN Energy Private Limited 21288 2nd Floor Khanna Residency Street No.13 Nallakunta", "Mineral": "Quartz", "MineralTyp": "QL", "SurveyNumb": "192", "LandType": "Govt.Land", "Production": 250000, "Dispatch": 250000, "ETS": 255000, "Notice": 5000, "Reg_From": "2020-10-21", "Reg_To": "2021-10-20"}, "geometry": {"type": "Polygon", "coordinates": [[[78.821715, 17.355804], [78.821705, 17.356708], [78.822647, 17.356717], [78.822656, 17.355813], [78.821715, 17.355804]]]}}, {"type": "Feature", "properties": {"District": "Nalgonda", "Mandal": "Pochampalle", "Company": "M/s. Ganco Energy (India) Pvt Ltd Door No. /2 Kaligotlavari Street China Bazar Bheemunipatnam Visakhapatnam Andhrapradesh \u2013", "Address": "M/s. Ganco Energy (India) Pvt Ltd Door No. /2 Kaligotlavari Street China Bazar Bheemunipatnam Visakhapatnam Andhrapradesh \u2013", "Mineral": "Road Metal", "MineralTyp": "QL", "SurveyNumb": "1138", "LandType": "Govt.Land", "Production": 400000, "Dispatch": 400000, "ETS": 600000, "Notice": 200000, "Reg_From": "2020-11-25", "Reg_To": "2021-11-24"}, "geometry": {"type": "Polygon", "coordinates": [[[78.833072, 17.362501], [78.833063, 17.363405], [78.834005, 17.363414], [78.834014, 17.36251], [78.833072, 17.362501]]]}}, {"type": "Feature", "properties": {"District": "Adilabad", "Mandal": "Nennal", "Company": "M/s. Sunnet Energy Solutions H.No. F.r. Balaiah Nagar Old Alwal Secunderabad", "Address": "M/s. Sunnet Energy Solutions H.No. F.r. Balaiah Nagar Old Alwal Secunderabad", "Mineral": "Road Metal", "MineralTyp": "QL", "SurveyNumb": "1138", "LandType": "Govt.Land", "Production": 400000, "Dispatch": 400000, "ETS": 600000, "Notice": 200000, "Reg_From": "2020-11-25", "Reg_To": "2021-11-24"}, "geometry": {"type": "Polygon", "coordinates": [[[79.534009, 18.973185], [79.534003, 18.974088], [79.534952, 18.974094], [79.534958, 18.973191], [79.534009, 18.973185]]]}}, {"type": "Feature", "properties": {"District": "Adilabad", "Mandal": "Mandamarri", "Company": "M/s. Asthra Projects LIG 13329 HMTV Road Dr. A.S. Rao Nagar ECIL Post", "Address": "M/s. Asthra Projects LIG 13329 HMTV Road Dr. A.S. Rao Nagar ECIL Post", "Mineral": "Road Metal", "MineralTyp": "QL", "SurveyNumb": "1138", "LandType": "Govt.Land", "Production": 400000, "Dispatch": 400000, "ETS": 600000, "Notice": 200000, "Reg_From": "2024-04-08", "Reg_To": "2026-04-07"}, "geometry": {"type": "Polygon", "coordinates": [[[79.472683, 18.968711], [79.472676, 18.969614], [79.473626, 18.96962], [79.473632, 18.968717], [79.472683, 18.968711]]]}}, {"type": "Feature", "properties": {"District": "Adilabad", "Mandal": "Mandamarri", "Company": "M/s. Sirius Energy Systems Pvt. Ltd. Regd. Office: H. No. 3635/14 Plot No. 454 Vivekananda Nagar Colony Kukatpally", "Address": "M/s. Sirius Energy Systems Pvt. Ltd. Regd. Office: H. No. 3635/14 Plot No. 454 Vivekananda Nagar Colony Kukatpally", "Mineral": "Road Metal", "MineralTyp": "QL", "SurveyNumb": "46/2", "LandType": "Govt.Land", "Production": 400000, "Dispatch": 400000, "ETS": 600000, "Notice": 200000, "Reg_From": "2024-07-23", "Reg_To": "2026-07-22"}, "geometry": {"type": "Polygon", "coordinates": [[[79.519332, 18.962466], [79.519326, 18.963369], [79.520275, 18.963375], [79.520282, 18.962472], [79.519332, 18.962466]]]}}, {"type": "Feature", "properties": {"District": "Adilabad", "Mandal": "Mandamarri", "Company": "M/s. ABJA Pvt. Ltd. My Home Hub 3rd Block 5th FloorMadhapur", "Address": "M/s. ABJA Pvt. Ltd. My Home Hub 3rd Block 5th FloorMadhapur", "Mineral": "Feldspar", "MineralTyp": "QL", "SurveyNumb": "382, 392 & 393", "LandType": "Govt.Land", "Production": 250000, "Dispatch": 250000, "ETS": 265000, "Notice": 15000, "Reg_From": "2021-07-10", "Reg_To": "2023-07-09"}, "geometry": {"type": "Polygon", "coordinates": [[[79.509769, 18.934321], [79.509763, 18.935224], [79.510712, 18.93523], [79.510718, 18.934327], [79.509769, 18.934321]]]}}, {"type": "Feature", "properties": {"District": "Adilabad", "Mandal": "Mandamarri", "Company": "M/s. GJS Infratech Pvt. Ltd. Venkoti Building Plot No. 809 Ayyapa Soceity Hitech City Madhapur", "Address": "M/s. GJS Infratech Pvt. Ltd. Venkoti Building Plot No. 809 Ayyapa Soceity Hitech City Madhapur", "Mineral": "Road Metal", "MineralTyp": "QL", "SurveyNumb": "441", "LandType": "Patta Land", "Production": 400000, "Dispatch": 400000, "ETS": 600000, "Notice": 200000, "Reg_From": "2020-01-25", "Reg_To": "2022-01-24"}, "geometry": {"type": "Polygon", "coordinates": [[[79.543076, 18.93748], [79.54307, 18.938383], [79.544019, 18.938389], [79.544025, 18.937486], [79.543076, 18.93748]]]}}, {"type": "Feature", "properties": {"District": "Nalgonda", "Mandal": "Valigonda", "Company": "M/s. Shiva Marketing Company Plot # 117 & 118 Venugopal Nagar Alwal Secunderabad \u2013 .", "Address": "M/s. Shiva Marketing Company Plot # 117 & 118 Venugopal Nagar Alwal Secunderabad \u2013 .", "Mineral": "Road Metal", "MineralTyp": "QL", "SurveyNumb": "248/AA/1", "LandType": "Patta Land", "Production": 400000, "Dispatch": 400000, "ETS": 600000, "Notice": 200000, "Reg_From": "2020-11-25", "Reg_To": "2022-11-24"}, "geometry": {"type": "Polygon", "coordinates": [[[79.136214, 17.357458], [79.136206, 17.358362], [79.137148, 17.35837], [79.137156, 17.357465], [79.136214, 17.357458]]]}}, {"type": "Feature", "properties": {"District": "Adilabad", "Mandal": "Bellampalle", "Company": "M/s. AMB Technologies Flat No.202 81364/1/3 DNJ Complex Deluxe Colony Tolichowki", "Address": "M/s. AMB Technologies Flat No.202 81364/1/3 DNJ Complex Deluxe Colony Tolichowki", "Mineral": "Road Metal", "MineralTyp": "QL", "SurveyNumb": "1182/1", "LandType": "Govt.Land", "Production": 400000, "Dispatch": 400000, "ETS": 600000, "Notice": 200000, "Reg_From": "2024-11-24", "Reg_To": "2025-11-23"}, "geometry": {"type": "Polygon", "coordinates": [[[79.523335, 19.010647], [79.523329, 19.01155], [79.524279, 19.011556], [79.524285, 19.010652], [79.523335, 19.010647]]]}}, {"type": "Feature", "properties": {"District": "Nalgonda", "Mandal": "Valigonda", "Company": "M/s. Wiiz Lights & Electricals LLP Plot No.23 Industrial Park IDA Mankhal Rangareddy Dist", "Address": "M/s. Wiiz Lights & Electricals LLP Plot No.23 Industrial Park IDA Mankhal Rangareddy Dist", "Mineral": "Road Metal", "MineralTyp": "QL", "SurveyNumb": "307", "LandType": "Govt.Land", "Production": 400000, "Dispatch": 400000, "ETS": 600000, "Notice": 200000, "Reg_From": "2020-10-21", "Reg_To": "2022-10-20"}, "geometry": {"type": "Polygon", "coordinates": [[[78.98976, 17.36395], [78.989751, 17.364854], [78.990693, 17.364863], [78.990701, 17.363959], [78.98976, 17.36395]]]}}, {"type": "Feature", "properties": {"District": "Nalgonda", "Mandal": "Valigonda", "Company": "M/s. Universe H.No. 1110740/17/A/1 Beside Andhra Bank Burahanpuram Khammam", "Address": "M/s. Universe H.No. 1110740/17/A/1 Beside Andhra Bank Burahanpuram Khammam", "Mineral": "Road Metal", "MineralTyp": "QL", "SurveyNumb": "211", "LandType": "Govt.Land", "Production": 400000, "Dispatch": 400000, "ETS": 600000, "Notice": 200000, "Reg_From": "2024-02-16", "Reg_To": "2025-02-15"}, "geometry": {"type": "Polygon", "coordinates": [[[78.973101, 17.330573], [78.973093, 17.331477], [78.974034, 17.331486], [78.974043, 17.330581], [78.973101, 17.330573]]]}}, {"type": "Feature", "properties": {"District": "Nalgonda", "Mandal": "Choutuppal", "Company": "M/s. SOLON India Pvt Ltd Regd Office. Plot No. D52 Phase \u2013 5 I.D.A Jeedimetla \u2013", "Address": "M/s. SOLON India Pvt Ltd Regd Office. Plot No. D52 Phase \u2013 5 I.D.A Jeedimetla \u2013", "Mineral": "Road Metal", "MineralTyp": "QL", "SurveyNumb": "541", "LandType": "Govt.Land", "Production": 400000, "Dispatch": 400000, "ETS": 600000, "Notice": 200000, "Reg_From": "2020-11-25", "Reg_To": "2021-11-24"}, "geometry": {"type": "Polygon", "coordinates": [[[78.856843, 17.22432], [78.856834, 17.225224], [78.857775, 17.225233], [78.857784, 17.224329], [78.856843, 17.22432]]]}}, {"type": "Feature", "properties": {"District": "Nalgonda", "Mandal": "Munugode", "Company": "M/s. Spren Energy Private Limited Flat No.402 RV Heights Plot No.12 Opp. Mirras CyberSuites Hitech City to KPHB Road 18", "Address": "M/s. Spren Energy Private Limited Flat No.402 RV Heights Plot No.12 Opp. Mirras CyberSuites Hitech City to KPHB Road 18", "Mineral": "Colour Granite", "MineralTyp": "QL", "SurveyNumb": "780", "LandType": "Govt.Land", "Production": 75000, "Dispatch": 75000, "ETS": 100000, "Notice": 25000, "Reg_From": "2020-09-04", "Reg_To": "2021-09-03"}, "geometry": {"type": "Polygon", "coordinates": [[[78.942304, 17.090833], [78.942295, 17.091737], [78.943235, 17.091746], [78.943244, 17.090842], [78.942304, 17.090833]]]}}, {"type": "Feature", "properties": {"District": "Nalgonda", "Mandal": "Narketpalle", "Company": "M/s. Adhwaya Energy Solutions Plot No 402 Royal Aoartments Teachers Colony East Maredpally Secunderabad", "Address": "M/s. Adhwaya Energy Solutions Plot No 402 Royal Aoartments Teachers Colony East Maredpally Secunderabad", "Mineral": "Road Metal", "MineralTyp": "QL", "SurveyNumb": "211", "LandType": "Govt.Land", "Production": 400000, "Dispatch": 400000, "ETS": 600000, "Notice": 200000, "Reg_From": "2020-11-25", "Reg_To": "2021-11-24"}, "geometry": {"type": "Polygon", "coordinates": [[[79.183925, 17.212996], [79.183917, 17.2139], [79.184858, 17.213908], [79.184866, 17.213003], [79.183925, 17.212996]]]}}, {"type": "Feature", "properties": {"District": "Nalgonda", "Mandal": "Narketpalle", "Company": "M/s. Ke Energy Pvt Ltd Sr.No. 62 Hissa No.3 Opp: Poonam Petrol Pump Mangdewadi Katraj Pune Maharashtra", "Address": "M/s. Ke Energy Pvt Ltd Sr.No. 62 Hissa No.3 Opp: Poonam Petrol Pump Mangdewadi Katraj Pune Maharashtra", "Mineral": "Road Metal", "MineralTyp": "QL", "SurveyNumb": "211", "LandType": "Govt.Land", "Production": 400000, "Dispatch": 400000, "ETS": 600000, "Notice": 200000, "Reg_From": "2020-11-25", "Reg_To": "2022-11-24"}, "geometry": {"type": "Polygon", "coordinates": [[[79.222737, 17.205131], [79.22273, 17.206035], [79.223671, 17.206042], [79.223678, 17.205138], [79.222737, 17.205131]]]}}, {"type": "Feature", "properties": {"District": "Nalgonda", "Mandal": "Munugode", "Company": "M/s. Maharashtra Resco Rooftop Private Limited 82610/68/123 5th Floor Accord Blu Road No. 10 Banjara Hills", "Address": "M/s. Maharashtra Resco Rooftop Private Limited 82610/68/123 5th Floor Accord Blu Road No. 10 Banjara Hills", "Mineral": "Road Metal", "MineralTyp": "QL", "SurveyNumb": "811", "LandType": "Govt.Land", "Production": 400000, "Dispatch": 400000, "ETS": 600000, "Notice": 200000, "Reg_From": "2020-12-05", "Reg_To": "2021-12-04"}, "geometry": {"type": "Polygon", "coordinates": [[[79.112211, 17.12749], [79.112203, 17.128395], [79.113144, 17.128402], [79.113152, 17.127498], [79.112211, 17.12749]]]}}, {"type": "Feature", "properties": {"District": "Nalgonda", "Mandal": "Munugode", "Company": "M/s. Emmvee Photovoltaic Pvt Ltd Tower # 55 6th Main 11th Cross Lakshmaiah Block GanganagarBengaluru \u2013", "Address": "M/s. Emmvee Photovoltaic Pvt Ltd Tower # 55 6th Main 11th Cross Lakshmaiah Block GanganagarBengaluru \u2013", "Mineral": "Road Metal", "MineralTyp": "QL", "SurveyNumb": "269 & 270", "LandType": "Govt.Land", "Production": 400000, "Dispatch": 400000, "ETS": 600000, "Notice": 200000, "Reg_From": "2020-12-05", "Reg_To": "2021-12-04"}, "geometry": {"type": "Polygon", "coordinates": [[[79.088771, 17.091884], [79.088763, 17.092789], [79.089703, 17.092796], [79.089711, 17.091892], [79.088771, 17.091884]]]}}, {"type": "Feature", "properties": {"District": "Nalgonda", "Mandal": "Munugode", "Company": "M/s. Srinergy Cleantech Private Limited Manjeera Trinity Corporate Unit No.810 & 811 KPHB Phase3 Kukutpally", "Address": "M/s. Srinergy Cleantech Private Limited Manjeera Trinity Corporate Unit No.810 & 811 KPHB Phase3 Kukutpally", "Mineral": "Road Metal", "MineralTyp": "QL", "SurveyNumb": "169", "LandType": "Patta Land", "Production": 400000, "Dispatch": 400000, "ETS": 600000, "Notice": 200000, "Reg_From": "2021-01-15", "Reg_To": "2022-01-14"}, "geometry": {"type": "Polygon", "coordinates": [[[79.124209, 17.079977], [79.124201, 17.080882], [79.125141, 17.08089], [79.12515, 17.079985], [79.124209, 17.079977]]]}}, {"type": "Feature", "properties": {"District": "Nalgonda", "Mandal": "Munugode", "Company": "M/s. Gosolgen Renewables Pvt Ltd Plot No.41 Narsingi \u2013", "Address": "M/s. Gosolgen Renewables Pvt Ltd Plot No.41 Narsingi \u2013", "Mineral": "Road Metal", "MineralTyp": "QL", "SurveyNumb": "113", "LandType": "Govt.Land", "Production": 400000, "Dispatch": 400000, "ETS": 600000, "Notice": 200000, "Reg_From": "2021-01-30", "Reg_To": "2022-01-29"}, "geometry": {"type": "Polygon", "coordinates": [[[79.134618, 17.11168], [79.13461, 17.112584], [79.13555, 17.112592], [79.135558, 17.111688], [79.134618, 17.11168]]]}}, {"type": "Feature", "properties": {"District": "Nalgonda", "Mandal": "Nalgonda", "Company": "M/s. Rishika Energy Systems Pvt Ltd Plot No.502 Main Road Mowya Nagar Gayathri Towers Kothapet", "Address": "M/s. Rishika Energy Systems Pvt Ltd Plot No.502 Main Road Mowya Nagar Gayathri Towers Kothapet", "Mineral": "Road Metal", "MineralTyp": "QL", "SurveyNumb": "143", "LandType": "Govt.Land", "Production": 400000, "Dispatch": 400000, "ETS": 600000, "Notice": 200000, "Reg_From": "2024-09-13", "Reg_To": "2025-09-12"}, "geometry": {"type": "Polygon", "coordinates": [[[79.153985, 17.070934], [79.153977, 17.071839], [79.154917, 17.071846], [79.154925, 17.070942], [79.153985, 17.070934]]]}}, {"type": "Feature", "properties": {"District": "Nalgonda", "Mandal": "Nalgonda", "Company": "M/s. Iscientific Techsolutions Labs 133/1/B 1st Floor Phase II IDA Cherlapally \u2013", "Address": "M/s. Iscientific Techsolutions Labs 133/1/B 1st Floor Phase II IDA Cherlapally \u2013", "Mineral": "Road Metal", "MineralTyp": "QL", "SurveyNumb": "143", "LandType": "Govt.Land", "Production": 400000, "Dispatch": 400000, "ETS": 600000, "Notice": 200000, "Reg_From": "2022-07-14", "Reg_To": "2023-07-13"}, "geometry": {"type": "Polygon", "coordinates": [[[79.243586, 17.118242], [79.243578, 17.119146], [79.244519, 17.119153], [79.244526, 17.118249], [79.243586, 17.118242]]]}}, {"type": "Feature", "properties": {"District": "Adilabad", "Mandal": "Mandamarri", "Company": "M/s. Sri Balaji Electricals Plot No.35 H. No. 38301 Chandrapuri Colony Road No.1 L.B. Nagar \u2013", "Address": "M/s. Sri Balaji Electricals Plot No.35 H. No. 38301 Chandrapuri Colony Road No.1 L.B. Nagar \u2013", "Mineral": "Road Metal", "MineralTyp": "QL", "SurveyNumb": "299", "LandType": "Govt.Land", "Production": 400000, "Dispatch": 400000, "ETS": 600000, "Notice": 200000, "Reg_From": "2024-06-19", "Reg_To": "2025-06-18"}, "geometry": {"type": "Polygon", "coordinates": [[[79.489835, 18.918392], [79.489829, 18.919295], [79.490778, 18.919301], [79.490784, 18.918398], [79.489835, 18.918392]]]}}, {"type": "Feature", "properties": {"District": "Nalgonda", "Mandal": "Ramannapeta", "Company": "M/s. Raminfo Limited 3225/SH/401 3rd Floor Sterling Heights Mahindra Mind SpaceKavuri Hills GB PET Phase \u2013 2 \u2013", "Address": "M/s. Raminfo Limited 3225/SH/401 3rd Floor Sterling Heights Mahindra Mind SpaceKavuri Hills GB PET Phase \u2013 2 \u2013", "Mineral": "Road Metal", "MineralTyp": "QL", "SurveyNumb": "81", "LandType": "Patta Land", "Production": 400000, "Dispatch": 400000, "ETS": 600000, "Notice": 200000, "Reg_From": "2021-02-27", "Reg_To": "2023-02-26"}, "geometry": {"type": "Polygon", "coordinates": [[[79.032377, 17.297349], [79.032369, 17.298254], [79.03331, 17.298262], [79.033318, 17.297358], [79.032377, 17.297349]]]}}, {"type": "Feature", "properties": {"District": "Nalgonda", "Mandal": "Ramannapeta", "Company": "M/s. Aasha Techno Enterprises /6 Humayun Nagar Masab Tank", "Address": "M/s. Aasha Techno Enterprises /6 Humayun Nagar Masab Tank", "Mineral": "Road Metal", "MineralTyp": "QL", "SurveyNumb": "121", "LandType": "Govt.Land", "Production": 400000, "Dispatch": 400000, "ETS": 600000, "Notice": 200000, "Reg_From": "2021-02-27", "Reg_To": "2023-02-26"}, "geometry": {"type": "Polygon", "coordinates": [[[79.019504, 17.29804], [79.019495, 17.298944], [79.020436, 17.298952], [79.020445, 17.298048], [79.019504, 17.29804]]]}}, {"type": "Feature", "properties": {"District": "Nalgonda", "Mandal": "Narketpalle", "Company": "M/s. Surya Projects H.No.11263/1 Bypass Road Beside Oriental Bank of Commerce Jagitial \u2013", "Address": "M/s. Surya Projects H.No.11263/1 Bypass Road Beside Oriental Bank of Commerce Jagitial \u2013", "Mineral": "Road Metal", "MineralTyp": "QL", "SurveyNumb": "356", "LandType": "Govt.Land", "Production": 400000, "Dispatch": 400000, "ETS": 600000, "Notice": 200000, "Reg_From": "2021-03-17", "Reg_To": "2022-03-16"}, "geometry": {"type": "Polygon", "coordinates": [[[79.245042, 17.286892], [79.245035, 17.287796], [79.245976, 17.287803], [79.245984, 17.286899], [79.245042, 17.286892]]]}}, {"type": "Feature", "properties": {"District": "Nalgonda", "Mandal": "Mothkur", "Company": "M/s. Technosoft Solutions H.No.83191/59 Ramchandra NivasFlat No.102 1st Floor Vengal Rao Nagar SR Nagar \u2013", "Address": "M/s. Technosoft Solutions H.No.83191/59 Ramchandra NivasFlat No.102 1st Floor Vengal Rao Nagar SR Nagar \u2013", "Mineral": "Colour Granite", "MineralTyp": "QL", "SurveyNumb": "223", "LandType": "Patta Land", "Production": 75000, "Dispatch": 75000, "ETS": 100000, "Notice": 25000, "Reg_From": "2021-03-17", "Reg_To": "2022-03-16"}, "geometry": {"type": "Polygon", "coordinates": [[[79.210754, 17.400886], [79.210746, 17.40179], [79.211688, 17.401797], [79.211695, 17.400893], [79.210754, 17.400886]]]}}, {"type": "Feature", "properties": {"District": "Nalgonda", "Mandal": "Mothkur", "Company": "M/s. Avya and Technologies Pvt Ltd Plot No.145 SY.No. 244 & 316 Subhash Nagar Jeedimetla \u2013", "Address": "M/s. Avya and Technologies Pvt Ltd Plot No.145 SY.No. 244 & 316 Subhash Nagar Jeedimetla \u2013", "Mineral": "Road Metal", "MineralTyp": "QL", "SurveyNumb": "218", "LandType": "Patta Land", "Production": 400000, "Dispatch": 400000, "ETS": 600000, "Notice": 200000, "Reg_From": "2021-03-17", "Reg_To": "2023-03-16"}, "geometry": {"type": "Polygon", "coordinates": [[[79.291544, 17.383375], [79.291537, 17.384279], [79.292479, 17.384286], [79.292486, 17.383382], [79.291544, 17.383375]]]}}, {"type": "Feature", "properties": {"District": "Nalgonda", "Mandal": "Kethepalle", "Company": "M/s. Fugenic Computer Services Pvt Ltd HNo. 7179 & 80 3rd FloorAnand Capital Building Ameerpet \u2013 16", "Address": "M/s. Fugenic Computer Services Pvt Ltd HNo. 7179 & 80 3rd FloorAnand Capital Building Ameerpet \u2013 16", "Mineral": "Colour Granite", "MineralTyp": "QL", "SurveyNumb": "100, 265", "LandType": "Govt.Land", "Production": 75000, "Dispatch": 75000, "ETS": 100000, "Notice": 25000, "Reg_From": "2021-03-23", "Reg_To": "2022-03-22"}, "geometry": {"type": "Polygon", "coordinates": [[[79.499328, 17.229246], [79.499322, 17.230151], [79.500263, 17.230157], [79.500269, 17.229252], [79.499328, 17.229246]]]}}, {"type": "Feature", "properties": {"District": "Nalgonda", "Mandal": "Nakrekal", "Company": "M/s. Sri Venkateswara Electrical & Civil Contractors H.No. 73365/A Vijaya Nagar ColonyBypass Road Khammam \u2013", "Address": "M/s. Sri Venkateswara Electrical & Civil Contractors H.No. 73365/A Vijaya Nagar ColonyBypass Road Khammam \u2013", "Mineral": "Black Granite", "MineralTyp": "QL", "SurveyNumb": "103", "LandType": "Govt.Land", "Production": 100000, "Dispatch": 100000, "ETS": 120000, "Notice": 20000, "Reg_From": "2021-03-23", "Reg_To": "2022-03-22"}, "geometry": {"type": "Polygon", "coordinates": [[[79.481272, 17.24504], [79.481265, 17.245945], [79.482206, 17.245951], [79.482213, 17.245046], [79.481272, 17.24504]]]}}, {"type": "Feature", "properties": {"District": "Nalgonda", "Mandal": "Thirumalgiri", "Company": "M/s. Sunrays Agencies H.No./1 Narasimhapuri Colony Kothapet \u2013", "Address": "M/s. Sunrays Agencies H.No./1 Narasimhapuri Colony Kothapet \u2013", "Mineral": "Road Metal", "MineralTyp": "QL", "SurveyNumb": "69/2", "LandType": "Govt.Land", "Production": 400000, "Dispatch": 400000, "ETS": 600000, "Notice": 200000, "Reg_From": "2021-03-23", "Reg_To": "2022-03-22"}, "geometry": {"type": "Polygon", "coordinates": [[[79.437029, 17.438054], [79.437023, 17.438958], [79.437965, 17.438964], [79.437971, 17.43806], [79.437029, 17.438054]]]}}, {"type": "Feature", "properties": {"District": "Nalgonda", "Mandal": "Thirumalgiri", "Company": "M/s. VNR Constructions MIG II 45 9th Phase KPHB Colony \u2013", "Address": "M/s. VNR Constructions MIG II 45 9th Phase KPHB Colony \u2013", "Mineral": "Road Metal", "MineralTyp": "QL", "SurveyNumb": "69/4", "LandType": "Govt.Land", "Production": 400000, "Dispatch": 400000, "ETS": 600000, "Notice": 200000, "Reg_From": "2021-03-23", "Reg_To": "2022-03-22"}, "geometry": {"type": "Polygon", "coordinates": [[[79.480863, 17.466788], [79.480857, 17.467692], [79.481799, 17.467698], [79.481805, 17.466794], [79.480863, 17.466788]]]}}, {"type": "Feature", "properties": {"District": "Nalgonda", "Mandal": "Thirumalgiri", "Company": "M/s. Praveen Electrical Engineering Works H.No. 22297/2 Plot No.415 Yellamma Banda Kukutpally \u2013", "Address": "M/s. Praveen Electrical Engineering Works H.No. 22297/2 Plot No.415 Yellamma Banda Kukutpally \u2013", "Mineral": "Road Metal", "MineralTyp": "QL", "SurveyNumb": "69/5", "LandType": "Govt.Land", "Production": 400000, "Dispatch": 400000, "ETS": 600000, "Notice": 200000, "Reg_From": "2021-03-23", "Reg_To": "2022-03-22"}, "geometry": {"type": "Polygon", "coordinates": [[[79.428567, 17.471347], [79.42856, 17.472251], [79.429502, 17.472258], [79.429509, 17.471353], [79.428567, 17.471347]]]}}, {"type": "Feature", "properties": {"District": "Nalgonda", "Mandal": "Thirumalgiri", "Company": "M/s. NVS Electricals & Systems Plot No.34 1850/1/8 Krishna Nagar Colony P.G. RoadSecunderabad \u2013", "Address": "M/s. NVS Electricals & Systems Plot No.34 1850/1/8 Krishna Nagar Colony P.G. RoadSecunderabad \u2013", "Mineral": "Road Metal", "MineralTyp": "QL", "SurveyNumb": "211/3", "LandType": "Govt.Land", "Production": 400000, "Dispatch": 400000, "ETS": 600000, "Notice": 200000, "Reg_From": "2021-03-23", "Reg_To": "2022-03-22"}, "geometry": {"type": "Polygon", "coordinates": [[[79.478985, 17.436123], [79.478978, 17.437027], [79.47992, 17.437033], [79.479927, 17.436129], [79.478985, 17.436123]]]}}, {"type": "Feature", "properties": {"District": "Nalgonda", "Mandal": "Suryapet", "Company": "M/s. Flowcentric Technologies (India) Pvt Ltd H.No. 189/A/25 Plot No.13 2nd Floor Nector Gardens Kavuri Hills Madhapur \u2013", "Address": "M/s. Flowcentric Technologies (India) Pvt Ltd H.No. 189/A/25 Plot No.13 2nd Floor Nector Gardens Kavuri Hills Madhapur \u2013", "Mineral": "Road Metal", "MineralTyp": "QL", "SurveyNumb": "683", "LandType": "Govt.Land", "Production": 400000, "Dispatch": 400000, "ETS": 600000, "Notice": 200000, "Reg_From": "2021-03-23", "Reg_To": "2023-03-22"}, "geometry": {"type": "Polygon", "coordinates": [[[79.512764, 17.265601], [79.512758, 17.266505], [79.513699, 17.266511], [79.513705, 17.265607], [79.512764, 17.265601]]]}}, {"type": "Feature", "properties": {"District": "Adilabad", "Mandal": "Narnoor", "Company": "M/s. Vinci Global Pvt Ltd 189/A/25 Plot1 1st Floor Kavuri Hills Madhapur \u2013", "Address": "M/s. Vinci Global Pvt Ltd 189/A/25 Plot1 1st Floor Kavuri Hills Madhapur \u2013", "Mineral": "Road Metal", "MineralTyp": "QL", "SurveyNumb": "89/A", "LandType": "Patta Land", "Production": 400000, "Dispatch": 400000, "ETS": 600000, "Notice": 200000, "Reg_From": "2021-03-23", "Reg_To": "2023-03-22"}, "geometry": {"type": "Polygon", "coordinates": [[[78.909036, 19.504308], [78.909026, 19.505211], [78.909978, 19.505219], [78.909988, 19.504317], [78.909036, 19.504308]]]}}, {"type": "Feature", "properties": {"District": "Adilabad", "Mandal": "Narnoor", "Company": "M/s. HR Infratel India Private Limited H.No. 82350/3/2/302 Sri Vasista Apurva3rd Floor Green Valley Road No3 Banjara Hills \u2013", "Address": "M/s. HR Infratel India Private Limited H.No. 82350/3/2/302 Sri Vasista Apurva3rd Floor Green Valley Road No3 Banjara Hills \u2013", "Mineral": "Road Metal", "MineralTyp": "QL", "SurveyNumb": "48/U", "LandType": "Patta Land", "Production": 400000, "Dispatch": 400000, "ETS": 600000, "Notice": 200000, "Reg_From": "2021-03-23", "Reg_To": "2023-03-22"}, "geometry": {"type": "Polygon", "coordinates": [[[78.873293, 19.497459], [78.873284, 19.498361], [78.874236, 19.49837], [78.874245, 19.497468], [78.873293, 19.497459]]]}}, {"type": "Feature", "properties": {"District": "Nalgonda", "Mandal": "Kethepalle", "Company": "M/s. Shiva Baba Engineering Works /2/1 H.P. Road Moosapet", "Address": "M/s. Shiva Baba Engineering Works /2/1 H.P. Road Moosapet", "Mineral": "Road Metal", "MineralTyp": "QL", "SurveyNumb": "512", "LandType": "Govt.Land", "Production": 400000, "Dispatch": 400000, "ETS": 600000, "Notice": 200000, "Reg_From": "2021-03-24", "Reg_To": "2022-03-23"}, "geometry": {"type": "Polygon", "coordinates": [[[79.444432, 17.159011], [79.444425, 17.159915], [79.445366, 17.159921], [79.445372, 17.159017], [79.444432, 17.159011]]]}}, {"type": "Feature", "properties": {"District": "Adilabad", "Mandal": "Narnoor", "Company": "M/s. VSA Infra Projects Pvt Ltd 10 1st Floor APIIC Building type 3 Prashanth Nagar IE Kukutpally 72", "Address": "M/s. VSA Infra Projects Pvt Ltd 10 1st Floor APIIC Building type 3 Prashanth Nagar IE Kukutpally 72", "Mineral": "Road Metal", "MineralTyp": "QL", "SurveyNumb": "445", "LandType": "Govt.Land", "Production": 400000, "Dispatch": 400000, "ETS": 600000, "Notice": 200000, "Reg_From": "2021-03-24", "Reg_To": "2022-03-23"}, "geometry": {"type": "Polygon", "coordinates": [[[78.851018, 19.496546], [78.851009, 19.497449], [78.851961, 19.497458], [78.85197, 19.496555], [78.851018, 19.496546]]]}}, {"type": "Feature", "properties": {"District": "Adilabad", "Mandal": "Narnoor", "Company": "M/s. Cosyn Limited Plot No.15 TP House 3rd Floor Jaihind Enclave Madhapur", "Address": "M/s. Cosyn Limited Plot No.15 TP House 3rd Floor Jaihind Enclave Madhapur", "Mineral": "Road Metal", "MineralTyp": "QL", "SurveyNumb": "89", "LandType": "Patta Land", "Production": 400000, "Dispatch": 400000, "ETS": 600000, "Notice": 200000, "Reg_From": "2021-03-25", "Reg_To": "2022-03-24"}, "geometry": {"type": "Polygon", "coordinates": [[[78.826545, 19.49509], [78.826536, 19.495993], [78.827487, 19.496002], [78.827497, 19.495099], [78.826545, 19.49509]]]}}, {"type": "Feature", "properties": {"District": "Nalgonda", "Mandal": "Nakrekal", "Company": "M/s. SV Constructions 62188/404 Elite Residency Subash Nagar Nizamabad", "Address": "M/s. SV Constructions 62188/404 Elite Residency Subash Nagar Nizamabad", "Mineral": "Road Metal", "MineralTyp": "QL", "SurveyNumb": "536/2", "LandType": "Govt.Land", "Production": 400000, "Dispatch": 400000, "ETS": 600000, "Notice": 200000, "Reg_From": "2024-06-14", "Reg_To": "2026-06-13"}, "geometry": {"type": "Polygon", "coordinates": [[[79.402641, 17.174436], [79.402635, 17.17534], [79.403575, 17.175347], [79.403582, 17.174442], [79.402641, 17.174436]]]}}, {"type": "Feature", "properties": {"District": "Nalgonda", "Mandal": "Kattangoor", "Company": "M/s. Sri Virupaksha Electricals Pvt Ltd Flat No.205 Sai Heights Road No.6 Vijaya Nagar Colony Kukutpally", "Address": "M/s. Sri Virupaksha Electricals Pvt Ltd Flat No.205 Sai Heights Road No.6 Vijaya Nagar Colony Kukutpally", "Mineral": "Road Metal", "MineralTyp": "QL", "SurveyNumb": "54", "LandType": "Govt.Land", "Production": 400000, "Dispatch": 400000, "ETS": 600000, "Notice": 200000, "Reg_From": "2021-03-26", "Reg_To": "2022-03-25"}, "geometry": {"type": "Polygon", "coordinates": [[[79.386315, 17.199057], [79.386308, 17.199962], [79.387249, 17.199968], [79.387255, 17.199064], [79.386315, 17.199057]]]}}, {"type": "Feature", "properties": {"District": "Nalgonda", "Mandal": "Narketpalle", "Company": "M/s. Vijay Electricals Works 11275/3B Laxmi Saraswathi Complex Alwal Secunderabad", "Address": "M/s. Vijay Electricals Works 11275/3B Laxmi Saraswathi Complex Alwal Secunderabad", "Mineral": "Feldspar", "MineralTyp": "QL", "SurveyNumb": "200/A", "LandType": "Patta Land", "Production": 250000, "Dispatch": 250000, "ETS": 265000, "Notice": 15000, "Reg_From": "2021-03-26", "Reg_To": "2023-03-25"}, "geometry": {"type": "Polygon", "coordinates": [[[79.289115, 17.348665], [79.289107, 17.349569], [79.290049, 17.349576], [79.290056, 17.348672], [79.289115, 17.348665]]]}}, {"type": "Feature", "properties": {"District": "Adilabad", "Mandal": "Inderavelly", "Company": "M/s. V4E Conscious 10814/A/1 Humayan Nagar Mehidipatnam", "Address": "M/s. V4E Conscious 10814/A/1 Humayan Nagar Mehidipatnam", "Mineral": "Feldspar", "MineralTyp": "QL", "SurveyNumb": "389/1,162", "LandType": "Govt.Land", "Production": 250000, "Dispatch": 250000, "ETS": 265000, "Notice": 15000, "Reg_From": "2021-03-27", "Reg_To": "2023-03-26"}, "geometry": {"type": "Polygon", "coordinates": [[[78.653652, 19.439591], [78.653642, 19.440493], [78.654594, 19.440503], [78.654604, 19.4396], [78.653652, 19.439591]]]}}, {"type": "Feature", "properties": {"District": "Adilabad", "Mandal": "Narnoor", "Company": "M/s. Chinmayi Enterprises H.No. 250/5/1 Ammenapur Opp: Water tank Patan Cheruvu Medak", "Address": "M/s. Chinmayi Enterprises H.No. 250/5/1 Ammenapur Opp: Water tank Patan Cheruvu Medak", "Mineral": "Road Metal", "MineralTyp": "QL", "SurveyNumb": "580", "LandType": "Govt.Land", "Production": 400000, "Dispatch": 400000, "ETS": 600000, "Notice": 200000, "Reg_From": "2021-03-31", "Reg_To": "2022-03-30"}, "geometry": {"type": "Polygon", "coordinates": [[[78.914576, 19.488573], [78.914566, 19.489476], [78.915518, 19.489484], [78.915527, 19.488582], [78.914576, 19.488573]]]}}, {"type": "Feature", "properties": {"District": "Nalgonda", "Mandal": "Thirumalgiri", "Company": "M/s. Pawan and Telecom Ltd 204 Ashoka Plaza Khairatabad Masab Tank . Telangana", "Address": "M/s. Pawan and Telecom Ltd 204 Ashoka Plaza Khairatabad Masab Tank . Telangana", "Mineral": "Road Metal", "MineralTyp": "QL", "SurveyNumb": "192", "LandType": "Govt.Land", "Production": 400000, "Dispatch": 400000, "ETS": 600000, "Notice": 200000, "Reg_From": "2021-04-03", "Reg_To": "2022-04-02"}, "geometry": {"type": "Polygon", "coordinates": [[[79.53261, 17.456787], [79.532603, 17.457691], [79.533546, 17.457697], [79.533552, 17.456793], [79.53261, 17.456787]]]}}, {"type": "Feature", "properties": {"District": "Nalgonda", "Mandal": "Thungathurthi", "Company": "M/s. A Ambica Engineering Works Plot No. 218 IDA Cherlapally PhaseII", "Address": "M/s. A Ambica Engineering Works Plot No. 218 IDA Cherlapally PhaseII", "Mineral": "Road Metal", "MineralTyp": "QL", "SurveyNumb": "441/1", "LandType": "Govt.Land", "Production": 400000, "Dispatch": 400000, "ETS": 600000, "Notice": 200000, "Reg_From": "2021-04-08", "Reg_To": "2022-04-07"}, "geometry": {"type": "Polygon", "coordinates": [[[79.549863, 17.444289], [79.549857, 17.445193], [79.550799, 17.445199], [79.550805, 17.444295], [79.549863, 17.444289]]]}}, {"type": "Feature", "properties": {"District": "Nalgonda", "Mandal": "Thungathurthi", "Company": "M/s. Sreekanth Electrical Products H.No. 4152/22 SY.No. 7B/A/1/1 Cheryal Keesara", "Address": "M/s. Sreekanth Electrical Products H.No. 4152/22 SY.No. 7B/A/1/1 Cheryal Keesara", "Mineral": "Road Metal", "MineralTyp": "QL", "SurveyNumb": "393", "LandType": "Govt.Land", "Production": 400000, "Dispatch": 400000, "ETS": 600000, "Notice": 200000, "Reg_From": "2021-04-08", "Reg_To": "2022-04-07"}, "geometry": {"type": "Polygon", "coordinates": [[[79.598163, 17.456003], [79.598157, 17.456908], [79.599099, 17.456913], [79.599105, 17.456009], [79.598163, 17.456003]]]}}, {"type": "Feature", "properties": {"District": "Nalgonda", "Mandal": "Thungathurthi", "Company": "M/s. Kanyaka Parameshwari Engineering Ltd 321 Manjeera Majestic Commerical JNTU Hitech city Road KPHB \u2013 72", "Address": "M/s. Kanyaka Parameshwari Engineering Ltd 321 Manjeera Majestic Commerical JNTU Hitech city Road KPHB \u2013 72", "Mineral": "Feldspar", "MineralTyp": "QL", "SurveyNumb": "146/1 &146/2", "LandType": "Govt.Land", "Production": 250000, "Dispatch": 250000, "ETS": 265000, "Notice": 15000, "Reg_From": "2021-04-08", "Reg_To": "2022-04-07"}, "geometry": {"type": "Polygon", "coordinates": [[[79.66431, 17.453342], [79.664304, 17.454246], [79.665246, 17.454252], [79.665252, 17.453347], [79.66431, 17.453342]]]}}, {"type": "Feature", "properties": {"District": "Nalgonda", "Mandal": "Thungathurthi", "Company": "M/s. Risha Electric Pvt Ltd H.no.143/144 syno umarkhandaira abdullapurmett rangareddy. Telangana", "Address": "M/s. Risha Electric Pvt Ltd H.no.143/144 syno umarkhandaira abdullapurmett rangareddy. Telangana", "Mineral": "Road Metal", "MineralTyp": "QL", "SurveyNumb": "393/2", "LandType": "Govt.Land", "Production": 400000, "Dispatch": 400000, "ETS": 600000, "Notice": 200000, "Reg_From": "2021-04-08", "Reg_To": "2023-04-07"}, "geometry": {"type": "Polygon", "coordinates": [[[79.647329, 17.433644], [79.647323, 17.434548], [79.648265, 17.434554], [79.648271, 17.43365], [79.647329, 17.433644]]]}}, {"type": "Feature", "properties": {"District": "Nalgonda", "Mandal": "M.Turkapalle", "Company": "M/s. C S R Technologies 674 Main Road Sathupally khammam Telangana", "Address": "M/s. C S R Technologies 674 Main Road Sathupally khammam Telangana", "Mineral": "Quartz", "MineralTyp": "QL", "SurveyNumb": "609", "LandType": "Govt.Land", "Production": 250000, "Dispatch": 250000, "ETS": 255000, "Notice": 5000, "Reg_From": "2021-04-12", "Reg_To": "2022-04-11"}, "geometry": {"type": "Polygon", "coordinates": [[[78.880443, 17.686201], [78.880433, 17.687105], [78.881377, 17.687114], [78.881386, 17.68621], [78.880443, 17.686201]]]}}, {"type": "Feature", "properties": {"District": "Nalgonda", "Mandal": "Rajapet", "Company": "M/s. Vnu Corporate Services LLP 10/A 2nd Floor Jasthi Towers BkGuda Sr Nagar", "Address": "M/s. Vnu Corporate Services LLP 10/A 2nd Floor Jasthi Towers BkGuda Sr Nagar", "Mineral": "Road Metal", "MineralTyp": "QL", "SurveyNumb": "393", "LandType": "Govt.Land", "Production": 400000, "Dispatch": 400000, "ETS": 600000, "Notice": 200000, "Reg_From": "2021-04-12", "Reg_To": "2022-04-11"}, "geometry": {"type": "Polygon", "coordinates": [[[78.906854, 17.668118], [78.906845, 17.669022], [78.907788, 17.66903], [78.907797, 17.668126], [78.906854, 17.668118]]]}}, {"type": "Feature", "properties": {"District": "Nalgonda", "Mandal": "M.Turkapalle", "Company": "M/s. Pro Lite India F#102 Gayatri Plaza Alugaddabavi Secunderabad", "Address": "M/s. Pro Lite India F#102 Gayatri Plaza Alugaddabavi Secunderabad", "Mineral": "Quartz", "MineralTyp": "QL", "SurveyNumb": "329,91", "LandType": "Govt.Land", "Production": 250000, "Dispatch": 250000, "ETS": 255000, "Notice": 5000, "Reg_From": "2021-04-13", "Reg_To": "2022-04-12"}, "geometry": {"type": "Polygon", "coordinates": [[[78.888832, 17.646813], [78.888823, 17.647717], [78.889766, 17.647726], [78.889775, 17.646822], [78.888832, 17.646813]]]}}, {"type": "Feature", "properties": {"District": "Nalgonda", "Mandal": "Yadagirigutta", "Company": "M/s. Anil Electrical and Sanitary Goods Stores Main Road Br.Office. 820 8th Floor Manje era Majestic JNTU Road KPHB Medchal Malkajgiri Dist New Br. Office Adress: Plot No.25/A Jaya Enclave New Bowenpally", "Address": "M/s. Anil Electrical and Sanitary Goods Stores Main Road Br.Office. 820 8th Floor Manje era Majestic JNTU Road KPHB Medchal Malkajgiri Dist New Br. Office Adress: Plot No.25/A Jaya Enclave New Bowenpally", "Mineral": "Feldspar", "MineralTyp": "QL", "SurveyNumb": "149,150&151", "LandType": "Govt.Land", "Production": 250000, "Dispatch": 250000, "ETS": 265000, "Notice": 15000, "Reg_From": "2021-04-15", "Reg_To": "2023-04-14"}, "geometry": {"type": "Polygon", "coordinates": [[[78.923545, 17.631604], [78.923536, 17.632508], [78.924478, 17.632516], [78.924487, 17.631612], [78.923545, 17.631604]]]}}, {"type": "Feature", "properties": {"District": "Nalgonda", "Mandal": "Thungathurthi", "Company": "M/s. S K Electricals 744 Anushakthinagar Dammaiguda Nagaram Po", "Address": "M/s. S K Electricals 744 Anushakthinagar Dammaiguda Nagaram Po", "Mineral": "Road Metal", "MineralTyp": "QL", "SurveyNumb": "132", "LandType": "Govt.Land", "Production": 400000, "Dispatch": 400000, "ETS": 600000, "Notice": 200000, "Reg_From": "2021-04-16", "Reg_To": "2023-04-15"}, "geometry": {"type": "Polygon", "coordinates": [[[79.586278, 17.405693], [79.586272, 17.406597], [79.587214, 17.406602], [79.58722, 17.405698], [79.586278, 17.405693]]]}}, {"type": "Feature", "properties": {"District": "Nalgonda", "Mandal": "Thungathurthi", "Company": "M/s. Rathna Engineering Technologies Survey No 312 Rampally to Cherlapally Main Road Rampally Village Keesara Mandal Telangana", "Address": "M/s. Rathna Engineering Technologies Survey No 312 Rampally to Cherlapally Main Road Rampally Village Keesara Mandal Telangana", "Mineral": "Feldspar", "MineralTyp": "QL", "SurveyNumb": "1027/1/A", "LandType": "Govt.Land", "Production": 250000, "Dispatch": 250000, "ETS": 265000, "Notice": 15000, "Reg_From": "2021-04-17", "Reg_To": "2023-04-16"}, "geometry": {"type": "Polygon", "coordinates": [[[79.63204, 17.359339], [79.632035, 17.360244], [79.632976, 17.360249], [79.632982, 17.359345], [79.63204, 17.359339]]]}}, {"type": "Feature", "properties": {"District": "Nalgonda", "Mandal": "Jajireddi Gudem", "Company": "M/s. Kakatiya Energy Systems Pvt Ltd D2 Industrial Estate Moulali", "Address": "M/s. Kakatiya Energy Systems Pvt Ltd D2 Industrial Estate Moulali", "Mineral": "Quartz", "MineralTyp": "QL", "SurveyNumb": "570", "LandType": "Govt.Land", "Production": 250000, "Dispatch": 250000, "ETS": 255000, "Notice": 5000, "Reg_From": "2021-04-19", "Reg_To": "2022-04-18"}, "geometry": {"type": "Polygon", "coordinates": [[[79.541909, 17.370601], [79.541903, 17.371505], [79.542845, 17.371511], [79.542851, 17.370607], [79.541909, 17.370601]]]}}, {"type": "Feature", "properties": {"District": "Nalgonda", "Mandal": "Thungathurthi", "Company": "M/s. G. Mastan Reddy 18450/1/A21 1st floor Indian Airlines Colony Begumpet", "Address": "M/s. G. Mastan Reddy 18450/1/A21 1st floor Indian Airlines Colony Begumpet", "Mineral": "Road Metal", "MineralTyp": "QL", "SurveyNumb": "393", "LandType": "Govt.Land", "Production": 400000, "Dispatch": 400000, "ETS": 600000, "Notice": 200000, "Reg_From": "2021-04-19", "Reg_To": "2022-04-18"}, "geometry": {"type": "Polygon", "coordinates": [[[79.555463, 17.404997], [79.555457, 17.405902], [79.556398, 17.405907], [79.556404, 17.405003], [79.555463, 17.404997]]]}}, {"type": "Feature", "properties": {"District": "Nalgonda", "Mandal": "Jajireddi Gudem", "Company": "M/s. Peb Structural Industry Plot No.11 Opp. IDPL beside HP Petrol Pump Balanagar", "Address": "M/s. Peb Structural Industry Plot No.11 Opp. IDPL beside HP Petrol Pump Balanagar", "Mineral": "Road Metal", "MineralTyp": "QL", "SurveyNumb": "132", "LandType": "Govt.Land", "Production": 400000, "Dispatch": 400000, "ETS": 600000, "Notice": 200000, "Reg_From": "2021-04-21", "Reg_To": "2022-04-20"}, "geometry": {"type": "Polygon", "coordinates": [[[79.573669, 17.301753], [79.573663, 17.302657], [79.574604, 17.302663], [79.57461, 17.301759], [79.573669, 17.301753]]]}}, {"type": "Feature", "properties": {"District": "Nalgonda", "Mandal": "Yadagirigutta", "Company": "M/s. Ambica Industries Plot No.7 Near CIPET College Phase2 IDA Cherlapally Hy derabad", "Address": "M/s. Ambica Industries Plot No.7 Near CIPET College Phase2 IDA Cherlapally Hy derabad", "Mineral": "Road Metal", "MineralTyp": "QL", "SurveyNumb": "132", "LandType": "Govt.Land", "Production": 400000, "Dispatch": 400000, "ETS": 600000, "Notice": 200000, "Reg_From": "2021-04-21", "Reg_To": "2023-04-20"}, "geometry": {"type": "Polygon", "coordinates": [[[78.912928, 17.588728], [78.912919, 17.589632], [78.913862, 17.58964], [78.913871, 17.588736], [78.912928, 17.588728]]]}}, {"type": "Feature", "properties": {"District": "Nalgonda", "Mandal": "Mothey", "Company": "M/s. Kakatiya Engineering Private Limited Plot No.140/A2 SVCOOP Industrial Estate IDA Bollaram Medak", "Address": "M/s. Kakatiya Engineering Private Limited Plot No.140/A2 SVCOOP Industrial Estate IDA Bollaram Medak", "Mineral": "Road Metal", "MineralTyp": "QL", "SurveyNumb": "393", "LandType": "Govt.Land", "Production": 400000, "Dispatch": 400000, "ETS": 600000, "Notice": 200000, "Reg_From": "2021-04-22", "Reg_To": "2022-04-21"}, "geometry": {"type": "Polygon", "coordinates": [[[79.829267, 17.202273], [79.829262, 17.203177], [79.830203, 17.203182], [79.830208, 17.202277], [79.829267, 17.202273]]]}}, {"type": "Feature", "properties": {"District": "Nalgonda", "Mandal": "Mothey", "Company": "M/s. SS Electrical Works 11031/1 Prakash Nagar Begumpet", "Address": "M/s. SS Electrical Works 11031/1 Prakash Nagar Begumpet", "Mineral": "Feldspar", "MineralTyp": "QL", "SurveyNumb": "222,223,& 224", "LandType": "Govt.Land", "Production": 250000, "Dispatch": 250000, "ETS": 265000, "Notice": 15000, "Reg_From": "2021-04-26", "Reg_To": "2022-04-25"}, "geometry": {"type": "Polygon", "coordinates": [[[79.767259, 17.229312], [79.767254, 17.230216], [79.768195, 17.230221], [79.7682, 17.229317], [79.767259, 17.229312]]]}}, {"type": "Feature", "properties": {"District": "Nalgonda", "Mandal": "Nadigudem", "Company": "M/s. R S Engineer And Project shop no.147 babu khan estate basheer bagh hyd", "Address": "M/s. R S Engineer And Project shop no.147 babu khan estate basheer bagh hyd", "Mineral": "Feldspar", "MineralTyp": "QL", "SurveyNumb": "377,389/1", "LandType": "Govt.Land", "Production": 250000, "Dispatch": 250000, "ETS": 265000, "Notice": 15000, "Reg_From": "2021-05-01", "Reg_To": "2022-04-30"}, "geometry": {"type": "Polygon", "coordinates": [[[79.841043, 17.143425], [79.841038, 17.14433], [79.841979, 17.144334], [79.841984, 17.14343], [79.841043, 17.143425]]]}}, {"type": "Feature", "properties": {"District": "Nalgonda", "Mandal": "Nadigudem", "Company": "M/s. Suguna Motors And Pumps 54187/5S.M.Modi Complex Karbala Maidan Mg Road Secunderabad", "Address": "M/s. Suguna Motors And Pumps 54187/5S.M.Modi Complex Karbala Maidan Mg Road Secunderabad", "Mineral": "Feldspar", "MineralTyp": "QL", "SurveyNumb": "169", "LandType": "Govt.Land", "Production": 250000, "Dispatch": 250000, "ETS": 265000, "Notice": 15000, "Reg_From": "2021-04-30", "Reg_To": "2022-04-29"}, "geometry": {"type": "Polygon", "coordinates": [[[79.87808, 17.15658], [79.878075, 17.157484], [79.879016, 17.157489], [79.879021, 17.156585], [79.87808, 17.15658]]]}}, {"type": "Feature", "properties": {"District": "Nalgonda", "Mandal": "Mattam Palle", "Company": "M/s. M Infratech India Pvt Ltd Plot No.28 Road No.4 Phase I Ida Cherlapally Telangana India", "Address": "M/s. M Infratech India Pvt Ltd Plot No.28 Road No.4 Phase I Ida Cherlapally Telangana India", "Mineral": "Road Metal", "MineralTyp": "QL", "SurveyNumb": "192", "LandType": "Govt.Land", "Production": 400000, "Dispatch": 400000, "ETS": 600000, "Notice": 200000, "Reg_From": "2021-05-03", "Reg_To": "2022-04-29"}, "geometry": {"type": "Polygon", "coordinates": [[[79.84591, 16.768979], [79.845905, 16.769883], [79.846844, 16.769888], [79.846848, 16.768984], [79.84591, 16.768979]]]}}, {"type": "Feature", "properties": {"District": "Nalgonda", "Mandal": "Mella Cheruvu", "Company": "M/s. Pixon Green Energy Private Limited 2nd Floor Star Avenue Nr. M oti Tanki Chowk Gymkhana Road Rajkot \u2013 . Gujarat. India", "Address": "M/s. Pixon Green Energy Private Limited 2nd Floor Star Avenue Nr. M oti Tanki Chowk Gymkhana Road Rajkot \u2013 . Gujarat. India", "Mineral": "Road Metal", "MineralTyp": "QL", "SurveyNumb": "441/2", "LandType": "Govt.Land", "Production": 400000, "Dispatch": 400000, "ETS": 600000, "Notice": 200000, "Reg_From": "2021-06-05", "Reg_To": "2023-06-04"}, "geometry": {"type": "Polygon", "coordinates": [[[79.887348, 16.793141], [79.887344, 16.794046], [79.888283, 16.79405], [79.888287, 16.793146], [79.887348, 16.793141]]]}}, {"type": "Feature", "properties": {"District": "Nalgonda", "Mandal": "Mattam Palle", "Company": "M/s. CHERIESH TECHNOLOGIES Plot no.6667SHOP NO.2SURVEYNO 13/A13/B 14/B BATCHUPALLY VILLAGE BACHUPALLY MANDAL MEDCHAL MALKAJGERI DISTRICT RANGA REDDY TELANGANA", "Address": "M/s. CHERIESH TECHNOLOGIES Plot no.6667SHOP NO.2SURVEYNO 13/A13/B 14/B BATCHUPALLY VILLAGE BACHUPALLY MANDAL MEDCHAL MALKAJGERI DISTRICT RANGA REDDY TELANGANA", "Mineral": "Road Metal", "MineralTyp": "QL", "SurveyNumb": "441/1", "LandType": "Govt.Land", "Production": 400000, "Dispatch": 400000, "ETS": 600000, "Notice": 200000, "Reg_From": "2023-10-16", "Reg_To": "2024-10-15"}, "geometry": {"type": "Polygon", "coordinates": [[[79.880077, 16.80594], [79.880073, 16.806844], [79.881012, 16.806849], [79.881016, 16.805944], [79.880077, 16.80594]]]}}, {"type": "Feature", "properties": {"District": "Nalgonda", "Mandal": "Huzurnagar", "Company": "M/s. Goldi Private Limited 1009 10th Floor Infinity Tower Beside Ayurvedic college Near Railway StationSurat395003GujaratIndia", "Address": "M/s. Goldi Private Limited 1009 10th Floor Infinity Tower Beside Ayurvedic college Near Railway StationSurat395003GujaratIndia", "Mineral": "Colour Granite", "MineralTyp": "QL", "SurveyNumb": "727/1", "LandType": "Govt.Land", "Production": 75000, "Dispatch": 75000, "ETS": 100000, "Notice": 25000, "Reg_From": "2021-08-02", "Reg_To": "2023-08-01"}, "geometry": {"type": "Polygon", "coordinates": [[[79.813166, 16.860873], [79.813161, 16.861777], [79.8141, 16.861782], [79.814105, 16.860878], [79.813166, 16.860873]]]}}, {"type": "Feature", "properties": {"District": "Nalgonda", "Mandal": "Huzurnagar", "Company": "M/s. LEO ENTERPRISES 851 PLOT NO76 LIC COLONY SUJATHA NAGAR PENDURTHY (M) Visakhapatnam AP Br.Office: Dr.No. 16305 Lane 6 Sri Sri Homes Saroornagar (m) Almasguda 79", "Address": "M/s. LEO ENTERPRISES 851 PLOT NO76 LIC COLONY SUJATHA NAGAR PENDURTHY (M) Visakhapatnam AP Br.Office: Dr.No. 16305 Lane 6 Sri Sri Homes Saroornagar (m) Almasguda 79", "Mineral": "Feldspar", "MineralTyp": "QL", "SurveyNumb": "56", "LandType": "Govt.Land", "Production": 250000, "Dispatch": 250000, "ETS": 265000, "Notice": 15000, "Reg_From": "2021-08-25", "Reg_To": "2022-08-24"}, "geometry": {"type": "Polygon", "coordinates": [[[79.820511, 16.873088], [79.820506, 16.873993], [79.821445, 16.873997], [79.82145, 16.873093], [79.820511, 16.873088]]]}}, {"type": "Feature", "properties": {"District": "Nalgonda", "Mandal": "Mattam Palle", "Company": "M/s. Saurashakthi #113BEshwaripuri Colony Sainikpuri postSecunderabad", "Address": "M/s. Saurashakthi #113BEshwaripuri Colony Sainikpuri postSecunderabad", "Mineral": "Road Metal", "MineralTyp": "QL", "SurveyNumb": "393", "LandType": "Govt.Land", "Production": 400000, "Dispatch": 400000, "ETS": 600000, "Notice": 200000, "Reg_From": "2024-08-25", "Reg_To": "2026-08-24"}, "geometry": {"type": "Polygon", "coordinates": [[[79.788352, 16.831643], [79.788347, 16.832548], [79.789286, 16.832553], [79.789291, 16.831648], [79.788352, 16.831643]]]}}, {"type": "Feature", "properties": {"District": "Nalgonda", "Mandal": "Huzurnagar", "Company": "M/s. BRITE SYSTEMS 22192 BHARATH NAGAR Bagh Ambeerpet", "Address": "M/s. BRITE SYSTEMS 22192 BHARATH NAGAR Bagh Ambeerpet", "Mineral": "Road Metal", "MineralTyp": "QL", "SurveyNumb": "441", "LandType": "Govt.Land", "Production": 400000, "Dispatch": 400000, "ETS": 600000, "Notice": 200000, "Reg_From": "2024-03-22", "Reg_To": "2026-03-21"}, "geometry": {"type": "Polygon", "coordinates": [[[79.851644, 16.923651], [79.851639, 16.924556], [79.852579, 16.92456], [79.852583, 16.923656], [79.851644, 16.923651]]]}}, {"type": "Feature", "properties": {"District": "Nalgonda", "Mandal": "Chilkur", "Company": "M/s. HYDROMO Second Floor Flat no:82293/ A/89/B Road No:9Jubilee Hil ls 33 Telangana.", "Address": "M/s. HYDROMO Second Floor Flat no:82293/ A/89/B Road No:9Jubilee Hil ls 33 Telangana.", "Mineral": "Road Metal", "MineralTyp": "QL", "SurveyNumb": "209", "LandType": "Govt.Land", "Production": 400000, "Dispatch": 400000, "ETS": 600000, "Notice": 200000, "Reg_From": "2024-12-27", "Reg_To": "2026-12-26"}, "geometry": {"type": "Polygon", "coordinates": [[[79.927222, 16.939078], [79.927218, 16.939982], [79.928158, 16.939986], [79.928162, 16.939082], [79.927222, 16.939078]]]}}, {"type": "Feature", "properties": {"District": "Nalgonda", "Mandal": "Kodad", "Company": "M/s. BLUELEAF ENERGY SOLUTIONS H NO 5948/11 PLOT NO 14/ RAGHAVA KALYAN ESTATES/ YAPRAL JJ NAGAR POST SAINIKPURI SECUNDERABAD/ KAPRA/ MEDCHEL", "Address": "M/s. BLUELEAF ENERGY SOLUTIONS H NO 5948/11 PLOT NO 14/ RAGHAVA KALYAN ESTATES/ YAPRAL JJ NAGAR POST SAINIKPURI SECUNDERABAD/ KAPRA/ MEDCHEL", "Mineral": "Road Metal", "MineralTyp": "QL", "SurveyNumb": "389", "LandType": "Govt.Land", "Production": 400000, "Dispatch": 400000, "ETS": 600000, "Notice": 200000, "Reg_From": "2021-09-21", "Reg_To": "2022-09-20"}, "geometry": {"type": "Polygon", "coordinates": [[[79.984297, 16.930721], [79.984293, 16.931625], [79.985233, 16.931629], [79.985237, 16.930725], [79.984297, 16.930721]]]}}, {"type": "Feature", "properties": {"District": "Nalgonda", "Mandal": "Kodad", "Company": "M/s. Sun Energy Solutions 34663/5/A Narayanguda TS", "Address": "M/s. Sun Energy Solutions 34663/5/A Narayanguda TS", "Mineral": "Road Metal", "MineralTyp": "QL", "SurveyNumb": "52", "LandType": "Patta Land", "Production": 400000, "Dispatch": 400000, "ETS": 600000, "Notice": 200000, "Reg_From": "2021-10-14", "Reg_To": "2022-10-13"}, "geometry": {"type": "Polygon", "coordinates": [[[79.993959, 16.93876], [79.993955, 16.939664], [79.994895, 16.939668], [79.994899, 16.938763], [79.993959, 16.93876]]]}}, {"type": "Feature", "properties": {"District": "Nalgonda", "Mandal": "Mella Cheruvu", "Company": "M/s. QBARONS NATURAL ENERGY SYSTEMS REG&PERMENENT ADDRESS D.NO: FLAT NO:201 VENKATACHALAPATHI RESIDENCY JAGANADHAPURAM AKKAYAPALEM VISAKHAPATNAM PIN", "Address": "M/s. QBARONS NATURAL ENERGY SYSTEMS REG&PERMENENT ADDRESS D.NO: FLAT NO:201 VENKATACHALAPATHI RESIDENCY JAGANADHAPURAM AKKAYAPALEM VISAKHAPATNAM PIN", "Mineral": "Road Metal", "MineralTyp": "QL", "SurveyNumb": "389", "LandType": "Govt.Land", "Production": 400000, "Dispatch": 400000, "ETS": 600000, "Notice": 200000, "Reg_From": "2021-10-19", "Reg_To": "2022-10-18"}, "geometry": {"type": "Polygon", "coordinates": [[[79.9596, 16.894674], [79.959596, 16.895578], [79.960535, 16.895582], [79.960539, 16.894678], [79.9596, 16.894674]]]}}, {"type": "Feature", "properties": {"District": "Mahbubnagar", "Mandal": "Chinnachintakunta", "Company": "M/s. KK ENTERPRISES H.NO 84203/A KAMAN TO KOTHIRAMPUR ROAD GANESH NAGAR OPP: MODI FORD KARIMNAGAR TELANGANA", "Address": "M/s. KK ENTERPRISES H.NO 84203/A KAMAN TO KOTHIRAMPUR ROAD GANESH NAGAR OPP: MODI FORD KARIMNAGAR TELANGANA", "Mineral": "Road Metal", "MineralTyp": "QL", "SurveyNumb": "230,231&232", "LandType": "Patta Land", "Production": 400000, "Dispatch": 400000, "ETS": 600000, "Notice": 200000, "Reg_From": "2025-03-24", "Reg_To": "2026-03-23"}, "geometry": {"type": "Polygon", "coordinates": [[[77.856482, 16.444958], [77.856468, 16.445863], [77.857405, 16.445876], [77.857419, 16.444971], [77.856482, 16.444958]]]}}, {"type": "Feature", "properties": {"District": "Mahbubnagar", "Mandal": "Narva", "Company": "M/s. VISION SOLUTIONS H.NO.722/1/B/2 Plot NO.160 bhagya Laxmi Colony Road No.4 Subash nagr Quthbulapur", "Address": "M/s. VISION SOLUTIONS H.NO.722/1/B/2 Plot NO.160 bhagya Laxmi Colony Road No.4 Subash nagr Quthbulapur", "Mineral": "Road Metal", "MineralTyp": "QL", "SurveyNumb": "53,54", "LandType": "Patta Land", "Production": 400000, "Dispatch": 400000, "ETS": 600000, "Notice": 200000, "Reg_From": "2021-11-26", "Reg_To": "2023-11-25"}, "geometry": {"type": "Polygon", "coordinates": [[[77.700545, 16.480735], [77.700531, 16.48164], [77.701468, 16.481654], [77.701483, 16.480749], [77.700545, 16.480735]]]}}, {"type": "Feature", "properties": {"District": "Nalgonda", "Mandal": "Huzurnagar", "Company": "M/s. Sourav Surya Projects Pvt Ltd 2223/1 GROUNDFLOOR MAIN ROAD VIVEKANANDANAGAR KUKATPALLY", "Address": "M/s. Sourav Surya Projects Pvt Ltd 2223/1 GROUNDFLOOR MAIN ROAD VIVEKANANDANAGAR KUKATPALLY", "Mineral": "Feldspar", "MineralTyp": "QL", "SurveyNumb": "68,69,70,&125", "LandType": "Govt.Land", "Production": 250000, "Dispatch": 250000, "ETS": 265000, "Notice": 15000, "Reg_From": "2018-07-23", "Reg_To": "2020-07-22"}, "geometry": {"type": "Polygon", "coordinates": [[[79.833805, 16.936315], [79.8338, 16.937219], [79.83474, 16.937224], [79.834745, 16.936319], [79.833805, 16.936315]]]}}, {"type": "Feature", "properties": {"District": "Nalgonda", "Mandal": "Garidepalle", "Company": "M/s. Sai Krishna Solutions H.No. 652 Raghunathpally (V& M) JANGAON Dist", "Address": "M/s. Sai Krishna Solutions H.No. 652 Raghunathpally (V& M) JANGAON Dist", "Mineral": "Road Metal", "MineralTyp": "QL", "SurveyNumb": "373", "LandType": "Govt.Land", "Production": 400000, "Dispatch": 400000, "ETS": 600000, "Notice": 200000, "Reg_From": "2022-01-10", "Reg_To": "2024-01-09"}, "geometry": {"type": "Polygon", "coordinates": [[[79.81354, 16.925098], [79.813535, 16.926003], [79.814474, 16.926007], [79.814479, 16.925103], [79.81354, 16.925098]]]}}, {"type": "Feature", "properties": {"District": "Nalgonda", "Mandal": "Garidepalle", "Company": "Ms Sri Laxmi Energy Systems Plot No.205 Sai Ram colony Hasthinapuram Karmanghat", "Address": "Ms Sri Laxmi Energy Systems Plot No.205 Sai Ram colony Hasthinapuram Karmanghat", "Mineral": "Quartz", "MineralTyp": "QL", "SurveyNumb": "75/1", "LandType": "Govt.Land", "Production": 250000, "Dispatch": 250000, "ETS": 255000, "Notice": 5000, "Reg_From": "2023-02-09", "Reg_To": "2025-02-08"}, "geometry": {"type": "Polygon", "coordinates": [[[79.732091, 16.931829], [79.732086, 16.932733], [79.733025, 16.932738], [79.733031, 16.931834], [79.732091, 16.931829]]]}}, {"type": "Feature", "properties": {"District": "Mahbubnagar", "Mandal": "Narva", "Company": "M/s. VERTEX ENTERPRISES Rgd off: 3762/1 SOUTHENDPAR K MANSOORABAD L B NAGAR", "Address": "M/s. VERTEX ENTERPRISES Rgd off: 3762/1 SOUTHENDPAR K MANSOORABAD L B NAGAR", "Mineral": "Quartz", "MineralTyp": "QL", "SurveyNumb": "14", "LandType": "Govt.Land", "Production": 250000, "Dispatch": 250000, "ETS": 255000, "Notice": 5000, "Reg_From": "2022-02-18", "Reg_To": "2023-02-17"}, "geometry": {"type": "Polygon", "coordinates": [[[77.64168, 16.544563], [77.641665, 16.545468], [77.642602, 16.545482], [77.642617, 16.544578], [77.64168, 16.544563]]]}}, {"type": "Feature", "properties": {"District": "Mahbubnagar", "Mandal": "Narva", "Company": "M/s. NATIONALFEDERATION OFFARMERSPROCUREMENTPROCESSINGRETAILING COOPERATIVES OFINDIA LTD Sub off: 36691/6 2nd FLOOR KVRANGAREDDYBUILDING ABOVE DTDC COURIEROPP AGARWALSWEET SHOP NARAYANAGUDAMAIN ROAD", "Address": "M/s. NATIONALFEDERATION OFFARMERSPROCUREMENTPROCESSINGRETAILING COOPERATIVES OFINDIA LTD Sub off: 36691/6 2nd FLOOR KVRANGAREDDYBUILDING ABOVE DTDC COURIEROPP AGARWALSWEET SHOP NARAYANAGUDAMAIN ROAD", "Mineral": "Feldspar", "MineralTyp": "QL", "SurveyNumb": "900,901,& 902", "LandType": "Patta Land", "Production": 250000, "Dispatch": 250000, "ETS": 265000, "Notice": 15000, "Reg_From": "2022-02-23", "Reg_To": "2023-02-22"}, "geometry": {"type": "Polygon", "coordinates": [[[77.677538, 16.534122], [77.677523, 16.535027], [77.678461, 16.535041], [77.678475, 16.534136], [77.677538, 16.534122]]]}}, {"type": "Feature", "properties": {"District": "Nalgonda", "Mandal": "Kodad", "Company": "M/s. PROCOR PENERTECH Pvt Ltd SHED: 109/4PHASE 2 LANE 17 IDACHERLAPALLI R.R.DIST HYD", "Address": "M/s. PROCOR PENERTECH Pvt Ltd SHED: 109/4PHASE 2 LANE 17 IDACHERLAPALLI R.R.DIST HYD", "Mineral": "Road Metal", "MineralTyp": "QL", "SurveyNumb": "432", "LandType": "Govt.Land", "Production": 400000, "Dispatch": 400000, "ETS": 600000, "Notice": 200000, "Reg_From": "2022-02-24", "Reg_To": "2023-02-23"}, "geometry": {"type": "Polygon", "coordinates": [[[79.962155, 17.011881], [79.962151, 17.012785], [79.963091, 17.012789], [79.963095, 17.011885], [79.962155, 17.011881]]]}}, {"type": "Feature", "properties": {"District": "Nalgonda", "Mandal": "Kodad", "Company": "M/s. AB SYSTEMS NIZAMPET FLAT NO 210 ADITYA LAKE VIEW TOWERS LAKE VIEWCOLONY TELANGANA.", "Address": "M/s. AB SYSTEMS NIZAMPET FLAT NO 210 ADITYA LAKE VIEW TOWERS LAKE VIEWCOLONY TELANGANA.", "Mineral": "Road Metal", "MineralTyp": "QL", "SurveyNumb": "486", "LandType": "Govt.Land", "Production": 400000, "Dispatch": 400000, "ETS": 600000, "Notice": 200000, "Reg_From": "2023-04-07", "Reg_To": "2025-04-06"}, "geometry": {"type": "Polygon", "coordinates": [[[79.934808, 17.017995], [79.934804, 17.018899], [79.935744, 17.018904], [79.935748, 17.017999], [79.934808, 17.017995]]]}}, {"type": "Feature", "properties": {"District": "Nalgonda", "Mandal": "Nadigudem", "Company": "M/s. SHREE ROOFTOP SOLUTIONS PRIVATE LIMITED 1881/G TEMPLE ALWAL MEDCHAL MALKAJGIRI DISTRICT TELANGANA", "Address": "M/s. SHREE ROOFTOP SOLUTIONS PRIVATE LIMITED 1881/G TEMPLE ALWAL MEDCHAL MALKAJGIRI DISTRICT TELANGANA", "Mineral": "Colour Granite", "MineralTyp": "QL", "SurveyNumb": "692", "LandType": "Govt.Land", "Production": 75000, "Dispatch": 75000, "ETS": 100000, "Notice": 25000, "Reg_From": "2024-05-09", "Reg_To": "2026-05-08"}, "geometry": {"type": "Polygon", "coordinates": [[[79.920724, 17.053742], [79.92072, 17.054647], [79.92166, 17.054651], [79.921664, 17.053747], [79.920724, 17.053742]]]}}, {"type": "Feature", "properties": {"District": "Mahbubnagar", "Mandal": "Dhanwada", "Company": "M/s.SUN ENERGY SYSTEMS PLOT NO :133/1/B PHASE2 IDA CHERLAPALLY MEDCHAL DT TELENGANA", "Address": "M/s.SUN ENERGY SYSTEMS PLOT NO :133/1/B PHASE2 IDA CHERLAPALLY MEDCHAL DT TELENGANA", "Mineral": "Colour Granite", "MineralTyp": "QL", "SurveyNumb": "252/1", "LandType": "Govt.Land", "Production": 75000, "Dispatch": 75000, "ETS": 100000, "Notice": 25000, "Reg_From": "2023-04-05", "Reg_To": "2024-04-04"}, "geometry": {"type": "Polygon", "coordinates": [[[77.655208, 16.569596], [77.655193, 16.570501], [77.656131, 16.570515], [77.656146, 16.56961], [77.655208, 16.569596]]]}}, {"type": "Feature", "properties": {"District": "Mahbubnagar", "Mandal": "Dhanwada", "Company": "M/s.Comuti Energy Private Limited No.403 Sai Silicon Heights Plot No 117 & 118 Road No.6 Ayyapp Society Madhapur", "Address": "M/s.Comuti Energy Private Limited No.403 Sai Silicon Heights Plot No 117 & 118 Road No.6 Ayyapp Society Madhapur", "Mineral": "Road Metal", "MineralTyp": "QL", "SurveyNumb": "486", "LandType": "Govt.Land", "Production": 400000, "Dispatch": 400000, "ETS": 600000, "Notice": 200000, "Reg_From": "2023-04-04", "Reg_To": "2025-04-04"}, "geometry": {"type": "Polygon", "coordinates": [[[77.666674, 16.577485], [77.666659, 16.578389], [77.667597, 16.578404], [77.667612, 16.577499], [77.666674, 16.577485]]]}}, {"type": "Feature", "properties": {"District": "Mahbubnagar", "Mandal": "Dhanwada", "Company": "M/s.Chaitanya Energy Pvt Ltd 601 Vishwa Central Nizamia Observatory road Ameerpet .", "Address": "M/s.Chaitanya Energy Pvt Ltd 601 Vishwa Central Nizamia Observatory road Ameerpet .", "Mineral": "Colour Granite", "MineralTyp": "QL", "SurveyNumb": "173", "LandType": "Govt.Land", "Production": 75000, "Dispatch": 75000, "ETS": 100000, "Notice": 25000, "Reg_From": "2022-04-15", "Reg_To": "2024-04-14"}, "geometry": {"type": "Polygon", "coordinates": [[[77.645545, 16.602794], [77.64553, 16.603698], [77.646468, 16.603712], [77.646483, 16.602808], [77.645545, 16.602794]]]}}, {"type": "Feature", "properties": {"District": "Mahbubnagar", "Mandal": "Dhanwada", "Company": "M/s.Square Energy Private Limited G3 B wing Hetkunj V.P Road Fidai Baugh Lane Andheri West Mumbai", "Address": "M/s.Square Energy Private Limited G3 B wing Hetkunj V.P Road Fidai Baugh Lane Andheri West Mumbai", "Mineral": "Road Metal", "MineralTyp": "QL", "SurveyNumb": "59", "LandType": "Govt.Land", "Production": 400000, "Dispatch": 400000, "ETS": 600000, "Notice": 200000, "Reg_From": "2024-04-13", "Reg_To": "2026-04-12"}, "geometry": {"type": "Polygon", "coordinates": [[[77.700781, 16.601504], [77.700767, 16.602408], [77.701705, 16.602422], [77.701719, 16.601518], [77.700781, 16.601504]]]}}, {"type": "Feature", "properties": {"District": "Mahbubnagar", "Mandal": "Narva", "Company": "M/s. SILRES ENERGY SOLUTIONS PRIVATE LIMITED First Floor No.30/5 SOWBHAGYA1st CrossStreet Raja Annamalaipuram Chennai Tamil Nadu", "Address": "M/s. SILRES ENERGY SOLUTIONS PRIVATE LIMITED First Floor No.30/5 SOWBHAGYA1st CrossStreet Raja Annamalaipuram Chennai Tamil Nadu", "Mineral": "Black Granite", "MineralTyp": "QL", "SurveyNumb": "168", "LandType": "Govt.Land", "Production": 150000, "Dispatch": 150000, "ETS": 165000, "Notice": 15000, "Reg_From": "2023-04-04", "Reg_To": "2025-04-03"}, "geometry": {"type": "Polygon", "coordinates": [[[77.71079, 16.563528], [77.710776, 16.564432], [77.711714, 16.564446], [77.711728, 16.563542], [77.71079, 16.563528]]]}}, {"type": "Feature", "properties": {"District": "Nalgonda", "Mandal": "Nadigudem", "Company": "M/s. NATURAL ENERGIES H.NO: 21495ADHARSHA OLONY ROAD NO1 SAMMAIAH NAGARNEAR KU 'X ROAD HANAMKONDA", "Address": "M/s. NATURAL ENERGIES H.NO: 21495ADHARSHA OLONY ROAD NO1 SAMMAIAH NAGARNEAR KU 'X ROAD HANAMKONDA", "Mineral": "Road Metal", "MineralTyp": "QL", "SurveyNumb": "31 & 32", "LandType": "Govt.Land", "Production": 400000, "Dispatch": 400000, "ETS": 600000, "Notice": 200000, "Reg_From": "2024-04-22", "Reg_To": "2026-04-21"}, "geometry": {"type": "Polygon", "coordinates": [[[79.879921, 17.069612], [79.879917, 17.070516], [79.880857, 17.070521], [79.880862, 17.069616], [79.879921, 17.069612]]]}}, {"type": "Feature", "properties": {"District": "Nalgonda", "Mandal": "Mothey", "Company": "M/s. OAKSUN ELECTRIX INDIA PVT LTD F1 Plot No.1536 Vensa HomesDoctors Colony Pragathi Nagar Nizampet", "Address": "M/s. OAKSUN ELECTRIX INDIA PVT LTD F1 Plot No.1536 Vensa HomesDoctors Colony Pragathi Nagar Nizampet", "Mineral": "Road Metal", "MineralTyp": "QL", "SurveyNumb": "31 & 32", "LandType": "Govt.Land", "Production": 400000, "Dispatch": 400000, "ETS": 600000, "Notice": 200000, "Reg_From": "2023-09-29", "Reg_To": "2024-09-28"}, "geometry": {"type": "Polygon", "coordinates": [[[79.75049, 17.128675], [79.750485, 17.129579], [79.751426, 17.129584], [79.751431, 17.12868], [79.75049, 17.128675]]]}}, {"type": "Feature", "properties": {"District": "Mahbubnagar", "Mandal": "Bhoothpur", "Company": "M/s. MAHA TEJA TECHNOLOGIES HNO 8112 GATTAIGUDEM PALVANCHA PIN BHADRADRI DISTRICT TELANGANA STATE", "Address": "M/s. MAHA TEJA TECHNOLOGIES HNO 8112 GATTAIGUDEM PALVANCHA PIN BHADRADRI DISTRICT TELANGANA STATE", "Mineral": "Black Granite", "MineralTyp": "QL", "SurveyNumb": "46/1", "LandType": "Govt.Land", "Production": 150000, "Dispatch": 150000, "ETS": 165000, "Notice": 15000, "Reg_From": "2022-05-12", "Reg_To": "2024-05-11"}, "geometry": {"type": "Polygon", "coordinates": [[[78.01112, 16.692978], [78.011107, 16.693882], [78.012045, 16.693895], [78.012058, 16.692991], [78.01112, 16.692978]]]}}, {"type": "Feature", "properties": {"District": "Mahbubnagar", "Mandal": "Bhoothpur", "Company": "M/s. INNOVATIVE INDUSTRIES SY NO 720 / A / 1 DEVARYAMJEL VILLAGE SHAMEERPET (M) MEDCHAL MALKAJGIRI DIST", "Address": "M/s. INNOVATIVE INDUSTRIES SY NO 720 / A / 1 DEVARYAMJEL VILLAGE SHAMEERPET (M) MEDCHAL MALKAJGIRI DIST", "Mineral": "Colour Granite", "MineralTyp": "QL", "SurveyNumb": "22", "LandType": "Govt.Land", "Production": 75000, "Dispatch": 75000, "ETS": 100000, "Notice": 25000, "Reg_From": "2022-03-09", "Reg_To": "2023-03-08"}, "geometry": {"type": "Polygon", "coordinates": [[[77.993999, 16.681875], [77.993986, 16.682779], [77.994924, 16.682792], [77.994937, 16.681888], [77.993999, 16.681875]]]}}, {"type": "Feature", "properties": {"District": "Mahbubnagar", "Mandal": "Devarkadra", "Company": "M/s. AHLADA ENGINEERS LIMITED Door No: 4 56 Sy No: 62 / 1 / A & 67 Tech Mahindra Road Bahadurpally Village Quthbul lapur Mandal Telangana.", "Address": "M/s. AHLADA ENGINEERS LIMITED Door No: 4 56 Sy No: 62 / 1 / A & 67 Tech Mahindra Road Bahadurpally Village Quthbul lapur Mandal Telangana.", "Mineral": "Colour Granite", "MineralTyp": "QL", "SurveyNumb": "22", "LandType": "Govt.Land", "Production": 75000, "Dispatch": 75000, "ETS": 100000, "Notice": 25000, "Reg_From": "2022-03-09", "Reg_To": "2023-03-08"}, "geometry": {"type": "Polygon", "coordinates": [[[77.88536, 16.639512], [77.885346, 16.640417], [77.886284, 16.64043], [77.886298, 16.639526], [77.88536, 16.639512]]]}}, {"type": "Feature", "properties": {"District": "Mahbubnagar", "Mandal": "Addakal", "Company": "M/s. Vanguard Energy Systems India Private Limited REGISTERED ADDRESS:E 508 WHISTLING WOODS APARTMENTS EUCAL YPTUS BLOCK NARSINGI RANGA REDDY TELANGANA", "Address": "M/s. Vanguard Energy Systems India Private Limited REGISTERED ADDRESS:E 508 WHISTLING WOODS APARTMENTS EUCAL YPTUS BLOCK NARSINGI RANGA REDDY TELANGANA", "Mineral": "Colour Granite", "MineralTyp": "QL", "SurveyNumb": "92", "LandType": "Govt.Land", "Production": 75000, "Dispatch": 75000, "ETS": 100000, "Notice": 25000, "Reg_From": "2024-05-17", "Reg_To": "2025-05-16"}, "geometry": {"type": "Polygon", "coordinates": [[[77.932191, 16.671031], [77.932177, 16.671936], [77.933115, 16.671949], [77.933129, 16.671044], [77.932191, 16.671031]]]}}, {"type": "Feature", "properties": {"District": "Mahbubnagar", "Mandal": "Addakal", "Company": "M/s. Zenith Energy Services Private Limited 3rd Floor Ramky Grandiose Ramky Towers Complex Gachibowli", "Address": "M/s. Zenith Energy Services Private Limited 3rd Floor Ramky Grandiose Ramky Towers Complex Gachibowli", "Mineral": "Road Metal", "MineralTyp": "QL", "SurveyNumb": "10", "LandType": "Govt.Land", "Production": 400000, "Dispatch": 400000, "ETS": 600000, "Notice": 200000, "Reg_From": "2022-05-31", "Reg_To": "2024-05-30"}, "geometry": {"type": "Polygon", "coordinates": [[[78.0099, 16.635304], [78.009887, 16.636208], [78.010825, 16.636221], [78.010838, 16.635316], [78.0099, 16.635304]]]}}, {"type": "Feature", "properties": {"District": "Nalgonda", "Mandal": "Pedda Adiserla Palle", "Company": "M/s. AARDE GREEN ENERGY PVT LTD Plot No. 17 BBR Colony Pasumamula Pedda Ambarpet Hayathnagar Ranga reddy Telangana", "Address": "M/s. AARDE GREEN ENERGY PVT LTD Plot No. 17 BBR Colony Pasumamula Pedda Ambarpet Hayathnagar Ranga reddy Telangana", "Mineral": "Black Granite", "MineralTyp": "QL", "SurveyNumb": "252", "LandType": "Govt.Land", "Production": 150000, "Dispatch": 150000, "ETS": 165000, "Notice": 15000, "Reg_From": "2024-06-24", "Reg_To": "2026-06-23"}, "geometry": {"type": "Polygon", "coordinates": [[[79.057654, 16.764206], [79.057645, 16.76511], [79.058584, 16.765118], [79.058592, 16.764214], [79.057654, 16.764206]]]}}, {"type": "Feature", "properties": {"District": "Nalgonda", "Mandal": "Pedda Adiserla Palle", "Company": "M/s. SRI SAARVAJANIK SOLUTIONS vinayaknagar Nizamabad Telangana", "Address": "M/s. SRI SAARVAJANIK SOLUTIONS vinayaknagar Nizamabad Telangana", "Mineral": "Black Granite", "MineralTyp": "QL", "SurveyNumb": "249", "LandType": "Govt.Land", "Production": 150000, "Dispatch": 150000, "ETS": 165000, "Notice": 15000, "Reg_From": "2023-06-28", "Reg_To": "2025-06-27"}, "geometry": {"type": "Polygon", "coordinates": [[[79.028896, 16.750036], [79.028887, 16.75094], [79.029826, 16.750948], [79.029834, 16.750044], [79.028896, 16.750036]]]}}, {"type": "Feature", "properties": {"District": "Mahbubnagar", "Mandal": "Bhoothpur", "Company": "M/s. CR ENERGY 17925/1 Ramnagar", "Address": "M/s. CR ENERGY 17925/1 Ramnagar", "Mineral": "Road Metal", "MineralTyp": "QL", "SurveyNumb": "119 & 139", "LandType": "Govt.Land", "Production": 400000, "Dispatch": 400000, "ETS": 600000, "Notice": 200000, "Reg_From": "2024-08-13", "Reg_To": "2025-08-12"}, "geometry": {"type": "Polygon", "coordinates": [[[77.990884, 16.662722], [77.990871, 16.663626], [77.991809, 16.663639], [77.991822, 16.662734], [77.990884, 16.662722]]]}}, {"type": "Feature", "properties": {"District": "Mahbubnagar", "Mandal": "Bhoothpur", "Company": "M/s. S S M ENTERPRISES 31157/2 CHANDRASHEKAR COLONY X ROAD NIZAMABAD NIZAMABAD TELANGANA", "Address": "M/s. S S M ENTERPRISES 31157/2 CHANDRASHEKAR COLONY X ROAD NIZAMABAD NIZAMABAD TELANGANA", "Mineral": "Road Metal", "MineralTyp": "QL", "SurveyNumb": "399", "LandType": "Govt.Land", "Production": 400000, "Dispatch": 400000, "ETS": 600000, "Notice": 200000, "Reg_From": "2022-07-20", "Reg_To": "2023-07-19"}, "geometry": {"type": "Polygon", "coordinates": [[[78.031083, 16.648198], [78.031069, 16.649103], [78.032008, 16.649115], [78.032021, 16.648211], [78.031083, 16.648198]]]}}, {"type": "Feature", "properties": {"District": "Mahbubnagar", "Mandal": "Ghanpur", "Company": "M/s. AMC Services Private Limited 22 Workspace 1/22 Asaf Ali Road New Delhi 11002", "Address": "M/s. AMC Services Private Limited 22 Workspace 1/22 Asaf Ali Road New Delhi 11002", "Mineral": "Colour Granite", "MineralTyp": "QL", "SurveyNumb": "36/A", "LandType": "Govt.Land", "Production": 75000, "Dispatch": 75000, "ETS": 100000, "Notice": 25000, "Reg_From": "2022-08-23", "Reg_To": "2023-08-22"}, "geometry": {"type": "Polygon", "coordinates": [[[78.034747, 16.623876], [78.034734, 16.62478], [78.035672, 16.624792], [78.035685, 16.623888], [78.034747, 16.623876]]]}}, {"type": "Feature", "properties": {"District": "Nalgonda", "Mandal": "Peddavoora", "Company": "M/s. THANU SYSTEMS PRIVATE LIMITED Plot No 41 DECCAN HOUSING SOCIETY OPP GOKUL FUNCTION HALL MALKAPUR X ROAD SANGAREDDY", "Address": "M/s. THANU SYSTEMS PRIVATE LIMITED Plot No 41 DECCAN HOUSING SOCIETY OPP GOKUL FUNCTION HALL MALKAPUR X ROAD SANGAREDDY", "Mineral": "Black Granite", "MineralTyp": "QL", "SurveyNumb": "239", "LandType": "Patta Land", "Production": 150000, "Dispatch": 150000, "ETS": 165000, "Notice": 15000, "Reg_From": "2024-02-21", "Reg_To": "2025-02-20"}, "geometry": {"type": "Polygon", "coordinates": [[[79.195783, 16.793362], [79.195775, 16.794266], [79.196714, 16.794274], [79.196722, 16.793369], [79.195783, 16.793362]]]}}, {"type": "Feature", "properties": {"District": "Nalgonda", "Mandal": "Peddavoora", "Company": "M/s. ISHA TECHNOLOGIES AND SERVICES D NO 262 AZIZ NAGAR MOINABAD RANGA REDDY TELANGANA 75", "Address": "M/s. ISHA TECHNOLOGIES AND SERVICES D NO 262 AZIZ NAGAR MOINABAD RANGA REDDY TELANGANA 75", "Mineral": "Road Metal", "MineralTyp": "QL", "SurveyNumb": "904/Parts", "LandType": "Govt.Land", "Production": 400000, "Dispatch": 400000, "ETS": 600000, "Notice": 200000, "Reg_From": "2024-08-25", "Reg_To": "2026-08-24"}, "geometry": {"type": "Polygon", "coordinates": [[[79.229216, 16.783995], [79.229208, 16.784899], [79.230147, 16.784906], [79.230155, 16.784002], [79.229216, 16.783995]]]}}, {"type": "Feature", "properties": {"District": "Nalgonda", "Mandal": "Nalgonda", "Company": "M/s. GAUTAM PRIVATE LIMITED Plot No 6770 Sector8A IIE Ranipur Sidcul Haridwar Uttarakhand", "Address": "M/s. GAUTAM PRIVATE LIMITED Plot No 6770 Sector8A IIE Ranipur Sidcul Haridwar Uttarakhand", "Mineral": "Black Granite", "MineralTyp": "QL", "SurveyNumb": "155", "LandType": "Govt.Land", "Production": 150000, "Dispatch": 150000, "ETS": 165000, "Notice": 15000, "Reg_From": "2024-08-12", "Reg_To": "2026-08-11"}, "geometry": {"type": "Polygon", "coordinates": [[[79.266422, 16.994561], [79.266414, 16.995465], [79.267354, 16.995472], [79.267361, 16.994568], [79.266422, 16.994561]]]}}, {"type": "Feature", "properties": {"District": "Adilabad", "Mandal": "Utnoor", "Company": "M/s. SK ELECTRICAL AND ENGINEERS H.No.114Mallikarjuna Nagar Co lony (North) Near Vishu Theater Chintalkunta LB Nagar", "Address": "M/s. SK ELECTRICAL AND ENGINEERS H.No.114Mallikarjuna Nagar Co lony (North) Near Vishu Theater Chintalkunta LB Nagar", "Mineral": "Colour Granite", "MineralTyp": "QL", "SurveyNumb": "316", "LandType": "Govt.Land", "Production": 75000, "Dispatch": 75000, "ETS": 100000, "Notice": 25000, "Reg_From": "2022-09-13", "Reg_To": "2024-09-12"}, "geometry": {"type": "Polygon", "coordinates": [[[78.855565, 19.281276], [78.855556, 19.282179], [78.856507, 19.282188], [78.856516, 19.281285], [78.855565, 19.281276]]]}}, {"type": "Feature", "properties": {"District": "Adilabad", "Mandal": "Kaddam (Peddur)", "Company": "M/s. RUAB Solutions Private Limited 13186/3 P.No:4 Krishna Nagar MD Farm Road Telangana", "Address": "M/s. RUAB Solutions Private Limited 13186/3 P.No:4 Krishna Nagar MD Farm Road Telangana", "Mineral": "Black Granite", "MineralTyp": "QL", "SurveyNumb": "23", "LandType": "Govt.Land", "Production": 150000, "Dispatch": 150000, "ETS": 165000, "Notice": 15000, "Reg_From": "2022-09-28", "Reg_To": "2023-09-27"}, "geometry": {"type": "Polygon", "coordinates": [[[78.87836, 19.260983], [78.87835, 19.261886], [78.879301, 19.261894], [78.87931, 19.260992], [78.87836, 19.260983]]]}}, {"type": "Feature", "properties": {"District": "Adilabad", "Mandal": "Kaddam (Peddur)", "Company": "M/s. SRINIVASA ENGINEERING SERVICES H.No: 77/1 MRO ROAD MULUGUMULUGU Dist.", "Address": "M/s. SRINIVASA ENGINEERING SERVICES H.No: 77/1 MRO ROAD MULUGUMULUGU Dist.", "Mineral": "Colour Granite", "MineralTyp": "QL", "SurveyNumb": "692", "LandType": "Govt.Land", "Production": 75000, "Dispatch": 75000, "ETS": 100000, "Notice": 25000, "Reg_From": "2018-07-23", "Reg_To": "2020-07-22"}, "geometry": {"type": "Polygon", "coordinates": [[[78.859893, 19.229581], [78.859884, 19.230484], [78.860835, 19.230493], [78.860844, 19.22959], [78.859893, 19.229581]]]}}, {"type": "Feature", "properties": {"District": "Nalgonda", "Mandal": "Kangal", "Company": "M/s. SHARATH CHANDRA H.NO. /1 TEACHER'S COLONYII WADDEPALLY HANAMKONDA", "Address": "M/s. SHARATH CHANDRA H.NO. /1 TEACHER'S COLONYII WADDEPALLY HANAMKONDA", "Mineral": "Black Granite", "MineralTyp": "QL", "SurveyNumb": "243/1", "LandType": "Govt.Land", "Production": 150000, "Dispatch": 150000, "ETS": 165000, "Notice": 15000, "Reg_From": "2022-09-14", "Reg_To": "2024-09-13"}, "geometry": {"type": "Polygon", "coordinates": [[[79.315976, 16.953851], [79.315969, 16.954755], [79.316909, 16.954762], [79.316916, 16.953858], [79.315976, 16.953851]]]}}, {"type": "Feature", "properties": {"District": "Adilabad", "Mandal": "Sirpur", "Company": "M/s. SURE ENERGY ONE PRIVATE LIMITED /C/191 PADMANABHA NAGAR COLONY RETHIBOWLI TELANGANA", "Address": "M/s. SURE ENERGY ONE PRIVATE LIMITED /C/191 PADMANABHA NAGAR COLONY RETHIBOWLI TELANGANA", "Mineral": "Black Granite", "MineralTyp": "QL", "SurveyNumb": "41", "LandType": "Govt.Land", "Production": 150000, "Dispatch": 150000, "ETS": 165000, "Notice": 15000, "Reg_From": "2022-10-19", "Reg_To": "2023-10-18"}, "geometry": {"type": "Polygon", "coordinates": [[[78.907256, 19.356608], [78.907247, 19.357511], [78.908198, 19.357519], [78.908207, 19.356616], [78.907256, 19.356608]]]}}, {"type": "Feature", "properties": {"District": "Adilabad", "Mandal": "Utnoor", "Company": "M/s. ARVIND RECON (INDIA) PRIVATE LIMITED VILLA NO.2 ASHOKA ALA MAISON DULAPALLY HYDEARABAD", "Address": "M/s. ARVIND RECON (INDIA) PRIVATE LIMITED VILLA NO.2 ASHOKA ALA MAISON DULAPALLY HYDEARABAD", "Mineral": "Colour Granite", "MineralTyp": "QL", "SurveyNumb": "227", "LandType": "Govt.Land", "Production": 75000, "Dispatch": 75000, "ETS": 100000, "Notice": 25000, "Reg_From": "2022-10-29", "Reg_To": "2024-10-28"}, "geometry": {"type": "Polygon", "coordinates": [[[78.856629, 19.348669], [78.856619, 19.349572], [78.857571, 19.349581], [78.85758, 19.348678], [78.856629, 19.348669]]]}}, {"type": "Feature", "properties": {"District": "Adilabad", "Mandal": "Jannaram", "Company": "M/s. ProstarM Info Systems Limited 12/103 NRI Complex Sect 54. Palm Beach road Near DPS School Seawood Nerul Navi Mumbai400706. Br.Office: Block No 24 Door no. 22490/72 73 & 74 Laxmi Narayan Nagar IDA Uppal Medchal Malkajgiri Telangana", "Address": "M/s. ProstarM Info Systems Limited 12/103 NRI Complex Sect 54. Palm Beach road Near DPS School Seawood Nerul Navi Mumbai400706. Br.Office: Block No 24 Door no. 22490/72 73 & 74 Laxmi Narayan Nagar IDA Uppal Medchal Malkajgiri Telangana", "Mineral": "Colour Granite", "MineralTyp": "QL", "SurveyNumb": "445/A", "LandType": "Govt.Land", "Production": 75000, "Dispatch": 75000, "ETS": 100000, "Notice": 25000, "Reg_From": "2022-10-28", "Reg_To": "2023-10-27"}, "geometry": {"type": "Polygon", "coordinates": [[[78.939428, 19.138308], [78.939419, 19.139211], [78.940369, 19.13922], [78.940378, 19.138316], [78.939428, 19.138308]]]}}, {"type": "Feature", "properties": {"District": "Nalgonda", "Mandal": "Miryalaguda", "Company": "M/s. MIRVIC ENTERPRISES INDIA PRIVATE LIMITED 601 Sixth Floor Survey11/25 Br Prashanti Building Chanda Naik Nagar Tanda 100 Feet Road Madhapur Telangana", "Address": "M/s. MIRVIC ENTERPRISES INDIA PRIVATE LIMITED 601 Sixth Floor Survey11/25 Br Prashanti Building Chanda Naik Nagar Tanda 100 Feet Road Madhapur Telangana", "Mineral": "Colour Granite", "MineralTyp": "QL", "SurveyNumb": "126", "LandType": "Govt.Land", "Production": 75000, "Dispatch": 75000, "ETS": 100000, "Notice": 25000, "Reg_From": "2024-06-01", "Reg_To": "2025-05-31"}, "geometry": {"type": "Polygon", "coordinates": [[[79.498964, 16.85911], [79.498958, 16.860015], [79.499897, 16.860021], [79.499904, 16.859116], [79.498964, 16.85911]]]}}, {"type": "Feature", "properties": {"District": "Nalgonda", "Mandal": "Miryalaguda", "Company": "M/s. SREE GURU TRADERS PLOT No. 44 SR NAGAR MARLU ROAD CHRISTIANPALLY MAHABUBNAGAR MAHABUBNAGAR", "Address": "M/s. SREE GURU TRADERS PLOT No. 44 SR NAGAR MARLU ROAD CHRISTIANPALLY MAHABUBNAGAR MAHABUBNAGAR", "Mineral": "Colour Granite", "MineralTyp": "QL", "SurveyNumb": "278", "LandType": "Govt.Land", "Production": 75000, "Dispatch": 75000, "ETS": 100000, "Notice": 25000, "Reg_From": "2022-12-02", "Reg_To": "2023-12-01"}, "geometry": {"type": "Polygon", "coordinates": [[[79.527393, 16.835023], [79.527387, 16.835927], [79.528326, 16.835933], [79.528332, 16.835029], [79.527393, 16.835023]]]}}, {"type": "Feature", "properties": {"District": "Adilabad", "Mandal": "Jannaram", "Company": "M/s. JAYSUN ENERGIES INFRATECH 53/66 PLOT66 PART SURAKSHA ENLCAVE DAMMAIGUDA KEESARA MA NDAL NEAR LAKE VIEW COLONY Medchal Malkajgiri Telangana", "Address": "M/s. JAYSUN ENERGIES INFRATECH 53/66 PLOT66 PART SURAKSHA ENLCAVE DAMMAIGUDA KEESARA MA NDAL NEAR LAKE VIEW COLONY Medchal Malkajgiri Telangana", "Mineral": "Colour Granite", "MineralTyp": "QL", "SurveyNumb": "114,156", "LandType": "Govt.Land", "Production": 75000, "Dispatch": 75000, "ETS": 100000, "Notice": 25000, "Reg_From": "2022-12-12", "Reg_To": "2023-12-11"}, "geometry": {"type": "Polygon", "coordinates": [[[79.002901, 19.110364], [79.002892, 19.111267], [79.003842, 19.111275], [79.003851, 19.110372], [79.002901, 19.110364]]]}}, {"type": "Feature", "properties": {"District": "Nalgonda", "Mandal": "Anumula", "Company": "M/s. Mallieshwara Energy H.no: 698 Near Hanuman Temple main Road Gollapalli Jagityal Dist \u2013 .", "Address": "M/s. Mallieshwara Energy H.no: 698 Near Hanuman Temple main Road Gollapalli Jagityal Dist \u2013 .", "Mineral": "Colour Granite", "MineralTyp": "QL", "SurveyNumb": "148 , 164", "LandType": "Govt.Land", "Production": 75000, "Dispatch": 75000, "ETS": 100000, "Notice": 25000, "Reg_From": "2022-11-27", "Reg_To": "2023-11-26"}, "geometry": {"type": "Polygon", "coordinates": [[[79.347977, 16.757441], [79.34797, 16.758346], [79.348909, 16.758352], [79.348916, 16.757448], [79.347977, 16.757441]]]}}, {"type": "Feature", "properties": {"District": "Nalgonda", "Mandal": "Nidamanur", "Company": "M/s. MSL RENEWABLE ENERGY PRIVATE LIMITED 236A GANESH COLONY SRINIVASA NAGAR VISAKHAPATNAM ANDHRA PRADESH INDIA. PINCODE", "Address": "M/s. MSL RENEWABLE ENERGY PRIVATE LIMITED 236A GANESH COLONY SRINIVASA NAGAR VISAKHAPATNAM ANDHRA PRADESH INDIA. PINCODE", "Mineral": "Colour Granite", "MineralTyp": "QL", "SurveyNumb": "252", "LandType": "Patta Land", "Production": 75000, "Dispatch": 75000, "ETS": 100000, "Notice": 25000, "Reg_From": "2024-12-29", "Reg_To": "2026-12-28"}, "geometry": {"type": "Polygon", "coordinates": [[[79.360785, 16.835147], [79.360778, 16.836051], [79.361717, 16.836058], [79.361724, 16.835153], [79.360785, 16.835147]]]}}, {"type": "Feature", "properties": {"District": "Nalgonda", "Mandal": "Nidamanur", "Company": "M/s. RURAY ENERGIES PRIVATE LIMITED H.NO. 1640/20/5 PLOT NO. 5 KISTAMMA ENCLAVE DAMAIGUDA OLD ALWAL SECUNDERABAD TELANGANA STATE.", "Address": "M/s. RURAY ENERGIES PRIVATE LIMITED H.NO. 1640/20/5 PLOT NO. 5 KISTAMMA ENCLAVE DAMAIGUDA OLD ALWAL SECUNDERABAD TELANGANA STATE.", "Mineral": "Colour Granite", "MineralTyp": "QL", "SurveyNumb": "1798", "LandType": "Govt.Land", "Production": 75000, "Dispatch": 75000, "ETS": 100000, "Notice": 25000, "Reg_From": "2023-01-30", "Reg_To": "2025-01-29"}, "geometry": {"type": "Polygon", "coordinates": [[[79.314284, 16.90033], [79.314277, 16.901234], [79.315217, 16.901241], [79.315224, 16.900337], [79.314284, 16.90033]]]}}, {"type": "Feature", "properties": {"District": "Adilabad", "Mandal": "Kaddam (Peddur)", "Company": "M/s. Evigo Charge Private Limited 2240334300 D 1 Udyog Sadan No 3 MIDC Industrial Area Andheri East", "Address": "M/s. Evigo Charge Private Limited 2240334300 D 1 Udyog Sadan No 3 MIDC Industrial Area Andheri East", "Mineral": "Road Metal", "MineralTyp": "QL", "SurveyNumb": "676", "LandType": "Govt.Land", "Production": 400000, "Dispatch": 400000, "ETS": 600000, "Notice": 200000, "Reg_From": "2023-01-31", "Reg_To": "2028-01-30"}, "geometry": {"type": "Polygon", "coordinates": [[[78.783714, 19.239172], [78.783704, 19.240075], [78.784655, 19.240084], [78.784665, 19.239181], [78.783714, 19.239172]]]}}, {"type": "Feature", "properties": {"District": "Nalgonda", "Mandal": "Nidamanur", "Company": "M/s. V PRO SYSTEMS 63349SACHIVALAYA NAGAR VANASTHALI PURAM RANGA REDDY TELANGANA", "Address": "M/s. V PRO SYSTEMS 63349SACHIVALAYA NAGAR VANASTHALI PURAM RANGA REDDY TELANGANA", "Mineral": "Colour Granite", "MineralTyp": "QL", "SurveyNumb": "174", "LandType": "Patta Land", "Production": 75000, "Dispatch": 75000, "ETS": 100000, "Notice": 25000, "Reg_From": "2024-02-20", "Reg_To": "2026-02-19"}, "geometry": {"type": "Polygon", "coordinates": [[[79.40858, 16.831352], [79.408573, 16.832256], [79.409512, 16.832262], [79.409519, 16.831358], [79.40858, 16.831352]]]}}, {"type": "Feature", "properties": {"District": "Nalgonda", "Mandal": "Nidamanur", "Company": "M/s.Renew House No. 7835 Goutham Nagar Bowenpally Post Office Secunderabad Telangana", "Address": "M/s.Renew House No. 7835 Goutham Nagar Bowenpally Post Office Secunderabad Telangana", "Mineral": "Colour Granite", "MineralTyp": "QL", "SurveyNumb": "232/C", "LandType": "Patta Land", "Production": 75000, "Dispatch": 75000, "ETS": 100000, "Notice": 25000, "Reg_From": "2024-02-21", "Reg_To": "2026-02-20"}, "geometry": {"type": "Polygon", "coordinates": [[[79.430782, 16.800571], [79.430775, 16.801475], [79.431714, 16.801482], [79.431721, 16.800577], [79.430782, 16.800571]]]}}, {"type": "Feature", "properties": {"District": "Nalgonda", "Mandal": "Nidamanur", "Company": "DEHLSEN ENGINEERING LLP room no7 second floor CSI Shopping complex Mananchira P.O. Calicut Kerala", "Address": "DEHLSEN ENGINEERING LLP room no7 second floor CSI Shopping complex Mananchira P.O. Calicut Kerala", "Mineral": "Colour Granite", "MineralTyp": "QL", "SurveyNumb": "42/2", "LandType": "Govt.Land", "Production": 75000, "Dispatch": 75000, "ETS": 100000, "Notice": 25000, "Reg_From": "2024-02-23", "Reg_To": "2025-02-22"}, "geometry": {"type": "Polygon", "coordinates": [[[79.419326, 16.756798], [79.41932, 16.757703], [79.420259, 16.757709], [79.420265, 16.756805], [79.419326, 16.756798]]]}}, {"type": "Feature", "properties": {"District": "Nalgonda", "Mandal": "Thripuraram", "Company": "M/s. Shivam Enterprises H.No.617/1 Plot no : I3 Uday Garden Kawadipally village Abdullapurmet Mandal Rangareddy District Telangana", "Address": "M/s. Shivam Enterprises H.No.617/1 Plot no : I3 Uday Garden Kawadipally village Abdullapurmet Mandal Rangareddy District Telangana", "Mineral": "Road Metal", "MineralTyp": "QL", "SurveyNumb": "749/2", "LandType": "Govt.Land", "Production": 400000, "Dispatch": 400000, "ETS": 600000, "Notice": 200000, "Reg_From": "2023-03-09", "Reg_To": "2025-03-08"}, "geometry": {"type": "Polygon", "coordinates": [[[79.497198, 16.762228], [79.497192, 16.763132], [79.49813, 16.763138], [79.498137, 16.762234], [79.497198, 16.762228]]]}}, {"type": "Feature", "properties": {"District": "Nalgonda", "Mandal": "Dameracherla", "Company": "M/s. Sri Lakshmi Karthikeya Infra Private Limited Survey No 15 SuraramJyothi Milk LaneQuthbullapurMedchal Malkajgiri Dist Telangana", "Address": "M/s. Sri Lakshmi Karthikeya Infra Private Limited Survey No 15 SuraramJyothi Milk LaneQuthbullapurMedchal Malkajgiri Dist Telangana", "Mineral": "Road Metal", "MineralTyp": "QL", "SurveyNumb": "77", "LandType": "Govt.Land", "Production": 400000, "Dispatch": 400000, "ETS": 600000, "Notice": 200000, "Reg_From": "2024-03-10", "Reg_To": "2025-03-09"}, "geometry": {"type": "Polygon", "coordinates": [[[79.602544, 16.789561], [79.602538, 16.790465], [79.603477, 16.790471], [79.603483, 16.789566], [79.602544, 16.789561]]]}}, {"type": "Feature", "properties": {"District": "Nalgonda", "Mandal": "Miryalaguda", "Company": "M/s. VIJETHA AND MARKETING SERVICES 12143/5 SRINIVASA NAGAR KODAD SURYAPET T.S", "Address": "M/s. VIJETHA AND MARKETING SERVICES 12143/5 SRINIVASA NAGAR KODAD SURYAPET T.S", "Mineral": "Road Metal", "MineralTyp": "QL", "SurveyNumb": "180,181 &187", "LandType": "Govt.Land", "Production": 400000, "Dispatch": 400000, "ETS": 600000, "Notice": 200000, "Reg_From": "2024-03-11", "Reg_To": "2025-03-10"}, "geometry": {"type": "Polygon", "coordinates": [[[79.63333, 16.826464], [79.633324, 16.827368], [79.634263, 16.827374], [79.634269, 16.826469], [79.63333, 16.826464]]]}}, {"type": "Feature", "properties": {"District": "Adilabad", "Mandal": "Jannaram", "Company": "M/s. RAVINDRANATH SOLUTIONS H.No: VENURAO COLONY POCHAMMA MAIDANWARANGAL TELANGANA", "Address": "M/s. RAVINDRANATH SOLUTIONS H.No: VENURAO COLONY POCHAMMA MAIDANWARANGAL TELANGANA", "Mineral": "Road Metal", "MineralTyp": "QL", "SurveyNumb": "237", "LandType": "Govt.Land", "Production": 400000, "Dispatch": 400000, "ETS": 600000, "Notice": 200000, "Reg_From": "2023-03-13", "Reg_To": "2024-03-12"}, "geometry": {"type": "Polygon", "coordinates": [[[78.963313, 19.116752], [78.963304, 19.117655], [78.964254, 19.117663], [78.964263, 19.11676], [78.963313, 19.116752]]]}}, {"type": "Feature", "properties": {"District": "Adilabad", "Mandal": "Jannaram", "Company": "M/s. Akshaya HIG 254 Flat No 202 Sai Vign esh Nilayam Main Road KPHB Colony Medchal Malkajgiri Telangana", "Address": "M/s. Akshaya HIG 254 Flat No 202 Sai Vign esh Nilayam Main Road KPHB Colony Medchal Malkajgiri Telangana", "Mineral": "Road Metal", "MineralTyp": "QL", "SurveyNumb": "22,", "LandType": "Govt.Land", "Production": 400000, "Dispatch": 400000, "ETS": 600000, "Notice": 200000, "Reg_From": "2024-04-25", "Reg_To": "2026-04-24"}, "geometry": {"type": "Polygon", "coordinates": [[[78.985952, 19.125425], [78.985943, 19.126328], [78.986893, 19.126337], [78.986902, 19.125433], [78.985952, 19.125425]]]}}, {"type": "Feature", "properties": {"District": "Adilabad", "Mandal": "Sirpur", "Company": "M/s. Brihaspathi Technologies Pvt Ltd 5th Floor Sahithi Arcade SRNagar Beside SR Nagar Traffic Police station Telangana India.", "Address": "M/s. Brihaspathi Technologies Pvt Ltd 5th Floor Sahithi Arcade SRNagar Beside SR Nagar Traffic Police station Telangana India.", "Mineral": "Road Metal", "MineralTyp": "QL", "SurveyNumb": "22", "LandType": "Govt.Land", "Production": 400000, "Dispatch": 400000, "ETS": 600000, "Notice": 200000, "Reg_From": "2023-05-01", "Reg_To": "2025-04-04"}, "geometry": {"type": "Polygon", "coordinates": [[[79.004357, 19.345475], [79.004349, 19.346378], [79.0053, 19.346386], [79.005309, 19.345483], [79.004357, 19.345475]]]}}, {"type": "Feature", "properties": {"District": "Adilabad", "Mandal": "Sirpur", "Company": "M/s. Sunpro sys Pvt Ltd Plot16 Bhagya lakshmi colony IDA Subhash nagar Jeedimetl a55", "Address": "M/s. Sunpro sys Pvt Ltd Plot16 Bhagya lakshmi colony IDA Subhash nagar Jeedimetl a55", "Mineral": "Road Metal", "MineralTyp": "QL", "SurveyNumb": "22", "LandType": "Govt.Land", "Production": 800000, "Dispatch": 600000, "ETS": 1200000, "Notice": 600000, "Reg_From": "2024-04-12", "Reg_To": "2025-04-11"}, "geometry": {"type": "Polygon", "coordinates": [[[79.029302, 19.352294], [79.029294, 19.353197], [79.030245, 19.353205], [79.030253, 19.352302], [79.029302, 19.352294]]]}}, {"type": "Feature", "properties": {"District": "Adilabad", "Mandal": "Asifabad", "Company": "M/s. SHAATIT PVT LTD /T/210 SARASWATHI NAGAR COLONY SAIDABAD HYDRABAD OPP INDIAN OIL PETROL PUMP", "Address": "M/s. SHAATIT PVT LTD /T/210 SARASWATHI NAGAR COLONY SAIDABAD HYDRABAD OPP INDIAN OIL PETROL PUMP", "Mineral": "Road Metal", "MineralTyp": "QL", "SurveyNumb": "257", "LandType": "Govt.Land", "Production": 800000, "Dispatch": 600000, "ETS": 1200000, "Notice": 600000, "Reg_From": "2023-05-08", "Reg_To": "2025-05-07"}, "geometry": {"type": "Polygon", "coordinates": [[[79.11111, 19.316166], [79.111101, 19.317069], [79.112053, 19.317077], [79.112061, 19.316174], [79.11111, 19.316166]]]}}, {"type": "Feature", "properties": {"District": "Adilabad", "Mandal": "Tiryani", "Company": "M/s. MANA H NO: 1100050/1 1st Floor Gadderegadi Kyathanpalli Mancherial", "Address": "M/s. MANA H NO: 1100050/1 1st Floor Gadderegadi Kyathanpalli Mancherial", "Mineral": "Road Metal", "MineralTyp": "QL", "SurveyNumb": "124", "LandType": "Govt.Land", "Production": 800000, "Dispatch": 600000, "ETS": 1200000, "Notice": 600000, "Reg_From": "2023-04-19", "Reg_To": "2024-04-18"}, "geometry": {"type": "Polygon", "coordinates": [[[79.088438, 19.235183], [79.08843, 19.236086], [79.089381, 19.236094], [79.089389, 19.235191], [79.088438, 19.235183]]]}}, {"type": "Feature", "properties": {"District": "Adilabad", "Mandal": "Tiryani", "Company": "KSQUARE ENERGY PRIVATE LIMITED B SIGNATURE 2 SARKHEJ SANAND CROSS ROAD SARKHEJ AHMEDABAD GUJARAT", "Address": "KSQUARE ENERGY PRIVATE LIMITED B SIGNATURE 2 SARKHEJ SANAND CROSS ROAD SARKHEJ AHMEDABAD GUJARAT", "Mineral": "Road Metal", "MineralTyp": "QL", "SurveyNumb": "8", "LandType": "Govt.Land", "Production": 800000, "Dispatch": 600000, "ETS": 1200000, "Notice": 600000, "Reg_From": "2025-11-13", "Reg_To": "2027-11-12"}, "geometry": {"type": "Polygon", "coordinates": [[[79.088978, 19.285965], [79.08897, 19.286868], [79.089921, 19.286876], [79.089929, 19.285973], [79.088978, 19.285965]]]}}, {"type": "Feature", "properties": {"District": "Adilabad", "Mandal": "Jannaram", "Company": "M/s. ZYTECH INDIA PVT LTD P41 CHANDRAGIRI COLONY TIRUMALAGIRI SECUNDERABAD HYDERA BAD TELANGANA", "Address": "M/s. ZYTECH INDIA PVT LTD P41 CHANDRAGIRI COLONY TIRUMALAGIRI SECUNDERABAD HYDERA BAD TELANGANA", "Mineral": "Road Metal", "MineralTyp": "QL", "SurveyNumb": "38", "LandType": "Govt.Land", "Production": 800000, "Dispatch": 600000, "ETS": 1200000, "Notice": 600000, "Reg_From": "2024-07-26", "Reg_To": "2025-07-25"}, "geometry": {"type": "Polygon", "coordinates": [[[79.023811, 19.076256], [79.023802, 19.077159], [79.024752, 19.077168], [79.024761, 19.076265], [79.023811, 19.076256]]]}}, {"type": "Feature", "properties": {"District": "Adilabad", "Mandal": "Sirpur", "Company": "M/s. KENSURE SYSTEMS MIG344", "Address": "M/s. KENSURE SYSTEMS MIG344; KPHB COLONY;", "Mineral": "Road Metal", "MineralTyp": "QL", "SurveyNumb": "38", "LandType": "Govt.Land", "Production": 800000, "Dispatch": 600000, "ETS": 1200000, "Notice": 600000, "Reg_From": "2023-07-24", "Reg_To": "2024-07-23"}, "geometry": {"type": "Polygon", "coordinates": [[[79.006021, 19.233087], [79.006012, 19.23399], [79.006963, 19.233998], [79.006971, 19.233095], [79.006021, 19.233087]]]}}, {"type": "Feature", "properties": {"District": "Adilabad", "Mandal": "Tiryani", "Company": "M/s. AAR PEE SYSTEMS FLAT NO. 403 MATHRUSRI NILAYAM B N REDDY NAGAR VANASTALIPURAM", "Address": "M/s. AAR PEE SYSTEMS FLAT NO. 403 MATHRUSRI NILAYAM B N REDDY NAGAR VANASTALIPURAM", "Mineral": "Road Metal", "MineralTyp": "QL", "SurveyNumb": "749/2", "LandType": "Govt.Land", "Production": 800000, "Dispatch": 600000, "ETS": 1200000, "Notice": 600000, "Reg_From": "2024-08-07", "Reg_To": "2025-08-06"}, "geometry": {"type": "Polygon", "coordinates": [[[79.066094, 19.235295], [79.066086, 19.236198], [79.067037, 19.236206], [79.067045, 19.235303], [79.066094, 19.235295]]]}}, {"type": "Feature", "properties": {"District": "Nalgonda", "Mandal": "Miryalaguda", "Company": "M/s. KAKATIYA ENERGIES H.NO:1241611ST FLOOR SRIRAM REDDY HOSPITAL BUILDINGRA M NAGAR X ROAD HANAMKONDA", "Address": "M/s. KAKATIYA ENERGIES H.NO:1241611ST FLOOR SRIRAM REDDY HOSPITAL BUILDINGRA M NAGAR X ROAD HANAMKONDA", "Mineral": "Road Metal", "MineralTyp": "QL", "SurveyNumb": "61", "LandType": "Govt.Land", "Production": 800000, "Dispatch": 600000, "ETS": 1200000, "Notice": 600000, "Reg_From": "2023-08-18", "Reg_To": "2025-08-17"}, "geometry": {"type": "Polygon", "coordinates": [[[79.646, 16.849817], [79.645995, 16.850721], [79.646934, 16.850727], [79.64694, 16.849822], [79.646, 16.849817]]]}}, {"type": "Feature", "properties": {"District": "Nalgonda", "Mandal": "Neredcherla", "Company": "M/s. CUBEFORE SOLUTIONS PRIVATE LIMITED 3rd Floor 5126/1 Jahangir Na gar Chintalkunta Rangareddi", "Address": "M/s. CUBEFORE SOLUTIONS PRIVATE LIMITED 3rd Floor 5126/1 Jahangir Na gar Chintalkunta Rangareddi", "Mineral": "Colour Granite", "MineralTyp": "QL", "SurveyNumb": "48/H", "LandType": "Patta Land", "Production": 75000, "Dispatch": 75000, "ETS": 100000, "Notice": 25000, "Reg_From": "2023-08-23", "Reg_To": "2025-08-22"}, "geometry": {"type": "Polygon", "coordinates": [[[79.685062, 16.811931], [79.685057, 16.812835], [79.685996, 16.812841], [79.686001, 16.811936], [79.685062, 16.811931]]]}}, {"type": "Feature", "properties": {"District": "Nalgonda", "Mandal": "Garidepalle", "Company": "M/s. TEAM ELECTRICALS #16333 Shantinagar Kareemabad Road Warangal Telangana", "Address": "M/s. TEAM ELECTRICALS #16333 Shantinagar Kareemabad Road Warangal Telangana", "Mineral": "Colour Granite", "MineralTyp": "QL", "SurveyNumb": "49/P", "LandType": "Patta Land", "Production": 75000, "Dispatch": 75000, "ETS": 100000, "Notice": 25000, "Reg_From": "2025-01-31", "Reg_To": "2027-01-30"}, "geometry": {"type": "Polygon", "coordinates": [[[79.743417, 16.830803], [79.743412, 16.831708], [79.744351, 16.831713], [79.744356, 16.830808], [79.743417, 16.830803]]]}}, {"type": "Feature", "properties": {"District": "Nalgonda", "Mandal": "Dameracherla", "Company": "M/s. Kendriya Bhandar Room No. 16 A \u2013 Block MCH Complex", "Address": "M/s. Kendriya Bhandar Room No. 16 A \u2013 Block MCH Complex", "Mineral": "Colour Granite", "MineralTyp": "QL", "SurveyNumb": "284", "LandType": "Govt.Land", "Production": 75000, "Dispatch": 75000, "ETS": 100000, "Notice": 25000, "Reg_From": "2023-11-04", "Reg_To": "2025-11-03"}, "geometry": {"type": "Polygon", "coordinates": [[[79.630376, 16.746516], [79.63037, 16.74742], [79.631309, 16.747426], [79.631315, 16.746521], [79.630376, 16.746516]]]}}, {"type": "Feature", "properties": {"District": "Nalgonda", "Mandal": "Dameracherla", "Company": "M/s. COSMOS RENEWABLES PRIVATE LIMITED Flat No.803 D Block Sattva M agnus H.No.81328/1 H.No.8 1328/1/2 Sy. No.72(old)Old Mumbai Highway Shaikpet Telangana", "Address": "M/s. COSMOS RENEWABLES PRIVATE LIMITED Flat No.803 D Block Sattva M agnus H.No.81328/1 H.No.8 1328/1/2 Sy. No.72(old)Old Mumbai Highway Shaikpet Telangana", "Mineral": "Colour Granite", "MineralTyp": "QL", "SurveyNumb": "513, 514, 520", "LandType": "Patta Land", "Production": 100000, "Dispatch": 100000, "ETS": 100000, "Notice": 0, "Reg_From": "2023-11-23", "Reg_To": "2025-11-22"}, "geometry": {"type": "Polygon", "coordinates": [[[79.510646, 16.671048], [79.51064, 16.671952], [79.511578, 16.671958], [79.511584, 16.671054], [79.510646, 16.671048]]]}}, {"type": "Feature", "properties": {"District": "Nalgonda", "Mandal": "Anumula", "Company": "M/s. EMPIRE ENERGY SYSTEMS PRIVATE LIMITED Plot No. 1100 5th Floor 36 Urban Center Road No. 36 Jub lee Hills Telangana", "Address": "M/s. EMPIRE ENERGY SYSTEMS PRIVATE LIMITED Plot No. 1100 5th Floor 36 Urban Center Road No. 36 Jub lee Hills Telangana", "Mineral": "Colour Granite", "MineralTyp": "QL", "SurveyNumb": "251", "LandType": "Patta Land", "Production": 100000, "Dispatch": 100000, "ETS": 100000, "Notice": 0, "Reg_From": "2024-12-13", "Reg_To": "2026-12-12"}, "geometry": {"type": "Polygon", "coordinates": [[[79.401368, 16.717543], [79.401361, 16.718448], [79.4023, 16.718454], [79.402307, 16.71755], [79.401368, 16.717543]]]}}, {"type": "Feature", "properties": {"District": "Nalgonda", "Mandal": "Anumula", "Company": "", "Address": "", "Mineral": "Colour Granite", "MineralTyp": "QL", "SurveyNumb": "499 to 506 & 509 to 512", "LandType": "Patta Land", "Production": 100000, "Dispatch": 100000, "ETS": 100000, "Notice": 0, "Reg_From": "2025-01-02", "Reg_To": "2030-01-01"}, "geometry": {"type": "Polygon", "coordinates": [[[79.342101, 16.726224], [79.342094, 16.727129], [79.343032, 16.727136], [79.343039, 16.726231], [79.342101, 16.726224]]]}}, {"type": "Feature", "properties": {"District": "Nalgonda", "Mandal": "Anumula", "Company": "Shiva Sakthi Enterprises Flat No. 504 Nadhi Happy Homes Sai Nagar Colony Vanasthalipuram", "Address": "Shiva Sakthi Enterprises Flat No. 504 Nadhi Happy Homes Sai Nagar Colony Vanasthalipuram", "Mineral": "Colour Granite", "MineralTyp": "QL", "SurveyNumb": "48", "LandType": "Govt.Land", "Production": 100000, "Dispatch": 100000, "ETS": 100000, "Notice": 0, "Reg_From": "2023-12-18", "Reg_To": "2025-12-17"}, "geometry": {"type": "Polygon", "coordinates": [[[79.353069, 16.736393], [79.353062, 16.737297], [79.354001, 16.737304], [79.354008, 16.7364], [79.353069, 16.736393]]]}}, {"type": "Feature", "properties": {"District": "Nalgonda", "Mandal": "Peddavoora", "Company": "M/s. SRIJITH ENERGY PLOT NO 144 PRASHASAN NAGARROAD NO 17 JUBILEE HILLS ROAD NO 72 TELANGANA", "Address": "M/s. SRIJITH ENERGY PLOT NO 144 PRASHASAN NAGARROAD NO 17 JUBILEE HILLS ROAD NO 72 TELANGANA", "Mineral": "Colour Granite", "MineralTyp": "QL", "SurveyNumb": "496, 497, 498, 499 & 500", "LandType": "Govt.Land", "Production": 100000, "Dispatch": 100000, "ETS": 100000, "Notice": 0, "Reg_From": "2023-12-28", "Reg_To": "2024-12-27"}, "geometry": {"type": "Polygon", "coordinates": [[[79.26589, 16.684995], [79.265883, 16.685899], [79.266821, 16.685906], [79.266828, 16.685002], [79.26589, 16.684995]]]}}, {"type": "Feature", "properties": {"District": "Nalgonda", "Mandal": "Peddavoora", "Company": "M/s. Sri Sarwartha Enterprises PLOT NO 16/E /1/1/A PADMA NIVAS NARASIMHAPURI COLONY SAROORNAGAR Rangareddy Telangana", "Address": "M/s. Sri Sarwartha Enterprises PLOT NO 16/E /1/1/A PADMA NIVAS NARASIMHAPURI COLONY SAROORNAGAR Rangareddy Telangana", "Mineral": "Colour Granite", "MineralTyp": "QL", "SurveyNumb": "231", "LandType": "Govt.Land", "Production": 100000, "Dispatch": 100000, "ETS": 100000, "Notice": 0, "Reg_From": "2024-01-09", "Reg_To": "2025-01-08"}, "geometry": {"type": "Polygon", "coordinates": [[[79.182318, 16.699197], [79.182311, 16.700101], [79.183249, 16.700109], [79.183257, 16.699204], [79.182318, 16.699197]]]}}, {"type": "Feature", "properties": {"District": "Nalgonda", "Mandal": "Peddavoora", "Company": "M/s. RARKAS EV PROJECTS PRIVATE LIMITED H.NO : 02066/247TO277/89 Road No : 2 Samskruthi Avenues Gajularamaram", "Address": "M/s. RARKAS EV PROJECTS PRIVATE LIMITED H.NO : 02066/247TO277/89 Road No : 2 Samskruthi Avenues Gajularamaram", "Mineral": "Colour Granite", "MineralTyp": "QL", "SurveyNumb": "242", "LandType": "Govt.Land", "Production": 100000, "Dispatch": 100000, "ETS": 100000, "Notice": 0, "Reg_From": "2024-01-05", "Reg_To": "2024-01-04"}, "geometry": {"type": "Polygon", "coordinates": [[[79.174532, 16.72572], [79.174524, 16.726625], [79.175462, 16.726632], [79.17547, 16.725728], [79.174532, 16.72572]]]}}, {"type": "Feature", "properties": {"District": "Nalgonda", "Mandal": "Pedda Adiserla Palle", "Company": "M/s. Jayram Industries India Private Limited Flat.no.203 Kadiris Apurupa Urban 2nd Floor Laxmi Nagar Botanical Garden Road Kondapur Telangana", "Address": "M/s. Jayram Industries India Private Limited Flat.no.203 Kadiris Apurupa Urban 2nd Floor Laxmi Nagar Botanical Garden Road Kondapur Telangana", "Mineral": "Colour Granite", "MineralTyp": "QL", "SurveyNumb": "48", "LandType": "Govt.Land", "Production": 100000, "Dispatch": 100000, "ETS": 100000, "Notice": 0, "Reg_From": "2024-01-16", "Reg_To": "2026-01-15"}, "geometry": {"type": "Polygon", "coordinates": [[[79.125899, 16.739193], [79.125891, 16.740098], [79.126829, 16.740105], [79.126838, 16.739201], [79.125899, 16.739193]]]}}, {"type": "Feature", "properties": {"District": "Nalgonda", "Mandal": "Devarakonda", "Company": "M/s. JANICA ELECTRONICS PRIVATE LIMITED #81A/A MLA\u2019s COLONY ROAD NO:12 BANJARA HILLS", "Address": "M/s. JANICA ELECTRONICS PRIVATE LIMITED #81A/A MLA\u2019s COLONY ROAD NO:12 BANJARA HILLS", "Mineral": "Colour Granite", "MineralTyp": "QL", "SurveyNumb": "16", "LandType": "Patta Land", "Production": 100000, "Dispatch": 100000, "ETS": 100000, "Notice": 0, "Reg_From": "2024-01-24", "Reg_To": "2025-01-23"}, "geometry": {"type": "Polygon", "coordinates": [[[78.97524, 16.669615], [78.975232, 16.67052], [78.97617, 16.670528], [78.976179, 16.669624], [78.97524, 16.669615]]]}}, {"type": "Feature", "properties": {"District": "Nalgonda", "Mandal": "Devarakonda", "Company": "M/s. SUGUNA INDUSTRIES GROUND FLOOR DOOR NO 54187/6/2/3 PM MODI COMPLEX KARBALA MAIDAN M G ROAD SECUNDERABA D Telangana", "Address": "M/s. SUGUNA INDUSTRIES GROUND FLOOR DOOR NO 54187/6/2/3 PM MODI COMPLEX KARBALA MAIDAN M G ROAD SECUNDERABA D Telangana", "Mineral": "Colour Granite", "MineralTyp": "QL", "SurveyNumb": "709", "LandType": "Govt.Land", "Production": 100000, "Dispatch": 100000, "ETS": 100000, "Notice": 0, "Reg_From": "2024-02-05", "Reg_To": "2026-02-04"}, "geometry": {"type": "Polygon", "coordinates": [[[78.92949, 16.675727], [78.929481, 16.676632], [78.93042, 16.67664], [78.930428, 16.675736], [78.92949, 16.675727]]]}}, {"type": "Feature", "properties": {"District": "Nalgonda", "Mandal": "Devarakonda", "Company": "M/s. SRI RAJA RAJESHWARA DIGITAL COMMUNICATIONS SHOP NO 21 VELLULLA ROAD METPALLY DIST JAGITHYAL", "Address": "M/s. SRI RAJA RAJESHWARA DIGITAL COMMUNICATIONS SHOP NO 21 VELLULLA ROAD METPALLY DIST JAGITHYAL", "Mineral": "Colour Granite", "MineralTyp": "QL", "SurveyNumb": "709\r", "LandType": "Govt.Land", "Production": 100000, "Dispatch": 100000, "ETS": 100000, "Notice": 0, "Reg_From": "2024-02-07", "Reg_To": "2025-02-06"}, "geometry": {"type": "Polygon", "coordinates": [[[78.915157, 16.711191], [78.915148, 16.712095], [78.916087, 16.712104], [78.916096, 16.711199], [78.915157, 16.711191]]]}}, {"type": "Feature", "properties": {"District": "Nalgonda", "Mandal": "Devarakonda", "Company": "M/s. SONY BACK SIDE SATYANARAYANA SWAMYTEMPLE RAMNAGARKARIMNAGARTE LANGANA INDIA", "Address": "M/s. SONY BACK SIDE SATYANARAYANA SWAMYTEMPLE RAMNAGARKARIMNAGARTE LANGANA INDIA", "Mineral": "Colour Granite", "MineralTyp": "QL", "SurveyNumb": "412/P", "LandType": "Govt.Land", "Production": 100000, "Dispatch": 100000, "ETS": 100000, "Notice": 0, "Reg_From": "2024-02-07", "Reg_To": "2025-02-06"}, "geometry": {"type": "Polygon", "coordinates": [[[78.889522, 16.717838], [78.889513, 16.718742], [78.890452, 16.718751], [78.890461, 16.717847], [78.889522, 16.717838]]]}}, {"type": "Feature", "properties": {"District": "Nalgonda", "Mandal": "Devarakonda", "Company": "M/s. 3S SOLUTIONS Plot No.77 Subodaya Colony J ashua Society Allwyn Colony R oad Usha Mullapudi Kaman Op p: Hanuman Temple Telangana", "Address": "M/s. 3S SOLUTIONS Plot No.77 Subodaya Colony J ashua Society Allwyn Colony R oad Usha Mullapudi Kaman Op p: Hanuman Temple Telangana", "Mineral": "Colour Granite", "MineralTyp": "QL", "SurveyNumb": "232\r 232\r", "LandType": "Govt.Land", "Production": 100000, "Dispatch": 100000, "ETS": 100000, "Notice": 0, "Reg_From": "2024-02-17", "Reg_To": "2026-02-16"}, "geometry": {"type": "Polygon", "coordinates": [[[78.790493, 16.673472], [78.790483, 16.674376], [78.791421, 16.674386], [78.791431, 16.673481], [78.790493, 16.673472]]]}}, {"type": "Feature", "properties": {"District": "Nalgonda", "Mandal": "Gundla Palle", "Company": "M/s. VIHAAN PRIVATE LIMITED Plot No: 214Sri Maruthi Nagar Badangpet 500058Telangana", "Address": "M/s. VIHAAN PRIVATE LIMITED Plot No: 214Sri Maruthi Nagar Badangpet 500058Telangana", "Mineral": "Colour Granite", "MineralTyp": "QL", "SurveyNumb": "285/P", "LandType": "Govt.Land", "Production": 100000, "Dispatch": 100000, "ETS": 100000, "Notice": 0, "Reg_From": "2024-02-19", "Reg_To": "2025-02-18"}, "geometry": {"type": "Polygon", "coordinates": [[[78.744486, 16.669848], [78.744476, 16.670753], [78.745415, 16.670762], [78.745424, 16.669858], [78.744486, 16.669848]]]}}, {"type": "Feature", "properties": {"District": "Nalgonda", "Mandal": "Gundla Palle", "Company": "M/s. Infinity Energy Solutions H No 340 Shop No 61 Kammagu da Turka Yamjal Abdullapurm et Mandal Telanga na", "Address": "M/s. Infinity Energy Solutions H No 340 Shop No 61 Kammagu da Turka Yamjal Abdullapurm et Mandal Telanga na", "Mineral": "Colour Granite", "MineralTyp": "QL", "SurveyNumb": "661", "LandType": "Govt.Land", "Production": 100000, "Dispatch": 100000, "ETS": 100000, "Notice": 0, "Reg_From": "2024-01-30", "Reg_To": "2025-01-29"}, "geometry": {"type": "Polygon", "coordinates": [[[78.758232, 16.63426], [78.758222, 16.635164], [78.759161, 16.635174], [78.75917, 16.634269], [78.758232, 16.63426]]]}}, {"type": "Feature", "properties": {"District": "Nalgonda", "Mandal": "Gundla Palle", "Company": "M/s. Creative Energy Solutions H:NO: 18527/7/1 RAITHU COLONY SHADNAGAR FAROOQNAGAR RANG AREDDY", "Address": "M/s. Creative Energy Solutions H:NO: 18527/7/1 RAITHU COLONY SHADNAGAR FAROOQNAGAR RANG AREDDY", "Mineral": "Colour Granite", "MineralTyp": "QL", "SurveyNumb": "555", "LandType": "Govt.Land", "Production": 0, "Dispatch": 0, "ETS": 0, "Notice": 0, "Reg_From": "2024-02-14", "Reg_To": "2026-02-13"}, "geometry": {"type": "Polygon", "coordinates": [[[78.780401, 16.646349], [78.780392, 16.647253], [78.78133, 16.647263], [78.781339, 16.646358], [78.780401, 16.646349]]]}}, {"type": "Feature", "properties": {"District": "Nalgonda", "Mandal": "Devarakonda", "Company": "M/s. GARUDA BLUE SYSTEMS Ground Floor no 27445 Excise Colony Hanmakonda Warangal Urban Telangana", "Address": "M/s. GARUDA BLUE SYSTEMS Ground Floor no 27445 Excise Colony Hanmakonda Warangal Urban Telangana", "Mineral": "Colour Granite", "MineralTyp": "QL", "SurveyNumb": "369", "LandType": "Govt.Land", "Production": 0, "Dispatch": 0, "ETS": 0, "Notice": 0, "Reg_From": "2024-02-20", "Reg_To": "2026-02-19"}, "geometry": {"type": "Polygon", "coordinates": [[[78.850993, 16.640735], [78.850984, 16.641639], [78.851922, 16.641648], [78.851932, 16.640744], [78.850993, 16.640735]]]}}, {"type": "Feature", "properties": {"District": "Nalgonda", "Mandal": "Anumula", "Company": "M/s. MATHRUBHOOMI ENERGY Flat No:1122/154 Santhosh nagar Near Venu Apparment Danafactory Gadwal town Jogulamba Gadwal District Telangana state", "Address": "M/s. MATHRUBHOOMI ENERGY Flat No:1122/154 Santhosh nagar Near Venu Apparment Danafactory Gadwal town Jogulamba Gadwal District Telangana state", "Mineral": "Black Granite", "MineralTyp": "02/08/13 to 01/08/2033", "SurveyNumb": "Karimnagar", "LandType": "100000", "Production": 0, "Dispatch": 0, "ETS": 0, "Notice": 0, "Reg_From": "2024-02-14", "Reg_To": "2026-02-13"}, "geometry": {"type": "Polygon", "coordinates": [[[79.275884, 16.744264], [79.275877, 16.745169], [79.276816, 16.745176], [79.276823, 16.744271], [79.275884, 16.744264]]]}}, {"type": "Feature", "properties": {"District": "Nalgonda", "Mandal": "Atmakur (M)", "Company": "M/s. Kypas Pvt Ltd 301 3rd floor Imperial Tower s Ameerpet", "Address": "M/s. Kypas Pvt Ltd 301 3rd floor Imperial Tower s Ameerpet", "Mineral": "Colour Granite", "MineralTyp": "QL", "SurveyNumb": "279/A\r", "LandType": "Govt.Land", "Production": 100000, "Dispatch": 100000, "ETS": 100000, "Notice": 0, "Reg_From": "2024-02-21", "Reg_To": "2025-02-20"}, "geometry": {"type": "Polygon", "coordinates": [[[79.189153, 17.362807], [79.189145, 17.363712], [79.190087, 17.363719], [79.190095, 17.362815], [79.189153, 17.362807]]]}}, {"type": "Feature", "properties": {"District": "Nalgonda", "Mandal": "Bibinagar", "Company": "Punarvi Projects Pvt Ltd Plot no 5 Chandragiri Colony above SBI 3rd floor Trimalgh irry", "Address": "Punarvi Projects Pvt Ltd Plot no 5 Chandragiri Colony above SBI 3rd floor Trimalgh irry", "Mineral": "Colour Granite", "MineralTyp": "QL", "SurveyNumb": "279/1\r", "LandType": "Govt.Land", "Production": 100000, "Dispatch": 100000, "ETS": 100000, "Notice": 0, "Reg_From": "2023-12-01", "Reg_To": "2024-11-30"}, "geometry": {"type": "Polygon", "coordinates": [[[78.756822, 17.403155], [78.756813, 17.404059], [78.757754, 17.404068], [78.757764, 17.403164], [78.756822, 17.403155]]]}}, {"type": "Feature", "properties": {"District": "Nalgonda", "Mandal": "Ramannapeta", "Company": "sol # 631152B NGO's Colony Vanasthalipuram RR Dist T.S.", "Address": "sol # 631152B NGO's Colony Vanasthalipuram RR Dist T.S.", "Mineral": "Colour Granite", "MineralTyp": "QL", "SurveyNumb": "438\r", "LandType": "Govt.Land", "Production": 100000, "Dispatch": 100000, "ETS": 100000, "Notice": 0, "Reg_From": "2024-02-23", "Reg_To": "2026-02-22"}, "geometry": {"type": "Polygon", "coordinates": [[[79.145646, 17.326806], [79.145638, 17.32771], [79.146579, 17.327718], [79.146587, 17.326814], [79.145646, 17.326806]]]}}, {"type": "Feature", "properties": {"District": "Nalgonda", "Mandal": "Ramannapeta", "Company": "M/s. PVV Private LIMITED Plot No. 42 D.No. 5428/35 Opp: Gurudwara Behind OBC Ban k Gurunanak Colony Krishna Di strict Vijayawada Andhra Prad esh India.", "Address": "M/s. PVV Private LIMITED Plot No. 42 D.No. 5428/35 Opp: Gurudwara Behind OBC Ban k Gurunanak Colony Krishna Di strict Vijayawada Andhra Prad esh India.", "Mineral": "Colour Granite", "MineralTyp": "QL", "SurveyNumb": "728", "LandType": "Govt.Land", "Production": 100000, "Dispatch": 100000, "ETS": 100000, "Notice": 0, "Reg_From": "2024-02-24", "Reg_To": "2025-02-23"}, "geometry": {"type": "Polygon", "coordinates": [[[79.122283, 17.325858], [79.122275, 17.326762], [79.123216, 17.32677], [79.123224, 17.325866], [79.122283, 17.325858]]]}}, {"type": "Feature", "properties": {"District": "Adilabad", "Mandal": "Mandamarri", "Company": "ARGO PRIVATE LIMITED #401 4TH FLOOR SHANMUKH EMPIRE PLOT NO 83 SWAMY AYYAPPASOCIETY MADHAPUR TELANGANA", "Address": "ARGO PRIVATE LIMITED #401 4TH FLOOR SHANMUKH EMPIRE PLOT NO 83 SWAMY AYYAPPASOCIETY MADHAPUR TELANGANA", "Mineral": "Colour Granite", "MineralTyp": "QL", "SurveyNumb": "728", "LandType": "Govt.Land", "Production": 100000, "Dispatch": 100000, "ETS": 100000, "Notice": 0, "Reg_From": "2024-02-26", "Reg_To": "2025-02-25"}, "geometry": {"type": "Polygon", "coordinates": [[[79.561606, 18.913276], [79.5616, 18.914179], [79.562549, 18.914185], [79.562555, 18.913282], [79.561606, 18.913276]]]}}, {"type": "Feature", "properties": {"District": "Adilabad", "Mandal": "Mandamarri", "Company": "VENKATA SAI TRADERS 43241/39 KAMALAPRASANNA NAG AR ALLWYN COLONY Kukatpally Medchal Malkajgiri Telangana", "Address": "VENKATA SAI TRADERS 43241/39 KAMALAPRASANNA NAG AR ALLWYN COLONY Kukatpally Medchal Malkajgiri Telangana", "Mineral": "Colour Granite", "MineralTyp": "QL", "SurveyNumb": "728/1", "LandType": "Govt.Land", "Production": 100000, "Dispatch": 100000, "ETS": 100000, "Notice": 0, "Reg_From": "2024-02-26", "Reg_To": "2025-02-25"}, "geometry": {"type": "Polygon", "coordinates": [[[79.568506, 18.901079], [79.5685, 18.901982], [79.569449, 18.901988], [79.569455, 18.901085], [79.568506, 18.901079]]]}}, {"type": "Feature", "properties": {"District": "Nalgonda", "Mandal": "Munugode", "Company": "M/s. VNR GLOBAL SY NO 236/U1/2/1 236/E/1 Ket hepally Inpamula Nalgonda T elangana", "Address": "M/s. VNR GLOBAL SY NO 236/U1/2/1 236/E/1 Ket hepally Inpamula Nalgonda T elangana", "Mineral": "Colour Granite", "MineralTyp": "QL", "SurveyNumb": "728/1", "LandType": "Govt.Land", "Production": 100000, "Dispatch": 100000, "ETS": 100000, "Notice": 0, "Reg_From": "2024-02-27", "Reg_To": "2026-02-26"}, "geometry": {"type": "Polygon", "coordinates": [[[79.162808, 17.118315], [79.1628, 17.119219], [79.16374, 17.119226], [79.163748, 17.118322], [79.162808, 17.118315]]]}}, {"type": "Feature", "properties": {"District": "Nalgonda", "Mandal": "Nalgonda", "Company": "FUTURE EMERGING TECH SOLUTIONS PRIVATE LIMITED H.NO 44102/1 Chunchupally ST. ANDREW'S CHURCH COMPLEX KOTHAGUDEM TELANGANA", "Address": "FUTURE EMERGING TECH SOLUTIONS PRIVATE LIMITED H.NO 44102/1 Chunchupally ST. ANDREW'S CHURCH COMPLEX KOTHAGUDEM TELANGANA", "Mineral": "Colour Granite", "MineralTyp": "QL", "SurveyNumb": "728\r", "LandType": "Govt.Land", "Production": 100000, "Dispatch": 100000, "ETS": 100000, "Notice": 0, "Reg_From": "2024-02-28", "Reg_To": "2025-02-27"}, "geometry": {"type": "Polygon", "coordinates": [[[79.217105, 17.127276], [79.217097, 17.12818], [79.218038, 17.128187], [79.218045, 17.127283], [79.217105, 17.127276]]]}}, {"type": "Feature", "properties": {"District": "Nalgonda", "Mandal": "Mella Cheruvu", "Company": "SYNERGY GROUP PLOT NO: 438 & 439 RAMPALLY R EVENUE VILLAGE KEESARAMEDCHA LMALKAJGIRI", "Address": "SYNERGY GROUP PLOT NO: 438 & 439 RAMPALLY R EVENUE VILLAGE KEESARAMEDCHA LMALKAJGIRI", "Mineral": "Colour Granite", "MineralTyp": "QL", "SurveyNumb": "159", "LandType": "Govt.Land", "Production": 100000, "Dispatch": 100000, "ETS": 100000, "Notice": 0, "Reg_From": "2024-02-29", "Reg_To": "2025-02-27"}, "geometry": {"type": "Polygon", "coordinates": [[[79.975914, 16.860138], [79.97591, 16.861043], [79.976849, 16.861047], [79.976853, 16.860142], [79.975914, 16.860138]]]}}, {"type": "Feature", "properties": {"District": "Nalgonda", "Mandal": "Nalgonda", "Company": "Sairitik Technologies Private Limited 301 Sai Sree Apartment PS Ra o Nagar", "Address": "Sairitik Technologies Private Limited 301 Sai Sree Apartment PS Ra o Nagar", "Mineral": "Colour Granite", "MineralTyp": "QL", "SurveyNumb": "157", "LandType": "Govt.Land", "Production": 100000, "Dispatch": 100000, "ETS": 100000, "Notice": 0, "Reg_From": "2024-03-03", "Reg_To": "2026-03-02"}, "geometry": {"type": "Polygon", "coordinates": [[[79.296609, 16.986426], [79.296602, 16.98733], [79.297541, 16.987337], [79.297549, 16.986433], [79.296609, 16.986426]]]}}, {"type": "Feature", "properties": {"District": "Nalgonda", "Mandal": "Kangal", "Company": "M/s. SHRI KAILASH PVT LTD NO.8Veekay manor Flat no. 15 3rd Floor Gopalakrishna Roa d T. Nagar Chennai Tamilnadu", "Address": "M/s. SHRI KAILASH PVT LTD NO.8Veekay manor Flat no. 15 3rd Floor Gopalakrishna Roa d T. Nagar Chennai Tamilnadu", "Mineral": "Colour Granite", "MineralTyp": "QL", "SurveyNumb": "728", "LandType": "Govt.Land", "Production": 100000, "Dispatch": 100000, "ETS": 100000, "Notice": 0, "Reg_From": "2024-02-12", "Reg_To": "2025-02-11"}, "geometry": {"type": "Polygon", "coordinates": [[[79.314453, 16.977325], [79.314445, 16.978229], [79.315385, 16.978236], [79.315392, 16.977332], [79.314453, 16.977325]]]}}, {"type": "Feature", "properties": {"District": "Mahbubnagar", "Mandal": "Ieej", "Company": "Jahnavi Engineering And Consultancy Plot No 557 Shop No1 First F loor Peacock Centre Beside S BI Bank Pragathi Nagar Hyder abad", "Address": "Jahnavi Engineering And Consultancy Plot No 557 Shop No1 First F loor Peacock Centre Beside S BI Bank Pragathi Nagar Hyder abad", "Mineral": "Colour Granite", "MineralTyp": "QL", "SurveyNumb": "499, 551", "LandType": "Patta Land", "Production": 100000, "Dispatch": 100000, "ETS": 100000, "Notice": 0, "Reg_From": "2024-03-04", "Reg_To": "2026-03-03"}, "geometry": {"type": "Polygon", "coordinates": [[[77.648562, 15.937253], [77.648547, 15.938157], [77.649482, 15.938171], [77.649496, 15.937267], [77.648562, 15.937253]]]}}, {"type": "Feature", "properties": {"District": "Mahbubnagar", "Mandal": "Ieej", "Company": "M/s. ORBIT ENERGY SYSTEM Pillar Number 53 /211 Dilshad Nagar Colony Me hdipatnam Telang ana", "Address": "M/s. ORBIT ENERGY SYSTEM Pillar Number 53 /211 Dilshad Nagar Colony Me hdipatnam Telang ana", "Mineral": "Colour Granite", "MineralTyp": "QL", "SurveyNumb": "552 & 573", "LandType": "Patta Land", "Production": 100000, "Dispatch": 100000, "ETS": 100000, "Notice": 0, "Reg_From": "2024-02-29", "Reg_To": "2026-02-27"}, "geometry": {"type": "Polygon", "coordinates": [[[77.573864, 15.945623], [77.573849, 15.946528], [77.574784, 15.946542], [77.574799, 15.945638], [77.573864, 15.945623]]]}}, {"type": "Feature", "properties": {"District": "Mahbubnagar", "Mandal": "Alampur", "Company": "M/s.Randsco Abeyaantrix Pvt Ltd F NO 101 P No 110 H.No. 3100/154/101 Saraswathi meri dian Kompally Ran gareddy", "Address": "M/s.Randsco Abeyaantrix Pvt Ltd F NO 101 P No 110 H.No. 3100/154/101 Saraswathi meri dian Kompally Ran gareddy", "Mineral": "Colour Granite", "MineralTyp": "QL", "SurveyNumb": "703 & 704", "LandType": "Govt.Land", "Production": 100000, "Dispatch": 100000, "ETS": 100000, "Notice": 0, "Reg_From": "2024-02-26", "Reg_To": "2026-02-25"}, "geometry": {"type": "Polygon", "coordinates": [[[78.075501, 15.974883], [78.075488, 15.975788], [78.076423, 15.9758], [78.076436, 15.974896], [78.075501, 15.974883]]]}}, {"type": "Feature", "properties": {"District": "Mahbubnagar", "Mandal": "Ghattu", "Company": "M/s. SURANA LIMITED 5TH FLOOR 5TH FLOOR SURYA TOWERS S.P.ROAD SECUNDERABAD HDERAB ADTELANGANA", "Address": "M/s. SURANA LIMITED 5TH FLOOR 5TH FLOOR SURYA TOWERS S.P.ROAD SECUNDERABAD HDERAB ADTELANGANA", "Mineral": "Colour Granite", "MineralTyp": "QL", "SurveyNumb": "189", "LandType": "Govt.Land", "Production": 100000, "Dispatch": 100000, "ETS": 100000, "Notice": 0, "Reg_From": "2024-02-01", "Reg_To": "2025-01-31"}, "geometry": {"type": "Polygon", "coordinates": [[[77.538005, 15.994481], [77.53799, 15.995385], [77.538925, 15.9954], [77.53894, 15.994495], [77.538005, 15.994481]]]}}, {"type": "Feature", "properties": {"District": "Mahbubnagar", "Mandal": "Gadwal", "Company": "M/s. HARSHA MICRO SYSTEMS #205Mythri Nivas 245/16 Vi maladevi Nagar MalkajigiriSD ecunderabad.. Telangana", "Address": "M/s. HARSHA MICRO SYSTEMS #205Mythri Nivas 245/16 Vi maladevi Nagar MalkajigiriSD ecunderabad.. Telangana", "Mineral": "Colour Granite", "MineralTyp": "QL", "SurveyNumb": "116 & 123", "LandType": "Govt.Land", "Production": 100000, "Dispatch": 100000, "ETS": 100000, "Notice": 0, "Reg_From": "2024-02-29", "Reg_To": "2026-02-27"}, "geometry": {"type": "Polygon", "coordinates": [[[77.735524, 16.278714], [77.73551, 16.279619], [77.736446, 16.279633], [77.736461, 16.278728], [77.735524, 16.278714]]]}}, {"type": "Feature", "properties": {"District": "Mahbubnagar", "Mandal": "Gadwal", "Company": "GREEN TECHNOLOGIES", "Address": "GREEN TECHNOLOGIES", "Mineral": "Colour Granite", "MineralTyp": "QL", "SurveyNumb": "258", "LandType": "Govt.Land", "Production": 100000, "Dispatch": 100000, "ETS": 100000, "Notice": 0, "Reg_From": "2018-06-25", "Reg_To": "2019-06-24"}, "geometry": {"type": "Polygon", "coordinates": [[[77.834915, 16.233539], [77.834902, 16.234443], [77.835838, 16.234457], [77.835852, 16.233552], [77.834915, 16.233539]]]}}, {"type": "Feature", "properties": {"District": "Mahbubnagar", "Mandal": "Gadwal", "Company": "M/s. NH Back Side Sai Baba Temple Plot No.02 VRR homes Ahmedguda Bandlaguda keesara Medchal Malkajgiri Telangana", "Address": "M/s. NH Back Side Sai Baba Temple Plot No.02 VRR homes Ahmedguda Bandlaguda keesara Medchal Malkajgiri Telangana", "Mineral": "Colour Granite", "MineralTyp": "QL", "SurveyNumb": "327and 325", "LandType": "Patta Land", "Production": 120000, "Dispatch": 100000, "ETS": 150000, "Notice": 50000, "Reg_From": "2024-03-06", "Reg_To": "2026-03-05"}, "geometry": {"type": "Polygon", "coordinates": [[[77.772806, 16.225309], [77.772792, 16.226213], [77.773728, 16.226227], [77.773742, 16.225322], [77.772806, 16.225309]]]}}, {"type": "Feature", "properties": {"District": "Mahbubnagar", "Mandal": "Itikyal", "Company": "M/s. SHUBHITHA S ENERGY SOLUTIONS PVT LTD H.NO: 257/10 AERPALLY GEESUGONDA MANDAL WARANGAL TELANG ANA", "Address": "M/s. SHUBHITHA S ENERGY SOLUTIONS PVT LTD H.NO: 257/10 AERPALLY GEESUGONDA MANDAL WARANGAL TELANG ANA", "Mineral": "Colour Granite", "MineralTyp": "QL", "SurveyNumb": "657", "LandType": "Patta Land", "Production": 120000, "Dispatch": 100000, "ETS": 150000, "Notice": 50000, "Reg_From": "2024-03-05", "Reg_To": "2025-03-04"}, "geometry": {"type": "Polygon", "coordinates": [[[77.907425, 16.179904], [77.907411, 16.180808], [77.908347, 16.180821], [77.908361, 16.179917], [77.907425, 16.179904]]]}}, {"type": "Feature", "properties": {"District": "Mahbubnagar", "Mandal": "Gadwal", "Company": "M/s. GREENTREE SOLUTIONS PVT LTD /V/2/24P25 VAISHALI NAGARPHASE2CHAMPAPET RANGAREDDY DIST TELANGANA", "Address": "M/s. GREENTREE SOLUTIONS PVT LTD /V/2/24P25 VAISHALI NAGARPHASE2CHAMPAPET RANGAREDDY DIST TELANGANA", "Mineral": "Colour Granite", "MineralTyp": "QL", "SurveyNumb": "429", "LandType": "Govt.Land", "Production": 120000, "Dispatch": 100000, "ETS": 150000, "Notice": 50000, "Reg_From": "2024-03-08", "Reg_To": "2025-03-07"}, "geometry": {"type": "Polygon", "coordinates": [[[77.756265, 16.197695], [77.75625, 16.198599], [77.757186, 16.198613], [77.757201, 16.197709], [77.756265, 16.197695]]]}}, {"type": "Feature", "properties": {"District": "Mahbubnagar", "Mandal": "Maldakal", "Company": "M/s. SRI PARAMESHWARI BATTERY WORKS 6527 BESIDE NTR STATUE HYD ROAD NG COLONY NALGONDA TELANGANA", "Address": "M/s. SRI PARAMESHWARI BATTERY WORKS 6527 BESIDE NTR STATUE HYD ROAD NG COLONY NALGONDA TELANGANA", "Mineral": "Colour Granite", "MineralTyp": "QL", "SurveyNumb": "236", "LandType": "Govt.Land", "Production": 120000, "Dispatch": 100000, "ETS": 150000, "Notice": 50000, "Reg_From": "2025-03-09", "Reg_To": "2027-03-08"}, "geometry": {"type": "Polygon", "coordinates": [[[77.715434, 16.154062], [77.71542, 16.154966], [77.716355, 16.15498], [77.71637, 16.154076], [77.715434, 16.154062]]]}}, {"type": "Feature", "properties": {"District": "Mahbubnagar", "Mandal": "Gadwal", "Company": "M/s. LOUKIKA ENERGY SYSTEMS H.N0 1137 ELUVARIGUDEM Village THIRUMALAYAPALEM Mandal KHAMMAM Dist", "Address": "M/s. LOUKIKA ENERGY SYSTEMS H.N0 1137 ELUVARIGUDEM Village THIRUMALAYAPALEM Mandal KHAMMAM Dist", "Mineral": "Colour Granite", "MineralTyp": "QL", "SurveyNumb": "643", "LandType": "Govt.Land", "Production": 120000, "Dispatch": 100000, "ETS": 150000, "Notice": 50000, "Reg_From": "2025-03-11", "Reg_To": "2026-03-10"}, "geometry": {"type": "Polygon", "coordinates": [[[77.7886, 16.154378], [77.788586, 16.155283], [77.789521, 16.155296], [77.789535, 16.154392], [77.7886, 16.154378]]]}}, {"type": "Feature", "properties": {"District": "Mahbubnagar", "Mandal": "Itikyal", "Company": "M/s. TITAN TECHNOCRATS PRIVATE LIMITED PLOT NO: 55 & 56 JAI BHARAT SOCIETY DAIRY FARM ROAD TRIM ULGHERRY SECUNDERABAD TELANG ANA", "Address": "M/s. TITAN TECHNOCRATS PRIVATE LIMITED PLOT NO: 55 & 56 JAI BHARAT SOCIETY DAIRY FARM ROAD TRIM ULGHERRY SECUNDERABAD TELANG ANA", "Mineral": "Colour Granite", "MineralTyp": "QL", "SurveyNumb": "842", "LandType": "Govt.Land", "Production": 120000, "Dispatch": 100000, "ETS": 150000, "Notice": 50000, "Reg_From": "2024-03-11", "Reg_To": "2026-03-10"}, "geometry": {"type": "Polygon", "coordinates": [[[77.825464, 16.101163], [77.82545, 16.102067], [77.826385, 16.102081], [77.826399, 16.101176], [77.825464, 16.101163]]]}}, {"type": "Feature", "properties": {"District": "Mahbubnagar", "Mandal": "Kodangal", "Company": "K AND G INFRA STRUCTURES H.No. 83/2/A/1 NPR Enclave Rampally (v) Near Rose Garden Nagaram Muncipality Keesara (m) Medchal Malkajgiri Dis t", "Address": "K AND G INFRA STRUCTURES H.No. 83/2/A/1 NPR Enclave Rampally (v) Near Rose Garden Nagaram Muncipality Keesara (m) Medchal Malkajgiri Dis t", "Mineral": "Colour Granite", "MineralTyp": "QL", "SurveyNumb": "842", "LandType": "Govt.Land", "Production": 120000, "Dispatch": 100000, "ETS": 150000, "Notice": 50000, "Reg_From": "2024-03-11", "Reg_To": "2025-03-10"}, "geometry": {"type": "Polygon", "coordinates": [[[77.648604, 17.094864], [77.648589, 17.095768], [77.64953, 17.095782], [77.649544, 17.094878], [77.648604, 17.094864]]]}}, {"type": "Feature", "properties": {"District": "Mahbubnagar", "Mandal": "Kodangal", "Company": "SAI KRISHNA SOLUTIONS D. NO 6320 DURGA COLONY SU RYAPET ROAD JANGAON DIST TEL ANGANA", "Address": "SAI KRISHNA SOLUTIONS D. NO 6320 DURGA COLONY SU RYAPET ROAD JANGAON DIST TEL ANGANA", "Mineral": "Colour Granite", "MineralTyp": "QL", "SurveyNumb": "842", "LandType": "Govt.Land", "Production": 120000, "Dispatch": 100000, "ETS": 150000, "Notice": 50000, "Reg_From": "2025-03-13", "Reg_To": "2027-03-12"}, "geometry": {"type": "Polygon", "coordinates": [[[77.63906, 17.068243], [77.639045, 17.069147], [77.639985, 17.069162], [77.64, 17.068257], [77.63906, 17.068243]]]}}, {"type": "Feature", "properties": {"District": "Mahbubnagar", "Mandal": "Doulathabad", "Company": "PRAJVAL PVRSM SOLUTIONS 30227/3 P NO. 3. VIGNESHWAR NAGAR COLONY OLD SAFILGUDA VINAYAK NAGAR NEREDMET RAMAKR ISHNA PURAM DIST: MEDCHALMALKAJGIRI SECUNDERABAD.", "Address": "PRAJVAL PVRSM SOLUTIONS 30227/3 P NO. 3. VIGNESHWAR NAGAR COLONY OLD SAFILGUDA VINAYAK NAGAR NEREDMET RAMAKR ISHNA PURAM DIST: MEDCHALMALKAJGIRI SECUNDERABAD.", "Mineral": "Colour Granite", "MineralTyp": "QL", "SurveyNumb": "67", "LandType": "Patta Land", "Production": 120000, "Dispatch": 100000, "ETS": 150000, "Notice": 50000, "Reg_From": "2025-03-13", "Reg_To": "2027-03-12"}, "geometry": {"type": "Polygon", "coordinates": [[[77.548451, 17.008057], [77.548436, 17.008961], [77.549376, 17.008976], [77.549391, 17.008071], [77.548451, 17.008057]]]}}, {"type": "Feature", "properties": {"District": "Mahbubnagar", "Mandal": "Doulathabad", "Company": "EAGLE SYSTEMS SY.NO142/A/1 MALLAMPET BACHUPALLY MAHESHWARAM MEDCHAL MALKAJGIRI", "Address": "EAGLE SYSTEMS SY.NO142/A/1 MALLAMPET BACHUPALLY MAHESHWARAM MEDCHAL MALKAJGIRI", "Mineral": "Colour Granite", "MineralTyp": "QL", "SurveyNumb": "67", "LandType": "Patta Land", "Production": 120000, "Dispatch": 100000, "ETS": 150000, "Notice": 50000, "Reg_From": "2024-03-09", "Reg_To": "2025-03-08"}, "geometry": {"type": "Polygon", "coordinates": [[[77.509238, 16.960301], [77.509223, 16.961205], [77.510162, 16.96122], [77.510178, 16.960316], [77.509238, 16.960301]]]}}, {"type": "Feature", "properties": {"District": "Mahbubnagar", "Mandal": "Doulathabad", "Company": "SUJATHA ENTERPRISES Dr. No /1/17a Hill col ony Neeredmet 5000 56", "Address": "SUJATHA ENTERPRISES Dr. No /1/17a Hill col ony Neeredmet 5000 56", "Mineral": "Colour Granite", "MineralTyp": "QL", "SurveyNumb": "1305", "LandType": "Govt.Land", "Production": 120000, "Dispatch": 100000, "ETS": 150000, "Notice": 50000, "Reg_From": "2024-03-04", "Reg_To": "2026-03-03"}, "geometry": {"type": "Polygon", "coordinates": [[[77.588347, 16.974982], [77.588332, 16.975887], [77.589271, 16.975901], [77.589286, 16.974997], [77.588347, 16.974982]]]}}, {"type": "Feature", "properties": {"District": "Mahbubnagar", "Mandal": "Bomraspet", "Company": "M/s. Dinkrit Systems FEROZGUDA 74113 MADHAVI NAGAR BALANAGAR SECUNDERABAD Medchal Malkajgiri Telangana", "Address": "M/s. Dinkrit Systems FEROZGUDA 74113 MADHAVI NAGAR BALANAGAR SECUNDERABAD Medchal Malkajgiri Telangana", "Mineral": "Colour Granite", "MineralTyp": "QL", "SurveyNumb": "64/A to 64/D", "LandType": "Patta Land", "Production": 120000, "Dispatch": 100000, "ETS": 150000, "Notice": 50000, "Reg_From": "2024-03-14", "Reg_To": "2025-03-13"}, "geometry": {"type": "Polygon", "coordinates": [[[77.764746, 17.033977], [77.764732, 17.034882], [77.765672, 17.034895], [77.765686, 17.033991], [77.764746, 17.033977]]]}}, {"type": "Feature", "properties": {"District": "Mahbubnagar", "Mandal": "Maddur1", "Company": "M/s. New Age Constructions 110/2 MAIN ROAD DAMSALAPURAM Khammam Khammam Telangana", "Address": "M/s. New Age Constructions 110/2 MAIN ROAD DAMSALAPURAM Khammam Khammam Telangana", "Mineral": "Colour Granite", "MineralTyp": "QL", "SurveyNumb": "530/A, 530/B", "LandType": "Govt.Land", "Production": 120000, "Dispatch": 100000, "ETS": 150000, "Notice": 50000, "Reg_From": "2024-03-15", "Reg_To": "2025-03-14"}, "geometry": {"type": "Polygon", "coordinates": [[[77.650252, 16.888617], [77.650237, 16.889521], [77.651177, 16.889535], [77.651191, 16.888631], [77.650252, 16.888617]]]}}, {"type": "Feature", "properties": {"District": "Mahbubnagar", "Mandal": "Thimmajipet", "Company": "M/s. Ekalavya Impex And Industries 112/4/1 Ex servicemen Colony Near Prathibha vidya Mandir school Jawahar Nagar municipa l corp Kapra mandal Medchal Malkajigiri Telangana", "Address": "M/s. Ekalavya Impex And Industries 112/4/1 Ex servicemen Colony Near Prathibha vidya Mandir school Jawahar Nagar municipa l corp Kapra mandal Medchal Malkajigiri Telangana", "Mineral": "Road Metal", "MineralTyp": "QL", "SurveyNumb": "55", "LandType": "Govt.Land", "Production": 800000, "Dispatch": 600000, "ETS": 1200000, "Notice": 600000, "Reg_From": "2024-03-19", "Reg_To": "2025-03-18"}, "geometry": {"type": "Polygon", "coordinates": [[[78.281171, 16.681895], [78.281159, 16.682799], [78.282097, 16.682811], [78.282109, 16.681906], [78.281171, 16.681895]]]}}, {"type": "Feature", "properties": {"District": "Mahbubnagar", "Mandal": "Veepangandla", "Company": "M/s. Osmium Energy Pvt Ltd PLOT NO.23 SY.NO.11/7 Shaikpet 100 Feet Road Nextel Madhapur Rangareddy Telangana", "Address": "M/s. Osmium Energy Pvt Ltd PLOT NO.23 SY.NO.11/7 Shaikpet 100 Feet Road Nextel Madhapur Rangareddy Telangana", "Mineral": "Colour Granite", "MineralTyp": "QL", "SurveyNumb": "553", "LandType": "Govt.Land", "Production": 120000, "Dispatch": 100000, "ETS": 150000, "Notice": 50000, "Reg_From": "2024-03-17", "Reg_To": "2026-03-16"}, "geometry": {"type": "Polygon", "coordinates": [[[78.155837, 16.059454], [78.155824, 16.060359], [78.15676, 16.060371], [78.156772, 16.059466], [78.155837, 16.059454]]]}}, {"type": "Feature", "properties": {"District": "Mahbubnagar", "Mandal": "Veepangandla", "Company": "GRUNE PVT LTD Plot no 7/4 AnmagalNear gvt primary schoolhayathnagar", "Address": "GRUNE PVT LTD Plot no 7/4 AnmagalNear gvt primary schoolhayathnagar", "Mineral": "Colour Granite", "MineralTyp": "QL", "SurveyNumb": "906", "LandType": "Govt.Land", "Production": 120000, "Dispatch": 100000, "ETS": 150000, "Notice": 50000, "Reg_From": "2024-03-19", "Reg_To": "2026-03-18"}, "geometry": {"type": "Polygon", "coordinates": [[[78.17285, 16.139853], [78.172837, 16.140757], [78.173773, 16.140769], [78.173785, 16.139865], [78.17285, 16.139853]]]}}, {"type": "Feature", "properties": {"District": "Mahbubnagar", "Mandal": "Kollapur", "Company": "SUNWATT INTERNATIONAL P LTD SUNWATT HOUSE MIG C20 DR.A.S.RAO NAGAR", "Address": "SUNWATT INTERNATIONAL P LTD SUNWATT HOUSE MIG C20 DR.A.S.RAO NAGAR", "Mineral": "Colour Granite", "MineralTyp": "QL", "SurveyNumb": "630", "LandType": "Govt.Land", "Production": 120000, "Dispatch": 100000, "ETS": 150000, "Notice": 50000, "Reg_From": "2024-03-14", "Reg_To": "2025-03-13"}, "geometry": {"type": "Polygon", "coordinates": [[[78.247134, 16.076989], [78.247122, 16.077894], [78.248058, 16.077905], [78.24807, 16.077001], [78.247134, 16.076989]]]}}, {"type": "Feature", "properties": {"District": "Mahbubnagar", "Mandal": "Peddakothapalle", "Company": "I GO GEEN ENTERPRISES 1111930/1 GANGASTHAN1NIZAMABADTELANGANA", "Address": "I GO GEEN ENTERPRISES 1111930/1 GANGASTHAN1NIZAMABADTELANGANA", "Mineral": "Colour Granite", "MineralTyp": "QL", "SurveyNumb": "141", "LandType": "Govt.Land", "Production": 120000, "Dispatch": 100000, "ETS": 150000, "Notice": 50000, "Reg_From": "2024-03-20", "Reg_To": "2026-03-19"}, "geometry": {"type": "Polygon", "coordinates": [[[78.28175, 16.170936], [78.281738, 16.17184], [78.282674, 16.171852], [78.282686, 16.170947], [78.28175, 16.170936]]]}}, {"type": "Feature", "properties": {"District": "Mahbubnagar", "Mandal": "Kollapur", "Company": "Servotech Systems Limited 806 8th Floor Crown Heights Hotel Crown Plaza Rohini NewDelhi", "Address": "Servotech Systems Limited 806 8th Floor Crown Heights Hotel Crown Plaza Rohini NewDelhi", "Mineral": "Colour Granite", "MineralTyp": "QL", "SurveyNumb": "141", "LandType": "Govt.Land", "Production": 120000, "Dispatch": 100000, "ETS": 150000, "Notice": 50000, "Reg_From": "2024-03-06", "Reg_To": "2025-03-05"}, "geometry": {"type": "Polygon", "coordinates": [[[78.264433, 16.160728], [78.264421, 16.161633], [78.265357, 16.161644], [78.265369, 16.16074], [78.264433, 16.160728]]]}}, {"type": "Feature", "properties": {"District": "Mahbubnagar", "Mandal": "Peddakothapalle", "Company": "SUNLIGHT ENERGY SYSTEMS PLOT NO.293 SRI SAINATH CO OPERATIVE HOUSING SOCIETY BAHADOORPALLY DUNDIGAL GANDIMAISAMMA MANDAL MEDCHAL MALKAJGIRIDIST", "Address": "SUNLIGHT ENERGY SYSTEMS PLOT NO.293 SRI SAINATH CO OPERATIVE HOUSING SOCIETY BAHADOORPALLY DUNDIGAL GANDIMAISAMMA MANDAL MEDCHAL MALKAJGIRIDIST", "Mineral": "Colour Granite", "MineralTyp": "QL", "SurveyNumb": "141", "LandType": "Govt.Land", "Production": 120000, "Dispatch": 100000, "ETS": 150000, "Notice": 50000, "Reg_From": "2024-03-22", "Reg_To": "2025-03-21"}, "geometry": {"type": "Polygon", "coordinates": [[[78.311767, 16.213888], [78.311755, 16.214793], [78.312691, 16.214804], [78.312703, 16.2139], [78.311767, 16.213888]]]}}, {"type": "Feature", "properties": {"District": "Mahbubnagar", "Mandal": "Peddakothapalle", "Company": "QUALITY SOLUTIONS SY NO. 288 BOKKONIGUDA MAIN ROAD Edulabad Rd Near MRO Office Ghatkesar Telangana", "Address": "QUALITY SOLUTIONS SY NO. 288 BOKKONIGUDA MAIN ROAD Edulabad Rd Near MRO Office Ghatkesar Telangana", "Mineral": "Colour Granite", "MineralTyp": "QL", "SurveyNumb": "185", "LandType": "Govt.Land", "Production": 120000, "Dispatch": 100000, "ETS": 150000, "Notice": 50000, "Reg_From": "2024-03-11", "Reg_To": "2026-03-10"}, "geometry": {"type": "Polygon", "coordinates": [[[78.327791, 16.219161], [78.327779, 16.220066], [78.328715, 16.220077], [78.328727, 16.219172], [78.327791, 16.219161]]]}}, {"type": "Feature", "properties": {"District": "Mahbubnagar", "Mandal": "Kodair", "Company": "RK GREEN MOUNT ENERGIES /1 road number 7 Iskan temple lane Madhavaram Nagar Medchal Malkajgiri Telangana", "Address": "RK GREEN MOUNT ENERGIES /1 road number 7 Iskan temple lane Madhavaram Nagar Medchal Malkajgiri Telangana", "Mineral": "Colour Granite", "MineralTyp": "QL", "SurveyNumb": "274", "LandType": "Govt.Land", "Production": 120000, "Dispatch": 100000, "ETS": 150000, "Notice": 50000, "Reg_From": "2024-03-12", "Reg_To": "2025-03-11"}, "geometry": {"type": "Polygon", "coordinates": [[[78.276848, 16.319842], [78.276836, 16.320747], [78.277773, 16.320758], [78.277785, 16.319854], [78.276848, 16.319842]]]}}, {"type": "Feature", "properties": {"District": "Mahbubnagar", "Mandal": "Peddakothapalle", "Company": "Mahalakshmi Systems 8421/4 Karmanghat Sagar road 79 Telangana", "Address": "Mahalakshmi Systems 8421/4 Karmanghat Sagar road 79 Telangana", "Mineral": "Colour Granite", "MineralTyp": "QL", "SurveyNumb": "28/1", "LandType": "Govt.Land", "Production": 120000, "Dispatch": 100000, "ETS": 150000, "Notice": 50000, "Reg_From": "2024-03-25", "Reg_To": "2026-03-24"}, "geometry": {"type": "Polygon", "coordinates": [[[78.318487, 16.343289], [78.318475, 16.344194], [78.319412, 16.344205], [78.319423, 16.3433], [78.318487, 16.343289]]]}}, {"type": "Feature", "properties": {"District": "Mahbubnagar", "Mandal": "Gopalpeta", "Company": "APEX 3RD FLOOR SAMATHA COLONY SHAIKPET 08", "Address": "APEX 3RD FLOOR SAMATHA COLONY SHAIKPET 08", "Mineral": "Colour Granite", "MineralTyp": "QL", "SurveyNumb": "69", "LandType": "Govt.Land", "Production": 120000, "Dispatch": 100000, "ETS": 150000, "Notice": 50000, "Reg_From": "2024-03-26", "Reg_To": "2026-03-25"}, "geometry": {"type": "Polygon", "coordinates": [[[78.167357, 16.408644], [78.167345, 16.409548], [78.168282, 16.40956], [78.168294, 16.408655], [78.167357, 16.408644]]]}}, {"type": "Feature", "properties": {"District": "Mahbubnagar", "Mandal": "Gopalpeta", "Company": "M/s MEGA WORLD H no 288 Nayakapally Gudur Mahabubabad Telangana", "Address": "M/s MEGA WORLD H no 288 Nayakapally Gudur Mahabubabad Telangana", "Mineral": "Colour Granite", "MineralTyp": "QL", "SurveyNumb": "69", "LandType": "Govt.Land", "Production": 120000, "Dispatch": 100000, "ETS": 150000, "Notice": 50000, "Reg_From": "2024-03-29", "Reg_To": "2025-03-28"}, "geometry": {"type": "Polygon", "coordinates": [[[78.115994, 16.391332], [78.115982, 16.392236], [78.116919, 16.392249], [78.116931, 16.391344], [78.115994, 16.391332]]]}}, {"type": "Feature", "properties": {"District": "Mahbubnagar", "Mandal": "Peddamandadi", "Company": "Adithya Systems H. No. 84490/A Ground Floor Ganesh Nagar main Road Karimnagar Karimnagar Dist. Telangana", "Address": "Adithya Systems H. No. 84490/A Ground Floor Ganesh Nagar main Road Karimnagar Karimnagar Dist. Telangana", "Mineral": "Colour Granite", "MineralTyp": "QL", "SurveyNumb": "69", "LandType": "Govt.Land", "Production": 120000, "Dispatch": 100000, "ETS": 150000, "Notice": 50000, "Reg_From": "2024-03-28", "Reg_To": "2025-03-27"}, "geometry": {"type": "Polygon", "coordinates": [[[78.031825, 16.432103], [78.031812, 16.433007], [78.032749, 16.43302], [78.032762, 16.432115], [78.031825, 16.432103]]]}}, {"type": "Feature", "properties": {"District": "Mahbubnagar", "Mandal": "Ghanpur", "Company": "Fabright Solutions Private Limited PLOT NO 243 VASANTHA NAGAR COLONY KUKATPALLY", "Address": "Fabright Solutions Private Limited PLOT NO 243 VASANTHA NAGAR COLONY KUKATPALLY", "Mineral": "Colour Granite", "MineralTyp": "QL", "SurveyNumb": "480", "LandType": "Govt.Land", "Production": 120000, "Dispatch": 100000, "ETS": 150000, "Notice": 50000, "Reg_From": "2024-03-30", "Reg_To": "2026-03-29"}, "geometry": {"type": "Polygon", "coordinates": [[[78.109387, 16.44082], [78.109374, 16.441724], [78.110311, 16.441736], [78.110324, 16.440832], [78.109387, 16.44082]]]}}, {"type": "Feature", "properties": {"District": "Mahbubnagar", "Mandal": "Nagarkurnool", "Company": "ARKA ENTERPRISES 8323417/B L N NAGAR YUSUFGUDA", "Address": "ARKA ENTERPRISES 8323417/B L N NAGAR YUSUFGUDA", "Mineral": "Colour Granite", "MineralTyp": "QL", "SurveyNumb": "456", "LandType": "Govt.Land", "Production": 120000, "Dispatch": 100000, "ETS": 150000, "Notice": 50000, "Reg_From": "2024-03-29", "Reg_To": "2025-03-28"}, "geometry": {"type": "Polygon", "coordinates": [[[78.300244, 16.465935], [78.300233, 16.466839], [78.30117, 16.46685], [78.301182, 16.465946], [78.300244, 16.465935]]]}}, {"type": "Feature", "properties": {"District": "Mahbubnagar", "Mandal": "Telkapalle", "Company": "Arcedo Systems 4th Floor 401 Vaishnavi Lamani Arcade Doolapally Road Devender Colony Kompally Medchal Malkajgiri Telangana", "Address": "Arcedo Systems 4th Floor 401 Vaishnavi Lamani Arcade Doolapally Road Devender Colony Kompally Medchal Malkajgiri Telangana", "Mineral": "Colour Granite", "MineralTyp": "QL", "SurveyNumb": "144", "LandType": "Govt.Land", "Production": 120000, "Dispatch": 100000, "ETS": 150000, "Notice": 50000, "Reg_From": "2024-03-31", "Reg_To": "2026-03-30"}, "geometry": {"type": "Polygon", "coordinates": [[[78.464307, 16.432106], [78.464296, 16.43301], [78.465233, 16.433021], [78.465244, 16.432116], [78.464307, 16.432106]]]}}, {"type": "Feature", "properties": {"District": "Mahbubnagar", "Mandal": "Telkapalle", "Company": "RINISIS D.No.63633/1 First Floor Sughra Manzil Behind Kotak Mahindra Bank Khairatabad Telangana", "Address": "RINISIS D.No.63633/1 First Floor Sughra Manzil Behind Kotak Mahindra Bank Khairatabad Telangana", "Mineral": "Colour Granite", "MineralTyp": "QL", "SurveyNumb": "379", "LandType": "Govt.Land", "Production": 120000, "Dispatch": 100000, "ETS": 150000, "Notice": 50000, "Reg_From": "2024-04-01", "Reg_To": "2025-03-31"}, "geometry": {"type": "Polygon", "coordinates": [[[78.503928, 16.392099], [78.503917, 16.393004], [78.504854, 16.393014], [78.504865, 16.39211], [78.503928, 16.392099]]]}}, {"type": "Feature", "properties": {"District": "Mahbubnagar", "Mandal": "Balmoor", "Company": "Renewables And Energy Conservation 5234 SRC Nayak Nagar Apuro opa Colony IDA Jeedimetla", "Address": "Renewables And Energy Conservation 5234 SRC Nayak Nagar Apuro opa Colony IDA Jeedimetla", "Mineral": "Road Metal", "MineralTyp": "QL", "SurveyNumb": "82", "LandType": "Govt.Land", "Production": 800000, "Dispatch": 600000, "ETS": 1200000, "Notice": 600000, "Reg_From": "2024-03-31", "Reg_To": "2026-03-30"}, "geometry": {"type": "Polygon", "coordinates": [[[78.547392, 16.38667], [78.547381, 16.387575], [78.548318, 16.387585], [78.548329, 16.386681], [78.547392, 16.38667]]]}}, {"type": "Feature", "properties": {"District": "Mahbubnagar", "Mandal": "Pebbair", "Company": "BRIGHT SOLUTIONS 9372 Shashank Enclve Near Krishna Theatre Dammaiguda Medchal Malkajgiri Telangana", "Address": "BRIGHT SOLUTIONS 9372 Shashank Enclve Near Krishna Theatre Dammaiguda Medchal Malkajgiri Telangana", "Mineral": "Road Metal", "MineralTyp": "QL", "SurveyNumb": "82", "LandType": "Govt.Land", "Production": 800000, "Dispatch": 600000, "ETS": 1200000, "Notice": 600000, "Reg_From": "2024-04-02", "Reg_To": "2026-04-01"}, "geometry": {"type": "Polygon", "coordinates": [[[78.044676, 16.204938], [78.044663, 16.205843], [78.045599, 16.205855], [78.045612, 16.204951], [78.044676, 16.204938]]]}}, {"type": "Feature", "properties": {"District": "Mahbubnagar", "Mandal": "Pebbair", "Company": "Avani Green Energy 4358/3A/A69 Lucky Complex Shop No.4 Nirmal XRoad Bhainsa Nirmal (Dist.) Telang ana", "Address": "Avani Green Energy 4358/3A/A69 Lucky Complex Shop No.4 Nirmal XRoad Bhainsa Nirmal (Dist.) Telang ana", "Mineral": "Road Metal", "MineralTyp": "QL", "SurveyNumb": "260", "LandType": "Govt.Land", "Production": 800000, "Dispatch": 600000, "ETS": 1200000, "Notice": 600000, "Reg_From": "2024-04-01", "Reg_To": "2025-03-31"}, "geometry": {"type": "Polygon", "coordinates": [[[78.037221, 16.235016], [78.037208, 16.23592], [78.038144, 16.235933], [78.038157, 16.235028], [78.037221, 16.235016]]]}}, {"type": "Feature", "properties": {"District": "Mahbubnagar", "Mandal": "Wanaparthy", "Company": "S P ENTERPRISES 1320/161/S P GOPAL REDDY NAGAR CLY VAMPUGUDA KAPRA MEDCHALMALKAJGIRI", "Address": "S P ENTERPRISES 1320/161/S P GOPAL REDDY NAGAR CLY VAMPUGUDA KAPRA MEDCHALMALKAJGIRI", "Mineral": "Colour Granite", "MineralTyp": "QL", "SurveyNumb": "157", "LandType": "Govt.Land", "Production": 120000, "Dispatch": 100000, "ETS": 150000, "Notice": 50000, "Reg_From": "2024-04-02", "Reg_To": "2026-04-01"}, "geometry": {"type": "Polygon", "coordinates": [[[78.044341, 16.372303], [78.044328, 16.373207], [78.045265, 16.37322], [78.045278, 16.372315], [78.044341, 16.372303]]]}}, {"type": "Feature", "properties": {"District": "Mahbubnagar", "Mandal": "Bijinapalle", "Company": "ECOSPACE GREEN ENERGY SOLUTIONS 71619/A4 GAYATHRI NAGAR SR NAGAR POST", "Address": "ECOSPACE GREEN ENERGY SOLUTIONS 71619/A4 GAYATHRI NAGAR SR NAGAR POST", "Mineral": "Colour Granite", "MineralTyp": "QL", "SurveyNumb": "157", "LandType": "Govt.Land", "Production": 120000, "Dispatch": 100000, "ETS": 150000, "Notice": 50000, "Reg_From": "2024-04-04", "Reg_To": "2026-04-03"}, "geometry": {"type": "Polygon", "coordinates": [[[78.197855, 16.483331], [78.197843, 16.484235], [78.19878, 16.484247], [78.198793, 16.483342], [78.197855, 16.483331]]]}}, {"type": "Feature", "properties": {"District": "Mahbubnagar", "Mandal": "Tadoor", "Company": "M/s. GLOW TECHNOLOGIES PLOT NO B30 E C COMPLEX ECIl post Kushaiguda Medchal Malkajgiri Telangana", "Address": "M/s. GLOW TECHNOLOGIES PLOT NO B30 E C COMPLEX ECIl post Kushaiguda Medchal Malkajgiri Telangana", "Mineral": "Colour Granite", "MineralTyp": "QL", "SurveyNumb": "157", "LandType": "Govt.Land", "Production": 120000, "Dispatch": 100000, "ETS": 150000, "Notice": 50000, "Reg_From": "2024-04-15", "Reg_To": "2026-04-14"}, "geometry": {"type": "Polygon", "coordinates": [[[78.300351, 16.627637], [78.300339, 16.628542], [78.301277, 16.628553], [78.301289, 16.627649], [78.300351, 16.627637]]]}}, {"type": "Feature", "properties": {"District": "Mahbubnagar", "Mandal": "Tadoor", "Company": "M/s. RIZCO 3222/2 Railway Station Road Old NH7 Adilabad Telangana", "Address": "M/s. RIZCO 3222/2 Railway Station Road Old NH7 Adilabad Telangana", "Mineral": "Colour Granite", "MineralTyp": "QL", "SurveyNumb": "473, 474, 476 & 477", "LandType": "Patta Land", "Production": 120000, "Dispatch": 100000, "ETS": 150000, "Notice": 50000, "Reg_From": "2024-04-15", "Reg_To": "2025-04-14"}, "geometry": {"type": "Polygon", "coordinates": [[[78.359669, 16.622651], [78.359657, 16.623555], [78.360595, 16.623566], [78.360607, 16.622662], [78.359669, 16.622651]]]}}, {"type": "Feature", "properties": {"District": "Mahbubnagar", "Mandal": "Thimmajipet", "Company": "M/s. Trinic Electronics Pvt Ltd flat 201 NCL kaveri1 Shantin agarMasabtank", "Address": "M/s. Trinic Electronics Pvt Ltd flat 201 NCL kaveri1 Shantin agarMasabtank", "Mineral": "Road Metal", "MineralTyp": "QL", "SurveyNumb": "132", "LandType": "Govt.Land", "Production": 800000, "Dispatch": 600000, "ETS": 1200000, "Notice": 600000, "Reg_From": "2024-04-15", "Reg_To": "2025-04-14"}, "geometry": {"type": "Polygon", "coordinates": [[[78.259629, 16.626394], [78.259617, 16.627299], [78.260555, 16.62731], [78.260567, 16.626406], [78.259629, 16.626394]]]}}, {"type": "Feature", "properties": {"District": "Mahbubnagar", "Mandal": "Balmoor", "Company": "M/s. LAKSHMI ENTERPRISES 1923 Street Number 17 Gauta m Nagar Medchal Malkajgiri Telangana", "Address": "M/s. LAKSHMI ENTERPRISES 1923 Street Number 17 Gauta m Nagar Medchal Malkajgiri Telangana", "Mineral": "Road Metal", "MineralTyp": "QL", "SurveyNumb": "132", "LandType": "Govt.Land", "Production": 800000, "Dispatch": 600000, "ETS": 1200000, "Notice": 600000, "Reg_From": "2024-04-16", "Reg_To": "2026-04-15"}, "geometry": {"type": "Polygon", "coordinates": [[[78.638641, 16.262163], [78.638631, 16.263067], [78.639567, 16.263077], [78.639578, 16.262173], [78.638641, 16.262163]]]}}, {"type": "Feature", "properties": {"District": "Mahbubnagar", "Mandal": "Achampet", "Company": "M/s. MAAX STAR SYSTEMS H.NO:2236 Hanumasai Nagar Uppal Pin Code:", "Address": "M/s. MAAX STAR SYSTEMS H.NO:2236 Hanumasai Nagar Uppal Pin Code:", "Mineral": "Road Metal", "MineralTyp": "QL", "SurveyNumb": "270", "LandType": "Govt.Land", "Production": 800000, "Dispatch": 600000, "ETS": 1200000, "Notice": 600000, "Reg_From": "2024-04-17", "Reg_To": "2025-04-16"}, "geometry": {"type": "Polygon", "coordinates": [[[78.681488, 16.404583], [78.681478, 16.405487], [78.682415, 16.405497], [78.682425, 16.404593], [78.681488, 16.404583]]]}}, {"type": "Feature", "properties": {"District": "Mahbubnagar", "Mandal": "Uppununthala", "Company": "M/s. JOSHII AGENCIES 11231720 DESHAIPET ROAD WARANGAL", "Address": "M/s. JOSHII AGENCIES 11231720 DESHAIPET ROAD WARANGAL", "Mineral": "Colour Granite", "MineralTyp": "QL", "SurveyNumb": "776", "LandType": "Govt.Land", "Production": 120000, "Dispatch": 100000, "ETS": 150000, "Notice": 50000, "Reg_From": "2024-03-21", "Reg_To": "2025-03-20"}, "geometry": {"type": "Polygon", "coordinates": [[[78.530135, 16.459894], [78.530124, 16.460799], [78.531061, 16.460809], [78.531072, 16.459905], [78.530135, 16.459894]]]}}, {"type": "Feature", "properties": {"District": "Mahbubnagar", "Mandal": "Uppununthala", "Company": "M/s. DIALLOG WIRELESS SERVICES 91152/SF/1 SEBASTAIN RAOD REGEIMENTAL BAZAR SECUNDERABAD Telangana", "Address": "M/s. DIALLOG WIRELESS SERVICES 91152/SF/1 SEBASTAIN RAOD REGEIMENTAL BAZAR SECUNDERABAD Telangana", "Mineral": "Colour Granite", "MineralTyp": "QL", "SurveyNumb": "661", "LandType": "Govt.Land", "Production": 120000, "Dispatch": 100000, "ETS": 150000, "Notice": 50000, "Reg_From": "2024-04-18", "Reg_To": "2026-04-17"}, "geometry": {"type": "Polygon", "coordinates": [[[78.652944, 16.466159], [78.652934, 16.467064], [78.653872, 16.467073], [78.653882, 16.466169], [78.652944, 16.466159]]]}}, {"type": "Feature", "properties": {"District": "Mahbubnagar", "Mandal": "Uppununthala", "Company": "Ecoila Private Limited 3rd FloorD.No 6/7 Flat No Bahar A Sahara EstatesMansoorabad Telangana", "Address": "Ecoila Private Limited 3rd FloorD.No 6/7 Flat No Bahar A Sahara EstatesMansoorabad Telangana", "Mineral": "Colour Granite", "MineralTyp": "QL", "SurveyNumb": "661", "LandType": "Govt.Land", "Production": 120000, "Dispatch": 100000, "ETS": 150000, "Notice": 50000, "Reg_From": "2024-04-15", "Reg_To": "2025-04-14"}, "geometry": {"type": "Polygon", "coordinates": [[[78.663339, 16.496253], [78.663329, 16.497158], [78.664266, 16.497168], [78.664276, 16.496263], [78.663339, 16.496253]]]}}, {"type": "Feature", "properties": {"District": "Mahbubnagar", "Mandal": "Achampet", "Company": "Green Energys /3 Kakatiya Nagar Rd No3Bheemaram Hasanparthy Hanamkonda 506015Telangana", "Address": "Green Energys /3 Kakatiya Nagar Rd No3Bheemaram Hasanparthy Hanamkonda 506015Telangana", "Mineral": "Colour Granite", "MineralTyp": "QL", "SurveyNumb": "410", "LandType": "Govt.Land", "Production": 120000, "Dispatch": 100000, "ETS": 150000, "Notice": 50000, "Reg_From": "2024-04-24", "Reg_To": "2026-04-23"}, "geometry": {"type": "Polygon", "coordinates": [[[78.709316, 16.442313], [78.709306, 16.443217], [78.710243, 16.443227], [78.710253, 16.442322], [78.709316, 16.442313]]]}}, {"type": "Feature", "properties": {"District": "Mahbubnagar", "Mandal": "Achampet", "Company": "Mega Creations 1860/A CHIKKADAPALLY Telangana", "Address": "Mega Creations 1860/A CHIKKADAPALLY Telangana", "Mineral": "Colour Granite", "MineralTyp": "QL", "SurveyNumb": "410", "LandType": "Govt.Land", "Production": 120000, "Dispatch": 100000, "ETS": 150000, "Notice": 50000, "Reg_From": "2024-04-13", "Reg_To": "2026-04-12"}, "geometry": {"type": "Polygon", "coordinates": [[[78.720766, 16.418987], [78.720756, 16.419892], [78.721693, 16.419901], [78.721703, 16.418997], [78.720766, 16.418987]]]}}, {"type": "Feature", "properties": {"District": "Mahbubnagar", "Mandal": "Kondurg", "Company": "ENERGY HARVEST 2 H.NO 21978/23/1 HIGH COURT COLONY KALYANPURI Uppal Medchal Malkajgiri Telangana", "Address": "ENERGY HARVEST 2 H.NO 21978/23/1 HIGH COURT COLONY KALYANPURI Uppal Medchal Malkajgiri Telangana", "Mineral": "Colour Granite", "MineralTyp": "QL", "SurveyNumb": "667", "LandType": "Govt.Land", "Production": 120000, "Dispatch": 100000, "ETS": 150000, "Notice": 50000, "Reg_From": "2024-04-27", "Reg_To": "2026-04-26"}, "geometry": {"type": "Polygon", "coordinates": [[[78.061172, 17.056126], [78.061159, 17.05703], [78.062099, 17.057042], [78.062112, 17.056138], [78.061172, 17.056126]]]}}, {"type": "Feature", "properties": {"District": "Mahbubnagar", "Mandal": "Farooqnagar", "Company": "Sri Amith Enterprises 44328Hammedpura near central library Adilabad504001. Telangana", "Address": "Sri Amith Enterprises 44328Hammedpura near central library Adilabad504001. Telangana", "Mineral": "Colour Granite", "MineralTyp": "QL", "SurveyNumb": "776", "LandType": "Govt.Land", "Production": 120000, "Dispatch": 100000, "ETS": 150000, "Notice": 50000, "Reg_From": "2024-04-27", "Reg_To": "2026-04-26"}, "geometry": {"type": "Polygon", "coordinates": [[[78.094416, 17.045225], [78.094404, 17.04613], [78.095344, 17.046142], [78.095356, 17.045238], [78.094416, 17.045225]]]}}, {"type": "Feature", "properties": {"District": "Mahbubnagar", "Mandal": "Farooqnagar", "Company": "SUNTRONIC SYSTEMS 304/ 1611740/3/37 gaddiannaram saroornagar", "Address": "SUNTRONIC SYSTEMS 304/ 1611740/3/37 gaddiannaram saroornagar", "Mineral": "Road Metal", "MineralTyp": "QL", "SurveyNumb": "793", "LandType": "Govt.Land", "Production": 800000, "Dispatch": 600000, "ETS": 1200000, "Notice": 600000, "Reg_From": "2024-02-21", "Reg_To": "2025-02-20"}, "geometry": {"type": "Polygon", "coordinates": [[[78.132935, 17.04607], [78.132922, 17.046974], [78.133862, 17.046986], [78.133875, 17.046082], [78.132935, 17.04607]]]}}, {"type": "Feature", "properties": {"District": "Mahbubnagar", "Mandal": "Balanagar1", "Company": "M/s. M P R CONSTRUCTIONS FLOT NO 1 63 661/D NEAR ASIAN INSTITUTE OF GASTROENTEROLOGY SANGEETHNAGAR BANJARA NIVAS Somajiguda Telangana", "Address": "M/s. M P R CONSTRUCTIONS FLOT NO 1 63 661/D NEAR ASIAN INSTITUTE OF GASTROENTEROLOGY SANGEETHNAGAR BANJARA NIVAS Somajiguda Telangana", "Mineral": "Road Metal", "MineralTyp": "QL", "SurveyNumb": "793", "LandType": "Govt.Land", "Production": 800000, "Dispatch": 600000, "ETS": 1200000, "Notice": 600000, "Reg_From": "2024-05-03", "Reg_To": "2026-05-02"}, "geometry": {"type": "Polygon", "coordinates": [[[78.161286, 16.994131], [78.161274, 16.995035], [78.162213, 16.995047], [78.162226, 16.994143], [78.161286, 16.994131]]]}}, {"type": "Feature", "properties": {"District": "Mahbubnagar", "Mandal": "Kothur", "Company": "Radiant Private Limited Plot No. 15 FAB City Ravirya l Village Maheswaram Mandal RR District", "Address": "Radiant Private Limited Plot No. 15 FAB City Ravirya l Village Maheswaram Mandal RR District", "Mineral": "Road Metal", "MineralTyp": "QL", "SurveyNumb": "793", "LandType": "Govt.Land", "Production": 800000, "Dispatch": 600000, "ETS": 1200000, "Notice": 600000, "Reg_From": "2024-05-07", "Reg_To": "2025-05-06"}, "geometry": {"type": "Polygon", "coordinates": [[[78.258805, 17.150707], [78.258793, 17.151611], [78.259734, 17.151622], [78.259746, 17.150718], [78.258805, 17.150707]]]}}, {"type": "Feature", "properties": {"District": "Mahbubnagar", "Mandal": "Kondurg", "Company": "Trinayani Solutions Pvt Ltd 18201 GANESHPURI COLONY DILSUKNAGAR KOTHAPET", "Address": "Trinayani Solutions Pvt Ltd 18201 GANESHPURI COLONY DILSUKNAGAR KOTHAPET", "Mineral": "Road Metal", "MineralTyp": "QL", "SurveyNumb": "264", "LandType": "Govt.Land", "Production": 800000, "Dispatch": 600000, "ETS": 1200000, "Notice": 600000, "Reg_From": "2024-05-14", "Reg_To": "2025-05-13"}, "geometry": {"type": "Polygon", "coordinates": [[[77.996765, 17.0679], [77.996752, 17.068804], [77.997692, 17.068817], [77.997705, 17.067912], [77.996765, 17.0679]]]}}, {"type": "Feature", "properties": {"District": "Mahbubnagar", "Mandal": "Kondurg", "Company": "Solithium Renewable Private Limited Shop no. 118/4 Sri Krupa Mark et Telangana", "Address": "Solithium Renewable Private Limited Shop no. 118/4 Sri Krupa Mark et Telangana", "Mineral": "Colour Granite", "MineralTyp": "QL", "SurveyNumb": "411/1", "LandType": "Govt.Land", "Production": 120000, "Dispatch": 100000, "ETS": 150000, "Notice": 50000, "Reg_From": "2024-05-21", "Reg_To": "2025-04-04"}, "geometry": {"type": "Polygon", "coordinates": [[[77.999901, 17.019793], [77.999888, 17.020698], [78.000828, 17.02071], [78.000841, 17.019806], [77.999901, 17.019793]]]}}, {"type": "Feature", "properties": {"District": "Mahbubnagar", "Mandal": "Nawabpet1", "Company": "APS @ SERVICES PLOT NO. 38 H NO 23562/1 SAI NAGAR ROAD NO 1 MALLIKARGUNA NILAYAM NAGOLE RANGAREDDY DISTRICT.", "Address": "APS @ SERVICES PLOT NO. 38 H NO 23562/1 SAI NAGAR ROAD NO 1 MALLIKARGUNA NILAYAM NAGOLE RANGAREDDY DISTRICT.", "Mineral": "Road Metal", "MineralTyp": "QL", "SurveyNumb": "819", "LandType": "Govt.Land", "Production": 800000, "Dispatch": 600000, "ETS": 1200000, "Notice": 600000, "Reg_From": "2024-05-23", "Reg_To": "2025-05-22"}, "geometry": {"type": "Polygon", "coordinates": [[[78.063559, 16.982984], [78.063546, 16.983889], [78.064486, 16.983901], [78.064499, 16.982997], [78.063559, 16.982984]]]}}, {"type": "Feature", "properties": {"District": "Mahbubnagar", "Mandal": "Nawabpet1", "Company": "MONOFRONT PRIVATE LIMITED 1/1/32/610 SAI RAM NAGAR Dammaiguda Road", "Address": "MONOFRONT PRIVATE LIMITED 1/1/32/610 SAI RAM NAGAR Dammaiguda Road", "Mineral": "Road Metal", "MineralTyp": "QL", "SurveyNumb": "819", "LandType": "Govt.Land", "Production": 800000, "Dispatch": 600000, "ETS": 1200000, "Notice": 600000, "Reg_From": "2024-05-17", "Reg_To": "2025-05-16"}, "geometry": {"type": "Polygon", "coordinates": [[[78.088202, 16.974802], [78.088189, 16.975706], [78.089129, 16.975718], [78.089142, 16.974814], [78.088202, 16.974802]]]}}, {"type": "Feature", "properties": {"District": "Mahbubnagar", "Mandal": "Vangoor", "Company": "mamidee enterprises 15111 LAKSHMI NAGAR NFC NAGAR COLONY NEAR RAILWAY GATE GHATKESAR", "Address": "mamidee enterprises 15111 LAKSHMI NAGAR NFC NAGAR COLONY NEAR RAILWAY GATE GHATKESAR", "Mineral": "Road Metal", "MineralTyp": "QL", "SurveyNumb": "496", "LandType": "Govt.Land", "Production": 800000, "Dispatch": 600000, "ETS": 1200000, "Notice": 600000, "Reg_From": "2024-05-23", "Reg_To": "2025-05-22"}, "geometry": {"type": "Polygon", "coordinates": [[[78.663495, 16.677659], [78.663485, 16.678564], [78.664423, 16.678573], [78.664433, 16.677669], [78.663495, 16.677659]]]}}, {"type": "Feature", "properties": {"District": "Mahbubnagar", "Mandal": "Veldanda", "Company": "M/s. Rishi LLp H No. 6A34/A1 Apurupa Colon y Quthubullapur IDA Jeedimet la. Telangana 50005 5.", "Address": "M/s. Rishi LLp H No. 6A34/A1 Apurupa Colon y Quthubullapur IDA Jeedimet la. Telangana 50005 5.", "Mineral": "Road Metal", "MineralTyp": "QL", "SurveyNumb": "270", "LandType": "Govt.Land", "Production": 800000, "Dispatch": 600000, "ETS": 1200000, "Notice": 600000, "Reg_From": "2024-05-25", "Reg_To": "2025-05-24"}, "geometry": {"type": "Polygon", "coordinates": [[[78.653579, 16.729032], [78.653568, 16.729937], [78.654507, 16.729947], [78.654517, 16.729042], [78.653579, 16.729032]]]}}, {"type": "Feature", "properties": {"District": "Mahbubnagar", "Mandal": "Kalwakurthy", "Company": "M/s. RISHI ENTERPRISES SOLUTIONS 1375/5/8 Bheem Nagar Gadwal Jogulamba Gadwal Telangana", "Address": "M/s. RISHI ENTERPRISES SOLUTIONS 1375/5/8 Bheem Nagar Gadwal Jogulamba Gadwal Telangana", "Mineral": "Colour Granite", "MineralTyp": "QL", "SurveyNumb": "368", "LandType": "Govt.Land", "Production": 120000, "Dispatch": 100000, "ETS": 150000, "Notice": 50000, "Reg_From": "2024-05-27", "Reg_To": "2025-04-04"}, "geometry": {"type": "Polygon", "coordinates": [[[78.40355, 16.627102], [78.403539, 16.628006], [78.404477, 16.628017], [78.404488, 16.627113], [78.40355, 16.627102]]]}}, {"type": "Feature", "properties": {"District": "Mahbubnagar", "Mandal": "Midjil", "Company": "M/s. MITTAL AGENCIES A46 ASHOK MARKET OLD FEELKHANA TELANGANA.", "Address": "M/s. MITTAL AGENCIES A46 ASHOK MARKET OLD FEELKHANA TELANGANA.", "Mineral": "Road Metal", "MineralTyp": "QL", "SurveyNumb": "333", "LandType": "Govt.Land", "Production": 800000, "Dispatch": 600000, "ETS": 1200000, "Notice": 600000, "Reg_From": "2024-05-28", "Reg_To": "2026-05-27"}, "geometry": {"type": "Polygon", "coordinates": [[[78.382504, 16.689403], [78.382492, 16.690307], [78.383431, 16.690318], [78.383442, 16.689414], [78.382504, 16.689403]]]}}, {"type": "Feature", "properties": {"District": "Mahbubnagar", "Mandal": "Talakondapalle", "Company": "M/s. Aadhi Vishwa Energy LLP P.NO: 47 TO 51 ALEAP Pragat hi Nagar JNTU Telangana India", "Address": "M/s. Aadhi Vishwa Energy LLP P.NO: 47 TO 51 ALEAP Pragat hi Nagar JNTU Telangana India", "Mineral": "Colour Granite", "MineralTyp": "QL", "SurveyNumb": "333", "LandType": "Govt.Land", "Production": 120000, "Dispatch": 100000, "ETS": 150000, "Notice": 50000, "Reg_From": "2024-08-25", "Reg_To": "2025-08-27"}, "geometry": {"type": "Polygon", "coordinates": [[[78.369913, 16.818271], [78.369902, 16.819175], [78.370841, 16.819186], [78.370852, 16.818282], [78.369913, 16.818271]]]}}, {"type": "Feature", "properties": {"District": "Mahbubnagar", "Mandal": "Midjil", "Company": "M/s. JLR ASSOCIATES PLOT NO G 116 FLAT NO G2 SRIVED NILAYAM NEAR VELLANKI FOODS MADHURA NAGAR", "Address": "M/s. JLR ASSOCIATES PLOT NO G 116 FLAT NO G2 SRIVED NILAYAM NEAR VELLANKI FOODS MADHURA NAGAR", "Mineral": "Colour Granite", "MineralTyp": "QL", "SurveyNumb": "333", "LandType": "Govt.Land", "Production": 120000, "Dispatch": 100000, "ETS": 150000, "Notice": 50000, "Reg_From": "2024-06-08", "Reg_To": "2025-06-07"}, "geometry": {"type": "Polygon", "coordinates": [[[78.334929, 16.793737], [78.334917, 16.794642], [78.335856, 16.794653], [78.335868, 16.793748], [78.334929, 16.793737]]]}}, {"type": "Feature", "properties": {"District": "Mahbubnagar", "Mandal": "Talakondapalle", "Company": "M/s. SOLGEN ENERGY PVT LTD DOOR NO.14/19 SIDCO INDUSTRIAL ESTATE P O THRISSUR KERALA", "Address": "M/s. SOLGEN ENERGY PVT LTD DOOR NO.14/19 SIDCO INDUSTRIAL ESTATE P O THRISSUR KERALA", "Mineral": "Colour Granite", "MineralTyp": "QL", "SurveyNumb": "578", "LandType": "Govt.Land", "Production": 120000, "Dispatch": 100000, "ETS": 150000, "Notice": 50000, "Reg_From": "2024-06-03", "Reg_To": "2026-06-02"}, "geometry": {"type": "Polygon", "coordinates": [[[78.420547, 16.854491], [78.420535, 16.855396], [78.421475, 16.855407], [78.421486, 16.854502], [78.420547, 16.854491]]]}}, {"type": "Feature", "properties": {"District": "Mahbubnagar", "Mandal": "Amangal", "Company": "M/s. ARKA PLOT NO.34SAI CHARAN ARCADETEACHERS COLONYHASTHINAPURAM B.N.REDDY NAGARRANGA REDDY DISTTELANGANA STATE", "Address": "M/s. ARKA PLOT NO.34SAI CHARAN ARCADETEACHERS COLONYHASTHINAPURAM B.N.REDDY NAGARRANGA REDDY DISTTELANGANA STATE", "Mineral": "Colour Granite", "MineralTyp": "QL", "SurveyNumb": "207/1", "LandType": "Govt.Land", "Production": 120000, "Dispatch": 100000, "ETS": 150000, "Notice": 50000, "Reg_From": "2024-06-21", "Reg_To": "2025-06-20"}, "geometry": {"type": "Polygon", "coordinates": [[[78.521702, 16.852145], [78.521691, 16.853049], [78.52263, 16.853059], [78.522641, 16.852155], [78.521702, 16.852145]]]}}, {"type": "Feature", "properties": {"District": "Mahbubnagar", "Mandal": "Veldanda", "Company": "M/s. Avanthika Solutions H.No 1122146 Kashibugga Thilak Road Near KVS Function Hall WARANGAL TELANGANA PIN:", "Address": "M/s. Avanthika Solutions H.No 1122146 Kashibugga Thilak Road Near KVS Function Hall WARANGAL TELANGANA PIN:", "Mineral": "Colour Granite", "MineralTyp": "QL", "SurveyNumb": "221", "LandType": "Govt.Land", "Production": 120000, "Dispatch": 100000, "ETS": 150000, "Notice": 50000, "Reg_From": "2024-06-26", "Reg_To": "2026-06-25"}, "geometry": {"type": "Polygon", "coordinates": [[[78.692429, 16.7833], [78.692419, 16.784205], [78.693358, 16.784215], [78.693368, 16.78331], [78.692429, 16.7833]]]}}, {"type": "Feature", "properties": {"District": "Mahbubnagar", "Mandal": "Vangoor", "Company": "M/s. GRIDPLUS ENERGY PRIVATE LIMITED 403 4th floor Ablock Sri Ram nagar Kondapur", "Address": "M/s. GRIDPLUS ENERGY PRIVATE LIMITED 403 4th floor Ablock Sri Ram nagar Kondapur", "Mineral": "Colour Granite", "MineralTyp": "QL", "SurveyNumb": "81", "LandType": "Govt.Land", "Production": 120000, "Dispatch": 100000, "ETS": 150000, "Notice": 50000, "Reg_From": "2024-07-09", "Reg_To": "2025-07-08"}, "geometry": {"type": "Polygon", "coordinates": [[[78.567469, 16.534403], [78.567459, 16.535307], [78.568397, 16.535317], [78.568407, 16.534413], [78.567469, 16.534403]]]}}, {"type": "Feature", "properties": {"District": "Mahbubnagar", "Mandal": "Tadoor", "Company": "M/s. SR GREEN ENERGY SOLUTIONS plot no335 Sri sai shiva nilayam road no7 Sri srinivasp uram colony Vansthalipuram", "Address": "M/s. SR GREEN ENERGY SOLUTIONS plot no335 Sri sai shiva nilayam road no7 Sri srinivasp uram colony Vansthalipuram", "Mineral": "Colour Granite", "MineralTyp": "QL", "SurveyNumb": "81", "LandType": "Govt.Land", "Production": 120000, "Dispatch": 100000, "ETS": 150000, "Notice": 50000, "Reg_From": "2024-07-10", "Reg_To": "2026-07-09"}, "geometry": {"type": "Polygon", "coordinates": [[[78.344284, 16.553766], [78.344273, 16.554671], [78.34521, 16.554682], [78.345222, 16.553778], [78.344284, 16.553766]]]}}, {"type": "Feature", "properties": {"District": "Mahbubnagar", "Mandal": "Nagarkurnool", "Company": "M/s. BEST INFRA 10TH FLOOR 1007 ASIAN SUN CITYB BLOCK Hitech City Main Road SARATH CITY CAPITAL MALLKondapur Rangareddy Telangana", "Address": "M/s. BEST INFRA 10TH FLOOR 1007 ASIAN SUN CITYB BLOCK Hitech City Main Road SARATH CITY CAPITAL MALLKondapur Rangareddy Telangana", "Mineral": "Colour Granite", "MineralTyp": "QL", "SurveyNumb": "488", "LandType": "Govt.Land", "Production": 120000, "Dispatch": 100000, "ETS": 150000, "Notice": 50000, "Reg_From": "2024-07-10", "Reg_To": "2026-07-09"}, "geometry": {"type": "Polygon", "coordinates": [[[78.309198, 16.500868], [78.309186, 16.501772], [78.310124, 16.501783], [78.310136, 16.500879], [78.309198, 16.500868]]]}}, {"type": "Feature", "properties": {"District": "Mahbubnagar", "Mandal": "Nagarkurnool", "Company": "M/s. EVERGREEN ENERGIES SOLUTIONS PRIVATE LIMITED H No./3 Near Bus Depot Mamillagudaem Khammam Khammam Telangana", "Address": "M/s. EVERGREEN ENERGIES SOLUTIONS PRIVATE LIMITED H No./3 Near Bus Depot Mamillagudaem Khammam Khammam Telangana", "Mineral": "Colour Granite", "MineralTyp": "QL", "SurveyNumb": "198", "LandType": "Govt.Land", "Production": 120000, "Dispatch": 100000, "ETS": 150000, "Notice": 50000, "Reg_From": "2024-07-06", "Reg_To": "2026-07-05"}, "geometry": {"type": "Polygon", "coordinates": [[[78.247721, 16.426345], [78.247709, 16.427249], [78.248646, 16.427261], [78.248658, 16.426356], [78.247721, 16.426345]]]}}, {"type": "Feature", "properties": {"District": "Mahbubnagar", "Mandal": "Jadcherla", "Company": "M/s. SRI DURGA ENTERPRISES H.No. 11125/3 Bhavani Colony Premavathipet Rajendranagar", "Address": "M/s. SRI DURGA ENTERPRISES H.No. 11125/3 Bhavani Colony Premavathipet Rajendranagar", "Mineral": "Road Metal", "MineralTyp": "QL", "SurveyNumb": "496", "LandType": "Govt.Land", "Production": 800000, "Dispatch": 600000, "ETS": 1200000, "Notice": 600000, "Reg_From": "2024-07-08", "Reg_To": "2025-07-07"}, "geometry": {"type": "Polygon", "coordinates": [[[78.108028, 16.819011], [78.108016, 16.819916], [78.108955, 16.819928], [78.108967, 16.819024], [78.108028, 16.819011]]]}}, {"type": "Feature", "properties": {"District": "Mahbubnagar", "Mandal": "Nawabpet1", "Company": "M/s. Moulya Infra Projects 759/32 Tirumala EnclaveDAMMIGUDA MEDCHAL", "Address": "M/s. Moulya Infra Projects 759/32 Tirumala EnclaveDAMMIGUDA MEDCHAL", "Mineral": "Road Metal", "MineralTyp": "QL", "SurveyNumb": "496", "LandType": "Govt.Land", "Production": 800000, "Dispatch": 600000, "ETS": 1200000, "Notice": 600000, "Reg_From": "2026-01-17", "Reg_To": "2027-01-16"}, "geometry": {"type": "Polygon", "coordinates": [[[78.065828, 16.888512], [78.065815, 16.889417], [78.066754, 16.889429], [78.066767, 16.888525], [78.065828, 16.888512]]]}}, {"type": "Feature", "properties": {"District": "Mahbubnagar", "Mandal": "Nawabpet1", "Company": "M/s. VK GROUPS 4178/1BHAVANI NAGARNACHARAMMEDCHALMALKAJGIRITELANGANA", "Address": "M/s. VK GROUPS 4178/1BHAVANI NAGARNACHARAMMEDCHALMALKAJGIRITELANGANA", "Mineral": "Road Metal", "MineralTyp": "QL", "SurveyNumb": "243", "LandType": "Govt.Land", "Production": 800000, "Dispatch": 600000, "ETS": 1200000, "Notice": 600000, "Reg_From": "2024-06-18", "Reg_To": "2026-06-17"}, "geometry": {"type": "Polygon", "coordinates": [[[78.041101, 16.891486], [78.041088, 16.89239], [78.042028, 16.892403], [78.042041, 16.891499], [78.041101, 16.891486]]]}}, {"type": "Feature", "properties": {"District": "Khammam", "Mandal": "Yerrupalem", "Company": "M/s. SRI GARUDADWAJA ENTERPRISES PLOT NO.105 SURYANAGAR COLONY ALWAL SECUNDERABAD 50001 0 & H.NO.8611 BESIDE UNION BANK OF INDIA KOTHIRAMPUR KARIMNAGAR", "Address": "M/s. SRI GARUDADWAJA ENTERPRISES PLOT NO.105 SURYANAGAR COLONY ALWAL SECUNDERABAD 50001 0 & H.NO.8611 BESIDE UNION BANK OF INDIA KOTHIRAMPUR KARIMNAGAR", "Mineral": "Colour Granite", "MineralTyp": "QL", "SurveyNumb": "395", "LandType": "Govt.Land", "Production": 120000, "Dispatch": 100000, "ETS": 150000, "Notice": 50000, "Reg_From": "2024-02-19", "Reg_To": "2026-02-18"}, "geometry": {"type": "Polygon", "coordinates": [[[80.515513, 16.818432], [80.515511, 16.819336], [80.51645, 16.819338], [80.516452, 16.818433], [80.515513, 16.818432]]]}}, {"type": "Feature", "properties": {"District": "Khammam", "Mandal": "Madhira", "Company": "M/s. HARA RENOVABLE SOLUTION PVT LTD Manjeera Trinity Corporate 8t h Floor Regus JNTU Rd Kukatpally HB Colony Kukatpally", "Address": "M/s. HARA RENOVABLE SOLUTION PVT LTD Manjeera Trinity Corporate 8t h Floor Regus JNTU Rd Kukatpally HB Colony Kukatpally", "Mineral": "Colour Granite", "MineralTyp": "QL", "SurveyNumb": "571", "LandType": "Govt.Land", "Production": 120000, "Dispatch": 100000, "ETS": 150000, "Notice": 50000, "Reg_From": "2024-07-04", "Reg_To": "2025-07-03"}, "geometry": {"type": "Polygon", "coordinates": [[[80.37626, 16.925591], [80.376258, 16.926495], [80.377197, 16.926498], [80.3772, 16.925593], [80.37626, 16.925591]]]}}, {"type": "Feature", "properties": {"District": "Khammam", "Mandal": "Madhira", "Company": "M/s. PR ENGINEERING SERVICES H.No:4421024/p31 part Paparayudu Nagar Kukatpally5", "Address": "M/s. PR ENGINEERING SERVICES H.No:4421024/p31 part Paparayudu Nagar Kukatpally5", "Mineral": "Road Metal", "MineralTyp": "QL", "SurveyNumb": "402", "LandType": "Govt.Land", "Production": 800000, "Dispatch": 600000, "ETS": 1200000, "Notice": 600000, "Reg_From": "2024-07-22", "Reg_To": "2026-07-21"}, "geometry": {"type": "Polygon", "coordinates": [[[80.333999, 16.931141], [80.333996, 16.932046], [80.334936, 16.932048], [80.334938, 16.931144], [80.333999, 16.931141]]]}}, {"type": "Feature", "properties": {"District": "Khammam", "Mandal": "Bonakal", "Company": "M/s. SNEHA CONSTRUCTIONS H.No. 71302/47/C B.K. GUDA S.R.NAGAR Telangana", "Address": "M/s. SNEHA CONSTRUCTIONS H.No. 71302/47/C B.K. GUDA S.R.NAGAR Telangana", "Mineral": "Colour Granite", "MineralTyp": "QL", "SurveyNumb": "69", "LandType": "Govt.Land", "Production": 120000, "Dispatch": 100000, "ETS": 150000, "Notice": 50000, "Reg_From": "2024-07-23", "Reg_To": "2026-07-22"}, "geometry": {"type": "Polygon", "coordinates": [[[80.331034, 17.015168], [80.331031, 17.016073], [80.331971, 17.016075], [80.331974, 17.015171], [80.331034, 17.015168]]]}}, {"type": "Feature", "properties": {"District": "Khammam", "Mandal": "Mudigonda", "Company": "M/s. GPE SYSTEMS PRIVATE LIMITED Kukatpally 1121/30/A Plot 2 Road 4/3 Ramnaresh Nagar Hydernagar", "Address": "M/s. GPE SYSTEMS PRIVATE LIMITED Kukatpally 1121/30/A Plot 2 Road 4/3 Ramnaresh Nagar Hydernagar", "Mineral": "Colour Granite", "MineralTyp": "QL", "SurveyNumb": "462,463,464", "LandType": "Govt.Land", "Production": 120000, "Dispatch": 100000, "ETS": 150000, "Notice": 50000, "Reg_From": "2024-07-24", "Reg_To": "2025-07-23"}, "geometry": {"type": "Polygon", "coordinates": [[[80.133628, 17.016385], [80.133625, 17.01729], [80.134564, 17.017293], [80.134568, 17.016389], [80.133628, 17.016385]]]}}, {"type": "Feature", "properties": {"District": "Khammam", "Mandal": "Mudigonda", "Company": "M/s. SUNNEXT INFRA PRIVATE LIMITED 1336/16 GSR ENCLAVE NAGARAM", "Address": "M/s. SUNNEXT INFRA PRIVATE LIMITED 1336/16 GSR ENCLAVE NAGARAM", "Mineral": "Colour Granite", "MineralTyp": "QL", "SurveyNumb": "46", "LandType": "Govt.Land", "Production": 120000, "Dispatch": 100000, "ETS": 150000, "Notice": 50000, "Reg_From": "2024-07-27", "Reg_To": "2026-07-26"}, "geometry": {"type": "Polygon", "coordinates": [[[80.107304, 17.01718], [80.107301, 17.018084], [80.108241, 17.018088], [80.108244, 17.017183], [80.107304, 17.01718]]]}}, {"type": "Feature", "properties": {"District": "Khammam", "Mandal": "Mudigonda", "Company": "M/s. SURYODAYA 1247 Plot No18 Vijetha Green House Allapur Society Nagarjuna Homes Nizampet Road Kukatpally Hydernagar Medchal Malkajgiri Telangana", "Address": "M/s. SURYODAYA 1247 Plot No18 Vijetha Green House Allapur Society Nagarjuna Homes Nizampet Road Kukatpally Hydernagar Medchal Malkajgiri Telangana", "Mineral": "Colour Granite", "MineralTyp": "QL", "SurveyNumb": "46", "LandType": "Govt.Land", "Production": 120000, "Dispatch": 100000, "ETS": 150000, "Notice": 50000, "Reg_From": "2024-07-31", "Reg_To": "2025-07-30"}, "geometry": {"type": "Polygon", "coordinates": [[[80.113685, 17.032541], [80.113681, 17.033445], [80.114622, 17.033448], [80.114625, 17.032544], [80.113685, 17.032541]]]}}, {"type": "Feature", "properties": {"District": "Khammam", "Mandal": "Chinthakani", "Company": "M/s. SIRI EXERGY & CARBON ADVISORY SERVICES PRIVATE LIMITED 93A JANAKI ENCLAVE SAROORNAGAR Rangareddy Telangana", "Address": "M/s. SIRI EXERGY & CARBON ADVISORY SERVICES PRIVATE LIMITED 93A JANAKI ENCLAVE SAROORNAGAR Rangareddy Telangana", "Mineral": "Colour Granite", "MineralTyp": "QL", "SurveyNumb": "46", "LandType": "Govt.Land", "Production": 120000, "Dispatch": 100000, "ETS": 150000, "Notice": 50000, "Reg_From": "2024-07-30", "Reg_To": "2025-07-29"}, "geometry": {"type": "Polygon", "coordinates": [[[80.190246, 17.044253], [80.190243, 17.045158], [80.191183, 17.045161], [80.191187, 17.044256], [80.190246, 17.044253]]]}}, {"type": "Feature", "properties": {"District": "Khammam", "Mandal": "Chinthakani", "Company": "Dhruva Flat No : 20/M/44/1/51&52/501 Capital Green Apartments Calvary Temple Road Miyapur Medchal Malkajgiri Telangana", "Address": "Dhruva Flat No : 20/M/44/1/51&52/501 Capital Green Apartments Calvary Temple Road Miyapur Medchal Malkajgiri Telangana", "Mineral": "Colour Granite", "MineralTyp": "QL", "SurveyNumb": "178", "LandType": "Govt.Land", "Production": 120000, "Dispatch": 100000, "ETS": 150000, "Notice": 50000, "Reg_From": "2024-08-03", "Reg_To": "2026-08-02"}, "geometry": {"type": "Polygon", "coordinates": [[[80.210981, 17.059065], [80.210978, 17.059969], [80.211918, 17.059972], [80.211921, 17.059067], [80.210981, 17.059065]]]}}, {"type": "Feature", "properties": {"District": "Khammam", "Mandal": "Nelakondapalle", "Company": "AUXRAY ENERGY SOLUTIONS PRIVATE LIMITED 166/4/6 4th floor Amar wellare Co operative society kavuri hills Madhapur", "Address": "AUXRAY ENERGY SOLUTIONS PRIVATE LIMITED 166/4/6 4th floor Amar wellare Co operative society kavuri hills Madhapur", "Mineral": "Colour Granite", "MineralTyp": "QL", "SurveyNumb": "178", "LandType": "Govt.Land", "Production": 120000, "Dispatch": 100000, "ETS": 150000, "Notice": 50000, "Reg_From": "2024-08-05", "Reg_To": "2025-08-04"}, "geometry": {"type": "Polygon", "coordinates": [[[80.082725, 17.048687], [80.082722, 17.049592], [80.083662, 17.049595], [80.083665, 17.048691], [80.082725, 17.048687]]]}}, {"type": "Feature", "properties": {"District": "Khammam", "Mandal": "Kallur1", "Company": "Panchasheel Enterprises Ailneni Private Limited 86280 Kothi Rampur Hyd Road Karimnagar 5", "Address": "Panchasheel Enterprises Ailneni Private Limited 86280 Kothi Rampur Hyd Road Karimnagar 5", "Mineral": "Colour Granite", "MineralTyp": "QL", "SurveyNumb": "578", "LandType": "Govt.Land", "Production": 120000, "Dispatch": 100000, "ETS": 150000, "Notice": 50000, "Reg_From": "2024-07-16", "Reg_To": "2026-07-15"}, "geometry": {"type": "Polygon", "coordinates": [[[80.433844, 17.079178], [80.433842, 17.080082], [80.434782, 17.080084], [80.434784, 17.07918], [80.433844, 17.079178]]]}}, {"type": "Feature", "properties": {"District": "Khammam", "Mandal": "Vemsoor", "Company": "BHARATH SYSTEMS 55477/1 BHEEMARAM COLONY ROAD HANUMAKONDA", "Address": "BHARATH SYSTEMS 55477/1 BHEEMARAM COLONY ROAD HANUMAKONDA", "Mineral": "Colour Granite", "MineralTyp": "QL", "SurveyNumb": "447", "LandType": "Govt.Land", "Production": 120000, "Dispatch": 100000, "ETS": 150000, "Notice": 50000, "Reg_From": "2024-08-06", "Reg_To": "2025-08-05"}, "geometry": {"type": "Polygon", "coordinates": [[[80.77352, 17.087649], [80.77352, 17.088554], [80.77446, 17.088554], [80.77446, 17.08765], [80.77352, 17.087649]]]}}, {"type": "Feature", "properties": {"District": "Khammam", "Mandal": "Mudigonda", "Company": "STARX ENERGY PLOT NO 16 HIMASAI LAYOUT SAI BABA TEMPLE ROAD Turkayamjal BRAHMANPALLY Rangareddy Telangana", "Address": "STARX ENERGY PLOT NO 16 HIMASAI LAYOUT SAI BABA TEMPLE ROAD Turkayamjal BRAHMANPALLY Rangareddy Telangana", "Mineral": "Colour Granite", "MineralTyp": "QL", "SurveyNumb": "447", "LandType": "Govt.Land", "Production": 120000, "Dispatch": 100000, "ETS": 150000, "Notice": 50000, "Reg_From": "2024-08-11", "Reg_To": "2025-08-10"}, "geometry": {"type": "Polygon", "coordinates": [[[80.114061, 17.078233], [80.114058, 17.079137], [80.114998, 17.07914], [80.115002, 17.078236], [80.114061, 17.078233]]]}}, {"type": "Feature", "properties": {"District": "Khammam", "Mandal": "Vemsoor", "Company": "AIC INNOVATORS PRIVATE LIMITED 2nd 82686/8/4F Sai Enclave Opp Command and Control Centre Telangana Police Banjara Hills Road No. 12 MLA Colony", "Address": "AIC INNOVATORS PRIVATE LIMITED 2nd 82686/8/4F Sai Enclave Opp Command and Control Centre Telangana Police Banjara Hills Road No. 12 MLA Colony", "Mineral": "Colour Granite", "MineralTyp": "QL", "SurveyNumb": "411", "LandType": "Govt.Land", "Production": 120000, "Dispatch": 100000, "ETS": 150000, "Notice": 50000, "Reg_From": "2024-08-21", "Reg_To": "2026-08-20"}, "geometry": {"type": "Polygon", "coordinates": [[[80.866404, 17.110553], [80.866404, 17.111457], [80.867345, 17.111457], [80.867345, 17.110553], [80.866404, 17.110553]]]}}, {"type": "Feature", "properties": {"District": "Khammam", "Mandal": "Vemsoor", "Company": "TURBOTECH ENGINEERS INFRASTRUCTURES PVT LTD SHOP NO 6 ROAD NO 7 OPP A P S L PATANCHERU RANGAREDDI Sangareddy Telangana", "Address": "TURBOTECH ENGINEERS INFRASTRUCTURES PVT LTD SHOP NO 6 ROAD NO 7 OPP A P S L PATANCHERU RANGAREDDI Sangareddy Telangana", "Mineral": "Colour Granite", "MineralTyp": "QL", "SurveyNumb": "411/2", "LandType": "Govt.Land", "Production": 120000, "Dispatch": 100000, "ETS": 150000, "Notice": 50000, "Reg_From": "2024-08-27", "Reg_To": "2026-08-26"}, "geometry": {"type": "Polygon", "coordinates": [[[80.8316, 17.112142], [80.8316, 17.113046], [80.832541, 17.113046], [80.832541, 17.112142], [80.8316, 17.112142]]]}}, {"type": "Feature", "properties": {"District": "Khammam", "Mandal": "Chinthakani", "Company": "VARAHI ENERGIES 3RD FLOOR /4/303 SRIVENKATA SAI RESIDENCY ARMOOR ROAD NIZAMABAD503002 TELANGANA", "Address": "VARAHI ENERGIES 3RD FLOOR /4/303 SRIVENKATA SAI RESIDENCY ARMOOR ROAD NIZAMABAD503002 TELANGANA", "Mineral": "Colour Granite", "MineralTyp": "QL", "SurveyNumb": "105/P", "LandType": "Govt.Land", "Production": 120000, "Dispatch": 100000, "ETS": 150000, "Notice": 50000, "Reg_From": "2024-08-29", "Reg_To": "2025-08-28"}, "geometry": {"type": "Polygon", "coordinates": [[[80.204287, 17.1078], [80.204284, 17.108705], [80.205225, 17.108708], [80.205228, 17.107803], [80.204287, 17.1078]]]}}, {"type": "Feature", "properties": {"District": "Khammam", "Mandal": "Nelakondapalle", "Company": "M TECHNOLOGIES H.No. 1233/75 PLOT NO.1 PRASHANTH NAGAR ROAD NO.1 Nizampet Road Hyder Nagar Medchal Malkajgiri Telangana", "Address": "M TECHNOLOGIES H.No. 1233/75 PLOT NO.1 PRASHANTH NAGAR ROAD NO.1 Nizampet Road Hyder Nagar Medchal Malkajgiri Telangana", "Mineral": "Colour Granite", "MineralTyp": "QL", "SurveyNumb": "139 & 140", "LandType": "Govt.Land", "Production": 120000, "Dispatch": 100000, "ETS": 150000, "Notice": 50000, "Reg_From": "2024-08-30", "Reg_To": "2026-08-29"}, "geometry": {"type": "Polygon", "coordinates": [[[80.004674, 17.10497], [80.00467, 17.105874], [80.00561, 17.105878], [80.005614, 17.104974], [80.004674, 17.10497]]]}}, {"type": "Feature", "properties": {"District": "Khammam", "Mandal": "Nelakondapalle", "Company": "AASMA ENERGIES 2ND FLOOR HNO: 57292 SHAPUR NAGAR SANJAY GANDHI NAGAR JEEDIMETLA QUTUBULLAPUR MEDCHAL MALKAJGIRI TELANGANA", "Address": "AASMA ENERGIES 2ND FLOOR HNO: 57292 SHAPUR NAGAR SANJAY GANDHI NAGAR JEEDIMETLA QUTUBULLAPUR MEDCHAL MALKAJGIRI TELANGANA", "Mineral": "Colour Granite", "MineralTyp": "QL", "SurveyNumb": "141 & 142", "LandType": "Govt.Land", "Production": 120000, "Dispatch": 100000, "ETS": 150000, "Notice": 50000, "Reg_From": "2024-09-06", "Reg_To": "2026-09-05"}, "geometry": {"type": "Polygon", "coordinates": [[[80.051397, 17.11037], [80.051393, 17.111274], [80.052333, 17.111278], [80.052337, 17.110373], [80.051397, 17.11037]]]}}, {"type": "Feature", "properties": {"District": "Khammam", "Mandal": "Sathupalle", "Company": "SRI SAI LEELA ELECTRICAL PROJECTS PLOT NO 57 FLAT NO 201 & 202SRI GURUDATTA APARTMENT SARDAR PATEL NAGAR KPHB", "Address": "SRI SAI LEELA ELECTRICAL PROJECTS PLOT NO 57 FLAT NO 201 & 202SRI GURUDATTA APARTMENT SARDAR PATEL NAGAR KPHB", "Mineral": "Colour Granite", "MineralTyp": "QL", "SurveyNumb": "226", "LandType": "Govt.Land", "Production": 120000, "Dispatch": 100000, "ETS": 150000, "Notice": 50000, "Reg_From": "2024-09-06", "Reg_To": "2026-09-05"}, "geometry": {"type": "Polygon", "coordinates": [[[80.86434, 17.141947], [80.86434, 17.142852], [80.86528, 17.142852], [80.865281, 17.141947], [80.86434, 17.141947]]]}}, {"type": "Feature", "properties": {"District": "Khammam", "Mandal": "Nelakondapalle", "Company": "", "Address": "", "Mineral": "Colour Granite", "MineralTyp": "QL", "SurveyNumb": "406", "LandType": "Govt.Land", "Production": 120000, "Dispatch": 100000, "ETS": 150000, "Notice": 50000, "Reg_From": "2024-09-06", "Reg_To": "2026-09-05"}, "geometry": {"type": "Polygon", "coordinates": [[[80.066894, 17.122765], [80.066891, 17.123669], [80.067831, 17.123673], [80.067835, 17.122769], [80.066894, 17.122765]]]}}, {"type": "Feature", "properties": {"District": "Khammam", "Mandal": "Chinthakani", "Company": "", "Address": "", "Mineral": "Road Metal", "MineralTyp": "QL", "SurveyNumb": "349", "LandType": "Govt.Land", "Production": 800000, "Dispatch": 600000, "ETS": 1200000, "Notice": 600000, "Reg_From": "2024-09-06", "Reg_To": "2029-09-05"}, "geometry": {"type": "Polygon", "coordinates": [[[80.212161, 17.135385], [80.212158, 17.136289], [80.213099, 17.136292], [80.213102, 17.135388], [80.212161, 17.135385]]]}}, {"type": "Feature", "properties": {"District": "Khammam", "Mandal": "Kallur1", "Company": "", "Address": "", "Mineral": "Colour Granite", "MineralTyp": "QL", "SurveyNumb": "371", "LandType": "Govt.Land", "Production": 120000, "Dispatch": 100000, "ETS": 150000, "Notice": 50000, "Reg_From": "2024-09-06", "Reg_To": "2026-09-05"}, "geometry": {"type": "Polygon", "coordinates": [[[80.546223, 17.155859], [80.546222, 17.156763], [80.547162, 17.156764], [80.547164, 17.15586], [80.546223, 17.155859]]]}}, {"type": "Feature", "properties": {"District": "Khammam", "Mandal": "Penuballi", "Company": "CLOUDJET PRIVATE LIMITED F2 2ND FLOOR 136/2/2/ HITECHHOMES/A/2 Hi Tech Homes A BLOCK SY.NO.:194 ROAD NO 3 JAWAHAR COLONY Chanda Nagar", "Address": "CLOUDJET PRIVATE LIMITED F2 2ND FLOOR 136/2/2/ HITECHHOMES/A/2 Hi Tech Homes A BLOCK SY.NO.:194 ROAD NO 3 JAWAHAR COLONY Chanda Nagar", "Mineral": "Colour Granite", "MineralTyp": "QL", "SurveyNumb": "173", "LandType": "Govt.Land", "Production": 120000, "Dispatch": 100000, "ETS": 150000, "Notice": 50000, "Reg_From": "2024-09-09", "Reg_To": "2026-09-08"}, "geometry": {"type": "Polygon", "coordinates": [[[80.665067, 17.161658], [80.665066, 17.162562], [80.666007, 17.162563], [80.666008, 17.161659], [80.665067, 17.161658]]]}}, {"type": "Feature", "properties": {"District": "Khammam", "Mandal": "Nelakondapalle", "Company": "WHITECAP H.NO", "Address": "WHITECAP H.NO;3149/3 PLOT NO;261ST FLOOR ARROKAY MILKROAD NO.1MALLIKARJUN NAGAR NEAR RAVINDRA BHARATHI SCHOOLBODUPPALMEDIPALLY MANDAL.TELANGANA", "Mineral": "Road Metal", "MineralTyp": "QL", "SurveyNumb": "116", "LandType": "Govt.Land", "Production": 800000, "Dispatch": 600000, "ETS": 1200000, "Notice": 600000, "Reg_From": "2024-09-10", "Reg_To": "2026-09-09"}, "geometry": {"type": "Polygon", "coordinates": [[[79.997997, 17.152197], [79.997993, 17.153101], [79.998933, 17.153105], [79.998937, 17.152201], [79.997997, 17.152197]]]}}, {"type": "Feature", "properties": {"District": "Khammam", "Mandal": "Mudigonda", "Company": "SSNC TECHNOLOGIES /7/5/2 Old Malakpet Dar Al Khair Appartment FLAT 201 Saddam Hotel Lane Telangana", "Address": "SSNC TECHNOLOGIES /7/5/2 Old Malakpet Dar Al Khair Appartment FLAT 201 Saddam Hotel Lane Telangana", "Mineral": "Road Metal", "MineralTyp": "QL", "SurveyNumb": "116", "LandType": "Govt.Land", "Production": 800000, "Dispatch": 600000, "ETS": 1200000, "Notice": 600000, "Reg_From": "2024-09-11", "Reg_To": "2026-09-10"}, "geometry": {"type": "Polygon", "coordinates": [[[80.136559, 17.156304], [80.136556, 17.157208], [80.137496, 17.157211], [80.1375, 17.156307], [80.136559, 17.156304]]]}}, {"type": "Feature", "properties": {"District": "Khammam", "Mandal": "Sathupalle", "Company": "KHAITAR INDUSTRIES PRIVATE LIMITED Corp.Off: Khaitar House 1st Floor 59262/E. Rajivgandhi Nagar I.E. Kukatpally. Telangana Pin Code:", "Address": "KHAITAR INDUSTRIES PRIVATE LIMITED Corp.Off: Khaitar House 1st Floor 59262/E. Rajivgandhi Nagar I.E. Kukatpally. Telangana Pin Code:", "Mineral": "Colour Granite", "MineralTyp": "QL", "SurveyNumb": "130", "LandType": "Govt.Land", "Production": 120000, "Dispatch": 100000, "ETS": 150000, "Notice": 50000, "Reg_From": "2024-09-12", "Reg_To": "2025-09-11"}, "geometry": {"type": "Polygon", "coordinates": [[[80.81938, 17.170769], [80.81938, 17.171674], [80.820321, 17.171674], [80.820321, 17.17077], [80.81938, 17.170769]]]}}, {"type": "Feature", "properties": {"District": "Khammam", "Mandal": "Konijerla", "Company": "LEDTECHNOLOGY 1st FLOOR SHOP NO151 CTC PARKLANE SECUNDERABAD Telangana", "Address": "LEDTECHNOLOGY 1st FLOOR SHOP NO151 CTC PARKLANE SECUNDERABAD Telangana", "Mineral": "Colour Granite", "MineralTyp": "QL", "SurveyNumb": "230/2", "LandType": "Govt.Land", "Production": 120000, "Dispatch": 100000, "ETS": 150000, "Notice": 50000, "Reg_From": "2024-09-19", "Reg_To": "2025-09-18"}, "geometry": {"type": "Polygon", "coordinates": [[[80.30001, 17.172396], [80.300008, 17.173301], [80.300948, 17.173303], [80.300951, 17.172399], [80.30001, 17.172396]]]}}, {"type": "Feature", "properties": {"District": "Khammam", "Mandal": "Mudigonda", "Company": "M/s. SURYA RENEWABLE SYSTEMSPRIVATE LIMITED H.NO.427/8/4/1INDIRA NAGAR COLONYBODUPPALGHATKESAR Newton Grammer School Rangareddy", "Address": "M/s. SURYA RENEWABLE SYSTEMSPRIVATE LIMITED H.NO.427/8/4/1INDIRA NAGAR COLONYBODUPPALGHATKESAR Newton Grammer School Rangareddy", "Mineral": "Colour Granite", "MineralTyp": "QL", "SurveyNumb": "69", "LandType": "Govt.Land", "Production": 120000, "Dispatch": 100000, "ETS": 150000, "Notice": 50000, "Reg_From": "2024-09-19", "Reg_To": "2025-09-18"}, "geometry": {"type": "Polygon", "coordinates": [[[80.029541, 17.170685], [80.029538, 17.171589], [80.030478, 17.171593], [80.030482, 17.170689], [80.029541, 17.170685]]]}}, {"type": "Feature", "properties": {"District": "Khammam", "Mandal": "Wyra", "Company": "M/s. MITRA ENERGY plot no 538 ambedkarnagar pha se 3 boduppal medchal malkajgiri dist", "Address": "M/s. MITRA ENERGY plot no 538 ambedkarnagar pha se 3 boduppal medchal malkajgiri dist", "Mineral": "Colour Granite", "MineralTyp": "QL", "SurveyNumb": "69", "LandType": "Govt.Land", "Production": 120000, "Dispatch": 100000, "ETS": 150000, "Notice": 50000, "Reg_From": "2024-09-23", "Reg_To": "2026-09-22"}, "geometry": {"type": "Polygon", "coordinates": [[[80.345005, 17.182282], [80.345003, 17.183187], [80.345943, 17.183189], [80.345946, 17.182285], [80.345005, 17.182282]]]}}, {"type": "Feature", "properties": {"District": "Khammam", "Mandal": "Tallada", "Company": "M/s. KILOWATT SOLUTIONS PLOT .63 NPSURYATEJACOLONY OPP WORD & DEED SCHOOL HAYATNAGAR RRDIST", "Address": "M/s. KILOWATT SOLUTIONS PLOT .63 NPSURYATEJACOLONY OPP WORD & DEED SCHOOL HAYATNAGAR RRDIST", "Mineral": "Colour Granite", "MineralTyp": "QL", "SurveyNumb": "69", "LandType": "Govt.Land", "Production": 120000, "Dispatch": 100000, "ETS": 150000, "Notice": 50000, "Reg_From": "2024-09-24", "Reg_To": "2026-09-23"}, "geometry": {"type": "Polygon", "coordinates": [[[80.464448, 17.189633], [80.464446, 17.190537], [80.465387, 17.190539], [80.465389, 17.189635], [80.464448, 17.189633]]]}}, {"type": "Feature", "properties": {"District": "Khammam", "Mandal": "Konijerla", "Company": "M/s. NEW PLANET SOLUTIONS 1540 NEWTOWN RAMALAYAM STR EET MAHBUBNAGAR TELANGANA", "Address": "M/s. NEW PLANET SOLUTIONS 1540 NEWTOWN RAMALAYAM STR EET MAHBUBNAGAR TELANGANA", "Mineral": "Colour Granite", "MineralTyp": "QL", "SurveyNumb": "99", "LandType": "Govt.Land", "Production": 120000, "Dispatch": 100000, "ETS": 150000, "Notice": 50000, "Reg_From": "2024-09-19", "Reg_To": "2025-09-18"}, "geometry": {"type": "Polygon", "coordinates": [[[80.256875, 17.184361], [80.256872, 17.185266], [80.257813, 17.185269], [80.257816, 17.184364], [80.256875, 17.184361]]]}}, {"type": "Feature", "properties": {"District": "Khammam", "Mandal": "Sathupalle", "Company": "M/s. NATURE SOLUTIONS 18931/7 NEAR KUBERA APARTMENT PRASHANTH APARTMENT Siddipet Siddipet Telangana", "Address": "M/s. NATURE SOLUTIONS 18931/7 NEAR KUBERA APARTMENT PRASHANTH APARTMENT Siddipet Siddipet Telangana", "Mineral": "Colour Granite", "MineralTyp": "QL", "SurveyNumb": "724 & 727", "LandType": "Patta Land", "Production": 120000, "Dispatch": 100000, "ETS": 150000, "Notice": 50000, "Reg_From": "2024-09-27", "Reg_To": "2026-09-26"}, "geometry": {"type": "Polygon", "coordinates": [[[80.851617, 17.207926], [80.851616, 17.20883], [80.852557, 17.20883], [80.852557, 17.207926], [80.851617, 17.207926]]]}}, {"type": "Feature", "properties": {"District": "Khammam", "Mandal": "Kallur1", "Company": "Sathyam Constructions H.No.119 Devuni Yerravalli Village Chevella Mandal Ranga Reddy District Telangana", "Address": "Sathyam Constructions H.No.119 Devuni Yerravalli Village Chevella Mandal Ranga Reddy District Telangana", "Mineral": "Colour Granite", "MineralTyp": "QL", "SurveyNumb": "915", "LandType": "Patta Land", "Production": 120000, "Dispatch": 100000, "ETS": 150000, "Notice": 50000, "Reg_From": "2018-07-01", "Reg_To": "2020-06-30"}, "geometry": {"type": "Polygon", "coordinates": [[[80.599123, 17.203541], [80.599122, 17.204445], [80.600063, 17.204446], [80.600064, 17.203542], [80.599123, 17.203541]]]}}, {"type": "Feature", "properties": {"District": "Khammam", "Mandal": "Konijerla", "Company": "M/s. RAKESH ELECTRICAL WORKS 1536/B PNR Township KudaKuda Suryapet Telangana", "Address": "M/s. RAKESH ELECTRICAL WORKS 1536/B PNR Township KudaKuda Suryapet Telangana", "Mineral": "Road Metal", "MineralTyp": "QL", "SurveyNumb": "91", "LandType": "Govt.Land", "Production": 400000, "Dispatch": 400000, "ETS": 450000, "Notice": 50000, "Reg_From": "2024-09-27", "Reg_To": "2026-09-26"}, "geometry": {"type": "Polygon", "coordinates": [[[80.255804, 17.202833], [80.255801, 17.203737], [80.256742, 17.20374], [80.256744, 17.202835], [80.255804, 17.202833]]]}}, {"type": "Feature", "properties": {"District": "Khammam", "Mandal": "Tallada", "Company": "KVK ENGINEERING Flat 301 Devi Residency Road No 3 Telecom Nagar Gachibow li", "Address": "KVK ENGINEERING Flat 301 Devi Residency Road No 3 Telecom Nagar Gachibow li", "Mineral": "Road Metal", "MineralTyp": "QL", "SurveyNumb": "497", "LandType": "Govt.Land", "Production": 400000, "Dispatch": 400000, "ETS": 450000, "Notice": 50000, "Reg_From": "2024-09-25", "Reg_To": "2025-09-24"}, "geometry": {"type": "Polygon", "coordinates": [[[80.421414, 17.209327], [80.421411, 17.210231], [80.422352, 17.210233], [80.422354, 17.209329], [80.421414, 17.209327]]]}}, {"type": "Feature", "properties": {"District": "Khammam", "Mandal": "Mudigonda", "Company": "M/s. Shipivista Group 18217 P.G Road Secunderabad Telangana", "Address": "M/s. Shipivista Group 18217 P.G Road Secunderabad Telangana", "Mineral": "Colour Granite", "MineralTyp": "QL", "SurveyNumb": "488", "LandType": "Govt.Land", "Production": 120000, "Dispatch": 100000, "ETS": 150000, "Notice": 50000, "Reg_From": "2024-10-19", "Reg_To": "2025-10-18"}, "geometry": {"type": "Polygon", "coordinates": [[[80.045014, 17.197341], [80.04501, 17.198246], [80.045951, 17.198249], [80.045955, 17.197345], [80.045014, 17.197341]]]}}, {"type": "Feature", "properties": {"District": "Khammam", "Mandal": "Mudigonda", "Company": "Rubix Energy Systems Flat no 12AElectronic Complex Kushaiguda ECIL", "Address": "Rubix Energy Systems Flat no 12AElectronic Complex Kushaiguda ECIL", "Mineral": "Colour Granite", "MineralTyp": "QL", "SurveyNumb": "488", "LandType": "Govt.Land", "Production": 120000, "Dispatch": 100000, "ETS": 150000, "Notice": 50000, "Reg_From": "2024-10-09", "Reg_To": "2025-10-18"}, "geometry": {"type": "Polygon", "coordinates": [[[80.063669, 17.203992], [80.063665, 17.204896], [80.064606, 17.2049], [80.06461, 17.203996], [80.063669, 17.203992]]]}}, {"type": "Feature", "properties": {"District": "Khammam", "Mandal": "Kallur1", "Company": "GREENLEAF SOLUTIONS GREENLEAF SOLUTIONS H.no: 61155/A Sai Rukmini Apartments #505 Padmarao Nagar Secunderabad Telangana", "Address": "GREENLEAF SOLUTIONS GREENLEAF SOLUTIONS H.no: 61155/A Sai Rukmini Apartments #505 Padmarao Nagar Secunderabad Telangana", "Mineral": "Colour Granite", "MineralTyp": "QL", "SurveyNumb": "488", "LandType": "Govt.Land", "Production": 120000, "Dispatch": 100000, "ETS": 150000, "Notice": 50000, "Reg_From": "2024-10-13", "Reg_To": "2025-10-12"}, "geometry": {"type": "Polygon", "coordinates": [[[80.556876, 17.217183], [80.556875, 17.218088], [80.557815, 17.218089], [80.557817, 17.217185], [80.556876, 17.217183]]]}}, {"type": "Feature", "properties": {"District": "Khammam", "Mandal": "Khammam (Urban)", "Company": "Ruthvik System 301920Cv street Eluru road Vijaywada Andhra Pradesh 5 20002", "Address": "Ruthvik System 301920Cv street Eluru road Vijaywada Andhra Pradesh 5 20002", "Mineral": "Colour Granite", "MineralTyp": "QL", "SurveyNumb": "456/D", "LandType": "Patta Land", "Production": 120000, "Dispatch": 100000, "ETS": 150000, "Notice": 50000, "Reg_From": "2024-10-09", "Reg_To": "2025-10-08"}, "geometry": {"type": "Polygon", "coordinates": [[[80.161987, 17.212112], [80.161984, 17.213016], [80.162924, 17.213019], [80.162928, 17.212115], [80.161987, 17.212112]]]}}, {"type": "Feature", "properties": {"District": "Khammam", "Mandal": "Dammapeta", "Company": "WISDA VENTURES PRIVATE LIMITED 3rd Floor Rent A Desk Babukh an Rasheed Plaza Madhapur Jubilee Hills", "Address": "WISDA VENTURES PRIVATE LIMITED 3rd Floor Rent A Desk Babukh an Rasheed Plaza Madhapur Jubilee Hills", "Mineral": "Colour Granite", "MineralTyp": "QL", "SurveyNumb": "600", "LandType": "Govt.Land", "Production": 120000, "Dispatch": 100000, "ETS": 150000, "Notice": 50000, "Reg_From": "2024-10-14", "Reg_To": "2023-04-04"}, "geometry": {"type": "Polygon", "coordinates": [[[80.870323, 17.22425], [80.870323, 17.225154], [80.871264, 17.225154], [80.871264, 17.22425], [80.870323, 17.22425]]]}}, {"type": "Feature", "properties": {"District": "Khammam", "Mandal": "Penuballi", "Company": "NBS SYSTEMS 12143 Near Mothi KuntaOnti Satambham Sri Krishna Nagar Nalgonda", "Address": "NBS SYSTEMS 12143 Near Mothi KuntaOnti Satambham Sri Krishna Nagar Nalgonda", "Mineral": "Colour Granite", "MineralTyp": "QL", "SurveyNumb": "438/1", "LandType": "Govt.Land", "Production": 120000, "Dispatch": 100000, "ETS": 150000, "Notice": 50000, "Reg_From": "2024-10-16", "Reg_To": "2025-10-15"}, "geometry": {"type": "Polygon", "coordinates": [[[80.65999, 17.238488], [80.65999, 17.239392], [80.660931, 17.239393], [80.660932, 17.238489], [80.65999, 17.238488]]]}}, {"type": "Feature", "properties": {"District": "Khammam", "Mandal": "Kallur1", "Company": "M/s. RK SYSTEMS 83214/7/1 SRINIVASA COLONY WEST SR NAGAR TELANGANA", "Address": "M/s. RK SYSTEMS 83214/7/1 SRINIVASA COLONY WEST SR NAGAR TELANGANA", "Mineral": "Road Metal", "MineralTyp": "QL", "SurveyNumb": "178", "LandType": "Govt.Land", "Production": 400000, "Dispatch": 400000, "ETS": 450000, "Notice": 50000, "Reg_From": "2024-10-12", "Reg_To": "2025-10-11"}, "geometry": {"type": "Polygon", "coordinates": [[[80.520974, 17.240133], [80.520972, 17.241037], [80.521913, 17.241039], [80.521915, 17.240134], [80.520974, 17.240133]]]}}, {"type": "Feature", "properties": {"District": "Khammam", "Mandal": "Penuballi", "Company": "M/s. SRI GANESH INVERTERS 1285/4/3/2/CSrinivasa Nagar Kodad Suryapet5", "Address": "M/s. SRI GANESH INVERTERS 1285/4/3/2/CSrinivasa Nagar Kodad Suryapet5", "Mineral": "Colour Granite", "MineralTyp": "QL", "SurveyNumb": "490", "LandType": "Govt.Land", "Production": 120000, "Dispatch": 100000, "ETS": 150000, "Notice": 50000, "Reg_From": "2024-10-23", "Reg_To": "2026-10-22"}, "geometry": {"type": "Polygon", "coordinates": [[[80.627671, 17.242589], [80.62767, 17.243493], [80.628611, 17.243494], [80.628612, 17.24259], [80.627671, 17.242589]]]}}, {"type": "Feature", "properties": {"District": "Khammam", "Mandal": "Khammam (Urban)", "Company": "SOLOX ENERGIES PRIVATE LIMITED PLOT NO 109 2ND FLOOR SHASHANKTOWERSUPPAL BHAGAYATH LAYOUT NAGOLE", "Address": "SOLOX ENERGIES PRIVATE LIMITED PLOT NO 109 2ND FLOOR SHASHANKTOWERSUPPAL BHAGAYATH LAYOUT NAGOLE", "Mineral": "Colour Granite", "MineralTyp": "QL", "SurveyNumb": "584", "LandType": "Govt.Land", "Production": 120000, "Dispatch": 100000, "ETS": 150000, "Notice": 50000, "Reg_From": "2024-10-29", "Reg_To": "2025-10-28"}, "geometry": {"type": "Polygon", "coordinates": [[[80.192846, 17.229172], [80.192843, 17.230076], [80.193784, 17.230079], [80.193787, 17.229175], [80.192846, 17.229172]]]}}, {"type": "Feature", "properties": {"District": "Khammam", "Mandal": "Khammam (Rural)", "Company": "A & T Systems", "Address": "A & T Systems Pvt Ltd Hno 71619/A/10 Flat No 301 N Aina Residency Srinivasa Nagar (W) Ameerpet Telan gana", "Mineral": "Colour Granite", "MineralTyp": "QL", "SurveyNumb": "154", "LandType": "Govt.Land", "Production": 150000, "Dispatch": 150000, "ETS": 300000, "Notice": 150000, "Reg_From": "2024-10-04", "Reg_To": "2025-10-03"}, "geometry": {"type": "Polygon", "coordinates": [[[80.040331, 17.234065], [80.040327, 17.234969], [80.041268, 17.234973], [80.041272, 17.234068], [80.040331, 17.234065]]]}}, {"type": "Feature", "properties": {"District": "Khammam", "Mandal": "Konijerla", "Company": "J P R ENERGY SOLUTIONS Khammam Bypass T N G O COLONY D Raparthi Nagar2 Khammam Telangana", "Address": "J P R ENERGY SOLUTIONS Khammam Bypass T N G O COLONY D Raparthi Nagar2 Khammam Telangana", "Mineral": "Colour Granite", "MineralTyp": "QL", "SurveyNumb": "154", "LandType": "Govt.Land", "Production": 150000, "Dispatch": 150000, "ETS": 300000, "Notice": 150000, "Reg_From": "2024-11-04", "Reg_To": "2025-11-03"}, "geometry": {"type": "Polygon", "coordinates": [[[80.289918, 17.238417], [80.289916, 17.239321], [80.290857, 17.239324], [80.290859, 17.23842], [80.289918, 17.238417]]]}}, {"type": "Feature", "properties": {"District": "Nalgonda", "Mandal": "Nampalle", "Company": "AMITYECO RENEW PVT LTD 1870 Giri Nagar IDPL Colony", "Address": "AMITYECO RENEW PVT LTD 1870 Giri Nagar IDPL Colony", "Mineral": "Colour Granite", "MineralTyp": "QL", "SurveyNumb": "141", "LandType": "Govt.Land", "Production": 150000, "Dispatch": 150000, "ETS": 300000, "Notice": 150000, "Reg_From": "2024-11-02", "Reg_To": "2026-11-01"}, "geometry": {"type": "Polygon", "coordinates": [[[78.966536, 16.862978], [78.966527, 16.863883], [78.967466, 16.863891], [78.967475, 16.862987], [78.966536, 16.862978]]]}}, {"type": "Feature", "properties": {"District": "Khammam", "Mandal": "Kusumanchi", "Company": "S B SOLUTIONS HNO 1152/1 3RD WADA OPPOSITEMASJID GUDUR BIBINAGAR YADADRII BHONGIRI TELANGANA", "Address": "S B SOLUTIONS HNO 1152/1 3RD WADA OPPOSITEMASJID GUDUR BIBINAGAR YADADRII BHONGIRI TELANGANA", "Mineral": "Colour Granite", "MineralTyp": "QL", "SurveyNumb": "469 & 470", "LandType": "Patta Land", "Production": 150000, "Dispatch": 150000, "ETS": 300000, "Notice": 150000, "Reg_From": "2024-11-07", "Reg_To": "2026-11-06"}, "geometry": {"type": "Polygon", "coordinates": [[[80.004521, 17.241672], [80.004517, 17.242577], [80.005458, 17.242581], [80.005462, 17.241676], [80.004521, 17.241672]]]}}, {"type": "Feature", "properties": {"District": "Khammam", "Mandal": "Khammam (Urban)", "Company": "GLOBUS INFORMATICS INDIA PRIVATE LIMITED 4TH FLOOR FLAT NO.401 G.S. MALL RAJ BHAWAN ROAD", "Address": "GLOBUS INFORMATICS INDIA PRIVATE LIMITED 4TH FLOOR FLAT NO.401 G.S. MALL RAJ BHAWAN ROAD", "Mineral": "Colour Granite", "MineralTyp": "QL", "SurveyNumb": "464 & 485", "LandType": "Patta Land", "Production": 150000, "Dispatch": 150000, "ETS": 300000, "Notice": 150000, "Reg_From": "2024-11-08", "Reg_To": "2025-11-07"}, "geometry": {"type": "Polygon", "coordinates": [[[80.15696, 17.244593], [80.156957, 17.245497], [80.157898, 17.2455], [80.157901, 17.244596], [80.15696, 17.244593]]]}}, {"type": "Feature", "properties": {"District": "Khammam", "Mandal": "Kusumanchi", "Company": "REDPORT INFRA PRIVATE LIMITED 7/ K V R COLONY PRODDATUR516360 YSR KADAPA DISTRICT ANDHRA PRADESH", "Address": "REDPORT INFRA PRIVATE LIMITED 7/ K V R COLONY PRODDATUR516360 YSR KADAPA DISTRICT ANDHRA PRADESH", "Mineral": "Colour Granite", "MineralTyp": "QL", "SurveyNumb": "245", "LandType": "Govt.Land", "Production": 150000, "Dispatch": 150000, "ETS": 300000, "Notice": 150000, "Reg_From": "2024-11-10", "Reg_To": "2025-11-09"}, "geometry": {"type": "Polygon", "coordinates": [[[80.018457, 17.246263], [80.018453, 17.247167], [80.019394, 17.247171], [80.019398, 17.246267], [80.018457, 17.246263]]]}}, {"type": "Feature", "properties": {"District": "Khammam", "Mandal": "Khammam (Rural)", "Company": "VAMANA EPC Plot no.20 3RD Floor Vemi R eddy Enclave Road Number 12 Banjara Hills Hyd erabad Telangana", "Address": "VAMANA EPC Plot no.20 3RD Floor Vemi R eddy Enclave Road Number 12 Banjara Hills Hyd erabad Telangana", "Mineral": "Colour Granite", "MineralTyp": "QL", "SurveyNumb": "429", "LandType": "Govt.Land", "Production": 150000, "Dispatch": 150000, "ETS": 300000, "Notice": 150000, "Reg_From": "2024-08-29", "Reg_To": "2025-08-27"}, "geometry": {"type": "Polygon", "coordinates": [[[80.056936, 17.247241], [80.056932, 17.248145], [80.057873, 17.248149], [80.057877, 17.247245], [80.056936, 17.247241]]]}}, {"type": "Feature", "properties": {"District": "Nalgonda", "Mandal": "Nampalle", "Company": "DOT PRAANA Door no: 12367/2/2 B3 Mad huvan Residency Street no. 6 Domalguda Telangana", "Address": "DOT PRAANA Door no: 12367/2/2 B3 Mad huvan Residency Street no. 6 Domalguda Telangana", "Mineral": "Colour Granite", "MineralTyp": "QL", "SurveyNumb": "553", "LandType": "Govt.Land", "Production": 150000, "Dispatch": 150000, "ETS": 300000, "Notice": 150000, "Reg_From": "2024-11-12", "Reg_To": "2025-11-11"}, "geometry": {"type": "Polygon", "coordinates": [[[79.012563, 16.888744], [79.012554, 16.889648], [79.013493, 16.889657], [79.013502, 16.888752], [79.012563, 16.888744]]]}}, {"type": "Feature", "properties": {"District": "Khammam", "Mandal": "Aswaraopeta", "Company": "ASUM ENERGY PVT LTD H.no Flat No: A404 A Block Legend Galaxy Apa rtment LaxmiNagar Colony Kot hapet Telangana 50 0035", "Address": "ASUM ENERGY PVT LTD H.no Flat No: A404 A Block Legend Galaxy Apa rtment LaxmiNagar Colony Kot hapet Telangana 50 0035", "Mineral": "Colour Granite", "MineralTyp": "QL", "SurveyNumb": "398,", "LandType": "Govt.Land", "Production": 150000, "Dispatch": 150000, "ETS": 300000, "Notice": 150000, "Reg_From": "2024-11-13", "Reg_To": "2026-11-12"}, "geometry": {"type": "Polygon", "coordinates": [[[81.103589, 17.284659], [81.10359, 17.285563], [81.104532, 17.285562], [81.104531, 17.284658], [81.103589, 17.284659]]]}}, {"type": "Feature", "properties": {"District": "Khammam", "Mandal": "Khammam (Rural)", "Company": "UNILUX LLP 63/1091/13 to 15/g10 AMRUTHA VILLE Opp. Yashoda HospitalSomajiguda Telangana", "Address": "UNILUX LLP 63/1091/13 to 15/g10 AMRUTHA VILLE Opp. Yashoda HospitalSomajiguda Telangana", "Mineral": "Colour Granite", "MineralTyp": "QL", "SurveyNumb": "178", "LandType": "Govt.Land", "Production": 150000, "Dispatch": 150000, "ETS": 300000, "Notice": 150000, "Reg_From": "2024-11-14", "Reg_To": "2026-11-13"}, "geometry": {"type": "Polygon", "coordinates": [[[80.034904, 17.272742], [80.0349, 17.273647], [80.035841, 17.27365], [80.035845, 17.272746], [80.034904, 17.272742]]]}}, {"type": "Feature", "properties": {"District": "Khammam", "Mandal": "Khammam (Rural)", "Company": "Lakshmi Green Energy Private Limited 1923 3RD FLOOR STREET NO 17 GOUTHAM NAGAR MALKAJGIRI", "Address": "Lakshmi Green Energy Private Limited 1923 3RD FLOOR STREET NO 17 GOUTHAM NAGAR MALKAJGIRI", "Mineral": "Colour Granite", "MineralTyp": "QL", "SurveyNumb": "398", "LandType": "Govt.Land", "Production": 150000, "Dispatch": 150000, "ETS": 300000, "Notice": 150000, "Reg_From": "2024-10-17", "Reg_To": "2026-10-16"}, "geometry": {"type": "Polygon", "coordinates": [[[80.098014, 17.28873], [80.09801, 17.289635], [80.098952, 17.289638], [80.098955, 17.288734], [80.098014, 17.28873]]]}}, {"type": "Feature", "properties": {"District": "Khammam", "Mandal": "Thirumalayapalem", "Company": "AXISO GREEN ENERGIES PRIVATE LIMITED PLOT NO102103 Road: TEMPLE LANEMYTHRI NAGAR Nearby Landmark: Shri Ambika Vidya Mandir Locality: MATHRUSRI NAGAR SERILINGAMPALLY City:", "Address": "AXISO GREEN ENERGIES PRIVATE LIMITED PLOT NO102103 Road: TEMPLE LANEMYTHRI NAGAR Nearby Landmark: Shri Ambika Vidya Mandir Locality: MATHRUSRI NAGAR SERILINGAMPALLY City:", "Mineral": "Colour Granite", "MineralTyp": "QL", "SurveyNumb": "398", "LandType": "Govt.Land", "Production": 150000, "Dispatch": 150000, "ETS": 300000, "Notice": 150000, "Reg_From": "2024-11-19", "Reg_To": "2026-11-18"}, "geometry": {"type": "Polygon", "coordinates": [[[80.018557, 17.296226], [80.018553, 17.297131], [80.019494, 17.297134], [80.019498, 17.29623], [80.018557, 17.296226]]]}}, {"type": "Feature", "properties": {"District": "Nalgonda", "Mandal": "Nampalle", "Company": "A GENIOUS SOLUTIONS 17440/1/A/1 VELUGUMATLA WYRA ROAD Khammam Khammam Tela ngana", "Address": "A GENIOUS SOLUTIONS 17440/1/A/1 VELUGUMATLA WYRA ROAD Khammam Khammam Tela ngana", "Mineral": "Colour Granite", "MineralTyp": "QL", "SurveyNumb": "398", "LandType": "Govt.Land", "Production": 150000, "Dispatch": 150000, "ETS": 300000, "Notice": 150000, "Reg_From": "2024-11-20", "Reg_To": "2025-11-19"}, "geometry": {"type": "Polygon", "coordinates": [[[78.959572, 16.930118], [78.959564, 16.931022], [78.960503, 16.93103], [78.960512, 16.930126], [78.959572, 16.930118]]]}}, {"type": "Feature", "properties": {"District": "Nalgonda", "Mandal": "Marriguda", "Company": "Ecovav Industries Pvt Ltd Plot No. 52 Sarvasukhi Colony West Marredpally Secunderabad", "Address": "Ecovav Industries Pvt Ltd Plot No. 52 Sarvasukhi Colony West Marredpally Secunderabad", "Mineral": "Black Granite", "MineralTyp": "QL", "SurveyNumb": "760/1", "LandType": "Govt.Land", "Production": 150000, "Dispatch": 150000, "ETS": 165000, "Notice": 15000, "Reg_From": "2024-11-20", "Reg_To": "2025-11-19"}, "geometry": {"type": "Polygon", "coordinates": [[[78.91088, 16.932272], [78.910871, 16.933176], [78.911811, 16.933185], [78.91182, 16.932281], [78.91088, 16.932272]]]}}, {"type": "Feature", "properties": {"District": "Khammam", "Mandal": "Thirumalayapalem", "Company": "VISAKA GREEN PRIVATE LIMITED VISAKA TOWERS 18303/69/3 SP RoadSecunderabad500003 Telangana.", "Address": "VISAKA GREEN PRIVATE LIMITED VISAKA TOWERS 18303/69/3 SP RoadSecunderabad500003 Telangana.", "Mineral": "Black Granite", "MineralTyp": "QL", "SurveyNumb": "760/1,760/14 , 760/15", "LandType": "Govt.Land", "Production": 150000, "Dispatch": 150000, "ETS": 165000, "Notice": 15000, "Reg_From": "2024-11-20", "Reg_To": "2025-11-19"}, "geometry": {"type": "Polygon", "coordinates": [[[79.844808, 17.311155], [79.844803, 17.312059], [79.845745, 17.312064], [79.845749, 17.31116], [79.844808, 17.311155]]]}}, {"type": "Feature", "properties": {"District": "Nalgonda", "Mandal": "Nampalle", "Company": "SRINIVASA ELECTRICALS #31177 MOTHI MARKET KOTI", "Address": "SRINIVASA ELECTRICALS #31177 MOTHI MARKET KOTI", "Mineral": "Road Metal", "MineralTyp": "QL", "SurveyNumb": "17", "LandType": "Govt.Land", "Production": 400000, "Dispatch": 400000, "ETS": 450000, "Notice": 50000, "Reg_From": "2024-11-21", "Reg_To": "2025-11-20"}, "geometry": {"type": "Polygon", "coordinates": [[[78.940625, 16.940565], [78.940616, 16.94147], [78.941556, 16.941478], [78.941565, 16.940574], [78.940625, 16.940565]]]}}, {"type": "Feature", "properties": {"District": "Khammam", "Mandal": "Thirumalayapalem", "Company": "Giga Flat No:506 Bharani Classic Hakeemabad Colony Chintalku nta L b nagar 50 0074", "Address": "Giga Flat No:506 Bharani Classic Hakeemabad Colony Chintalku nta L b nagar 50 0074", "Mineral": "Road Metal", "MineralTyp": "QL", "SurveyNumb": "35/A/1", "LandType": "Govt.Land", "Production": 400000, "Dispatch": 400000, "ETS": 450000, "Notice": 50000, "Reg_From": "2024-11-19", "Reg_To": "2026-11-18"}, "geometry": {"type": "Polygon", "coordinates": [[[79.813057, 17.318272], [79.813052, 17.319177], [79.813994, 17.319181], [79.813999, 17.318277], [79.813057, 17.318272]]]}}, {"type": "Feature", "properties": {"District": "Khammam", "Mandal": "Thirumalayapalem", "Company": "GENTECH ENGINEERING GROUND FLOOR P.NO. S70 MAHADEVAPURAM Gajularamaram Medchal Malkajgiri Telangana", "Address": "GENTECH ENGINEERING GROUND FLOOR P.NO. S70 MAHADEVAPURAM Gajularamaram Medchal Malkajgiri Telangana", "Mineral": "Road Metal", "MineralTyp": "QL", "SurveyNumb": "35/Part", "LandType": "Govt.Land", "Production": 400000, "Dispatch": 400000, "ETS": 450000, "Notice": 50000, "Reg_From": "2024-11-23", "Reg_To": "2025-11-22"}, "geometry": {"type": "Polygon", "coordinates": [[[79.833793, 17.319416], [79.833788, 17.32032], [79.83473, 17.320325], [79.834734, 17.31942], [79.833793, 17.319416]]]}}, {"type": "Feature", "properties": {"District": "Khammam", "Mandal": "Khammam (Rural)", "Company": "CAPTAIN POLYPLAST LIMITED Plot No 41 Survey No. 305 Vijayanagar Colony Road No 5 Jadcherla Mahabubnagar Telangana", "Address": "CAPTAIN POLYPLAST LIMITED Plot No 41 Survey No. 305 Vijayanagar Colony Road No 5 Jadcherla Mahabubnagar Telangana", "Mineral": "Road Metal", "MineralTyp": "QL", "SurveyNumb": "35", "LandType": "Govt.Land", "Production": 400000, "Dispatch": 400000, "ETS": 450000, "Notice": 50000, "Reg_From": "2024-11-24", "Reg_To": "2025-11-23"}, "geometry": {"type": "Polygon", "coordinates": [[[80.173833, 17.332867], [80.173829, 17.333771], [80.174771, 17.333774], [80.174774, 17.33287], [80.173833, 17.332867]]]}}, {"type": "Feature", "properties": {"District": "Nalgonda", "Mandal": "Chandur", "Company": "GLO LED Private Limited nofax 5535/121 Prasanthi Nagar Ku katpally", "Address": "GLO LED Private Limited nofax 5535/121 Prasanthi Nagar Ku katpally", "Mineral": "Road Metal", "MineralTyp": "QL", "SurveyNumb": "35", "LandType": "Govt.Land", "Production": 400000, "Dispatch": 400000, "ETS": 450000, "Notice": 50000, "Reg_From": "2024-11-26", "Reg_To": "2026-11-25"}, "geometry": {"type": "Polygon", "coordinates": [[[78.980149, 16.972138], [78.980141, 16.973042], [78.98108, 16.97305], [78.981089, 16.972146], [78.980149, 16.972138]]]}}, {"type": "Feature", "properties": {"District": "Nalgonda", "Mandal": "Marriguda", "Company": "ESSAAR CENTRE Plot.No./1State Bank of Mysore opposite lane East MarredpallySec26", "Address": "ESSAAR CENTRE Plot.No./1State Bank of Mysore opposite lane East MarredpallySec26", "Mineral": "Road Metal", "MineralTyp": "QL", "SurveyNumb": "35/A/1", "LandType": "Govt.Land", "Production": 400000, "Dispatch": 400000, "ETS": 450000, "Notice": 50000, "Reg_From": "2024-11-06", "Reg_To": "2025-11-05"}, "geometry": {"type": "Polygon", "coordinates": [[[78.959492, 16.981868], [78.959484, 16.982772], [78.960423, 16.982781], [78.960432, 16.981877], [78.959492, 16.981868]]]}}, {"type": "Feature", "properties": {"District": "Nalgonda", "Mandal": "Marriguda", "Company": "SANTRIX CONSGTRUCTIONS 1909 Vivekanandanagar Dilsukhnagar Pin:", "Address": "SANTRIX CONSGTRUCTIONS 1909 Vivekanandanagar Dilsukhnagar Pin:", "Mineral": "Road Metal", "MineralTyp": "QL", "SurveyNumb": "35/A", "LandType": "Govt.Land", "Production": 400000, "Dispatch": 400000, "ETS": 450000, "Notice": 50000, "Reg_From": "2024-11-27", "Reg_To": "2025-11-26"}, "geometry": {"type": "Polygon", "coordinates": [[[78.91654, 16.979089], [78.916531, 16.979993], [78.91747, 16.980002], [78.917479, 16.979098], [78.91654, 16.979089]]]}}, {"type": "Feature", "properties": {"District": "Khammam", "Mandal": "Chandrugonda", "Company": "Helios Renewable Energy Block No 19 19440 Satya Kam ala Complex Sagar Road HDFC Bank Reddy Colony Miryalaguda Nalgonda Telangana", "Address": "Helios Renewable Energy Block No 19 19440 Satya Kam ala Complex Sagar Road HDFC Bank Reddy Colony Miryalaguda Nalgonda Telangana", "Mineral": "Road Metal", "MineralTyp": "QL", "SurveyNumb": "35/A/1", "LandType": "Govt.Land", "Production": 400000, "Dispatch": 400000, "ETS": 450000, "Notice": 50000, "Reg_From": "2024-11-28", "Reg_To": "2025-11-27"}, "geometry": {"type": "Polygon", "coordinates": [[[80.687027, 17.381176], [80.687026, 17.382081], [80.687968, 17.382081], [80.687969, 17.381177], [80.687027, 17.381176]]]}}, {"type": "Feature", "properties": {"District": "Khammam", "Mandal": "Kamepalle", "Company": "M/s. Suman kumar Mana Agritech /5A kapuwada kaghaznagar komrambheem asifabadTELANGANA", "Address": "M/s. Suman kumar Mana Agritech /5A kapuwada kaghaznagar komrambheem asifabadTELANGANA", "Mineral": "Road Metal", "MineralTyp": "QL", "SurveyNumb": "35/A/1", "LandType": "Govt.Land", "Production": 400000, "Dispatch": 400000, "ETS": 450000, "Notice": 50000, "Reg_From": "2024-11-20", "Reg_To": "2025-11-19"}, "geometry": {"type": "Polygon", "coordinates": [[[80.308039, 17.408473], [80.308036, 17.409378], [80.308978, 17.40938], [80.308981, 17.408476], [80.308039, 17.408473]]]}}, {"type": "Feature", "properties": {"District": "Khammam", "Mandal": "Julurpad", "Company": "M/s. Suryateja Energy House no 81296/S/183 /SS/101 Flat N0. 101Plot no. 183 Sri Rama SerenityRoad no. 02Sri Ramana Colony ZP Road Karmanghat LB Nagar Rangareddy", "Address": "M/s. Suryateja Energy House no 81296/S/183 /SS/101 Flat N0. 101Plot no. 183 Sri Rama SerenityRoad no. 02Sri Ramana Colony ZP Road Karmanghat LB Nagar Rangareddy", "Mineral": "Road Metal", "MineralTyp": "QL", "SurveyNumb": "35", "LandType": "Govt.Land", "Production": 400000, "Dispatch": 400000, "ETS": 450000, "Notice": 50000, "Reg_From": "2024-12-02", "Reg_To": "2025-12-01"}, "geometry": {"type": "Polygon", "coordinates": [[[80.52847, 17.417434], [80.528469, 17.418338], [80.529411, 17.41834], [80.529412, 17.417435], [80.52847, 17.417434]]]}}, {"type": "Feature", "properties": {"District": "Khammam", "Mandal": "Kamepalle", "Company": "M/s. Access Technologies Plot No 997", "Address": "M/s. Access Technologies Plot No 997;Beside Karur VysyaBank LanePragathi Nagar Bachupally Mandal Medchal Malkajgiri District 500090Telangana State", "Mineral": "Road Metal", "MineralTyp": "QL", "SurveyNumb": "35", "LandType": "Govt.Land", "Production": 400000, "Dispatch": 400000, "ETS": 450000, "Notice": 50000, "Reg_From": "2024-12-02", "Reg_To": "2026-12-01"}, "geometry": {"type": "Polygon", "coordinates": [[[80.225733, 17.406686], [80.22573, 17.40759], [80.226672, 17.407593], [80.226675, 17.406689], [80.225733, 17.406686]]]}}, {"type": "Feature", "properties": {"District": "Khammam", "Mandal": "Kamepalle", "Company": "M/s. NARENDER SATHE Plot No 65 H NO 2120 APHB COLONY MEDCHAL Medchal Malkajgiri Telangana", "Address": "M/s. NARENDER SATHE Plot No 65 H NO 2120 APHB COLONY MEDCHAL Medchal Malkajgiri Telangana", "Mineral": "Road Metal", "MineralTyp": "QL", "SurveyNumb": "35", "LandType": "Govt.Land", "Production": 400000, "Dispatch": 400000, "ETS": 450000, "Notice": 50000, "Reg_From": "2024-12-02", "Reg_To": "2025-12-01"}, "geometry": {"type": "Polygon", "coordinates": [[[80.267664, 17.415188], [80.267661, 17.416092], [80.268603, 17.416095], [80.268606, 17.415191], [80.267664, 17.415188]]]}}, {"type": "Feature", "properties": {"District": "Khammam", "Mandal": "Kamepalle", "Company": "M/s. SSM ENTERPRISES HNo: 31157/2chandrashekar colonyNizamabad.", "Address": "M/s. SSM ENTERPRISES HNo: 31157/2chandrashekar colonyNizamabad.", "Mineral": "Road Metal", "MineralTyp": "QL", "SurveyNumb": "355/D", "LandType": "Govt.Land", "Production": 400000, "Dispatch": 400000, "ETS": 450000, "Notice": 50000, "Reg_From": "2024-11-14", "Reg_To": "2025-11-13"}, "geometry": {"type": "Polygon", "coordinates": [[[80.251588, 17.432678], [80.251585, 17.433583], [80.252527, 17.433585], [80.25253, 17.432681], [80.251588, 17.432678]]]}}, {"type": "Feature", "properties": {"District": "Khammam", "Mandal": "Kamepalle", "Company": "VARCAS AUTOMOBILES PRIVATE LIMITED SY No. 69 Block B BESIDE SHR I BHAVANI SHANKARA TEMPLE GAD DAPOTHARAM ROAD ALLINAGARAMLA T Sangareddy Chetlapotharam Medak Patancheru Telangana India", "Address": "VARCAS AUTOMOBILES PRIVATE LIMITED SY No. 69 Block B BESIDE SHR I BHAVANI SHANKARA TEMPLE GAD DAPOTHARAM ROAD ALLINAGARAMLA T Sangareddy Chetlapotharam Medak Patancheru Telangana India", "Mineral": "Road Metal", "MineralTyp": "QL", "SurveyNumb": "403/C1", "LandType": "Govt.Land", "Production": 400000, "Dispatch": 400000, "ETS": 450000, "Notice": 50000, "Reg_From": "2024-12-04", "Reg_To": "2029-12-03"}, "geometry": {"type": "Polygon", "coordinates": [[[80.271363, 17.446486], [80.27136, 17.44739], [80.272302, 17.447392], [80.272305, 17.446488], [80.271363, 17.446486]]]}}, {"type": "Feature", "properties": {"District": "Khammam", "Mandal": "Singareni", "Company": "ECOPLANET MOTORS PRIVATE LIMITED SUSML C 23/09 ROAD NO.15 HO JIWALA INDUSTRIAL ESTATE SACH IN SURAT GUJARAT", "Address": "ECOPLANET MOTORS PRIVATE LIMITED SUSML C 23/09 ROAD NO.15 HO JIWALA INDUSTRIAL ESTATE SACH IN SURAT GUJARAT", "Mineral": "Road Metal", "MineralTyp": "QL", "SurveyNumb": "271", "LandType": "Govt.Land", "Production": 400000, "Dispatch": 400000, "ETS": 450000, "Notice": 50000, "Reg_From": "2024-12-04", "Reg_To": "2025-12-03"}, "geometry": {"type": "Polygon", "coordinates": [[[80.2099, 17.461952], [80.209897, 17.462856], [80.210839, 17.462859], [80.210842, 17.461955], [80.2099, 17.461952]]]}}, {"type": "Feature", "properties": {"District": "Khammam", "Mandal": "Garla", "Company": "M/s. SHOURYAINFRA PLOT NO 13 FLAT NO 202 SOLITAIRE ENCLVE AGRICULTURE COLONY HASTINAPURAM", "Address": "M/s. SHOURYAINFRA PLOT NO 13 FLAT NO 202 SOLITAIRE ENCLVE AGRICULTURE COLONY HASTINAPURAM", "Mineral": "Road Metal", "MineralTyp": "QL", "SurveyNumb": "228", "LandType": "Govt.Land", "Production": 400000, "Dispatch": 400000, "ETS": 450000, "Notice": 50000, "Reg_From": "2024-12-02", "Reg_To": "2025-12-01"}, "geometry": {"type": "Polygon", "coordinates": [[[80.189963, 17.466308], [80.18996, 17.467213], [80.190902, 17.467216], [80.190906, 17.466311], [80.189963, 17.466308]]]}}, {"type": "Feature", "properties": {"District": "Khammam", "Mandal": "Kothagudem1", "Company": "M/s. PRINCIPLE ACS ENGINEERING INDIA PVT LTD PLOT NO 82293/82/A/58/A GROUND FLOOR PAVANI EQUINOX ROAD NO 8 JUBILEE HILLS", "Address": "M/s. PRINCIPLE ACS ENGINEERING INDIA PVT LTD PLOT NO 82293/82/A/58/A GROUND FLOOR PAVANI EQUINOX ROAD NO 8 JUBILEE HILLS", "Mineral": "Road Metal", "MineralTyp": "QL", "SurveyNumb": "1752/1", "LandType": "Govt.Land", "Production": 400000, "Dispatch": 400000, "ETS": 450000, "Notice": 50000, "Reg_From": "2024-12-07", "Reg_To": "2026-12-06"}, "geometry": {"type": "Polygon", "coordinates": [[[80.548802, 17.485003], [80.548801, 17.485907], [80.549743, 17.485908], [80.549744, 17.485004], [80.548802, 17.485003]]]}}, {"type": "Feature", "properties": {"District": "Khammam", "Mandal": "Singareni", "Company": "M/s. KEY ENERGY ENGINEERS PRIVATE LIMITED 1289/8 Rallapet Mancherial Telangana", "Address": "M/s. KEY ENERGY ENGINEERS PRIVATE LIMITED 1289/8 Rallapet Mancherial Telangana", "Mineral": "Black Granite", "MineralTyp": "QL", "SurveyNumb": "1581/1", "LandType": "Govt.Land", "Production": 150000, "Dispatch": 150000, "ETS": 165000, "Notice": 15000, "Reg_From": "2024-12-07", "Reg_To": "2026-12-06"}, "geometry": {"type": "Polygon", "coordinates": [[[80.319767, 17.493031], [80.319765, 17.493935], [80.320707, 17.493937], [80.320709, 17.493033], [80.319767, 17.493031]]]}}, {"type": "Feature", "properties": {"District": "Khammam", "Mandal": "Singareni", "Company": "M/s. Ctech Solutions Flat 108 Range view apartment opp pillar 35 Retibowli Mehdipatnam", "Address": "M/s. Ctech Solutions Flat 108 Range view apartment opp pillar 35 Retibowli Mehdipatnam", "Mineral": "Road Metal", "MineralTyp": "QL", "SurveyNumb": "392/1", "LandType": "Govt.Land", "Production": 400000, "Dispatch": 400000, "ETS": 450000, "Notice": 50000, "Reg_From": "2024-12-02", "Reg_To": "2025-12-01"}, "geometry": {"type": "Polygon", "coordinates": [[[80.266924, 17.513757], [80.266921, 17.514662], [80.267864, 17.514664], [80.267866, 17.51376], [80.266924, 17.513757]]]}}, {"type": "Feature", "properties": {"District": "Khammam", "Mandal": "Yellandu", "Company": "M/s. NAGU ELECTRONICS AND ENERGY SYSTEMS Plotno:/3Eccomplex Kushaiguda KapraEcilpost 500062Telangana", "Address": "M/s. NAGU ELECTRONICS AND ENERGY SYSTEMS Plotno:/3Eccomplex Kushaiguda KapraEcilpost 500062Telangana", "Mineral": "Black Granite", "MineralTyp": "QL", "SurveyNumb": "111/1", "LandType": "Govt.Land", "Production": 150000, "Dispatch": 150000, "ETS": 165000, "Notice": 15000, "Reg_From": "2025-12-09", "Reg_To": "2027-12-08"}, "geometry": {"type": "Polygon", "coordinates": [[[80.367935, 17.52054], [80.367933, 17.521445], [80.368875, 17.521447], [80.368878, 17.520543], [80.367935, 17.52054]]]}}, {"type": "Feature", "properties": {"District": "Khammam", "Mandal": "Garla", "Company": "M/s. TWILIGHT PRIVATE LIMITED P NO 206 RAMAKRISHNA MEDIPALLY CHANGICHARLA HYDMEDCHALMALKAJGIRI TELANGANA", "Address": "M/s. TWILIGHT PRIVATE LIMITED P NO 206 RAMAKRISHNA MEDIPALLY CHANGICHARLA HYDMEDCHALMALKAJGIRI TELANGANA", "Mineral": "Black Granite", "MineralTyp": "QL", "SurveyNumb": "566/B", "LandType": "Govt.Land", "Production": 150000, "Dispatch": 150000, "ETS": 165000, "Notice": 15000, "Reg_From": "2024-12-13", "Reg_To": "2026-12-12"}, "geometry": {"type": "Polygon", "coordinates": [[[80.153871, 17.522844], [80.153868, 17.523749], [80.15481, 17.523752], [80.154814, 17.522848], [80.153871, 17.522844]]]}}, {"type": "Feature", "properties": {"District": "Khammam", "Mandal": "Burgampahad", "Company": "M/s. TRISHUL SHAKTI SOLUTIONS SYSTEMS H NO 1455/1/47/A/1SAI RAM NAGAR COLONY AMEENPUR SANGAREDDYTELANGANA", "Address": "M/s. TRISHUL SHAKTI SOLUTIONS SYSTEMS H NO 1455/1/47/A/1SAI RAM NAGAR COLONY AMEENPUR SANGAREDDYTELANGANA", "Mineral": "Black Granite", "MineralTyp": "QL", "SurveyNumb": "584/1", "LandType": "Govt.Land", "Production": 150000, "Dispatch": 150000, "ETS": 165000, "Notice": 15000, "Reg_From": "2024-12-11", "Reg_To": "2025-12-10"}, "geometry": {"type": "Polygon", "coordinates": [[[80.809596, 17.694374], [80.809595, 17.695278], [80.810539, 17.695278], [80.810539, 17.694374], [80.809596, 17.694374]]]}}, {"type": "Feature", "properties": {"District": "Khammam", "Mandal": "Kukunoor", "Company": "M/s. SUNRAY NET WORKS /3 PEGADAPALLY ROAD PEGADAPALLY ROAD HANAMKONDA", "Address": "M/s. SUNRAY NET WORKS /3 PEGADAPALLY ROAD PEGADAPALLY ROAD HANAMKONDA", "Mineral": "Black Granite", "MineralTyp": "QL", "SurveyNumb": "67", "LandType": "Govt.Land", "Production": 150000, "Dispatch": 150000, "ETS": 165000, "Notice": 15000, "Reg_From": "2024-12-18", "Reg_To": "2025-12-17"}, "geometry": {"type": "Polygon", "coordinates": [[[81.088746, 17.589937], [81.088747, 17.590842], [81.08969, 17.590841], [81.089689, 17.589937], [81.088746, 17.589937]]]}}, {"type": "Feature", "properties": {"District": "Khammam", "Mandal": "Aswapuram", "Company": "M/s. Sunshine Technologies PLOT NO: 452 Prashanthnagar Vanasthalipuram 50 0070.", "Address": "M/s. Sunshine Technologies PLOT NO: 452 Prashanthnagar Vanasthalipuram 50 0070.", "Mineral": "Black Granite", "MineralTyp": "QL", "SurveyNumb": "67", "LandType": "Govt.Land", "Production": 150000, "Dispatch": 150000, "ETS": 165000, "Notice": 15000, "Reg_From": "2024-12-16", "Reg_To": "2026-12-15"}, "geometry": {"type": "Polygon", "coordinates": [[[80.713513, 17.710704], [80.713512, 17.711608], [80.714456, 17.711609], [80.714456, 17.710705], [80.713513, 17.710704]]]}}, {"type": "Feature", "properties": {"District": "Khammam", "Mandal": "Gundala1", "Company": "M/s. sesola projects private limited Sy No.11 wework krishe emerald HD348 Lakshmi cyber city White Feilds Kondapur", "Address": "M/s. sesola projects private limited Sy No.11 wework krishe emerald HD348 Lakshmi cyber city White Feilds Kondapur", "Mineral": "Black Granite", "MineralTyp": "QL", "SurveyNumb": "67", "LandType": "Govt.Land", "Production": 150000, "Dispatch": 150000, "ETS": 165000, "Notice": 15000, "Reg_From": "2024-12-19", "Reg_To": "2025-12-18"}, "geometry": {"type": "Polygon", "coordinates": [[[80.525026, 17.816151], [80.525024, 17.817055], [80.525968, 17.817057], [80.52597, 17.816153], [80.525026, 17.816151]]]}}, {"type": "Feature", "properties": {"District": "Khammam", "Mandal": "Burgampahad", "Company": "M/s. ELITE ENTERPRISES HOUSE NO: 65118/1 GROUND FLOOR DASRI BASTHIOLD BALANAGAR MEDCHAL MALKAJGIRI Pin", "Address": "M/s. ELITE ENTERPRISES HOUSE NO: 65118/1 GROUND FLOOR DASRI BASTHIOLD BALANAGAR MEDCHAL MALKAJGIRI Pin", "Mineral": "Black Granite", "MineralTyp": "QL", "SurveyNumb": "313/1", "LandType": "Govt.Land", "Production": 150000, "Dispatch": 150000, "ETS": 165000, "Notice": 15000, "Reg_From": "2024-12-19", "Reg_To": "2025-12-18"}, "geometry": {"type": "Polygon", "coordinates": [[[80.793689, 17.710666], [80.793689, 17.71157], [80.794632, 17.71157], [80.794633, 17.710666], [80.793689, 17.710666]]]}}, {"type": "Feature", "properties": {"District": "Khammam", "Mandal": "Dummugudem", "Company": "M/s. CIMMANI TRADING Office Address # SBH COLONY SUBEDARI HANMAKONDA . TELANGANA", "Address": "M/s. CIMMANI TRADING Office Address # SBH COLONY SUBEDARI HANMAKONDA . TELANGANA", "Mineral": "Black Granite", "MineralTyp": "QL", "SurveyNumb": "224/1", "LandType": "Govt.Land", "Production": 150000, "Dispatch": 150000, "ETS": 165000, "Notice": 15000, "Reg_From": "2024-10-20", "Reg_To": "2025-10-19"}, "geometry": {"type": "Polygon", "coordinates": [[[80.960012, 17.897047], [80.960012, 17.897951], [80.960957, 17.897951], [80.960956, 17.897047], [80.960012, 17.897047]]]}}, {"type": "Feature", "properties": {"District": "Khammam", "Mandal": "Manuguru", "Company": "M/s. DYNERE ENGINEERING PRIVATE LIMITED PLOT NO. A3 H.NO.11979/A AYODYA NAGAR KAPRA ECIL POST TELANGANA", "Address": "M/s. DYNERE ENGINEERING PRIVATE LIMITED PLOT NO. A3 H.NO.11979/A AYODYA NAGAR KAPRA ECIL POST TELANGANA", "Mineral": "Laterite", "MineralTyp": "QL", "SurveyNumb": "58/1/8/A/1", "LandType": "Govt.Land", "Production": 500000, "Dispatch": 500000, "ETS": 600000, "Notice": 100000, "Reg_From": "2024-12-21", "Reg_To": "2025-12-20"}, "geometry": {"type": "Polygon", "coordinates": [[[80.749545, 17.99515], [80.749544, 17.996054], [80.750489, 17.996055], [80.75049, 17.995151], [80.749545, 17.99515]]]}}, {"type": "Feature", "properties": {"District": "Khammam", "Mandal": "Pinapaka", "Company": "M/s. MANIRA ENERGY PLOT NO 9 Gayatri Nagar Hyundai Kun United Hyundai ServiceCentre Jillela Guda Rangareddy Telangana", "Address": "M/s. MANIRA ENERGY PLOT NO 9 Gayatri Nagar Hyundai Kun United Hyundai ServiceCentre Jillela Guda Rangareddy Telangana", "Mineral": "Laterite", "MineralTyp": "QL", "SurveyNumb": "58/1/45/C/1 & 58/1/47/A/1", "LandType": "Govt.Land", "Production": 500000, "Dispatch": 500000, "ETS": 600000, "Notice": 100000, "Reg_From": "2024-12-23", "Reg_To": "2026-12-22"}, "geometry": {"type": "Polygon", "coordinates": [[[80.706286, 18.031598], [80.706285, 18.032501], [80.70723, 18.032502], [80.70723, 18.031598], [80.706286, 18.031598]]]}}, {"type": "Feature", "properties": {"District": "Khammam", "Mandal": "Pinapaka", "Company": "M/s. Seven Greens System Pvt. Ltd. 6B 6th Floor Siddhivinayak Chambers Premises Coop Society Opp. MIG Cricket Club Gandhinagar Bandra \u2013 East Mumbai", "Address": "M/s. Seven Greens System Pvt. Ltd. 6B 6th Floor Siddhivinayak Chambers Premises Coop Society Opp. MIG Cricket Club Gandhinagar Bandra \u2013 East Mumbai", "Mineral": "Laterite", "MineralTyp": "QL", "SurveyNumb": "58/1/9/A/1", "LandType": "Govt.Land", "Production": 500000, "Dispatch": 500000, "ETS": 600000, "Notice": 100000, "Reg_From": "2024-12-23", "Reg_To": "2025-12-22"}, "geometry": {"type": "Polygon", "coordinates": [[[80.648245, 18.09427], [80.648244, 18.095173], [80.649189, 18.095174], [80.64919, 18.094271], [80.648245, 18.09427]]]}}, {"type": "Feature", "properties": {"District": "Warangal", "Mandal": "Maripeda", "Company": "M/s. LUX PLOT NO.21 SAMATHA NAGAR BADANGPET RANGA REDDY TELANGANA", "Address": "M/s. LUX PLOT NO.21 SAMATHA NAGAR BADANGPET RANGA REDDY TELANGANA", "Mineral": "Laterite", "MineralTyp": "QL", "SurveyNumb": "58/1/19/A2 & 58/1/47/A6", "LandType": "Govt.Land", "Production": 500000, "Dispatch": 500000, "ETS": 600000, "Notice": 100000, "Reg_From": "2024-12-30", "Reg_To": "2026-12-29"}, "geometry": {"type": "Polygon", "coordinates": [[[79.83657, 17.387082], [79.836565, 17.387986], [79.837507, 17.38799], [79.837512, 17.387086], [79.83657, 17.387082]]]}}, {"type": "Feature", "properties": {"District": "Warangal", "Mandal": "Kuravi", "Company": "M/s. JAI ENERGY SOLUTIONS H.no: Plot No.63/B Ground Floor Panchayatraj Teachers Colony Hastinapuram", "Address": "M/s. JAI ENERGY SOLUTIONS H.no: Plot No.63/B Ground Floor Panchayatraj Teachers Colony Hastinapuram", "Mineral": "Laterite", "MineralTyp": "QL", "SurveyNumb": "58/1/19/A2 ,58/1/47/A6", "LandType": "Govt.Land", "Production": 500000, "Dispatch": 500000, "ETS": 600000, "Notice": 100000, "Reg_From": "2024-12-31", "Reg_To": "2025-12-30"}, "geometry": {"type": "Polygon", "coordinates": [[[80.025116, 17.387854], [80.025112, 17.388758], [80.026054, 17.388762], [80.026058, 17.387858], [80.025116, 17.387854]]]}}, {"type": "Feature", "properties": {"District": "Warangal", "Mandal": "Maripeda", "Company": "M/s. Tandberg Systems LLP 4470 NEW MIG BHEL RC puramPatancheru Telangana", "Address": "M/s. Tandberg Systems LLP 4470 NEW MIG BHEL RC puramPatancheru Telangana", "Mineral": "Road Metal", "MineralTyp": "QL", "SurveyNumb": "109", "LandType": "Govt.Land", "Production": 400000, "Dispatch": 400000, "ETS": 450000, "Notice": 50000, "Reg_From": "2024-12-07", "Reg_To": "2025-12-06"}, "geometry": {"type": "Polygon", "coordinates": [[[79.940997, 17.399489], [79.940993, 17.400393], [79.941935, 17.400397], [79.941939, 17.399493], [79.940997, 17.399489]]]}}, {"type": "Feature", "properties": {"District": "Warangal", "Mandal": "Dornakal", "Company": "M/s. Enugula Renewables LLP 5 4 9 J N Road Abids", "Address": "M/s. Enugula Renewables LLP 5 4 9 J N Road Abids", "Mineral": "Black Granite", "MineralTyp": "QL", "SurveyNumb": "274/1 to 3", "LandType": "Govt.Land", "Production": 150000, "Dispatch": 150000, "ETS": 165000, "Notice": 15000, "Reg_From": "2024-12-27", "Reg_To": "2026-12-26"}, "geometry": {"type": "Polygon", "coordinates": [[[80.09777, 17.400132], [80.097767, 17.401036], [80.098709, 17.401039], [80.098712, 17.400135], [80.09777, 17.400132]]]}}, {"type": "Feature", "properties": {"District": "Warangal", "Mandal": "Dornakal", "Company": "M/s. SRIMAAN SOLUTIONS # 6210SRIRAM NAGAR BEHIND AUTO NAGAR WARANGAL X ROADKHAMMAM RURAL KHAMMAM DIST", "Address": "M/s. SRIMAAN SOLUTIONS # 6210SRIRAM NAGAR BEHIND AUTO NAGAR WARANGAL X ROADKHAMMAM RURAL KHAMMAM DIST", "Mineral": "Black Granite", "MineralTyp": "QL", "SurveyNumb": "496/A3 & 510/A", "LandType": "Govt.Land", "Production": 150000, "Dispatch": 150000, "ETS": 165000, "Notice": 15000, "Reg_From": "2025-01-02", "Reg_To": "2026-01-01"}, "geometry": {"type": "Polygon", "coordinates": [[[80.073065, 17.409], [80.073062, 17.409904], [80.074004, 17.409908], [80.074007, 17.409004], [80.073065, 17.409]]]}}, {"type": "Feature", "properties": {"District": "Nalgonda", "Mandal": "Rajapet", "Company": "M/s. SURYODHAYA ENTERPRISE Subhash Nagar Road Ravali Wooden Furniture Subha sh Nagar Karimnagar Telangana", "Address": "M/s. SURYODHAYA ENTERPRISE Subhash Nagar Road Ravali Wooden Furniture Subha sh Nagar Karimnagar Telangana", "Mineral": "Road Metal", "MineralTyp": "QL", "SurveyNumb": "679/1", "LandType": "Govt.Land", "Production": 400000, "Dispatch": 400000, "ETS": 450000, "Notice": 50000, "Reg_From": "2024-12-23", "Reg_To": "2026-12-22"}, "geometry": {"type": "Polygon", "coordinates": [[[78.948866, 17.686138], [78.948857, 17.687042], [78.9498, 17.687051], [78.949809, 17.686147], [78.948866, 17.686138]]]}}, {"type": "Feature", "properties": {"District": "Nalgonda", "Mandal": "Yadagirigutta", "Company": "M/s. KARTIKEYA 2115/C Grain Market Road Jammikunta Karimnagar Telangana", "Address": "M/s. KARTIKEYA 2115/C Grain Market Road Jammikunta Karimnagar Telangana", "Mineral": "Road Metal", "MineralTyp": "QL", "SurveyNumb": "231", "LandType": "Govt.Land", "Production": 400000, "Dispatch": 400000, "ETS": 450000, "Notice": 50000, "Reg_From": "2025-01-03", "Reg_To": "2027-01-02"}, "geometry": {"type": "Polygon", "coordinates": [[[78.975711, 17.687208], [78.975702, 17.688112], [78.976645, 17.68812], [78.976654, 17.687216], [78.975711, 17.687208]]]}}, {"type": "Feature", "properties": {"District": "Warangal", "Mandal": "Dornakal", "Company": "M/s. AKSHAYA ENTERPRISES Building no/Flat no 15211/A/1 Road/Street Tharuni Water Plant Road Industrial Area Khanapuram Khammam Telangana", "Address": "M/s. AKSHAYA ENTERPRISES Building no/Flat no 15211/A/1 Road/Street Tharuni Water Plant Road Industrial Area Khanapuram Khammam Telangana", "Mineral": "Road Metal", "MineralTyp": "QL", "SurveyNumb": "404", "LandType": "Govt.Land", "Production": 400000, "Dispatch": 400000, "ETS": 450000, "Notice": 50000, "Reg_From": "2025-01-04", "Reg_To": "2027-01-03"}, "geometry": {"type": "Polygon", "coordinates": [[[80.056279, 17.431206], [80.056275, 17.43211], [80.057217, 17.432114], [80.057221, 17.431209], [80.056279, 17.431206]]]}}, {"type": "Feature", "properties": {"District": "Warangal", "Mandal": "Kuravi", "Company": "M/s. CELKON IMPEX PRIVATE LIMITED PLOT NO 283/A C1 To C5 INCOR 9 BUILDING KAVURI HILLS MADHAPUR Rangareddy Telangana", "Address": "M/s. CELKON IMPEX PRIVATE LIMITED PLOT NO 283/A C1 To C5 INCOR 9 BUILDING KAVURI HILLS MADHAPUR Rangareddy Telangana", "Mineral": "Road Metal", "MineralTyp": "QL", "SurveyNumb": "404/P", "LandType": "Govt.Land", "Production": 400000, "Dispatch": 400000, "ETS": 450000, "Notice": 50000, "Reg_From": "2025-01-05", "Reg_To": "2027-01-04"}, "geometry": {"type": "Polygon", "coordinates": [[[80.006467, 17.435239], [80.006463, 17.436143], [80.007405, 17.436147], [80.007409, 17.435243], [80.006467, 17.435239]]]}}, {"type": "Feature", "properties": {"District": "Warangal", "Mandal": "Dornakal", "Company": "M/s. Softguard tronics 771/48 Maheshwari Nagar Street No 8 Habsiguda Telangana India. Pincode", "Address": "M/s. Softguard tronics 771/48 Maheshwari Nagar Street No 8 Habsiguda Telangana India. Pincode", "Mineral": "Black Granite", "MineralTyp": "QL", "SurveyNumb": "99/A,91/A", "LandType": "Govt.Land", "Production": 150000, "Dispatch": 150000, "ETS": 165000, "Notice": 15000, "Reg_From": "2025-01-07", "Reg_To": "2027-01-06"}, "geometry": {"type": "Polygon", "coordinates": [[[80.074333, 17.454816], [80.074329, 17.45572], [80.075271, 17.455723], [80.075275, 17.454819], [80.074333, 17.454816]]]}}, {"type": "Feature", "properties": {"District": "Warangal", "Mandal": "Maripeda", "Company": "M/s. Global Energies /6/7/A/1/R23 Godavarikhani Peddapalli Telangana", "Address": "M/s. Global Energies /6/7/A/1/R23 Godavarikhani Peddapalli Telangana", "Mineral": "Black Granite", "MineralTyp": "QL", "SurveyNumb": "349/P,351/P & 340", "LandType": "Govt.Land", "Production": 150000, "Dispatch": 150000, "ETS": 165000, "Notice": 15000, "Reg_From": "2024-12-21", "Reg_To": "2026-12-20"}, "geometry": {"type": "Polygon", "coordinates": [[[79.856141, 17.45963], [79.856136, 17.460534], [79.857078, 17.460538], [79.857083, 17.459634], [79.856141, 17.45963]]]}}, {"type": "Feature", "properties": {"District": "Nalgonda", "Mandal": "Rajapet", "Company": "M/s. SRI LAKSHMI VENKATSWRA AGENCIES H NO11557/15/2 ANJANAPURI COLONYROAD NO9BESIDE RAMALAYAM TEMPLE", "Address": "M/s. SRI LAKSHMI VENKATSWRA AGENCIES H NO11557/15/2 ANJANAPURI COLONYROAD NO9BESIDE RAMALAYAM TEMPLE", "Mineral": "Black Granite", "MineralTyp": "QL", "SurveyNumb": "396/2", "LandType": "Govt.Land", "Production": 150000, "Dispatch": 150000, "ETS": 165000, "Notice": 15000, "Reg_From": "2025-01-09", "Reg_To": "2026-01-08"}, "geometry": {"type": "Polygon", "coordinates": [[[78.906785, 17.723101], [78.906776, 17.724005], [78.907719, 17.724013], [78.907728, 17.723109], [78.906785, 17.723101]]]}}, {"type": "Feature", "properties": {"District": "Warangal", "Mandal": "Narsimhulapet", "Company": "M/s. OM Plot No 217 Mitra Nagar Off Kokat road Tandur Dist. Vikarabad Telangana", "Address": "M/s. OM Plot No 217 Mitra Nagar Off Kokat road Tandur Dist. Vikarabad Telangana", "Mineral": "Black Granite", "MineralTyp": "QL", "SurveyNumb": "396/2", "LandType": "Govt.Land", "Production": 150000, "Dispatch": 150000, "ETS": 165000, "Notice": 15000, "Reg_From": "2025-01-16", "Reg_To": "2026-01-15"}, "geometry": {"type": "Polygon", "coordinates": [[[79.68908, 17.469567], [79.689074, 17.470471], [79.690016, 17.470477], [79.690022, 17.469572], [79.68908, 17.469567]]]}}, {"type": "Feature", "properties": {"District": "Warangal", "Mandal": "Narsimhulapet", "Company": "M/s. J K UNIVERSE /2/A/1 Wyra Road SriNagar Colony Sri Nagar Colony2 Khammam Khammam Telangana", "Address": "M/s. J K UNIVERSE /2/A/1 Wyra Road SriNagar Colony Sri Nagar Colony2 Khammam Khammam Telangana", "Mineral": "Black Granite", "MineralTyp": "QL", "SurveyNumb": "396/2", "LandType": "Govt.Land", "Production": 150000, "Dispatch": 150000, "ETS": 165000, "Notice": 15000, "Reg_From": "2025-01-19", "Reg_To": "2027-01-18"}, "geometry": {"type": "Polygon", "coordinates": [[[79.680626, 17.484662], [79.680621, 17.485566], [79.681563, 17.485571], [79.681568, 17.484667], [79.680626, 17.484662]]]}}, {"type": "Feature", "properties": {"District": "Warangal", "Mandal": "Narsimhulapet", "Company": "M/s. SRK Green Energy 18494/12nd Floor BalasamudramHnk Telangana Ph:", "Address": "M/s. SRK Green Energy 18494/12nd Floor BalasamudramHnk Telangana Ph:", "Mineral": "Black Granite", "MineralTyp": "QL", "SurveyNumb": "100/A/1/4, 100/B/2", "LandType": "Govt.Land", "Production": 150000, "Dispatch": 150000, "ETS": 165000, "Notice": 15000, "Reg_From": "2025-01-03", "Reg_To": "2027-01-02"}, "geometry": {"type": "Polygon", "coordinates": [[[79.792672, 17.496921], [79.792667, 17.497825], [79.793609, 17.49783], [79.793614, 17.496926], [79.792672, 17.496921]]]}}, {"type": "Feature", "properties": {"District": "Warangal", "Mandal": "Kuravi", "Company": "M/s. SSS SYSTEMS Flat no 75182 Machili Bazar Kapuwada Warangal Hanmakonda Telangana", "Address": "M/s. SSS SYSTEMS Flat no 75182 Machili Bazar Kapuwada Warangal Hanmakonda Telangana", "Mineral": "Black Granite", "MineralTyp": "QL", "SurveyNumb": "69/A", "LandType": "Govt.Land", "Production": 150000, "Dispatch": 150000, "ETS": 165000, "Notice": 15000, "Reg_From": "2025-01-20", "Reg_To": "2027-01-19"}, "geometry": {"type": "Polygon", "coordinates": [[[79.912918, 17.502348], [79.912914, 17.503253], [79.913856, 17.503257], [79.91386, 17.502353], [79.912918, 17.502348]]]}}, {"type": "Feature", "properties": {"District": "Adilabad", "Mandal": "Vemanpalle", "Company": "M/s. SRI VENKATESHWARA ELECTRICALS H NO 34100 ERRABODA ATTAPUR RAJENDRANAGAR RANGA REDDI TELANGANA", "Address": "M/s. SRI VENKATESHWARA ELECTRICALS H NO 34100 ERRABODA ATTAPUR RAJENDRANAGAR RANGA REDDI TELANGANA", "Mineral": "Black Granite", "MineralTyp": "QL", "SurveyNumb": "434, 434/A & 434/B", "LandType": "Govt.Land", "Production": 150000, "Dispatch": 150000, "ETS": 165000, "Notice": 15000, "Reg_From": "2025-01-21", "Reg_To": "2026-01-20"}, "geometry": {"type": "Polygon", "coordinates": [[[79.785737, 19.098157], [79.785731, 19.09906], [79.786682, 19.099065], [79.786687, 19.098161], [79.785737, 19.098157]]]}}, {"type": "Feature", "properties": {"District": "Warangal", "Mandal": "Thorrur", "Company": "M/s. SV PROJECTS 72411 Mankamathota mankamathota Karimnagar Telangana", "Address": "M/s. SV PROJECTS 72411 Mankamathota mankamathota Karimnagar Telangana", "Mineral": "Black Granite", "MineralTyp": "QL", "SurveyNumb": "438/B", "LandType": "Govt.Land", "Production": 150000, "Dispatch": 150000, "ETS": 165000, "Notice": 15000, "Reg_From": "2025-01-24", "Reg_To": "2027-01-23"}, "geometry": {"type": "Polygon", "coordinates": [[[79.632561, 17.513874], [79.632555, 17.514778], [79.633498, 17.514783], [79.633503, 17.513879], [79.632561, 17.513874]]]}}, {"type": "Feature", "properties": {"District": "Warangal", "Mandal": "Maripeda", "Company": "M/s. I Mech Technologies Pvt Ltd 14161/29Akash Enclave JJ Nagar P.O Near Sainikpuri", "Address": "M/s. I Mech Technologies Pvt Ltd 14161/29Akash Enclave JJ Nagar P.O Near Sainikpuri", "Mineral": "Road Metal", "MineralTyp": "QL", "SurveyNumb": "466", "LandType": "Govt.Land", "Production": 400000, "Dispatch": 400000, "ETS": 450000, "Notice": 50000, "Reg_From": "2025-01-24", "Reg_To": "2026-01-23"}, "geometry": {"type": "Polygon", "coordinates": [[[79.879248, 17.5205], [79.879244, 17.521404], [79.880186, 17.521408], [79.880191, 17.520504], [79.879248, 17.5205]]]}}, {"type": "Feature", "properties": {"District": "Adilabad", "Mandal": "Vemanpalle", "Company": "M/s. AMB GREEN ENERGY PRIVATE LIMITED Flot No 502 Arcus sky cradle near by VNR college bachupally", "Address": "M/s. AMB GREEN ENERGY PRIVATE LIMITED Flot No 502 Arcus sky cradle near by VNR college bachupally", "Mineral": "Road Metal", "MineralTyp": "QL", "SurveyNumb": "86/1", "LandType": "Govt.Land", "Production": 400000, "Dispatch": 400000, "ETS": 450000, "Notice": 50000, "Reg_From": "2025-01-25", "Reg_To": "2026-01-24"}, "geometry": {"type": "Polygon", "coordinates": [[[79.739183, 19.115653], [79.739177, 19.116556], [79.740128, 19.116561], [79.740133, 19.115658], [79.739183, 19.115653]]]}}, {"type": "Feature", "properties": {"District": "Warangal", "Mandal": "Kuravi", "Company": "M/s. OM ENERGY SERVICES H.No. 11251/1/1 RK NIlayam MG Road Near Nirmala Hospital Suryapet Suryapet Telangana", "Address": "M/s. OM ENERGY SERVICES H.No. 11251/1/1 RK NIlayam MG Road Near Nirmala Hospital Suryapet Suryapet Telangana", "Mineral": "Colour Granite", "MineralTyp": "QL", "SurveyNumb": "717", "LandType": "Govt.Land", "Production": 150000, "Dispatch": 150000, "ETS": 300000, "Notice": 150000, "Reg_From": "2025-01-28", "Reg_To": "2026-01-27"}, "geometry": {"type": "Polygon", "coordinates": [[[79.994715, 17.534002], [79.99471, 17.534906], [79.995653, 17.53491], [79.995657, 17.534005], [79.994715, 17.534002]]]}}, {"type": "Feature", "properties": {"District": "Warangal", "Mandal": "Narsimhulapet", "Company": "M/s. SSK SOLUTIONS Plot no 2B/3 IDAPhase1 Beside Assam Carbon CompanyPatancheruSanga ReddyTelangana", "Address": "M/s. SSK SOLUTIONS Plot no 2B/3 IDAPhase1 Beside Assam Carbon CompanyPatancheruSanga ReddyTelangana", "Mineral": "Colour Granite", "MineralTyp": "QL", "SurveyNumb": "347/1", "LandType": "Govt.Land", "Production": 150000, "Dispatch": 150000, "ETS": 300000, "Notice": 150000, "Reg_From": "2025-01-29", "Reg_To": "2027-01-28"}, "geometry": {"type": "Polygon", "coordinates": [[[79.780998, 17.534686], [79.780993, 17.53559], [79.781936, 17.535595], [79.781941, 17.534691], [79.780998, 17.534686]]]}}, {"type": "Feature", "properties": {"District": "Warangal", "Mandal": "Narsimhulapet", "Company": "M/s. S V R ENTERPRISES H.No: 1473/c4/1/1 Annaram Road Thorrur Village Thorrur Mandal Mahabubabad Dist Telangana", "Address": "M/s. S V R ENTERPRISES H.No: 1473/c4/1/1 Annaram Road Thorrur Village Thorrur Mandal Mahabubabad Dist Telangana", "Mineral": "Colour Granite", "MineralTyp": "QL", "SurveyNumb": "350", "LandType": "Govt.Land", "Production": 150000, "Dispatch": 150000, "ETS": 300000, "Notice": 150000, "Reg_From": "2025-01-30", "Reg_To": "2026-01-29"}, "geometry": {"type": "Polygon", "coordinates": [[[79.86699, 17.540437], [79.866986, 17.541341], [79.867928, 17.541345], [79.867933, 17.540441], [79.86699, 17.540437]]]}}, {"type": "Feature", "properties": {"District": "Warangal", "Mandal": "Thorrur", "Company": "M/s. INGSOL LLP 2310 2311 2312 & 2314A 23rd Floor Iconic Tower The Corenthum Plot No. A41 Sector 62 Noida Gautam Buddh Nagar UP India", "Address": "M/s. INGSOL LLP 2310 2311 2312 & 2314A 23rd Floor Iconic Tower The Corenthum Plot No. A41 Sector 62 Noida Gautam Buddh Nagar UP India", "Mineral": "Colour Granite", "MineralTyp": "QL", "SurveyNumb": "293/2", "LandType": "Govt.Land", "Production": 150000, "Dispatch": 150000, "ETS": 300000, "Notice": 150000, "Reg_From": "2025-01-30", "Reg_To": "2026-01-29"}, "geometry": {"type": "Polygon", "coordinates": [[[79.69476, 17.534127], [79.694755, 17.535032], [79.695697, 17.535037], [79.695703, 17.534133], [79.69476, 17.534127]]]}}, {"type": "Feature", "properties": {"District": "Warangal", "Mandal": "Kuravi", "Company": "M/s. SREE SAI UNIVERSE INDUDTRIES 194/B GUDITHANDA MANIKYARAM (VILLAGE) SINGARENI (MANDAL) KHAMMAM (DIST) TELANGANA", "Address": "M/s. SREE SAI UNIVERSE INDUDTRIES 194/B GUDITHANDA MANIKYARAM (VILLAGE) SINGARENI (MANDAL) KHAMMAM (DIST) TELANGANA", "Mineral": "Colour Granite", "MineralTyp": "QL", "SurveyNumb": "350", "LandType": "Govt.Land", "Production": 150000, "Dispatch": 150000, "ETS": 300000, "Notice": 150000, "Reg_From": "2025-01-31", "Reg_To": "2026-01-30"}, "geometry": {"type": "Polygon", "coordinates": [[[80.060424, 17.542599], [80.06042, 17.543503], [80.061362, 17.543507], [80.061366, 17.542603], [80.060424, 17.542599]]]}}, {"type": "Feature", "properties": {"District": "Warangal", "Mandal": "Mahabubabad", "Company": "M/s. VEER SOLUTIONS 2633 Chennu Main Road Gang areddynagar Haliya Nalgonda Telangana", "Address": "M/s. VEER SOLUTIONS 2633 Chennu Main Road Gang areddynagar Haliya Nalgonda Telangana", "Mineral": "Black Granite", "MineralTyp": "QL", "SurveyNumb": "227", "LandType": "Govt.Land", "Production": 150000, "Dispatch": 150000, "ETS": 165000, "Notice": 15000, "Reg_From": "2025-02-03", "Reg_To": "2026-02-02"}, "geometry": {"type": "Polygon", "coordinates": [[[79.93086, 17.539365], [79.930856, 17.540269], [79.931799, 17.540273], [79.931803, 17.539369], [79.93086, 17.539365]]]}}, {"type": "Feature", "properties": {"District": "Adilabad", "Mandal": "Vemanpalle", "Company": "M/s. SRIRAM INFRA AND SOLUTIONS 93A khammam rural Muthagudem Gollagudem Khammam Telangana", "Address": "M/s. SRIRAM INFRA AND SOLUTIONS 93A khammam rural Muthagudem Gollagudem Khammam Telangana", "Mineral": "Road Metal", "MineralTyp": "QL", "SurveyNumb": "155", "LandType": "Govt.Land", "Production": 400000, "Dispatch": 400000, "ETS": 450000, "Notice": 50000, "Reg_From": "2025-02-10", "Reg_To": "2026-02-09"}, "geometry": {"type": "Polygon", "coordinates": [[[79.769126, 19.132845], [79.769121, 19.133748], [79.770071, 19.133753], [79.770076, 19.13285], [79.769126, 19.132845]]]}}, {"type": "Feature", "properties": {"District": "Warangal", "Mandal": "Nellikudur", "Company": "M/s. SHIVA BALAJI SLUTIONS Kakatiya College road", "Address": "M/s. SHIVA BALAJI SLUTIONS Kakatiya College road", "Mineral": "Colour Granite", "MineralTyp": "QL", "SurveyNumb": "37", "LandType": "Govt.Land", "Production": 150000, "Dispatch": 150000, "ETS": 300000, "Notice": 150000, "Reg_From": "2025-02-07", "Reg_To": "2026-02-06"}, "geometry": {"type": "Polygon", "coordinates": [[[79.73665, 17.554044], [79.736645, 17.554948], [79.737587, 17.554953], [79.737593, 17.554049], [79.73665, 17.554044]]]}}, {"type": "Feature", "properties": {"District": "Warangal", "Mandal": "Kodakandla", "Company": "M/s. A1 SOLUTIONS GROUND FLOORSRUVEY NO :49/1 SHUTTER NO 8 HAMEED BASTI RALLAKANCHASURARAM TELANGANA", "Address": "M/s. A1 SOLUTIONS GROUND FLOORSRUVEY NO :49/1 SHUTTER NO 8 HAMEED BASTI RALLAKANCHASURARAM TELANGANA", "Mineral": "Black Granite", "MineralTyp": "QL", "SurveyNumb": "11/5/A", "LandType": "Govt.Land", "Production": 150000, "Dispatch": 150000, "ETS": 165000, "Notice": 15000, "Reg_From": "2025-02-12", "Reg_To": "2026-02-11"}, "geometry": {"type": "Polygon", "coordinates": [[[79.574664, 17.557508], [79.574658, 17.558412], [79.575601, 17.558418], [79.575607, 17.557514], [79.574664, 17.557508]]]}}, {"type": "Feature", "properties": {"District": "Khammam", "Mandal": "Yellandu", "Company": "M/s. SANISH SOLUTIONS 8 SBI COLONY MANOVIKASNAGAR SECUNDERABAD", "Address": "M/s. SANISH SOLUTIONS 8 SBI COLONY MANOVIKASNAGAR SECUNDERABAD", "Mineral": "Black Granite", "MineralTyp": "QL", "SurveyNumb": "370/B & 239", "LandType": "Govt.Land", "Production": 150000, "Dispatch": 150000, "ETS": 165000, "Notice": 15000, "Reg_From": "2025-02-13", "Reg_To": "2026-02-12"}, "geometry": {"type": "Polygon", "coordinates": [[[80.359258, 17.689676], [80.359256, 17.69058], [80.360199, 17.690583], [80.360201, 17.689678], [80.359258, 17.689676]]]}}, {"type": "Feature", "properties": {"District": "Adilabad", "Mandal": "Vemanpalle", "Company": "M/s. MANIKANTA ENTERPRISES # 4207/12 Balaji enclave Jillelaguda Balapur mandal RangRareddi dist. Telangana", "Address": "M/s. MANIKANTA ENTERPRISES # 4207/12 Balaji enclave Jillelaguda Balapur mandal RangRareddi dist. Telangana", "Mineral": "Black Granite", "MineralTyp": "QL", "SurveyNumb": "128 & 808", "LandType": "Govt.Land", "Production": 150000, "Dispatch": 150000, "ETS": 165000, "Notice": 15000, "Reg_From": "2025-02-13", "Reg_To": "2026-02-12"}, "geometry": {"type": "Polygon", "coordinates": [[[79.755988, 19.146325], [79.755982, 19.147228], [79.756933, 19.147233], [79.756938, 19.14633], [79.755988, 19.146325]]]}}, {"type": "Feature", "properties": {"District": "Warangal", "Mandal": "Nellikudur", "Company": "M/s. ESSAR ENTERPRISE SOLUTIONS 5533/85 Viganapuri Colony Road Behind Metro Medchal Malkajgiri Telangana", "Address": "M/s. ESSAR ENTERPRISE SOLUTIONS 5533/85 Viganapuri Colony Road Behind Metro Medchal Malkajgiri Telangana", "Mineral": "Road Metal", "MineralTyp": "QL", "SurveyNumb": "196/1", "LandType": "Govt.Land", "Production": 400000, "Dispatch": 400000, "ETS": 450000, "Notice": 50000, "Reg_From": "2025-02-14", "Reg_To": "2026-02-13"}, "geometry": {"type": "Polygon", "coordinates": [[[79.790261, 17.560727], [79.790256, 17.561631], [79.791199, 17.561636], [79.791204, 17.560732], [79.790261, 17.560727]]]}}, {"type": "Feature", "properties": {"District": "Khammam", "Mandal": "Yellandu", "Company": "M/s. SS ENERGY SOLUTIONS Flat No. 409 sai durga gardens opp. HMT Nagar Nacharam Telangana", "Address": "M/s. SS ENERGY SOLUTIONS Flat No. 409 sai durga gardens opp. HMT Nagar Nacharam Telangana", "Mineral": "Road Metal", "MineralTyp": "QL", "SurveyNumb": "196/1", "LandType": "Govt.Land", "Production": 400000, "Dispatch": 400000, "ETS": 450000, "Notice": 50000, "Reg_From": "2025-02-14", "Reg_To": "2026-02-13"}, "geometry": {"type": "Polygon", "coordinates": [[[80.311391, 17.69701], [80.311388, 17.697914], [80.312331, 17.697917], [80.312334, 17.697012], [80.311391, 17.69701]]]}}, {"type": "Feature", "properties": {"District": "Adilabad", "Mandal": "Dahegaon", "Company": "M/s. AADITHYA ENERGIES Plot No.42 SY No.96/6 Gandipet Himayat Sagar Rangareddy Telangana", "Address": "M/s. AADITHYA ENERGIES Plot No.42 SY No.96/6 Gandipet Himayat Sagar Rangareddy Telangana", "Mineral": "Road Metal", "MineralTyp": "QL", "SurveyNumb": "196", "LandType": "Govt.Land", "Production": 400000, "Dispatch": 400000, "ETS": 450000, "Notice": 50000, "Reg_From": "2025-02-15", "Reg_To": "2027-02-14"}, "geometry": {"type": "Polygon", "coordinates": [[[79.804822, 19.153026], [79.804817, 19.153929], [79.805767, 19.153934], [79.805772, 19.153031], [79.804822, 19.153026]]]}}, {"type": "Feature", "properties": {"District": "Adilabad", "Mandal": "Kasipet", "Company": "M/s. MAHAVEER TECH SOLUTIONS 1061 JYOTHULA NAGAR THIMMAPURAM VILLAGE JAJIREDDY GUDEM MANDAL SURYAPET DISTRICT", "Address": "M/s. MAHAVEER TECH SOLUTIONS 1061 JYOTHULA NAGAR THIMMAPURAM VILLAGE JAJIREDDY GUDEM MANDAL SURYAPET DISTRICT", "Mineral": "Road Metal", "MineralTyp": "QL", "SurveyNumb": "196/1", "LandType": "Govt.Land", "Production": 400000, "Dispatch": 400000, "ETS": 450000, "Notice": 50000, "Reg_From": "2025-02-19", "Reg_To": "2026-02-18"}, "geometry": {"type": "Polygon", "coordinates": [[[79.412648, 19.081847], [79.412641, 19.08275], [79.413591, 19.082756], [79.413598, 19.081853], [79.412648, 19.081847]]]}}, {"type": "Feature", "properties": {"District": "Adilabad", "Mandal": "Vemanpalle", "Company": "M/s. ASCLER INDIA SOLUTIONS 302 82596/F/44/A Farhat Afza Road No. 10 Banjara Hills Telangana", "Address": "M/s. ASCLER INDIA SOLUTIONS 302 82596/F/44/A Farhat Afza Road No. 10 Banjara Hills Telangana", "Mineral": "Road Metal", "MineralTyp": "QL", "SurveyNumb": "196/1", "LandType": "Govt.Land", "Production": 400000, "Dispatch": 400000, "ETS": 450000, "Notice": 50000, "Reg_From": "2025-02-14", "Reg_To": "2026-02-13"}, "geometry": {"type": "Polygon", "coordinates": [[[79.766003, 19.160666], [79.765998, 19.161569], [79.766948, 19.161574], [79.766954, 19.160671], [79.766003, 19.160666]]]}}, {"type": "Feature", "properties": {"District": "Khammam", "Mandal": "Tekulapalle", "Company": "M/s. Shrushi Enterprises H. No. 3217 to 17 Kachiguda Near D Mart", "Address": "M/s. Shrushi Enterprises H. No. 3217 to 17 Kachiguda Near D Mart", "Mineral": "Road Metal", "MineralTyp": "QL", "SurveyNumb": "196/1", "LandType": "Govt.Land", "Production": 400000, "Dispatch": 400000, "ETS": 450000, "Notice": 50000, "Reg_From": "2025-02-19", "Reg_To": "2026-02-18"}, "geometry": {"type": "Polygon", "coordinates": [[[80.460007, 17.709806], [80.460005, 17.71071], [80.460948, 17.710711], [80.46095, 17.709807], [80.460007, 17.709806]]]}}, {"type": "Feature", "properties": {"District": "Adilabad", "Mandal": "Kasipet", "Company": "M/s. LASYA ENTERPRISES AND SOLUTIONS 4275/2/29/2/a/2 Near SSV Towers Besta Colony Khammam", "Address": "M/s. LASYA ENTERPRISES AND SOLUTIONS 4275/2/29/2/a/2 Near SSV Towers Besta Colony Khammam", "Mineral": "Road Metal", "MineralTyp": "QL", "SurveyNumb": "196/1", "LandType": "Govt.Land", "Production": 400000, "Dispatch": 400000, "ETS": 450000, "Notice": 50000, "Reg_From": "2025-02-20", "Reg_To": "2026-02-19"}, "geometry": {"type": "Polygon", "coordinates": [[[79.418803, 19.097054], [79.418797, 19.097957], [79.419747, 19.097964], [79.419753, 19.097061], [79.418803, 19.097054]]]}}, {"type": "Feature", "properties": {"District": "Warangal", "Mandal": "Thorrur", "Company": "M/s. TS Constructions And Interiors 5/2/396/BM/P50EP Vanasthalipuram Plot No. 50 East Part Brindavan Meadows Saheb Nagar Kalan .", "Address": "M/s. TS Constructions And Interiors 5/2/396/BM/P50EP Vanasthalipuram Plot No. 50 East Part Brindavan Meadows Saheb Nagar Kalan .", "Mineral": "Black Granite", "MineralTyp": "QL", "SurveyNumb": "727", "LandType": "Govt.Land", "Production": 150000, "Dispatch": 150000, "ETS": 165000, "Notice": 15000, "Reg_From": "2025-02-21", "Reg_To": "2027-02-20"}, "geometry": {"type": "Polygon", "coordinates": [[[79.646446, 17.582195], [79.64644, 17.583099], [79.647383, 17.583104], [79.647388, 17.5822], [79.646446, 17.582195]]]}}, {"type": "Feature", "properties": {"District": "Adilabad", "Mandal": "Bellampalle", "Company": "M/s. Valor Dynamics Private Limited Plot no 2 Building no 1282 ABeside BJP office Road no 64 Jubilee Hills Telangana", "Address": "M/s. Valor Dynamics Private Limited Plot no 2 Building no 1282 ABeside BJP office Road no 64 Jubilee Hills Telangana", "Mineral": "Black Granite", "MineralTyp": "QL", "SurveyNumb": "455497", "LandType": "Govt.Land", "Production": 150000, "Dispatch": 150000, "ETS": 165000, "Notice": 15000, "Reg_From": "2025-02-21", "Reg_To": "2026-02-20"}, "geometry": {"type": "Polygon", "coordinates": [[[79.479432, 19.098086], [79.479426, 19.098989], [79.480376, 19.098995], [79.480382, 19.098092], [79.479432, 19.098086]]]}}, {"type": "Feature", "properties": {"District": "Adilabad", "Mandal": "Kasipet", "Company": "M/s. RAYWATT SYSTEMS PRIVATE LIMITED 38/A Sy No 1045351 1st Floor Soni Complex Prasanthi Nagar Kukatpally IE Telangana500072 India", "Address": "M/s. RAYWATT SYSTEMS PRIVATE LIMITED 38/A Sy No 1045351 1st Floor Soni Complex Prasanthi Nagar Kukatpally IE Telangana500072 India", "Mineral": "Black Granite", "MineralTyp": "QL", "SurveyNumb": "480/D", "LandType": "Govt.Land", "Production": 150000, "Dispatch": 150000, "ETS": 165000, "Notice": 15000, "Reg_From": "2025-02-21", "Reg_To": "2027-02-20"}, "geometry": {"type": "Polygon", "coordinates": [[[79.386219, 19.097276], [79.386212, 19.098179], [79.387162, 19.098186], [79.387169, 19.097283], [79.386219, 19.097276]]]}}, {"type": "Feature", "properties": {"District": "Warangal", "Mandal": "Nellikudur", "Company": "M/s. TIRUMALA ENERGY 1110740/17/A Bhurunapuram Opp D R D A Office Khammam town & Dist Telangana", "Address": "M/s. TIRUMALA ENERGY 1110740/17/A Bhurunapuram Opp D R D A Office Khammam town & Dist Telangana", "Mineral": "Road Metal", "MineralTyp": "QL", "SurveyNumb": "154/A", "LandType": "Govt.Land", "Production": 400000, "Dispatch": 400000, "ETS": 450000, "Notice": 50000, "Reg_From": "2025-02-21", "Reg_To": "2026-02-20"}, "geometry": {"type": "Polygon", "coordinates": [[[79.746704, 17.588576], [79.746699, 17.58948], [79.747642, 17.589485], [79.747647, 17.588581], [79.746704, 17.588576]]]}}, {"type": "Feature", "properties": {"District": "Adilabad", "Mandal": "Bellampalle", "Company": "M/s. SUNLYTIC SYSTEMS PRIVATE LIMITED FLAT 320 SRI TIRUMALA HARMONY OPP SAKETH TOWERSKAPRAECIL MEDCHAL MALKAJGIRI DIST TELANGANA", "Address": "M/s. SUNLYTIC SYSTEMS PRIVATE LIMITED FLAT 320 SRI TIRUMALA HARMONY OPP SAKETH TOWERSKAPRAECIL MEDCHAL MALKAJGIRI DIST TELANGANA", "Mineral": "Road Metal", "MineralTyp": "QL", "SurveyNumb": "154/B", "LandType": "Govt.Land", "Production": 400000, "Dispatch": 400000, "ETS": 450000, "Notice": 50000, "Reg_From": "2025-02-24", "Reg_To": "2026-02-23"}, "geometry": {"type": "Polygon", "coordinates": [[[79.449977, 19.107194], [79.449971, 19.108098], [79.450921, 19.108104], [79.450927, 19.107201], [79.449977, 19.107194]]]}}, {"type": "Feature", "properties": {"District": "Warangal", "Mandal": "Thorrur", "Company": "M/s. TRUFA ENTERPRISE PRIVATE LIMITED VILLA271.XIII PHASEINDU FORTUNE FIELDS KUKATPALLY Rangareddi Telangana India", "Address": "M/s. TRUFA ENTERPRISE PRIVATE LIMITED VILLA271.XIII PHASEINDU FORTUNE FIELDS KUKATPALLY Rangareddi Telangana India", "Mineral": "Road Metal", "MineralTyp": "QL", "SurveyNumb": "387/1", "LandType": "Govt.Land", "Production": 400000, "Dispatch": 400000, "ETS": 450000, "Notice": 50000, "Reg_From": "2025-02-19", "Reg_To": "2027-02-18"}, "geometry": {"type": "Polygon", "coordinates": [[[79.620856, 17.59634], [79.62085, 17.597244], [79.621793, 17.597249], [79.621799, 17.596345], [79.620856, 17.59634]]]}}, {"type": "Feature", "properties": {"District": "Warangal", "Mandal": "Thorrur", "Company": "M/s. Solpeak Energy Private Limited 102 83945/N/102 First Floor srinilaya enclave Ameerpet Telangana", "Address": "M/s. Solpeak Energy Private Limited 102 83945/N/102 First Floor srinilaya enclave Ameerpet Telangana", "Mineral": "Colour Granite", "MineralTyp": "QL", "SurveyNumb": "40/1", "LandType": "Govt.Land", "Production": 150000, "Dispatch": 150000, "ETS": 300000, "Notice": 150000, "Reg_From": "2025-02-24", "Reg_To": "2026-02-23"}, "geometry": {"type": "Polygon", "coordinates": [[[79.690817, 17.595195], [79.690811, 17.596099], [79.691754, 17.596104], [79.691759, 17.5952], [79.690817, 17.595195]]]}}, {"type": "Feature", "properties": {"District": "Warangal", "Mandal": "Devaruppula", "Company": "M/s. DEEPTHI SOLUTIONS 81710/1 NEAR CSI CHURCH RTC COLONY NALGONDA", "Address": "M/s. DEEPTHI SOLUTIONS 81710/1 NEAR CSI CHURCH RTC COLONY NALGONDA", "Mineral": "Road Metal", "MineralTyp": "QL", "SurveyNumb": "572", "LandType": "Govt.Land", "Production": 400000, "Dispatch": 400000, "ETS": 450000, "Notice": 50000, "Reg_From": "2025-02-21", "Reg_To": "2027-02-20"}, "geometry": {"type": "Polygon", "coordinates": [[[79.240271, 17.595416], [79.240264, 17.59632], [79.241206, 17.596327], [79.241214, 17.595423], [79.240271, 17.595416]]]}}, {"type": "Feature", "properties": {"District": "Khammam", "Mandal": "Yellandu", "Company": "M/s. AVVARU ENERGY SYSTEMS S1 H NO 1113201/3 ANUPAMA TOWERS GREENHILLS COLONY KOTHAPET SAROORNAGAR", "Address": "M/s. AVVARU ENERGY SYSTEMS S1 H NO 1113201/3 ANUPAMA TOWERS GREENHILLS COLONY KOTHAPET SAROORNAGAR", "Mineral": "Road Metal", "MineralTyp": "QL", "SurveyNumb": "633/1", "LandType": "Govt.Land", "Production": 400000, "Dispatch": 400000, "ETS": 450000, "Notice": 50000, "Reg_From": "2025-02-25", "Reg_To": "2026-02-24"}, "geometry": {"type": "Polygon", "coordinates": [[[80.283624, 17.732714], [80.283622, 17.733618], [80.284565, 17.733621], [80.284568, 17.732717], [80.283624, 17.732714]]]}}, {"type": "Feature", "properties": {"District": "Warangal", "Mandal": "Devaruppula", "Company": "M/s. SRI SITARAMA ELECTRONICS BRIDGE ROAD BHADRACHALAM", "Address": "M/s. SRI SITARAMA ELECTRONICS BRIDGE ROAD BHADRACHALAM", "Mineral": "Road Metal", "MineralTyp": "QL", "SurveyNumb": "633/1", "LandType": "Govt.Land", "Production": 400000, "Dispatch": 400000, "ETS": 450000, "Notice": 50000, "Reg_From": "2025-02-26", "Reg_To": "2026-02-25"}, "geometry": {"type": "Polygon", "coordinates": [[[79.26063, 17.600393], [79.260623, 17.601298], [79.261565, 17.601305], [79.261573, 17.600401], [79.26063, 17.600393]]]}}, {"type": "Feature", "properties": {"District": "Khammam", "Mandal": "Yellandu", "Company": "M/s. TEJASWI SOLUTIONS 5119 TEKULA BASTI Bellampalle Mancherial Telangana", "Address": "M/s. TEJASWI SOLUTIONS 5119 TEKULA BASTI Bellampalle Mancherial Telangana", "Mineral": "Road Metal", "MineralTyp": "QL", "SurveyNumb": "633/1", "LandType": "Govt.Land", "Production": 400000, "Dispatch": 400000, "ETS": 450000, "Notice": 50000, "Reg_From": "2025-02-26", "Reg_To": "2026-02-25"}, "geometry": {"type": "Polygon", "coordinates": [[[80.336683, 17.734518], [80.33668, 17.735422], [80.337624, 17.735425], [80.337626, 17.734521], [80.336683, 17.734518]]]}}, {"type": "Feature", "properties": {"District": "Warangal", "Mandal": "Nellikudur", "Company": "M/s. SAI RAJ TECH MIG 506 Opp Temple Bus Stop KPHB Colony", "Address": "M/s. SAI RAJ TECH MIG 506 Opp Temple Bus Stop KPHB Colony", "Mineral": "Road Metal", "MineralTyp": "QL", "SurveyNumb": "633/1", "LandType": "Govt.Land", "Production": 400000, "Dispatch": 400000, "ETS": 450000, "Notice": 50000, "Reg_From": "2025-03-01", "Reg_To": "2027-02-28"}, "geometry": {"type": "Polygon", "coordinates": [[[79.801452, 17.60488], [79.801447, 17.605784], [79.80239, 17.605788], [79.802395, 17.604884], [79.801452, 17.60488]]]}}, {"type": "Feature", "properties": {"District": "Adilabad", "Mandal": "Dahegaon", "Company": "M/s. VNR ENERGY PLOT NO.189FLAT NO.102 PARK VIEW APARTMENT MOTINAGAR Telangana", "Address": "M/s. VNR ENERGY PLOT NO.189FLAT NO.102 PARK VIEW APARTMENT MOTINAGAR Telangana", "Mineral": "Road Metal", "MineralTyp": "QL", "SurveyNumb": "633/1", "LandType": "Govt.Land", "Production": 400000, "Dispatch": 400000, "ETS": 450000, "Notice": 50000, "Reg_From": "2025-03-03", "Reg_To": "2026-03-02"}, "geometry": {"type": "Polygon", "coordinates": [[[79.78745, 19.19642], [79.787445, 19.197323], [79.788396, 19.197328], [79.788401, 19.196425], [79.78745, 19.19642]]]}}, {"type": "Feature", "properties": {"District": "Medak", "Mandal": "Tupran", "Company": "M/s. Sunpetal renewable energies private limited /2/A above medplus NIT subedari hanamkonda telangana", "Address": "M/s. Sunpetal renewable energies private limited /2/A above medplus NIT subedari hanamkonda telangana", "Mineral": "Road Metal", "MineralTyp": "QL", "SurveyNumb": "633/1", "LandType": "Govt.Land", "Production": 400000, "Dispatch": 400000, "ETS": 450000, "Notice": 50000, "Reg_From": "2025-03-03", "Reg_To": "2026-03-02"}, "geometry": {"type": "Polygon", "coordinates": [[[78.494998, 17.771948], [78.494987, 17.772852], [78.495931, 17.772863], [78.495942, 17.771959], [78.494998, 17.771948]]]}}, {"type": "Feature", "properties": {"District": "Warangal", "Mandal": "Devaruppula", "Company": "M/s. Connects 23132/2 Adarsh Nagar Colony Road Nagole Rangareddy Telangana", "Address": "M/s. Connects 23132/2 Adarsh Nagar Colony Road Nagole Rangareddy Telangana", "Mineral": "Road Metal", "MineralTyp": "QL", "SurveyNumb": "633/1", "LandType": "Govt.Land", "Production": 400000, "Dispatch": 400000, "ETS": 450000, "Notice": 50000, "Reg_From": "2025-03-03", "Reg_To": "2026-03-02"}, "geometry": {"type": "Polygon", "coordinates": [[[79.292151, 17.618731], [79.292144, 17.619635], [79.293087, 17.619642], [79.293094, 17.618738], [79.292151, 17.618731]]]}}, {"type": "Feature", "properties": {"District": "Medak", "Mandal": "Wargal", "Company": "M/s. TATA GREEN SOLUTIONS Plot No.425 Flat No. G2 venkata ramana colony Gokul Plots Kukatpally Medchal Malkajgiri Telangana", "Address": "M/s. TATA GREEN SOLUTIONS Plot No.425 Flat No. G2 venkata ramana colony Gokul Plots Kukatpally Medchal Malkajgiri Telangana", "Mineral": "Road Metal", "MineralTyp": "QL", "SurveyNumb": "633/1", "LandType": "Govt.Land", "Production": 400000, "Dispatch": 400000, "ETS": 450000, "Notice": 50000, "Reg_From": "2025-03-03", "Reg_To": "2027-03-02"}, "geometry": {"type": "Polygon", "coordinates": [[[78.59614, 17.779031], [78.59613, 17.779935], [78.597073, 17.779945], [78.597084, 17.779041], [78.59614, 17.779031]]]}}, {"type": "Feature", "properties": {"District": "Adilabad", "Mandal": "Tandur1", "Company": "M/s. Saiber Systems 11308/87P Ground Floor Sri Ram Nagar Colony Kapra Medchal Malkajgiri.", "Address": "M/s. Saiber Systems 11308/87P Ground Floor Sri Ram Nagar Colony Kapra Medchal Malkajgiri.", "Mineral": "Road Metal", "MineralTyp": "QL", "SurveyNumb": "633/1", "LandType": "Govt.Land", "Production": 400000, "Dispatch": 400000, "ETS": 450000, "Notice": 50000, "Reg_From": "2025-02-04", "Reg_To": "2027-02-03"}, "geometry": {"type": "Polygon", "coordinates": [[[79.478224, 19.136718], [79.478217, 19.137621], [79.479168, 19.137627], [79.479174, 19.136724], [79.478224, 19.136718]]]}}, {"type": "Feature", "properties": {"District": "Khammam", "Mandal": "Yellandu", "Company": "M/s. Gargeya Enterprises H.NO. 68222/1 Ravindra Nagar Colony Nalgonda Telangana", "Address": "M/s. Gargeya Enterprises H.NO. 68222/1 Ravindra Nagar Colony Nalgonda Telangana", "Mineral": "Road Metal", "MineralTyp": "QL", "SurveyNumb": "633/1", "LandType": "Govt.Land", "Production": 400000, "Dispatch": 400000, "ETS": 450000, "Notice": 50000, "Reg_From": "2025-03-06", "Reg_To": "2027-03-05"}, "geometry": {"type": "Polygon", "coordinates": [[[80.311802, 17.757905], [80.311799, 17.758809], [80.312743, 17.758812], [80.312745, 17.757908], [80.311802, 17.757905]]]}}, {"type": "Feature", "properties": {"District": "Khammam", "Mandal": "Gundala1", "Company": "M/s. Devi Engineering And Communication H. NO. 10=91/6/27/1 Nethaji Nagar Keesara (M) Nagaram Rangareddy Dist Tenagana", "Address": "M/s. Devi Engineering And Communication H. NO. 10=91/6/27/1 Nethaji Nagar Keesara (M) Nagaram Rangareddy Dist Tenagana", "Mineral": "Road Metal", "MineralTyp": "QL", "SurveyNumb": "84/1", "LandType": "Govt.Land", "Production": 400000, "Dispatch": 400000, "ETS": 450000, "Notice": 50000, "Reg_From": "2025-03-01", "Reg_To": "2026-02-28"}, "geometry": {"type": "Polygon", "coordinates": [[[80.446471, 17.755183], [80.446469, 17.756087], [80.447413, 17.756089], [80.447415, 17.755185], [80.446471, 17.755183]]]}}, {"type": "Feature", "properties": {"District": "Adilabad", "Mandal": "Tiryani", "Company": "M/s. SIDHI VINAYAKA GRID SOLLUTIONS DOOR NO 9264 MAIN RAOD ICHODA ICHODA VILLAGE AND MANDAL DISTRICT ADILABAD", "Address": "M/s. SIDHI VINAYAKA GRID SOLLUTIONS DOOR NO 9264 MAIN RAOD ICHODA ICHODA VILLAGE AND MANDAL DISTRICT ADILABAD", "Mineral": "Road Metal", "MineralTyp": "QL", "SurveyNumb": "84/1", "LandType": "Govt.Land", "Production": 400000, "Dispatch": 400000, "ETS": 450000, "Notice": 50000, "Reg_From": "2025-03-07", "Reg_To": "2026-03-06"}, "geometry": {"type": "Polygon", "coordinates": [[[79.389513, 19.138952], [79.389506, 19.139855], [79.390456, 19.139861], [79.390463, 19.138958], [79.389513, 19.138952]]]}}, {"type": "Feature", "properties": {"District": "Warangal", "Mandal": "Lingalaghanpur", "Company": "M/s. GPL ENERGY SERVICES 11160/220/2BJR NAGARNEAR MAJID MAKAJGIRI HEDARABAD TELANGANA", "Address": "M/s. GPL ENERGY SERVICES 11160/220/2BJR NAGARNEAR MAJID MAKAJGIRI HEDARABAD TELANGANA", "Mineral": "Road Metal", "MineralTyp": "QL", "SurveyNumb": "84/1", "LandType": "Govt.Land", "Production": 400000, "Dispatch": 400000, "ETS": 450000, "Notice": 50000, "Reg_From": "2025-02-26", "Reg_To": "2026-02-25"}, "geometry": {"type": "Polygon", "coordinates": [[[79.227787, 17.627471], [79.22778, 17.628375], [79.228723, 17.628382], [79.22873, 17.627478], [79.227787, 17.627471]]]}}, {"type": "Feature", "properties": {"District": "Adilabad", "Mandal": "Tandur1", "Company": "M/s. Padmaja Transformers /2 Kamala Deepthi Apts Srinivasa Nagar Colony Padmarao Nagar Secunderabad", "Address": "M/s. Padmaja Transformers /2 Kamala Deepthi Apts Srinivasa Nagar Colony Padmarao Nagar Secunderabad", "Mineral": "Road Metal", "MineralTyp": "QL", "SurveyNumb": "84/1", "LandType": "Govt.Land", "Production": 400000, "Dispatch": 400000, "ETS": 450000, "Notice": 50000, "Reg_From": "2025-03-19", "Reg_To": "2026-03-18"}, "geometry": {"type": "Polygon", "coordinates": [[[79.496918, 19.146063], [79.496911, 19.146966], [79.497861, 19.146972], [79.497868, 19.146069], [79.496918, 19.146063]]]}}, {"type": "Feature", "properties": {"District": "Medak", "Mandal": "Kowdipalle", "Company": "M/s. Chenamali Solutions Pvt Ltd 1st floor KRK House 1830348/15 PG Road Sindhi Colony Begumpet", "Address": "M/s. Chenamali Solutions Pvt Ltd 1st floor KRK House 1830348/15 PG Road Sindhi Colony Begumpet", "Mineral": "Road Metal", "MineralTyp": "QL", "SurveyNumb": "435", "LandType": "Govt.Land", "Production": 400000, "Dispatch": 400000, "ETS": 450000, "Notice": 50000, "Reg_From": "2025-03-19", "Reg_To": "2026-03-18"}, "geometry": {"type": "Polygon", "coordinates": [[[78.216061, 17.849723], [78.216049, 17.850627], [78.216993, 17.850638], [78.217005, 17.849734], [78.216061, 17.849723]]]}}, {"type": "Feature", "properties": {"District": "Medak", "Mandal": "Wargal", "Company": "M/s. Vyavastha Enterprises Pvt Ltd Plot #1025/MIG2 HUDA COLONY MIYAPUR .", "Address": "M/s. Vyavastha Enterprises Pvt Ltd Plot #1025/MIG2 HUDA COLONY MIYAPUR .", "Mineral": "Road Metal", "MineralTyp": "QL", "SurveyNumb": "24/1", "LandType": "Govt.Land", "Production": 400000, "Dispatch": 400000, "ETS": 450000, "Notice": 50000, "Reg_From": "2025-03-21", "Reg_To": "2027-03-20"}, "geometry": {"type": "Polygon", "coordinates": [[[78.704012, 17.786888], [78.704002, 17.787792], [78.704945, 17.787801], [78.704955, 17.786897], [78.704012, 17.786888]]]}}, {"type": "Feature", "properties": {"District": "Adilabad", "Mandal": "Tandur1", "Company": "M/s. BVM ENTERPRISES GROUND FLOOR 449/3/10/A /1 near main road nagaram sri ramnagar colony Medchal Malkajgiri Telangana", "Address": "M/s. BVM ENTERPRISES GROUND FLOOR 449/3/10/A /1 near main road nagaram sri ramnagar colony Medchal Malkajgiri Telangana", "Mineral": "Road Metal", "MineralTyp": "QL", "SurveyNumb": "24/1", "LandType": "Govt.Land", "Production": 400000, "Dispatch": 400000, "ETS": 450000, "Notice": 50000, "Reg_From": "2025-03-27", "Reg_To": "2026-03-26"}, "geometry": {"type": "Polygon", "coordinates": [[[79.438467, 19.148445], [79.43846, 19.149348], [79.439411, 19.149354], [79.439417, 19.148451], [79.438467, 19.148445]]]}}, {"type": "Feature", "properties": {"District": "Khammam", "Mandal": "Gundala1", "Company": "M/s. SUNSHINE SYSTEM 81876/1 Nalgonda RTC Colony Nalgonda Telangana", "Address": "M/s. SUNSHINE SYSTEM 81876/1 Nalgonda RTC Colony Nalgonda Telangana", "Mineral": "Black Granite", "MineralTyp": "QL", "SurveyNumb": "1147/P", "LandType": "Govt.Land", "Production": 150000, "Dispatch": 150000, "ETS": 165000, "Notice": 15000, "Reg_From": "2025-04-02", "Reg_To": "2026-04-01"}, "geometry": {"type": "Polygon", "coordinates": [[[80.382878, 17.770911], [80.382876, 17.771815], [80.383819, 17.771817], [80.383822, 17.770913], [80.382878, 17.770911]]]}}, {"type": "Feature", "properties": {"District": "Medak", "Mandal": "Kowdipalle", "Company": "M/s. SURYA TEJAS SOLAAR Flat no: 12147 Municipal Quarters Street Suryapet Town Suryapet District Telangana PIN Code:", "Address": "M/s. SURYA TEJAS SOLAAR Flat no: 12147 Municipal Quarters Street Suryapet Town Suryapet District Telangana PIN Code:", "Mineral": "Black Granite", "MineralTyp": "QL", "SurveyNumb": "128 & 808", "LandType": "Govt.Land", "Production": 150000, "Dispatch": 150000, "ETS": 165000, "Notice": 15000, "Reg_From": "2025-04-08", "Reg_To": "2026-04-07"}, "geometry": {"type": "Polygon", "coordinates": [[[78.250388, 17.858909], [78.250376, 17.859813], [78.25132, 17.859824], [78.251332, 17.85892], [78.250388, 17.858909]]]}}, {"type": "Feature", "properties": {"District": "Adilabad", "Mandal": "Bejjur", "Company": "M/s. Pro Security Flat # 101 /2/1 Prime Residency Syed Ali Guda Muradnagar Asif nagar", "Address": "M/s. Pro Security Flat # 101 /2/1 Prime Residency Syed Ali Guda Muradnagar Asif nagar", "Mineral": "Black Granite", "MineralTyp": "QL", "SurveyNumb": "243", "LandType": "Govt.Land", "Production": 150000, "Dispatch": 150000, "ETS": 165000, "Notice": 15000, "Reg_From": "2025-03-12", "Reg_To": "2027-03-20"}, "geometry": {"type": "Polygon", "coordinates": [[[79.812071, 19.240366], [79.812066, 19.241269], [79.813017, 19.241274], [79.813022, 19.240371], [79.812071, 19.240366]]]}}, {"type": "Feature", "properties": {"District": "Warangal", "Mandal": "Devaruppula", "Company": "M/s. Adithya Solution System H. No. 11004 Sri Ramagiri Road Khammam \u2013", "Address": "M/s. Adithya Solution System H. No. 11004 Sri Ramagiri Road Khammam \u2013", "Mineral": "Black Granite", "MineralTyp": "QL", "SurveyNumb": "246", "LandType": "Govt.Land", "Production": 150000, "Dispatch": 150000, "ETS": 165000, "Notice": 15000, "Reg_From": "2025-04-11", "Reg_To": "2026-04-10"}, "geometry": {"type": "Polygon", "coordinates": [[[79.288024, 17.66043], [79.288016, 17.661334], [79.288959, 17.661341], [79.288967, 17.660437], [79.288024, 17.66043]]]}}, {"type": "Feature", "properties": {"District": "Warangal", "Mandal": "Lingalaghanpur", "Company": "M/s. SVS Solutions 589/1 Chintal Chanda Nirmal \u2013", "Address": "M/s. SVS Solutions 589/1 Chintal Chanda Nirmal \u2013", "Mineral": "Black Granite", "MineralTyp": "QL", "SurveyNumb": "270", "LandType": "Govt.Land", "Production": 150000, "Dispatch": 150000, "ETS": 165000, "Notice": 15000, "Reg_From": "2025-04-17", "Reg_To": "2026-04-16"}, "geometry": {"type": "Polygon", "coordinates": [[[79.239761, 17.661104], [79.239753, 17.662008], [79.240696, 17.662016], [79.240704, 17.661111], [79.239761, 17.661104]]]}}, {"type": "Feature", "properties": {"District": "Medak", "Mandal": "Kowdipalle", "Company": "LUXAMP SOLUTIONS #22125/16/125 Sravanthi Nagar Machabollaram Secunderabad", "Address": "LUXAMP SOLUTIONS #22125/16/125 Sravanthi Nagar Machabollaram Secunderabad", "Mineral": "Black Granite", "MineralTyp": "QL", "SurveyNumb": "270", "LandType": "Govt.Land", "Production": 150000, "Dispatch": 150000, "ETS": 165000, "Notice": 15000, "Reg_From": "2025-04-22", "Reg_To": "2027-04-21"}, "geometry": {"type": "Polygon", "coordinates": [[[78.250273, 17.876997], [78.250261, 17.877901], [78.251205, 17.877913], [78.251217, 17.877009], [78.250273, 17.876997]]]}}, {"type": "Feature", "properties": {"District": "Adilabad", "Mandal": "Tandur1", "Company": "STARGAZER TRANSFORMERS PRIVATE LIMITED PLOT NO. 33 ROAD NO.6 PH2 MYTHRI NAGAR MADINAGUDA HYD", "Address": "STARGAZER TRANSFORMERS PRIVATE LIMITED PLOT NO. 33 ROAD NO.6 PH2 MYTHRI NAGAR MADINAGUDA HYD", "Mineral": "Black Granite", "MineralTyp": "QL", "SurveyNumb": "270", "LandType": "Govt.Land", "Production": 150000, "Dispatch": 150000, "ETS": 165000, "Notice": 15000, "Reg_From": "2025-04-22", "Reg_To": "2027-04-21"}, "geometry": {"type": "Polygon", "coordinates": [[[79.372903, 19.180325], [79.372896, 19.181228], [79.373847, 19.181234], [79.373854, 19.180331], [79.372903, 19.180325]]]}}, {"type": "Feature", "properties": {"District": "Medak", "Mandal": "Yeldurthy", "Company": "M/s. Soura Enterprises H.No. Vikas Nagar Road No. 1 Saroor Nagar", "Address": "M/s. Soura Enterprises H.No. Vikas Nagar Road No. 1 Saroor Nagar", "Mineral": "Black Granite", "MineralTyp": "QL", "SurveyNumb": "270", "LandType": "Govt.Land", "Production": 150000, "Dispatch": 150000, "ETS": 165000, "Notice": 15000, "Reg_From": "2025-02-15", "Reg_To": "2026-02-14"}, "geometry": {"type": "Polygon", "coordinates": [[[78.29832, 17.888184], [78.298308, 17.889088], [78.299252, 17.889099], [78.299264, 17.888195], [78.29832, 17.888184]]]}}, {"type": "Feature", "properties": {"District": "Medak", "Mandal": "Kowdipalle", "Company": "M/s. Sun Services H. No. Anand Nagar Bandla Guda Nagole", "Address": "M/s. Sun Services H. No. Anand Nagar Bandla Guda Nagole", "Mineral": "Road Metal", "MineralTyp": "QL", "SurveyNumb": "761/2", "LandType": "Govt.Land", "Production": 400000, "Dispatch": 400000, "ETS": 450000, "Notice": 50000, "Reg_From": "2025-04-26", "Reg_To": "2026-04-25"}, "geometry": {"type": "Polygon", "coordinates": [[[78.14261, 17.88695], [78.142598, 17.887854], [78.143542, 17.887866], [78.143554, 17.886962], [78.14261, 17.88695]]]}}, {"type": "Feature", "properties": {"District": "Adilabad", "Mandal": "Rebbana", "Company": "Evolve Green Energies Private Limited 371 SIDCO Industrial Estate NP Ambattur Chennai", "Address": "Evolve Green Energies Private Limited 371 SIDCO Industrial Estate NP Ambattur Chennai", "Mineral": "Road Metal", "MineralTyp": "QL", "SurveyNumb": "392/1", "LandType": "Govt.Land", "Production": 400000, "Dispatch": 400000, "ETS": 450000, "Notice": 50000, "Reg_From": "2025-04-28", "Reg_To": "2027-04-27"}, "geometry": {"type": "Polygon", "coordinates": [[[79.465495, 19.186476], [79.465488, 19.187379], [79.466439, 19.187385], [79.466445, 19.186482], [79.465495, 19.186476]]]}}, {"type": "Feature", "properties": {"District": "Warangal", "Mandal": "Lingalaghanpur", "Company": "NATIONS PRIDE ENERGY SYSTEMS PRIVATE LIMITED first floor 82684/II/8 KAU SHIK SOCIETY KANAKADURGA TEMP LE STREET ROAD NO 12 BANJARA HILLS TELANGANA", "Address": "NATIONS PRIDE ENERGY SYSTEMS PRIVATE LIMITED first floor 82684/II/8 KAU SHIK SOCIETY KANAKADURGA TEMP LE STREET ROAD NO 12 BANJARA HILLS TELANGANA", "Mineral": "Road Metal", "MineralTyp": "QL", "SurveyNumb": "392", "LandType": "Govt.Land", "Production": 400000, "Dispatch": 400000, "ETS": 450000, "Notice": 50000, "Reg_From": "2025-05-01", "Reg_To": "2026-04-30"}, "geometry": {"type": "Polygon", "coordinates": [[[79.226203, 17.67264], [79.226196, 17.673545], [79.227139, 17.673552], [79.227146, 17.672648], [79.226203, 17.67264]]]}}, {"type": "Feature", "properties": {"District": "Medak", "Mandal": "Gajwel", "Company": "M/s. Gravity door No: 1138/3/1 UPPUGAL ZAFFERGADH JANAGOAN", "Address": "M/s. Gravity door No: 1138/3/1 UPPUGAL ZAFFERGADH JANAGOAN", "Mineral": "Road Metal", "MineralTyp": "QL", "SurveyNumb": "392/1", "LandType": "Govt.Land", "Production": 400000, "Dispatch": 400000, "ETS": 450000, "Notice": 50000, "Reg_From": "2025-04-29", "Reg_To": "2026-04-28"}, "geometry": {"type": "Polygon", "coordinates": [[[78.687692, 17.832254], [78.687682, 17.833158], [78.688625, 17.833168], [78.688635, 17.832264], [78.687692, 17.832254]]]}}, {"type": "Feature", "properties": {"District": "Khammam", "Mandal": "Gundala1", "Company": "line Energy Solutions Pvt Ltd Plot No 62/2 Part CIE GANDHINAGAR INDUSTRIAL AREA BALANAGAR", "Address": "line Energy Solutions Pvt Ltd Plot No 62/2 Part CIE GANDHINAGAR INDUSTRIAL AREA BALANAGAR", "Mineral": "Colour Granite", "MineralTyp": "QL", "SurveyNumb": "144", "LandType": "Patta Land", "Production": 150000, "Dispatch": 150000, "ETS": 300000, "Notice": 150000, "Reg_From": "2025-05-03", "Reg_To": "2025-04-04"}, "geometry": {"type": "Polygon", "coordinates": [[[80.523055, 17.810983], [80.523053, 17.811887], [80.523997, 17.811889], [80.523998, 17.810985], [80.523055, 17.810983]]]}}, {"type": "Feature", "properties": {"District": "Adilabad", "Mandal": "Rebbana", "Company": "M/s. Aakash Projects H No 1229 Armur Main Road Mamidipalli Branch Post Office Mamidipally Armur Nizamabad Telangana", "Address": "M/s. Aakash Projects H No 1229 Armur Main Road Mamidipalli Branch Post Office Mamidipally Armur Nizamabad Telangana", "Mineral": "Road Metal", "MineralTyp": "QL", "SurveyNumb": "809/1", "LandType": "Govt.Land", "Production": 400000, "Dispatch": 400000, "ETS": 450000, "Notice": 50000, "Reg_From": "2025-05-07", "Reg_To": "2026-05-06"}, "geometry": {"type": "Polygon", "coordinates": [[[79.449844, 19.198726], [79.449838, 19.199629], [79.450788, 19.199635], [79.450795, 19.198732], [79.449844, 19.198726]]]}}, {"type": "Feature", "properties": {"District": "Khammam", "Mandal": "Gundala1", "Company": "Enviro Infra Engineers Limited 201Second Floor R G Metro Arcade Sec 11 Rohini Delhi", "Address": "Enviro Infra Engineers Limited 201Second Floor R G Metro Arcade Sec 11 Rohini Delhi", "Mineral": "Road Metal", "MineralTyp": "QL", "SurveyNumb": "584", "LandType": "Patta Land", "Production": 400000, "Dispatch": 400000, "ETS": 450000, "Notice": 50000, "Reg_From": "2025-05-14", "Reg_To": "2026-05-03"}, "geometry": {"type": "Polygon", "coordinates": [[[80.326011, 17.817807], [80.326008, 17.818711], [80.326952, 17.818713], [80.326955, 17.817809], [80.326011, 17.817807]]]}}, {"type": "Feature", "properties": {"District": "Warangal", "Mandal": "Lingalaghanpur", "Company": "M/s. Shambho Energy Services 12142/1/a k k road Shankarvilas Center Suryapet Telangana", "Address": "M/s. Shambho Energy Services 12142/1/a k k road Shankarvilas Center Suryapet Telangana", "Mineral": "Black Granite", "MineralTyp": "QL", "SurveyNumb": "208", "LandType": "Patta Land", "Production": 150000, "Dispatch": 150000, "ETS": 165000, "Notice": 15000, "Reg_From": "2018-07-10", "Reg_To": "2020-07-09"}, "geometry": {"type": "Polygon", "coordinates": [[[79.214742, 17.684839], [79.214735, 17.685743], [79.215678, 17.685751], [79.215685, 17.684846], [79.214742, 17.684839]]]}}, {"type": "Feature", "properties": {"District": "Warangal", "Mandal": "Jangaon", "Company": "MD ARIFUDDIN HNo.3280 Subhash Road ACC Mancherial Dist.Mancherial Telangana state", "Address": "MD ARIFUDDIN HNo.3280 Subhash Road ACC Mancherial Dist.Mancherial Telangana state", "Mineral": "Road Metal", "MineralTyp": "QL", "SurveyNumb": "69", "LandType": "Govt.Land", "Production": 400000, "Dispatch": 400000, "ETS": 450000, "Notice": 50000, "Reg_From": "2025-05-20", "Reg_To": "2027-05-19"}, "geometry": {"type": "Polygon", "coordinates": [[[79.102046, 17.690504], [79.102037, 17.691408], [79.102981, 17.691415], [79.102989, 17.690511], [79.102046, 17.690504]]]}}, {"type": "Feature", "properties": {"District": "Adilabad", "Mandal": "Rebbana", "Company": "M/s. AYE Totes Pvt Ltd Flat No 501 B Block Annapurna Enclave Beside BSNL Office Telangana", "Address": "M/s. AYE Totes Pvt Ltd Flat No 501 B Block Annapurna Enclave Beside BSNL Office Telangana", "Mineral": "Black Granite", "MineralTyp": "QL", "SurveyNumb": "111", "LandType": "Govt.Land", "Production": 150000, "Dispatch": 150000, "ETS": 165000, "Notice": 15000, "Reg_From": "2025-05-20", "Reg_To": "2026-05-19"}, "geometry": {"type": "Polygon", "coordinates": [[[79.363525, 19.208639], [79.363518, 19.209542], [79.364469, 19.209549], [79.364476, 19.208646], [79.363525, 19.208639]]]}}, {"type": "Feature", "properties": {"District": "Warangal", "Mandal": "Raiparthy", "Company": "SRI LAXMI VENKATARAMANA ENGINEERING & MECHANICAL WORKS 11410 bhrathnagar Near Satya Sai Baba Temple siddipet Telangana", "Address": "SRI LAXMI VENKATARAMANA ENGINEERING & MECHANICAL WORKS 11410 bhrathnagar Near Satya Sai Baba Temple siddipet Telangana", "Mineral": "Black Granite", "MineralTyp": "QL", "SurveyNumb": "111", "LandType": "Govt.Land", "Production": 150000, "Dispatch": 150000, "ETS": 165000, "Notice": 15000, "Reg_From": "2025-05-21", "Reg_To": "2027-05-20"}, "geometry": {"type": "Polygon", "coordinates": [[[79.542822, 17.691084], [79.542815, 17.691988], [79.543759, 17.691994], [79.543765, 17.69109], [79.542822, 17.691084]]]}}, {"type": "Feature", "properties": {"District": "Khammam", "Mandal": "Gundala1", "Company": "M/s. NVNR & Infra Pvt Ltd 14217 Plot No. 217 Doyens Township Serilingampally", "Address": "M/s. NVNR & Infra Pvt Ltd 14217 Plot No. 217 Doyens Township Serilingampally", "Mineral": "Road Metal", "MineralTyp": "QL", "SurveyNumb": "69", "LandType": "Govt.Land", "Production": 400000, "Dispatch": 400000, "ETS": 450000, "Notice": 50000, "Reg_From": "2025-05-22", "Reg_To": "2027-05-21"}, "geometry": {"type": "Polygon", "coordinates": [[[80.373676, 17.828144], [80.373674, 17.829048], [80.374618, 17.82905], [80.37462, 17.828146], [80.373676, 17.828144]]]}}, {"type": "Feature", "properties": {"District": "Khammam", "Mandal": "Gundala1", "Company": "M/s. RSM Solx Pvt Ltd 2101010 Jyothi Nagar Karimnagar", "Address": "M/s. RSM Solx Pvt Ltd 2101010 Jyothi Nagar Karimnagar", "Mineral": "Colour Granite", "MineralTyp": "QL", "SurveyNumb": "388", "LandType": "Patta Land", "Production": 150000, "Dispatch": 150000, "ETS": 300000, "Notice": 150000, "Reg_From": "2027-05-20", "Reg_To": "2027-05-19"}, "geometry": {"type": "Polygon", "coordinates": [[[80.305165, 17.82967], [80.305162, 17.830574], [80.306106, 17.830577], [80.306109, 17.829673], [80.305165, 17.82967]]]}}, {"type": "Feature", "properties": {"District": "Adilabad", "Mandal": "Rebbana", "Company": "M/s. Connecting Sun Solutions H. No. 2510255 Bapuji Nagar Kazipet Hanamkonda", "Address": "M/s. Connecting Sun Solutions H. No. 2510255 Bapuji Nagar Kazipet Hanamkonda", "Mineral": "Road Metal", "MineralTyp": "QL", "SurveyNumb": "378/D", "LandType": "Patta Land", "Production": 400000, "Dispatch": 400000, "ETS": 450000, "Notice": 50000, "Reg_From": "2025-05-23", "Reg_To": "2026-05-22"}, "geometry": {"type": "Polygon", "coordinates": [[[79.393284, 19.212659], [79.393277, 19.213562], [79.394228, 19.213568], [79.394235, 19.212665], [79.393284, 19.212659]]]}}, {"type": "Feature", "properties": {"District": "Adilabad", "Mandal": "Rebbana", "Company": "M/s. Bharat Solutions Plot No. 2 Pragathi Nagar Masquati Dairy back side Kammaguda Turkayamjal Abdullapurmet Rangareddy Dist.", "Address": "M/s. Bharat Solutions Plot No. 2 Pragathi Nagar Masquati Dairy back side Kammaguda Turkayamjal Abdullapurmet Rangareddy Dist.", "Mineral": "Colour Granite", "MineralTyp": "QL", "SurveyNumb": "439/1", "LandType": "Govt.Land", "Production": 150000, "Dispatch": 150000, "ETS": 300000, "Notice": 150000, "Reg_From": "2025-05-24", "Reg_To": "2026-05-23"}, "geometry": {"type": "Polygon", "coordinates": [[[79.456921, 19.213493], [79.456915, 19.214396], [79.457865, 19.214403], [79.457872, 19.2135], [79.456921, 19.213493]]]}}, {"type": "Feature", "properties": {"District": "Warangal", "Mandal": "Lingalaghanpur", "Company": "M/s. Sun Solutions 126/7 Macha Bollaram Tirumalagiri Medchal", "Address": "M/s. Sun Solutions 126/7 Macha Bollaram Tirumalagiri Medchal", "Mineral": "Road Metal", "MineralTyp": "QL", "SurveyNumb": "439", "LandType": "Govt.Land", "Production": 400000, "Dispatch": 400000, "ETS": 450000, "Notice": 50000, "Reg_From": "2025-05-24", "Reg_To": "2026-05-23"}, "geometry": {"type": "Polygon", "coordinates": [[[79.257226, 17.698478], [79.257218, 17.699382], [79.258161, 17.699389], [79.258169, 17.698485], [79.257226, 17.698478]]]}}, {"type": "Feature", "properties": {"District": "Medak", "Mandal": "Kowdipalle", "Company": "M/s. Bhargav Solutions Pvt Ltd. Plot No.43 Shiva Durga Colony Rampally", "Address": "M/s. Bhargav Solutions Pvt Ltd. Plot No.43 Shiva Durga Colony Rampally", "Mineral": "Road Metal", "MineralTyp": "QL", "SurveyNumb": "439/1", "LandType": "Govt.Land", "Production": 400000, "Dispatch": 400000, "ETS": 450000, "Notice": 50000, "Reg_From": "2025-05-26", "Reg_To": "2027-05-25"}, "geometry": {"type": "Polygon", "coordinates": [[[78.249194, 17.915383], [78.249182, 17.916287], [78.250126, 17.916299], [78.250138, 17.915395], [78.249194, 17.915383]]]}}, {"type": "Feature", "properties": {"District": "Medak", "Mandal": "Kowdipalle", "Company": "Sri Sri Balaji Plant Flat No. 4176 Shabari Colony Sanganbanda Road Makthal Narayanpet Dist.", "Address": "Sri Sri Balaji Plant Flat No. 4176 Shabari Colony Sanganbanda Road Makthal Narayanpet Dist.", "Mineral": "Colour Granite", "MineralTyp": "QL", "SurveyNumb": "145", "LandType": "Patta Land", "Production": 150000, "Dispatch": 150000, "ETS": 300000, "Notice": 150000, "Reg_From": "2025-05-27", "Reg_To": "2027-05-26"}, "geometry": {"type": "Polygon", "coordinates": [[[78.181551, 17.916723], [78.181538, 17.917626], [78.182483, 17.917638], [78.182495, 17.916734], [78.181551, 17.916723]]]}}, {"type": "Feature", "properties": {"District": "Medak", "Mandal": "Kowdipalle", "Company": "KTR INFRA PROJECTS 3rd Floor KHPH 15th PHASE PLOT NO LGI18 SRI VENKAT RAMANACOLONY KUKATPALLY TELANHANA", "Address": "KTR INFRA PROJECTS 3rd Floor KHPH 15th PHASE PLOT NO LGI18 SRI VENKAT RAMANACOLONY KUKATPALLY TELANHANA", "Mineral": "Road Metal", "MineralTyp": "QL", "SurveyNumb": "439/1", "LandType": "Govt.Land", "Production": 400000, "Dispatch": 400000, "ETS": 450000, "Notice": 50000, "Reg_From": "2025-05-27", "Reg_To": "2027-05-26"}, "geometry": {"type": "Polygon", "coordinates": [[[78.135592, 17.917761], [78.135579, 17.918665], [78.136523, 17.918677], [78.136536, 17.917774], [78.135592, 17.917761]]]}}, {"type": "Feature", "properties": {"District": "Medak", "Mandal": "Kulcharam", "Company": "M/s. Vortex line Solutions 6100/A Laxmipur Malkapur Kothapalle Karimnagar Telangana", "Address": "M/s. Vortex line Solutions 6100/A Laxmipur Malkapur Kothapalle Karimnagar Telangana", "Mineral": "Road Metal", "MineralTyp": "QL", "SurveyNumb": "468/1 & 469/1", "LandType": "Govt.Land", "Production": 400000, "Dispatch": 400000, "ETS": 450000, "Notice": 50000, "Reg_From": "2025-06-06", "Reg_To": "2026-06-05"}, "geometry": {"type": "Polygon", "coordinates": [[[78.151297, 17.927224], [78.151285, 17.928128], [78.152229, 17.92814], [78.152241, 17.927236], [78.151297, 17.927224]]]}}, {"type": "Feature", "properties": {"District": "Khammam", "Mandal": "Gundala1", "Company": "M/s. Venkataramana Battery shop 6 Cherla Road Bhadrachalam Bhadradri Kothagudem Telangana", "Address": "M/s. Venkataramana Battery shop 6 Cherla Road Bhadrachalam Bhadradri Kothagudem Telangana", "Mineral": "Colour Granite", "MineralTyp": "QL", "SurveyNumb": "468/1 & 469/1", "LandType": "Govt.Land", "Production": 150000, "Dispatch": 150000, "ETS": 300000, "Notice": 150000, "Reg_From": "2025-06-06", "Reg_To": "2027-06-05"}, "geometry": {"type": "Polygon", "coordinates": [[[80.34948, 17.843053], [80.349477, 17.843957], [80.350421, 17.843959], [80.350424, 17.843055], [80.34948, 17.843053]]]}}, {"type": "Feature", "properties": {"District": "Khammam", "Mandal": "Gundala1", "Company": "RAION TECHNO PRODUCTS 3rd Floor 11245/180 P & 155 P/302 Sri Veeranjaneya Resid ency Srinivasa Nagar Colony ECIL Medchal Malkajgiri Telangana", "Address": "RAION TECHNO PRODUCTS 3rd Floor 11245/180 P & 155 P/302 Sri Veeranjaneya Resid ency Srinivasa Nagar Colony ECIL Medchal Malkajgiri Telangana", "Mineral": "Colour Granite", "MineralTyp": "QL", "SurveyNumb": "144", "LandType": "Patta Land", "Production": 150000, "Dispatch": 150000, "ETS": 300000, "Notice": 150000, "Reg_From": "2025-06-09", "Reg_To": "2027-06-08"}, "geometry": {"type": "Polygon", "coordinates": [[[80.318455, 17.845829], [80.318453, 17.846733], [80.319397, 17.846735], [80.319399, 17.845831], [80.318455, 17.845829]]]}}, {"type": "Feature", "properties": {"District": "Medak", "Mandal": "Kowdipalle", "Company": "M/s. NVRBS Global Pvt Ltd H. NO. 30265/50/2/1 Plot No. 1&2 Pragathi Nagar Sainathpuram Eoad AS Rao Nagar", "Address": "M/s. NVRBS Global Pvt Ltd H. NO. 30265/50/2/1 Plot No. 1&2 Pragathi Nagar Sainathpuram Eoad AS Rao Nagar", "Mineral": "Road Metal", "MineralTyp": "QL", "SurveyNumb": "439/1", "LandType": "Govt.Land", "Production": 400000, "Dispatch": 400000, "ETS": 450000, "Notice": 50000, "Reg_From": "2025-05-06", "Reg_To": "2027-05-05"}, "geometry": {"type": "Polygon", "coordinates": [[[78.167011, 17.929507], [78.166999, 17.930411], [78.167943, 17.930422], [78.167956, 17.929519], [78.167011, 17.929507]]]}}, {"type": "Feature", "properties": {"District": "Warangal", "Mandal": "Jangaon", "Company": "Ness Enterprisess 16321/584/101 Flat number 1 01 Shree Venkateshwara nilayam Bhagat singh nagar phase 1 KPHB 6th phase", "Address": "Ness Enterprisess 16321/584/101 Flat number 1 01 Shree Venkateshwara nilayam Bhagat singh nagar phase 1 KPHB 6th phase", "Mineral": "Road Metal", "MineralTyp": "QL", "SurveyNumb": "1551", "LandType": "Patta Land", "Production": 400000, "Dispatch": 400000, "ETS": 450000, "Notice": 50000, "Reg_From": "2025-06-06", "Reg_To": "2027-06-05"}, "geometry": {"type": "Polygon", "coordinates": [[[79.181662, 17.715645], [79.181654, 17.716549], [79.182597, 17.716557], [79.182605, 17.715653], [79.181662, 17.715645]]]}}, {"type": "Feature", "properties": {"District": "Adilabad", "Mandal": "Kagaznagar", "Company": "M/s. Southern Global Energy 106&106/1/LPT/205 Shop No. 205 LPT Market Auto Nagar Chintalakunta Chintalakunta Rangareddy Telangana", "Address": "M/s. Southern Global Energy 106&106/1/LPT/205 Shop No. 205 LPT Market Auto Nagar Chintalakunta Chintalakunta Rangareddy Telangana", "Mineral": "Road Metal", "MineralTyp": "QL", "SurveyNumb": "439/1", "LandType": "Govt.Land", "Production": 400000, "Dispatch": 400000, "ETS": 450000, "Notice": 50000, "Reg_From": "2025-06-11", "Reg_To": "2026-06-10"}, "geometry": {"type": "Polygon", "coordinates": [[[79.611126, 19.307891], [79.611121, 19.308794], [79.612072, 19.308799], [79.612078, 19.307896], [79.611126, 19.307891]]]}}, {"type": "Feature", "properties": {"District": "Medak", "Mandal": "Tupran", "Company": "Samira Enterprises 22B10346 NEHRU NAGAR NEAR POLICE STATION", "Address": "Samira Enterprises 22B10346 NEHRU NAGAR NEAR POLICE STATION", "Mineral": "Colour Granite", "MineralTyp": "QL", "SurveyNumb": "266/1", "LandType": "Patta Land", "Production": 150000, "Dispatch": 150000, "ETS": 300000, "Notice": 150000, "Reg_From": "2025-06-11", "Reg_To": "2026-06-10"}, "geometry": {"type": "Polygon", "coordinates": [[[78.458973, 17.873956], [78.458961, 17.87486], [78.459905, 17.87487], [78.459917, 17.873966], [78.458973, 17.873956]]]}}, {"type": "Feature", "properties": {"District": "Khammam", "Mandal": "Gundala1", "Company": "SRI SAI BALAJI ENTERPRISES HNO: 3133/119. CRPF COLONY INJAPUR RANGAREDDY DISTRICT PIN", "Address": "SRI SAI BALAJI ENTERPRISES HNO: 3133/119. CRPF COLONY INJAPUR RANGAREDDY DISTRICT PIN", "Mineral": "Road Metal", "MineralTyp": "QL", "SurveyNumb": "439/1", "LandType": "Govt.Land", "Production": 400000, "Dispatch": 400000, "ETS": 450000, "Notice": 50000, "Reg_From": "2025-06-06", "Reg_To": "2027-06-05"}, "geometry": {"type": "Polygon", "coordinates": [[[80.291077, 17.855423], [80.291074, 17.856327], [80.292018, 17.85633], [80.292021, 17.855426], [80.291077, 17.855423]]]}}, {"type": "Feature", "properties": {"District": "Medak", "Mandal": "Yeldurthy", "Company": "M/s. Megha Multi Energy Stores D. No. 56210 Beside Bharat Rani Hospital Road No. 4 Khaleelwadi Nizamabad \u2013 .", "Address": "M/s. Megha Multi Energy Stores D. No. 56210 Beside Bharat Rani Hospital Road No. 4 Khaleelwadi Nizamabad \u2013 .", "Mineral": "Road Metal", "MineralTyp": "QL", "SurveyNumb": "1471", "LandType": "Govt.Land", "Production": 400000, "Dispatch": 400000, "ETS": 450000, "Notice": 50000, "Reg_From": "2025-06-14", "Reg_To": "2027-06-13"}, "geometry": {"type": "Polygon", "coordinates": [[[78.289434, 17.938621], [78.289422, 17.939525], [78.290367, 17.939537], [78.290379, 17.938633], [78.289434, 17.938621]]]}}, {"type": "Feature", "properties": {"District": "Warangal", "Mandal": "Raghunathpalle", "Company": "Quality Electric Company FLat no : 16 & 17 2nd foor son i business complex prashanthinagar kukatpally", "Address": "Quality Electric Company FLat no : 16 & 17 2nd foor son i business complex prashanthinagar kukatpally", "Mineral": "Road Metal", "MineralTyp": "QL", "SurveyNumb": "439/1", "LandType": "Govt.Land", "Production": 400000, "Dispatch": 400000, "ETS": 450000, "Notice": 50000, "Reg_From": "2025-06-14", "Reg_To": "2026-06-13"}, "geometry": {"type": "Polygon", "coordinates": [[[79.226163, 17.725222], [79.226156, 17.726126], [79.227099, 17.726133], [79.227107, 17.725229], [79.226163, 17.725222]]]}}, {"type": "Feature", "properties": {"District": "Adilabad", "Mandal": "Bejjur", "Company": "SURABHI SPINNING PRIVATE LIMITED 23/D SY.No. 487 SURABHI SPINNING PVT LTD SUGLAMPALLI Sultanabad Peddapalli Telangana", "Address": "SURABHI SPINNING PRIVATE LIMITED 23/D SY.No. 487 SURABHI SPINNING PVT LTD SUGLAMPALLI Sultanabad Peddapalli Telangana", "Mineral": "Road Metal", "MineralTyp": "QL", "SurveyNumb": "439/1", "LandType": "Govt.Land", "Production": 400000, "Dispatch": 400000, "ETS": 450000, "Notice": 50000, "Reg_From": "2025-06-19", "Reg_To": "2027-06-18"}, "geometry": {"type": "Polygon", "coordinates": [[[79.760169, 19.317456], [79.760164, 19.318359], [79.761115, 19.318363], [79.76112, 19.317461], [79.760169, 19.317456]]]}}, {"type": "Feature", "properties": {"District": "Adilabad", "Mandal": "Kagaznagar", "Company": "M/s. C.O.P Energy Pvt Ltd House No: Bhodevi Nagar Trimulgherry Rangareddy Telangana", "Address": "M/s. C.O.P Energy Pvt Ltd House No: Bhodevi Nagar Trimulgherry Rangareddy Telangana", "Mineral": "Road Metal", "MineralTyp": "QL", "SurveyNumb": "685", "LandType": "Govt.Land", "Production": 400000, "Dispatch": 400000, "ETS": 450000, "Notice": 50000, "Reg_From": "2025-06-16", "Reg_To": "2026-06-15"}, "geometry": {"type": "Polygon", "coordinates": [[[79.701635, 19.322199], [79.701629, 19.323102], [79.702581, 19.323107], [79.702586, 19.322204], [79.701635, 19.322199]]]}}, {"type": "Feature", "properties": {"District": "Medak", "Mandal": "Gajwel", "Company": "SEVEN STAR TRADERS APHB SANTOSH NAGAR COLONY EWS60 SANTOSHNAGAR MAIN ROAD Telangana", "Address": "SEVEN STAR TRADERS APHB SANTOSH NAGAR COLONY EWS60 SANTOSHNAGAR MAIN ROAD Telangana", "Mineral": "Road Metal", "MineralTyp": "QL", "SurveyNumb": "314", "LandType": "Patta Land", "Production": 400000, "Dispatch": 400000, "ETS": 450000, "Notice": 50000, "Reg_From": "2025-06-19", "Reg_To": "2026-06-18"}, "geometry": {"type": "Polygon", "coordinates": [[[78.707586, 17.892424], [78.707576, 17.893328], [78.70852, 17.893337], [78.70853, 17.892433], [78.707586, 17.892424]]]}}, {"type": "Feature", "properties": {"District": "Khammam", "Mandal": "Gundala1", "Company": "M/s. BPS ENERGY plot no 486 Judges Colony Mansoorabad.", "Address": "M/s. BPS ENERGY plot no 486 Judges Colony Mansoorabad.", "Mineral": "Road Metal", "MineralTyp": "QL", "SurveyNumb": "314", "LandType": "Patta Land", "Production": 400000, "Dispatch": 400000, "ETS": 450000, "Notice": 50000, "Reg_From": "2025-06-19", "Reg_To": "2026-06-18"}, "geometry": {"type": "Polygon", "coordinates": [[[80.375781, 17.868088], [80.375778, 17.868992], [80.376722, 17.868994], [80.376725, 17.86809], [80.375781, 17.868088]]]}}, {"type": "Feature", "properties": {"District": "Medak", "Mandal": "Gajwel", "Company": "M/s. National Federation of Farmer\u2019s Procurement Processing & Retailing Cooperatives of India Ltd. 26619 1st Floor Lalitha Colony Dabagardens Visakhapatnam", "Address": "M/s. National Federation of Farmer\u2019s Procurement Processing & Retailing Cooperatives of India Ltd. 26619 1st Floor Lalitha Colony Dabagardens Visakhapatnam", "Mineral": "Colour Granite", "MineralTyp": "QL", "SurveyNumb": "266", "LandType": "Patta Land", "Production": 150000, "Dispatch": 150000, "ETS": 300000, "Notice": 150000, "Reg_From": "2025-06-19", "Reg_To": "2027-06-18"}, "geometry": {"type": "Polygon", "coordinates": [[[78.683085, 17.895149], [78.683075, 17.896053], [78.684019, 17.896063], [78.684029, 17.895159], [78.683085, 17.895149]]]}}, {"type": "Feature", "properties": {"District": "Warangal", "Mandal": "Nekkonda", "Company": "M/s. Varna Pvt Ltd 2nd Floor 83214/7/1A Ameerpet Pillar No. 1036 Sanjeeva Reddy Nagar \u2013 .", "Address": "M/s. Varna Pvt Ltd 2nd Floor 83214/7/1A Ameerpet Pillar No. 1036 Sanjeeva Reddy Nagar \u2013 .", "Mineral": "Colour Granite", "MineralTyp": "QL", "SurveyNumb": "266/1", "LandType": "Patta Land", "Production": 150000, "Dispatch": 150000, "ETS": 300000, "Notice": 150000, "Reg_From": "2025-06-23", "Reg_To": "2027-06-22"}, "geometry": {"type": "Polygon", "coordinates": [[[79.850529, 17.743962], [79.850524, 17.744866], [79.851468, 17.744871], [79.851472, 17.743967], [79.850529, 17.743962]]]}}, {"type": "Feature", "properties": {"District": "Medak", "Mandal": "Doultabad", "Company": "UNI SOLUTIONS 551/A VADLA VEEDHI GadwalJogulamba Gadwal Telangana", "Address": "UNI SOLUTIONS 551/A VADLA VEEDHI GadwalJogulamba Gadwal Telangana", "Mineral": "Road Metal", "MineralTyp": "QL", "SurveyNumb": "439/1", "LandType": "Govt.Land", "Production": 400000, "Dispatch": 400000, "ETS": 450000, "Notice": 50000, "Reg_From": "2025-06-23", "Reg_To": "2026-06-22"}, "geometry": {"type": "Polygon", "coordinates": [[[78.563443, 17.89997], [78.563432, 17.900874], [78.564376, 17.900884], [78.564387, 17.89998], [78.563443, 17.89997]]]}}, {"type": "Feature", "properties": {"District": "Warangal", "Mandal": "Wardhannapet", "Company": "AVC DYNAMIC SOLUTONS PRIVATE LIMITED H.NO 357 Munisubgari Bazara Nekarikallu Palnadu Andhr a Pradesh Pin", "Address": "AVC DYNAMIC SOLUTONS PRIVATE LIMITED H.NO 357 Munisubgari Bazara Nekarikallu Palnadu Andhr a Pradesh Pin", "Mineral": "Road Metal", "MineralTyp": "QL", "SurveyNumb": "136", "LandType": "Patta Land", "Production": 400000, "Dispatch": 400000, "ETS": 450000, "Notice": 50000, "Reg_From": "2025-06-25", "Reg_To": "2027-06-24"}, "geometry": {"type": "Polygon", "coordinates": [[[79.510186, 17.742021], [79.510179, 17.742925], [79.511123, 17.742931], [79.511129, 17.742027], [79.510186, 17.742021]]]}}, {"type": "Feature", "properties": {"District": "Warangal", "Mandal": "Ghanpur (Station)", "Company": "M/s. Harsha System 5166 Near Bhagath Singh Park Fathenagar Balanagar \u2013", "Address": "M/s. Harsha System 5166 Near Bhagath Singh Park Fathenagar Balanagar \u2013", "Mineral": "Road Metal", "MineralTyp": "QL", "SurveyNumb": "230", "LandType": "Govt.Land", "Production": 400000, "Dispatch": 400000, "ETS": 450000, "Notice": 50000, "Reg_From": "2025-06-24", "Reg_To": "2026-06-23"}, "geometry": {"type": "Polygon", "coordinates": [[[79.358493, 17.752338], [79.358486, 17.753242], [79.35943, 17.753249], [79.359437, 17.752345], [79.358493, 17.752338]]]}}, {"type": "Feature", "properties": {"District": "Warangal", "Mandal": "Raghunathpalle", "Company": "M/s. Akhil Electrical Works Sarpanch Street 230 Sajjapuram Palakeedu Suryapet Telangana", "Address": "M/s. Akhil Electrical Works Sarpanch Street 230 Sajjapuram Palakeedu Suryapet Telangana", "Mineral": "Road Metal", "MineralTyp": "QL", "SurveyNumb": "24/P & 21/P", "LandType": "Forest Land", "Production": 400000, "Dispatch": 400000, "ETS": 450000, "Notice": 50000, "Reg_From": "2025-06-26", "Reg_To": "2027-06-25"}, "geometry": {"type": "Polygon", "coordinates": [[[79.3157, 17.754113], [79.315693, 17.755017], [79.316636, 17.755024], [79.316643, 17.75412], [79.3157, 17.754113]]]}}, {"type": "Feature", "properties": {"District": "Warangal", "Mandal": "Wardhannapet", "Company": "M/s. Ashvath Suntech Solutions 699/1 Road No.3 Laxmareddy Palem Behind Candor Shine I School Pedda Amberpet (V) Abdullapuremet (M) Rangareddy Dist", "Address": "M/s. Ashvath Suntech Solutions 699/1 Road No.3 Laxmareddy Palem Behind Candor Shine I School Pedda Amberpet (V) Abdullapuremet (M) Rangareddy Dist", "Mineral": "Road Metal", "MineralTyp": "QL", "SurveyNumb": "13, 14/1, 23/1, & 24", "LandType": "Govt.Land", "Production": 400000, "Dispatch": 400000, "ETS": 450000, "Notice": 50000, "Reg_From": "2025-06-27", "Reg_To": "2026-06-26"}, "geometry": {"type": "Polygon", "coordinates": [[[79.548061, 17.757043], [79.548055, 17.757947], [79.548999, 17.757953], [79.549005, 17.757049], [79.548061, 17.757043]]]}}, {"type": "Feature", "properties": {"District": "Warangal", "Mandal": "Raghunathpalle", "Company": "M/s. Singari Renewables Energy Solutions LLP 2nd Floor JQ Chambers Door No. 450/5 Plot No. 5 Survey No. 103/1 105 & 106 Jayabheri Enclave Gachibowli", "Address": "M/s. Singari Renewables Energy Solutions LLP 2nd Floor JQ Chambers Door No. 450/5 Plot No. 5 Survey No. 103/1 105 & 106 Jayabheri Enclave Gachibowli", "Mineral": "Road Metal", "MineralTyp": "QL", "SurveyNumb": "204/228/P", "LandType": "Patta Land", "Production": 400000, "Dispatch": 400000, "ETS": 450000, "Notice": 50000, "Reg_From": "2025-06-30", "Reg_To": "2026-06-29"}, "geometry": {"type": "Polygon", "coordinates": [[[79.249204, 17.76145], [79.249196, 17.762354], [79.25014, 17.762362], [79.250147, 17.761457], [79.249204, 17.76145]]]}}, {"type": "Feature", "properties": {"District": "Medak", "Mandal": "Doultabad", "Company": "Natural Asia Pvt Ltd Plot No.144 Aaskash Ganga Complex Beside The Leela Hotel Line Banjahills Telangana. India.", "Address": "Natural Asia Pvt Ltd Plot No.144 Aaskash Ganga Complex Beside The Leela Hotel Line Banjahills Telangana. India.", "Mineral": "Road Metal", "MineralTyp": "QL", "SurveyNumb": "179", "LandType": "Patta Land", "Production": 400000, "Dispatch": 400000, "ETS": 450000, "Notice": 50000, "Reg_From": "2025-06-12", "Reg_To": "2027-06-11"}, "geometry": {"type": "Polygon", "coordinates": [[[78.572589, 17.918808], [78.572578, 17.919712], [78.573523, 17.919722], [78.573533, 17.918818], [78.572589, 17.918808]]]}}, {"type": "Feature", "properties": {"District": "Medak", "Mandal": "Doultabad", "Company": "M/s. Sunrayz Solutions 694 porumalla village Medipalli(M) Jagtial(D)", "Address": "M/s. Sunrayz Solutions 694 porumalla village Medipalli(M) Jagtial(D)", "Mineral": "Road Metal", "MineralTyp": "QL", "SurveyNumb": "228 & 229", "LandType": "Patta Land", "Production": 400000, "Dispatch": 400000, "ETS": 450000, "Notice": 50000, "Reg_From": "2025-07-04", "Reg_To": "2027-07-03"}, "geometry": {"type": "Polygon", "coordinates": [[[78.631911, 17.920771], [78.6319, 17.921675], [78.632845, 17.921685], [78.632855, 17.920781], [78.631911, 17.920771]]]}}, {"type": "Feature", "properties": {"District": "Warangal", "Mandal": "Zaffergadh", "Company": "lumina systems 0 0 plot no.13survey no.501 kees ara Ankireddypalli Village H yderabad Medchal Malkajgiri Telangana", "Address": "lumina systems 0 0 plot no.13survey no.501 kees ara Ankireddypalli Village H yderabad Medchal Malkajgiri Telangana", "Mineral": "Road Metal", "MineralTyp": "QL", "SurveyNumb": "228 & 229", "LandType": "Patta Land", "Production": 400000, "Dispatch": 400000, "ETS": 450000, "Notice": 50000, "Reg_From": "2025-07-05", "Reg_To": "2026-07-04"}, "geometry": {"type": "Polygon", "coordinates": [[[79.463006, 17.767174], [79.463, 17.768078], [79.463943, 17.768085], [79.46395, 17.767181], [79.463006, 17.767174]]]}}, {"type": "Feature", "properties": {"District": "Warangal", "Mandal": "Raghunathpalle", "Company": "M/s. Apoorva Energy Systems H.No. 71525 Mankamma Thota Building Karimnagar", "Address": "M/s. Apoorva Energy Systems H.No. 71525 Mankamma Thota Building Karimnagar", "Mineral": "Road Metal", "MineralTyp": "QL", "SurveyNumb": "365/D/2/1 & 365/D/1", "LandType": "Govt.Land", "Production": 400000, "Dispatch": 400000, "ETS": 450000, "Notice": 50000, "Reg_From": "2025-07-05", "Reg_To": "2027-07-04"}, "geometry": {"type": "Polygon", "coordinates": [[[79.227144, 17.765941], [79.227137, 17.766845], [79.22808, 17.766852], [79.228088, 17.765948], [79.227144, 17.765941]]]}}, {"type": "Feature", "properties": {"District": "Warangal", "Mandal": "Chennaraopet", "Company": "M/s. Druva Energy H.No. 699/1 Laxma Reddy Palem Pedda Amberpet Abdullapurmet (M) Rangareddy Dist \u2013 .", "Address": "M/s. Druva Energy H.No. 699/1 Laxma Reddy Palem Pedda Amberpet Abdullapurmet (M) Rangareddy Dist \u2013 .", "Mineral": "Road Metal", "MineralTyp": "QL", "SurveyNumb": "28", "LandType": "Govt.Land", "Production": 400000, "Dispatch": 400000, "ETS": 450000, "Notice": 50000, "Reg_From": "2025-07-06", "Reg_To": "2027-07-05"}, "geometry": {"type": "Polygon", "coordinates": [[[79.85328, 17.787736], [79.853275, 17.78864], [79.854219, 17.788644], [79.854224, 17.78774], [79.85328, 17.787736]]]}}, {"type": "Feature", "properties": {"District": "Warangal", "Mandal": "Gudur3", "Company": "M/s. The Agricultural CoOperative Association Ltd # 2nd Floor HACA Bhavan Opp. Public Garden", "Address": "M/s. The Agricultural CoOperative Association Ltd # 2nd Floor HACA Bhavan Opp. Public Garden", "Mineral": "Road Metal", "MineralTyp": "QL", "SurveyNumb": "545/1", "LandType": "Govt.Land", "Production": 400000, "Dispatch": 400000, "ETS": 450000, "Notice": 50000, "Reg_From": "2025-07-08", "Reg_To": "2027-07-07"}, "geometry": {"type": "Polygon", "coordinates": [[[79.979437, 17.78961], [79.979433, 17.790514], [79.980376, 17.790518], [79.980381, 17.789614], [79.979437, 17.78961]]]}}, {"type": "Feature", "properties": {"District": "Medak", "Mandal": "Chegunta", "Company": "QUALITY SOLUTIONS 0 H.NO 270 REKURTY KOTHAPA LLY KARIMNAGAR TELANGANA PH .NO EMAIL ID sa beel.ahmed38@gmail.com", "Address": "QUALITY SOLUTIONS 0 H.NO 270 REKURTY KOTHAPA LLY KARIMNAGAR TELANGANA PH .NO EMAIL ID sa beel.ahmed38@gmail.com", "Mineral": "Road Metal", "MineralTyp": "QL", "SurveyNumb": "188 & 193", "LandType": "Govt.Land", "Production": 400000, "Dispatch": 400000, "ETS": 450000, "Notice": 50000, "Reg_From": "2025-07-08", "Reg_To": "2027-07-07"}, "geometry": {"type": "Polygon", "coordinates": [[[78.526378, 17.943574], [78.526367, 17.944478], [78.527312, 17.944489], [78.527322, 17.943585], [78.526378, 17.943574]]]}}, {"type": "Feature", "properties": {"District": "Medak", "Mandal": "Gajwel", "Company": "GLAUBEN INDUSTRIES PVT LTD H.NO: 63668/10/35 Durga Nag ar Rd Number 2 Durga Nagar Co lony Punjagutta T elangana", "Address": "GLAUBEN INDUSTRIES PVT LTD H.NO: 63668/10/35 Durga Nag ar Rd Number 2 Durga Nagar Co lony Punjagutta T elangana", "Mineral": "Road Metal", "MineralTyp": "QL", "SurveyNumb": "545/1", "LandType": "Govt.Land", "Production": 400000, "Dispatch": 400000, "ETS": 450000, "Notice": 50000, "Reg_From": "2025-07-08", "Reg_To": "2027-07-07"}, "geometry": {"type": "Polygon", "coordinates": [[[78.689005, 17.947275], [78.688995, 17.948179], [78.68994, 17.948188], [78.68995, 17.947284], [78.689005, 17.947275]]]}}, {"type": "Feature", "properties": {"District": "Warangal", "Mandal": "Chennaraopet", "Company": "AAKASH ENERGY no :36645 101 flat streety no :9 himayat nagar hyd ts.", "Address": "AAKASH ENERGY no :36645 101 flat streety no :9 himayat nagar hyd ts.", "Mineral": "Road Metal", "MineralTyp": "QL", "SurveyNumb": "172/P", "LandType": "Govt.Land", "Production": 400000, "Dispatch": 400000, "ETS": 450000, "Notice": 50000, "Reg_From": "2025-06-24", "Reg_To": "2026-06-23"}, "geometry": {"type": "Polygon", "coordinates": [[[79.863213, 17.793824], [79.863209, 17.794728], [79.864152, 17.794733], [79.864157, 17.793829], [79.863213, 17.793824]]]}}, {"type": "Feature", "properties": {"District": "Medak", "Mandal": "Doultabad", "Company": "EM ENGINEERS PVT LTD Plot # 270E/A MCH # 985 Roa d # 10 Jubilee Hills Hydera bad500033. Phone: +91 40 23", "Address": "EM ENGINEERS PVT LTD Plot # 270E/A MCH # 985 Roa d # 10 Jubilee Hills Hydera bad500033. Phone: +91 40 23", "Mineral": "Road Metal", "MineralTyp": "QL", "SurveyNumb": "204/228/P", "LandType": "Patta Land", "Production": 400000, "Dispatch": 400000, "ETS": 450000, "Notice": 50000, "Reg_From": "2025-07-08", "Reg_To": "2027-07-07"}, "geometry": {"type": "Polygon", "coordinates": [[[78.582464, 17.946094], [78.582453, 17.946998], [78.583398, 17.947008], [78.583408, 17.946105], [78.582464, 17.946094]]]}}, {"type": "Feature", "properties": {"District": "Medak", "Mandal": "Chegunta", "Company": "M/s. Gemmr Communications 530 GSHW Society Nagireddy Palli Erramballi Road Bhongir \u2013 .", "Address": "M/s. Gemmr Communications 530 GSHW Society Nagireddy Palli Erramballi Road Bhongir \u2013 .", "Mineral": "Road Metal", "MineralTyp": "QL", "SurveyNumb": "545/1", "LandType": "Govt.Land", "Production": 400000, "Dispatch": 400000, "ETS": 450000, "Notice": 50000, "Reg_From": "2025-07-09", "Reg_To": "2026-07-08"}, "geometry": {"type": "Polygon", "coordinates": [[[78.472588, 17.946865], [78.472576, 17.947769], [78.473521, 17.947779], [78.473532, 17.946875], [78.472588, 17.946865]]]}}, {"type": "Feature", "properties": {"District": "Medak", "Mandal": "Doultabad", "Company": "M/s. Aruna Solutions 32438 Anand Nagar Colony Bheemaram Hanamkonda Warangal \u2013 .", "Address": "M/s. Aruna Solutions 32438 Anand Nagar Colony Bheemaram Hanamkonda Warangal \u2013 .", "Mineral": "Road Metal", "MineralTyp": "QL", "SurveyNumb": "137/P", "LandType": "Govt.Land", "Production": 400000, "Dispatch": 400000, "ETS": 450000, "Notice": 50000, "Reg_From": "2025-07-14", "Reg_To": "2026-07-13"}, "geometry": {"type": "Polygon", "coordinates": [[[78.682149, 17.965069], [78.682139, 17.965972], [78.683083, 17.965982], [78.683094, 17.965078], [78.682149, 17.965069]]]}}, {"type": "Feature", "properties": {"District": "Medak", "Mandal": "Doultabad", "Company": "Green Secure Systems Private Limited Room No: 521 Acendia Ark Sy 12 White Fileds Kondapur Hy derabad Telangana Indian 5 00084", "Address": "Green Secure Systems Private Limited Room No: 521 Acendia Ark Sy 12 White Fileds Kondapur Hy derabad Telangana Indian 5 00084", "Mineral": "Road Metal", "MineralTyp": "QL", "SurveyNumb": "286/A", "LandType": "Patta Land", "Production": 400000, "Dispatch": 400000, "ETS": 450000, "Notice": 50000, "Reg_From": "2025-07-10", "Reg_To": "2026-07-09"}, "geometry": {"type": "Polygon", "coordinates": [[[78.590839, 17.974894], [78.590828, 17.975798], [78.591773, 17.975808], [78.591783, 17.974904], [78.590839, 17.974894]]]}}, {"type": "Feature", "properties": {"District": "Medak", "Mandal": "Chegunta", "Company": "M/s. Krisol Infra Pvt Ltd Fairmount Square Building Unit No. 312 3rd Floor Kompally Medchal Malkajgiri", "Address": "M/s. Krisol Infra Pvt Ltd Fairmount Square Building Unit No. 312 3rd Floor Kompally Medchal Malkajgiri", "Mineral": "Road Metal", "MineralTyp": "QL", "SurveyNumb": "266", "LandType": "Govt.Land", "Production": 400000, "Dispatch": 400000, "ETS": 450000, "Notice": 50000, "Reg_From": "2025-07-14", "Reg_To": "2026-07-13"}, "geometry": {"type": "Polygon", "coordinates": [[[78.518774, 17.97753], [78.518763, 17.978434], [78.519708, 17.978444], [78.519718, 17.97754], [78.518774, 17.97753]]]}}, {"type": "Feature", "properties": {"District": "Warangal", "Mandal": "Chennaraopet", "Company": "M/s. Sresta Energy Solutions H.No. 44102/1 Gandhi Colony Chunchupally Kothagudem", "Address": "M/s. Sresta Energy Solutions H.No. 44102/1 Gandhi Colony Chunchupally Kothagudem", "Mineral": "Road Metal", "MineralTyp": "QL", "SurveyNumb": "281/1, 287/178", "LandType": "Govt.Land", "Production": 400000, "Dispatch": 400000, "ETS": 450000, "Notice": 50000, "Reg_From": "2025-07-18", "Reg_To": "2026-07-17"}, "geometry": {"type": "Polygon", "coordinates": [[[79.882646, 17.826163], [79.882642, 17.827067], [79.883586, 17.827072], [79.88359, 17.826168], [79.882646, 17.826163]]]}}, {"type": "Feature", "properties": {"District": "Medak", "Mandal": "Chegunta", "Company": "SRESTHA ENERGY SOLUTIONS LLP R905 RAJAPUSHPA THE RETREAT GANDIPET ROAD KOKAPET", "Address": "SRESTHA ENERGY SOLUTIONS LLP R905 RAJAPUSHPA THE RETREAT GANDIPET ROAD KOKAPET", "Mineral": "Road Metal", "MineralTyp": "QL", "SurveyNumb": "281/1, 287/178", "LandType": "Govt.Land", "Production": 400000, "Dispatch": 400000, "ETS": 450000, "Notice": 50000, "Reg_From": "2025-07-19", "Reg_To": "2026-07-18"}, "geometry": {"type": "Polygon", "coordinates": [[[78.544536, 17.990821], [78.544526, 17.991725], [78.54547, 17.991735], [78.545481, 17.990831], [78.544536, 17.990821]]]}}, {"type": "Feature", "properties": {"District": "Warangal", "Mandal": "Ghanpur (Station)", "Company": "BEARWORX ENGINEERING PRIVATE LIMITED 0 0 8415/16 SRINIVASA NILAYAM ROAD NO2 SAPTHAGIRI COLONY MIYAPUR Telangana", "Address": "BEARWORX ENGINEERING PRIVATE LIMITED 0 0 8415/16 SRINIVASA NILAYAM ROAD NO2 SAPTHAGIRI COLONY MIYAPUR Telangana", "Mineral": "Road Metal", "MineralTyp": "QL", "SurveyNumb": "281/1, 287/178", "LandType": "Govt.Land", "Production": 400000, "Dispatch": 400000, "ETS": 450000, "Notice": 50000, "Reg_From": "2025-07-22", "Reg_To": "2026-07-21"}, "geometry": {"type": "Polygon", "coordinates": [[[79.399649, 17.835017], [79.399643, 17.835921], [79.400587, 17.835928], [79.400593, 17.835024], [79.399649, 17.835017]]]}}, {"type": "Feature", "properties": {"District": "Warangal", "Mandal": "Zaffergadh", "Company": "P4Q SOLUTIONS 0 0 5 510 BHAVYA SREE SURYA APAR TMENTS BLOCK NO 2 HYDERNAGAR MEDCHAL Medchal Malkajgiri Telangana", "Address": "P4Q SOLUTIONS 0 0 5 510 BHAVYA SREE SURYA APAR TMENTS BLOCK NO 2 HYDERNAGAR MEDCHAL Medchal Malkajgiri Telangana", "Mineral": "Road Metal", "MineralTyp": "QL", "SurveyNumb": "262/1", "LandType": "Govt.Land", "Production": 400000, "Dispatch": 400000, "ETS": 450000, "Notice": 50000, "Reg_From": "2025-07-24", "Reg_To": "2026-07-23"}, "geometry": {"type": "Polygon", "coordinates": [[[79.431576, 17.83786], [79.431569, 17.838764], [79.432513, 17.83877], [79.432519, 17.837866], [79.431576, 17.83786]]]}}, {"type": "Feature", "properties": {"District": "Medak", "Mandal": "Thoguta", "Company": "Kondaas Automation Pvt Ltd 0 NO 5 B SRI ALAMELU NAGAR KAM ARAJAR ROAD COIMBATORE TAM ILNADU PINCODE", "Address": "Kondaas Automation Pvt Ltd 0 NO 5 B SRI ALAMELU NAGAR KAM ARAJAR ROAD COIMBATORE TAM ILNADU PINCODE", "Mineral": "Road Metal", "MineralTyp": "QL", "SurveyNumb": "230", "LandType": "Govt.Land", "Production": 400000, "Dispatch": 400000, "ETS": 450000, "Notice": 50000, "Reg_From": "2025-07-17", "Reg_To": "2026-07-16"}, "geometry": {"type": "Polygon", "coordinates": [[[78.65094, 18.000058], [78.65093, 18.000962], [78.651874, 18.000972], [78.651885, 18.000068], [78.65094, 18.000058]]]}}, {"type": "Feature", "properties": {"District": "Medak", "Mandal": "Chegunta", "Company": "M/s. VPCL Infra Limited Door No. /5/B/A/1/R78 1st Floor F27 SR Commericial Complex Bonakal Road Khammam", "Address": "M/s. VPCL Infra Limited Door No. /5/B/A/1/R78 1st Floor F27 SR Commericial Complex Bonakal Road Khammam", "Mineral": "Road Metal", "MineralTyp": "QL", "SurveyNumb": "230", "LandType": "Govt.Land", "Production": 400000, "Dispatch": 400000, "ETS": 450000, "Notice": 50000, "Reg_From": "2025-07-25", "Reg_To": "2027-07-24"}, "geometry": {"type": "Polygon", "coordinates": [[[78.491674, 18.003462], [78.491663, 18.004366], [78.492608, 18.004377], [78.492619, 18.003473], [78.491674, 18.003462]]]}}, {"type": "Feature", "properties": {"District": "Medak", "Mandal": "Chegunta", "Company": "RK One Enterprises 0 0 1156 Habsiguda Secunderaba d Telangana 50001 7", "Address": "RK One Enterprises 0 0 1156 Habsiguda Secunderaba d Telangana 50001 7", "Mineral": "Road Metal", "MineralTyp": "QL", "SurveyNumb": "276/1", "LandType": "Forest Land", "Production": 400000, "Dispatch": 400000, "ETS": 450000, "Notice": 50000, "Reg_From": "2025-07-25", "Reg_To": "2026-07-24"}, "geometry": {"type": "Polygon", "coordinates": [[[78.521737, 18.010166], [78.521727, 18.01107], [78.522671, 18.01108], [78.522682, 18.010176], [78.521737, 18.010166]]]}}, {"type": "Feature", "properties": {"District": "Medak", "Mandal": "Thoguta", "Company": "BENEDETTO ENTERPRISES 0 0 FIRST FLOOR H NO 4913 HMT NAGAR NACHARAM NACHARAM Med chal Malkajgiri Telangana 50 0076", "Address": "BENEDETTO ENTERPRISES 0 0 FIRST FLOOR H NO 4913 HMT NAGAR NACHARAM NACHARAM Med chal Malkajgiri Telangana 50 0076", "Mineral": "Road Metal", "MineralTyp": "QL", "SurveyNumb": "293", "LandType": "Govt.Land", "Production": 400000, "Dispatch": 400000, "ETS": 450000, "Notice": 50000, "Reg_From": "2025-07-25", "Reg_To": "2026-07-24"}, "geometry": {"type": "Polygon", "coordinates": [[[78.705701, 18.015686], [78.705691, 18.01659], [78.706635, 18.016599], [78.706645, 18.015695], [78.705701, 18.015686]]]}}, {"type": "Feature", "properties": {"District": "Warangal", "Mandal": "Ghanpur (Station)", "Company": "Claro Energy limited Floor No.2 Building No. Indira Nagar Tilak Nagar H yderabad Telangana", "Address": "Claro Energy limited Floor No.2 Building No. Indira Nagar Tilak Nagar H yderabad Telangana", "Mineral": "Road Metal", "MineralTyp": "QL", "SurveyNumb": "292 & 293", "LandType": "Govt.Land", "Production": 400000, "Dispatch": 400000, "ETS": 450000, "Notice": 50000, "Reg_From": "2025-07-25", "Reg_To": "2026-07-24"}, "geometry": {"type": "Polygon", "coordinates": [[[79.400602, 17.863194], [79.400595, 17.864098], [79.401539, 17.864105], [79.401546, 17.863201], [79.400602, 17.863194]]]}}, {"type": "Feature", "properties": {"District": "Warangal", "Mandal": "Ghanpur (Station)", "Company": "M/s. Heliossun Tech Pvt Ltd Plot No. 4 SY No. 18 Pragathi Nagar Bachupally Medchal Malkajgiri \u2013 .", "Address": "M/s. Heliossun Tech Pvt Ltd Plot No. 4 SY No. 18 Pragathi Nagar Bachupally Medchal Malkajgiri \u2013 .", "Mineral": "Black Granite", "MineralTyp": "QL", "SurveyNumb": "33, 34 & 35", "LandType": "Patta Land", "Production": 150000, "Dispatch": 150000, "ETS": 165000, "Notice": 15000, "Reg_From": "2025-07-25", "Reg_To": "2027-07-24"}, "geometry": {"type": "Polygon", "coordinates": [[[79.363401, 17.859176], [79.363394, 17.86008], [79.364338, 17.860087], [79.364345, 17.859183], [79.363401, 17.859176]]]}}, {"type": "Feature", "properties": {"District": "Warangal", "Mandal": "Zaffergadh", "Company": "M/s. Ujwal Systems Present office address # Beside SBI ATM HPS School Lane Chandrashekar Colony Nizamabad", "Address": "M/s. Ujwal Systems Present office address # Beside SBI ATM HPS School Lane Chandrashekar Colony Nizamabad", "Mineral": "Black Granite", "MineralTyp": "QL", "SurveyNumb": "238/P, 239/P & 242/P", "LandType": "Govt.Land", "Production": 150000, "Dispatch": 150000, "ETS": 165000, "Notice": 15000, "Reg_From": "2025-07-28", "Reg_To": "2026-07-27"}, "geometry": {"type": "Polygon", "coordinates": [[[79.444761, 17.867499], [79.444755, 17.868403], [79.445699, 17.868409], [79.445705, 17.867505], [79.444761, 17.867499]]]}}, {"type": "Feature", "properties": {"District": "Warangal", "Mandal": "Chennaraopet", "Company": "M/s. Starvolt Energy Pvt Ltd H. No. 180/3/B/A2/A/1 Sai Vamsi Colony Stn Jadcerla Mahabubnagar", "Address": "M/s. Starvolt Energy Pvt Ltd H. No. 180/3/B/A2/A/1 Sai Vamsi Colony Stn Jadcerla Mahabubnagar", "Mineral": "Black Granite", "MineralTyp": "QL", "SurveyNumb": "515, 547, 597 & 598", "LandType": "Govt.Land", "Production": 150000, "Dispatch": 150000, "ETS": 165000, "Notice": 15000, "Reg_From": "2025-07-29", "Reg_To": "2026-07-28"}, "geometry": {"type": "Polygon", "coordinates": [[[79.850106, 17.870446], [79.850102, 17.87135], [79.851046, 17.871355], [79.85105, 17.870451], [79.850106, 17.870446]]]}}, {"type": "Feature", "properties": {"District": "Warangal", "Mandal": "Sangam2", "Company": "M/s. Kampelli Constructions H. No. 9289 Natraj Center Palvancha Bhadradri Kothagudem", "Address": "M/s. Kampelli Constructions H. No. 9289 Natraj Center Palvancha Bhadradri Kothagudem", "Mineral": "Colour Granite", "MineralTyp": "QL", "SurveyNumb": "160/1", "LandType": "Govt.Land", "Production": 150000, "Dispatch": 150000, "ETS": 300000, "Notice": 150000, "Reg_From": "2025-07-31", "Reg_To": "2026-07-30"}, "geometry": {"type": "Polygon", "coordinates": [[[79.71384, 17.878194], [79.713835, 17.879098], [79.714779, 17.879104], [79.714784, 17.8782], [79.71384, 17.878194]]]}}, {"type": "Feature", "properties": {"District": "Warangal", "Mandal": "Ghanpur (Station)", "Company": "M/s. VN Energy H. No. 55d/31 Korremulla Road Vitalesara Colony Narapally Pocharam Medchal Malkajgiri.", "Address": "M/s. VN Energy H. No. 55d/31 Korremulla Road Vitalesara Colony Narapally Pocharam Medchal Malkajgiri.", "Mineral": "Black Granite", "MineralTyp": "QL", "SurveyNumb": "284/3,284/4,284/5,284/11,284/12,284/13,285", "LandType": "Govt.Land", "Production": 150000, "Dispatch": 150000, "ETS": 165000, "Notice": 15000, "Reg_From": "2025-07-30", "Reg_To": "2026-07-29"}, "geometry": {"type": "Polygon", "coordinates": [[[79.36939, 17.886703], [79.369383, 17.887607], [79.370327, 17.887613], [79.370334, 17.886709], [79.36939, 17.886703]]]}}, {"type": "Feature", "properties": {"District": "Warangal", "Mandal": "Chennaraopet", "Company": "MAXIMAL ENERGY PRIVATE LIMITED 0 0 Near Kesineni Ofc Plot No.201 D No.48161 Mahanadu Road Ganesh Nagar Gunadala Vijaya wada Krishna Andhra Pradesh", "Address": "MAXIMAL ENERGY PRIVATE LIMITED 0 0 Near Kesineni Ofc Plot No.201 D No.48161 Mahanadu Road Ganesh Nagar Gunadala Vijaya wada Krishna Andhra Pradesh", "Mineral": "Black Granite", "MineralTyp": "QL", "SurveyNumb": "630 & 631", "LandType": "Govt.Land", "Production": 150000, "Dispatch": 150000, "ETS": 165000, "Notice": 15000, "Reg_From": "2025-08-01", "Reg_To": "2026-07-31"}, "geometry": {"type": "Polygon", "coordinates": [[[79.866438, 17.891959], [79.866434, 17.892863], [79.867378, 17.892867], [79.867383, 17.891963], [79.866438, 17.891959]]]}}, {"type": "Feature", "properties": {"District": "Warangal", "Mandal": "Maddur2", "Company": "VIRAAT CONSTRUCTIONS 0 0 Near Sumangali uncti on Hall Ashok Colony Hanamko nda Telangana", "Address": "VIRAAT CONSTRUCTIONS 0 0 Near Sumangali uncti on Hall Ashok Colony Hanamko nda Telangana", "Mineral": "Black Granite", "MineralTyp": "QL", "SurveyNumb": "194", "LandType": "Patta Land", "Production": 150000, "Dispatch": 150000, "ETS": 165000, "Notice": 15000, "Reg_From": "2025-08-04", "Reg_To": "2026-08-03"}, "geometry": {"type": "Polygon", "coordinates": [[[79.022105, 17.888381], [79.022097, 17.889285], [79.023041, 17.889294], [79.023049, 17.88839], [79.022105, 17.888381]]]}}, {"type": "Feature", "properties": {"District": "Warangal", "Mandal": "Sangam2", "Company": "VJ ENTERPRISES 495 Flat no 407 bhavani plaza. op p ecil bus stop. ecil X roads.", "Address": "VJ ENTERPRISES 495 Flat no 407 bhavani plaza. op p ecil bus stop. ecil X roads.", "Mineral": "Black Granite", "MineralTyp": "QL", "SurveyNumb": "33, 34 & 35", "LandType": "Patta Land", "Production": 150000, "Dispatch": 150000, "ETS": 165000, "Notice": 15000, "Reg_From": "2025-08-04", "Reg_To": "2026-08-03"}, "geometry": {"type": "Polygon", "coordinates": [[[79.765056, 17.892189], [79.765051, 17.893093], [79.765995, 17.893098], [79.766, 17.892194], [79.765056, 17.892189]]]}}, {"type": "Feature", "properties": {"District": "Warangal", "Mandal": "Sangam2", "Company": "MYTHRI AND INFRA 0 0 121/2/B/1/1 SRIMANNARAYANA C OLONY Life Insurance Corporat ion Srimannarayana Colony Ko dad Suryapet Telangana 5082 06", "Address": "MYTHRI AND INFRA 0 0 121/2/B/1/1 SRIMANNARAYANA C OLONY Life Insurance Corporat ion Srimannarayana Colony Ko dad Suryapet Telangana 5082 06", "Mineral": "Black Granite", "MineralTyp": "QL", "SurveyNumb": "53/A & 54/A", "LandType": "Govt.Land", "Production": 150000, "Dispatch": 150000, "ETS": 165000, "Notice": 15000, "Reg_From": "2025-08-05", "Reg_To": "2027-08-04"}, "geometry": {"type": "Polygon", "coordinates": [[[79.738172, 17.891658], [79.738166, 17.892562], [79.739111, 17.892567], [79.739116, 17.891663], [79.738172, 17.891658]]]}}, {"type": "Feature", "properties": {"District": "Warangal", "Mandal": "Hanamkonda", "Company": "M/s. Sun Synergy Flat No. 71288/C/34 Ground Floor Lingaiahnagar Balkampet \u2013 .", "Address": "M/s. Sun Synergy Flat No. 71288/C/34 Ground Floor Lingaiahnagar Balkampet \u2013 .", "Mineral": "Black Granite", "MineralTyp": "QL", "SurveyNumb": "245 & 264", "LandType": "Govt.Land", "Production": 150000, "Dispatch": 150000, "ETS": 165000, "Notice": 15000, "Reg_From": "2025-07-25", "Reg_To": "2026-07-24"}, "geometry": {"type": "Polygon", "coordinates": [[[79.546078, 17.917596], [79.546072, 17.9185], [79.547016, 17.918506], [79.547022, 17.917602], [79.546078, 17.917596]]]}}, {"type": "Feature", "properties": {"District": "Warangal", "Mandal": "Dharmasagar", "Company": "M/s. Sri Narayana Enterprises H. No. 1323/8 Battisav New Housing Board Colony Agraja Township Adilabad", "Address": "M/s. Sri Narayana Enterprises H. No. 1323/8 Battisav New Housing Board Colony Agraja Township Adilabad", "Mineral": "Black Granite", "MineralTyp": "QL", "SurveyNumb": "240, 302, 303", "LandType": "Govt.Land", "Production": 150000, "Dispatch": 150000, "ETS": 165000, "Notice": 15000, "Reg_From": "2025-08-02", "Reg_To": "2026-08-01"}, "geometry": {"type": "Polygon", "coordinates": [[[79.399396, 17.919779], [79.399389, 17.920683], [79.400334, 17.92069], [79.40034, 17.919786], [79.399396, 17.919779]]]}}, {"type": "Feature", "properties": {"District": "Warangal", "Mandal": "Chennaraopet", "Company": "TRENOVA ENERGY PRIVATE LIMITED 3 5179 DRONADULA MARTUR MANDA L BAPATLA DISTRICT AP", "Address": "TRENOVA ENERGY PRIVATE LIMITED 3 5179 DRONADULA MARTUR MANDA L BAPATLA DISTRICT AP", "Mineral": "Black Granite", "MineralTyp": "QL", "SurveyNumb": "189/9 & 249/2", "LandType": "Govt.Land", "Production": 150000, "Dispatch": 150000, "ETS": 165000, "Notice": 15000, "Reg_From": "2025-08-06", "Reg_To": "2027-08-05"}, "geometry": {"type": "Polygon", "coordinates": [[[79.841847, 17.926428], [79.841842, 17.927332], [79.842787, 17.927337], [79.842791, 17.926433], [79.841847, 17.926428]]]}}, {"type": "Feature", "properties": {"District": "Warangal", "Mandal": "Chennaraopet", "Company": "M/s.Aditya Enterprises H. No. 201DH0001 Brundavanam Colony Bonakal Road Khammam", "Address": "M/s.Aditya Enterprises H. No. 201DH0001 Brundavanam Colony Bonakal Road Khammam", "Mineral": "Black Granite", "MineralTyp": "QL", "SurveyNumb": "241/P, 242/P, 242/A,B,D, 264/A,B & 302/2", "LandType": "Patta Land", "Production": 150000, "Dispatch": 150000, "ETS": 165000, "Notice": 15000, "Reg_From": "2025-08-09", "Reg_To": "2026-08-08"}, "geometry": {"type": "Polygon", "coordinates": [[[79.807116, 17.927413], [79.807111, 17.928317], [79.808055, 17.928322], [79.80806, 17.927418], [79.807116, 17.927413]]]}}, {"type": "Feature", "properties": {"District": "Warangal", "Mandal": "Narmetta", "Company": "SOLMECH ENERGY SERVICES (OPC) PRIVATE LIMITED 0 0 /2 1 Nagole Hyderab ad Rangareddy Telangana", "Address": "SOLMECH ENERGY SERVICES (OPC) PRIVATE LIMITED 0 0 /2 1 Nagole Hyderab ad Rangareddy Telangana", "Mineral": "Black Granite", "MineralTyp": "QL", "SurveyNumb": "47", "LandType": "Patta Land", "Production": 150000, "Dispatch": 150000, "ETS": 165000, "Notice": 15000, "Reg_From": "2025-08-12", "Reg_To": "2026-08-11"}, "geometry": {"type": "Polygon", "coordinates": [[[79.176939, 17.925989], [79.176931, 17.926893], [79.177876, 17.9269], [79.177883, 17.925996], [79.176939, 17.925989]]]}}, {"type": "Feature", "properties": {"District": "Warangal", "Mandal": "Narsampet", "Company": "M/s. AR Enterprises H.NO. 1125976/A Kothawada Kothawada Road Warangal Hanumakonda Telangana", "Address": "M/s. AR Enterprises H.NO. 1125976/A Kothawada Kothawada Road Warangal Hanumakonda Telangana", "Mineral": "Black Granite", "MineralTyp": "QL", "SurveyNumb": "121/P, 443/P, 444/P, & 445/P", "LandType": "Govt.Land", "Production": 150000, "Dispatch": 150000, "ETS": 165000, "Notice": 15000, "Reg_From": "2025-08-12", "Reg_To": "2026-08-11"}, "geometry": {"type": "Polygon", "coordinates": [[[79.826723, 17.937376], [79.826718, 17.93828], [79.827663, 17.938284], [79.827667, 17.93738], [79.826723, 17.937376]]]}}, {"type": "Feature", "properties": {"District": "Warangal", "Mandal": "Maddur2", "Company": "M/s. Rayso Solutions Plot No. 409 408P BN Reddy Nagar Hayath Nagar Saheb NagarKalan 500 Rangareddy", "Address": "M/s. Rayso Solutions Plot No. 409 408P BN Reddy Nagar Hayath Nagar Saheb NagarKalan 500 Rangareddy", "Mineral": "Black Granite", "MineralTyp": "QL", "SurveyNumb": "296/E & 296/F", "LandType": "Patta Land", "Production": 150000, "Dispatch": 150000, "ETS": 165000, "Notice": 15000, "Reg_From": "2025-08-12", "Reg_To": "2026-08-11"}, "geometry": {"type": "Polygon", "coordinates": [[[79.040327, 17.938665], [79.040318, 17.939569], [79.041263, 17.939577], [79.041271, 17.938673], [79.040327, 17.938665]]]}}, {"type": "Feature", "properties": {"District": "Warangal", "Mandal": "Warangal (Fully Urb*", "Company": "KS ASSOCIATES VINAYAKNAGAR NEREDME T TELANGANA INDIA .", "Address": "KS ASSOCIATES VINAYAKNAGAR NEREDME T TELANGANA INDIA .", "Mineral": "Black Granite", "MineralTyp": "QL", "SurveyNumb": "296/1, 296/73 & 74", "LandType": "Patta Land", "Production": 150000, "Dispatch": 150000, "ETS": 165000, "Notice": 15000, "Reg_From": "2025-08-13", "Reg_To": "2026-08-12"}, "geometry": {"type": "Polygon", "coordinates": [[[79.57985, 17.957852], [79.579844, 17.958755], [79.580788, 17.958761], [79.580794, 17.957857], [79.57985, 17.957852]]]}}, {"type": "Feature", "properties": {"District": "Karimnagar", "Mandal": "Shankarapatnam", "Company": "VISTA GLOBAL SOLUTIONS LLP ROOM. NO. 516 SY. NO. 12 ACE NDIA ARK LINGAMPALLI WHITE F IELDS KONDAPUR 5 00084 TELANGANA", "Address": "VISTA GLOBAL SOLUTIONS LLP ROOM. NO. 516 SY. NO. 12 ACE NDIA ARK LINGAMPALLI WHITE F IELDS KONDAPUR 5 00084 TELANGANA", "Mineral": "Black Granite", "MineralTyp": "QL", "SurveyNumb": "392/1", "LandType": "Govt.Land", "Production": 150000, "Dispatch": 150000, "ETS": 165000, "Notice": 15000, "Reg_From": "2025-08-13", "Reg_To": "2026-08-12"}, "geometry": {"type": "Polygon", "coordinates": [[[79.392643, 18.339548], [79.392636, 18.340452], [79.393583, 18.340458], [79.39359, 18.339555], [79.392643, 18.339548]]]}}, {"type": "Feature", "properties": {"District": "Warangal", "Mandal": "Maddur2", "Company": "ENERGY ENTERPRISE 0 0 SURVEY NO 720 PLOT NO 14 WEST PART H.NO 163/71 KAREEMGUD A VILLAGE KEESARA MANDAL Kee sara Medchal Malka jgiri Telangana", "Address": "ENERGY ENTERPRISE 0 0 SURVEY NO 720 PLOT NO 14 WEST PART H.NO 163/71 KAREEMGUD A VILLAGE KEESARA MANDAL Kee sara Medchal Malka jgiri Telangana", "Mineral": "Black Granite", "MineralTyp": "QL", "SurveyNumb": "651", "LandType": "Govt.Land", "Production": 150000, "Dispatch": 150000, "ETS": 165000, "Notice": 15000, "Reg_From": "2025-08-18", "Reg_To": "2026-08-17"}, "geometry": {"type": "Polygon", "coordinates": [[[79.129607, 17.955234], [79.129599, 17.956138], [79.130544, 17.956146], [79.130552, 17.955242], [79.129607, 17.955234]]]}}, {"type": "Feature", "properties": {"District": "Karimnagar", "Mandal": "Veenavanka", "Company": "M/s. Genesis onics India Pvt Ltd A 46 Madhuranagar", "Address": "M/s. Genesis onics India Pvt Ltd A 46 Madhuranagar", "Mineral": "Black Granite", "MineralTyp": "QL", "SurveyNumb": "117/P & 625/P", "LandType": "Govt.Land", "Production": 150000, "Dispatch": 150000, "ETS": 165000, "Notice": 15000, "Reg_From": "2025-08-16", "Reg_To": "2026-08-15"}, "geometry": {"type": "Polygon", "coordinates": [[[79.425797, 18.350326], [79.425791, 18.35123], [79.426737, 18.351236], [79.426744, 18.350333], [79.425797, 18.350326]]]}}, {"type": "Feature", "properties": {"District": "Warangal", "Mandal": "Narsampet", "Company": "S S TECHNOS INFRA PVT LTD 0 Flat No 409 Sai Ranga Bhaska r Residency Above Cafe Coffee Day Madhavanagar Miyapur H yderabad Telangana.", "Address": "S S TECHNOS INFRA PVT LTD 0 Flat No 409 Sai Ranga Bhaska r Residency Above Cafe Coffee Day Madhavanagar Miyapur H yderabad Telangana.", "Mineral": "Black Granite", "MineralTyp": "QL", "SurveyNumb": "424", "LandType": "Govt.Land", "Production": 150000, "Dispatch": 150000, "ETS": 165000, "Notice": 15000, "Reg_From": "2025-06-26", "Reg_To": "2026-06-25"}, "geometry": {"type": "Polygon", "coordinates": [[[79.899415, 17.964838], [79.899411, 17.965742], [79.900355, 17.965746], [79.90036, 17.964842], [79.899415, 17.964838]]]}}, {"type": "Feature", "properties": {"District": "Warangal", "Mandal": "Kothagudem2", "Company": "M/s. Enerqube Pvt Ltd H. No. 15/5 Sai Sukla Towers Beside Nagaram Muncipal Office Nagaram Medchal Malkajgiri \u2013 .", "Address": "M/s. Enerqube Pvt Ltd H. No. 15/5 Sai Sukla Towers Beside Nagaram Muncipal Office Nagaram Medchal Malkajgiri \u2013 .", "Mineral": "Black Granite", "MineralTyp": "QL", "SurveyNumb": "15/1 & 15/10", "LandType": "Govt. Assigned Lands", "Production": 150000, "Dispatch": 150000, "ETS": 165000, "Notice": 15000, "Reg_From": "2025-08-25", "Reg_To": "2026-08-24"}, "geometry": {"type": "Polygon", "coordinates": [[[80.006063, 17.983954], [80.006059, 17.984858], [80.007003, 17.984862], [80.007007, 17.983958], [80.006063, 17.983954]]]}}, {"type": "Feature", "properties": {"District": "Warangal", "Mandal": "Hanamkonda", "Company": "M/s. Energy H.No. 21170/1/19/B RK Garden Opp: SV Degree College Suryapet", "Address": "M/s. Energy H.No. 21170/1/19/B RK Garden Opp: SV Degree College Suryapet", "Mineral": "Black Granite", "MineralTyp": "QL", "SurveyNumb": "541/1/P", "LandType": "Govt.Land", "Production": 150000, "Dispatch": 150000, "ETS": 165000, "Notice": 15000, "Reg_From": "2018-07-10", "Reg_To": "2020-07-09"}, "geometry": {"type": "Polygon", "coordinates": [[[79.581732, 17.988713], [79.581726, 17.989617], [79.58267, 17.989623], [79.582676, 17.988719], [79.581732, 17.988713]]]}}, {"type": "Feature", "properties": {"District": "Karimnagar", "Mandal": "Veenavanka", "Company": "M/s. Sri Srinivasa Engineers Plot No. 181 Navodaya Colony Cherlapally Medchal Malkajgiri", "Address": "M/s. Sri Srinivasa Engineers Plot No. 181 Navodaya Colony Cherlapally Medchal Malkajgiri", "Mineral": "Black Granite", "MineralTyp": "QL", "SurveyNumb": "732, 780 & 735/P", "LandType": "Patta Land", "Production": 150000, "Dispatch": 150000, "ETS": 165000, "Notice": 15000, "Reg_From": "2025-08-25", "Reg_To": "2027-08-24"}, "geometry": {"type": "Polygon", "coordinates": [[[79.395475, 18.374797], [79.395468, 18.375701], [79.396415, 18.375707], [79.396422, 18.374804], [79.395475, 18.374797]]]}}, {"type": "Feature", "properties": {"District": "Warangal", "Mandal": "Maddur2", "Company": "Stockwell Services Private Limited 3rd Floor Arcade mal l Malviya Marg C scheme J aipur", "Address": "Stockwell Services Private Limited 3rd Floor Arcade mal l Malviya Marg C scheme J aipur", "Mineral": "Black Granite", "MineralTyp": "QL", "SurveyNumb": "176/A,176/A/1", "LandType": "Govt.Land", "Production": 150000, "Dispatch": 150000, "ETS": 165000, "Notice": 15000, "Reg_From": "2025-08-27", "Reg_To": "2026-08-26"}, "geometry": {"type": "Polygon", "coordinates": [[[78.979874, 17.992758], [78.979865, 17.993662], [78.98081, 17.99367], [78.980819, 17.992766], [78.979874, 17.992758]]]}}, {"type": "Feature", "properties": {"District": "Warangal", "Mandal": "Nallabelly", "Company": "M/s. SV Energies H.No. 7122 Kasipet Devapur Mancherial Dist \u2013 .", "Address": "M/s. SV Energies H.No. 7122 Kasipet Devapur Mancherial Dist \u2013 .", "Mineral": "Black Granite", "MineralTyp": "QL", "SurveyNumb": "170/P AND 177/P", "LandType": "Govt.Land", "Production": 150000, "Dispatch": 150000, "ETS": 165000, "Notice": 15000, "Reg_From": "2025-08-22", "Reg_To": "2026-08-21"}, "geometry": {"type": "Polygon", "coordinates": [[[79.878137, 18.006148], [79.878132, 18.007052], [79.879077, 18.007056], [79.879082, 18.006152], [79.878137, 18.006148]]]}}, {"type": "Feature", "properties": {"District": "Warangal", "Mandal": "Dharmasagar", "Company": "M/s. Navit Eco Tech Plot No. 68 Near Sai Baba Temple R L Nagar Rampally Medchal Malkajgiri \u2013 .", "Address": "M/s. Navit Eco Tech Plot No. 68 Near Sai Baba Temple R L Nagar Rampally Medchal Malkajgiri \u2013 .", "Mineral": "Black Granite", "MineralTyp": "QL", "SurveyNumb": "394/2 ,& 395/2", "LandType": "Govt.Land", "Production": 150000, "Dispatch": 150000, "ETS": 165000, "Notice": 15000, "Reg_From": "2025-09-01", "Reg_To": "2026-08-31"}, "geometry": {"type": "Polygon", "coordinates": [[[79.380287, 18.005286], [79.38028, 18.00619], [79.381225, 18.006197], [79.381232, 18.005293], [79.380287, 18.005286]]]}}, {"type": "Feature", "properties": {"District": "Warangal", "Mandal": "Atmakur5", "Company": "M/s. Solaxy Tech H.No. Road No. 3 Durga Colony Hanamkonda Telangana", "Address": "M/s. Solaxy Tech H.No. Road No. 3 Durga Colony Hanamkonda Telangana", "Mineral": "Black Granite", "MineralTyp": "QL", "SurveyNumb": "240/1", "LandType": "Govt.Land", "Production": 150000, "Dispatch": 150000, "ETS": 165000, "Notice": 15000, "Reg_From": "2025-08-30", "Reg_To": "2026-08-29"}, "geometry": {"type": "Polygon", "coordinates": [[[79.721562, 18.008795], [79.721556, 18.009699], [79.722501, 18.009704], [79.722506, 18.008801], [79.721562, 18.008795]]]}}, {"type": "Feature", "properties": {"District": "Warangal", "Mandal": "Dharmasagar", "Company": "M/s. Khammam Hub D. No. 10695/4/5/8 Bus Depot Road Burhanpuram Khammam", "Address": "M/s. Khammam Hub D. No. 10695/4/5/8 Bus Depot Road Burhanpuram Khammam", "Mineral": "Black Granite", "MineralTyp": "QL", "SurveyNumb": "416 & 426", "LandType": "Govt.Land", "Production": 150000, "Dispatch": 150000, "ETS": 165000, "Notice": 15000, "Reg_From": "2025-09-02", "Reg_To": "2026-09-01"}, "geometry": {"type": "Polygon", "coordinates": [[[79.422504, 17.998353], [79.422497, 17.999257], [79.423442, 17.999263], [79.423449, 17.998359], [79.422504, 17.998353]]]}}, {"type": "Feature", "properties": {"District": "Warangal", "Mandal": "Duggondi", "Company": "M/s. Namaste LLP H.No. /1/P/402 4th Floor Jewel Pawani Towers PV Narsimha Marg Somajiguda", "Address": "M/s. Namaste LLP H.No. /1/P/402 4th Floor Jewel Pawani Towers PV Narsimha Marg Somajiguda", "Mineral": "Black Granite", "MineralTyp": "QL", "SurveyNumb": "193, 198", "LandType": "Patta Land", "Production": 150000, "Dispatch": 150000, "ETS": 165000, "Notice": 15000, "Reg_From": "2025-09-04", "Reg_To": "2027-09-03"}, "geometry": {"type": "Polygon", "coordinates": [[[79.828014, 18.016181], [79.828009, 18.017085], [79.828954, 18.01709], [79.828959, 18.016186], [79.828014, 18.016181]]]}}, {"type": "Feature", "properties": {"District": "Warangal", "Mandal": "Duggondi", "Company": "M/s. Anantaguna Enterprises Flat No. 1946 Ram Nagar Geetha Adyayan Mandali Line Mancherial", "Address": "M/s. Anantaguna Enterprises Flat No. 1946 Ram Nagar Geetha Adyayan Mandali Line Mancherial", "Mineral": "Black Granite", "MineralTyp": "QL", "SurveyNumb": "200/B/1, 200/C/1, 197/A, 198/1/7, 199/A/2 OF", "LandType": "Govt.Land", "Production": 150000, "Dispatch": 150000, "ETS": 165000, "Notice": 15000, "Reg_From": "2025-09-02", "Reg_To": "2026-09-01"}, "geometry": {"type": "Polygon", "coordinates": [[[79.812229, 18.019216], [79.812224, 18.02012], [79.813169, 18.020125], [79.813174, 18.019221], [79.812229, 18.019216]]]}}, {"type": "Feature", "properties": {"District": "Warangal", "Mandal": "Nallabelly", "Company": "M/s. Chandana Enterprises Flat No. 103 1st Floor Plot No. 311 & 312 H.No. 56212/1/103 Syatamatic Residency Road No. 3/1 vaidehinagar Vanasthalipuram Rangareddy.", "Address": "M/s. Chandana Enterprises Flat No. 103 1st Floor Plot No. 311 & 312 H.No. 56212/1/103 Syatamatic Residency Road No. 3/1 vaidehinagar Vanasthalipuram Rangareddy.", "Mineral": "Black Granite", "MineralTyp": "QL", "SurveyNumb": "9/1 , 9/2, 198/1/7, 196/1", "LandType": "Patta Land", "Production": 150000, "Dispatch": 150000, "ETS": 165000, "Notice": 15000, "Reg_From": "2025-09-04", "Reg_To": "2026-09-03"}, "geometry": {"type": "Polygon", "coordinates": [[[79.920509, 18.021939], [79.920505, 18.022843], [79.92145, 18.022847], [79.921454, 18.021943], [79.920509, 18.021939]]]}}, {"type": "Feature", "properties": {"District": "Warangal", "Mandal": "Dharmasagar", "Company": "ON TRACK ENERGY SYSTEMS Flat No.405 Manila Towers Sa njay Nagar MalkajgiriHyderab ad", "Address": "ON TRACK ENERGY SYSTEMS Flat No.405 Manila Towers Sa njay Nagar MalkajgiriHyderab ad", "Mineral": "Black Granite", "MineralTyp": "QL", "SurveyNumb": "207", "LandType": "Patta Land", "Production": 150000, "Dispatch": 150000, "ETS": 165000, "Notice": 15000, "Reg_From": "2025-09-05", "Reg_To": "2026-09-04"}, "geometry": {"type": "Polygon", "coordinates": [[[79.331286, 18.012782], [79.331279, 18.013686], [79.332223, 18.013693], [79.33223, 18.012789], [79.331286, 18.012782]]]}}, {"type": "Feature", "properties": {"District": "Warangal", "Mandal": "Hanamkonda", "Company": "M/s. Rudraa Pvt Ltd D. No. 41558/9 Vemulawada Road Korutla Jagityal Dist.", "Address": "M/s. Rudraa Pvt Ltd D. No. 41558/9 Vemulawada Road Korutla Jagityal Dist.", "Mineral": "Black Granite", "MineralTyp": "QL", "SurveyNumb": "187, 188, 189", "LandType": "Patta Land", "Production": 150000, "Dispatch": 150000, "ETS": 165000, "Notice": 15000, "Reg_From": "2025-09-08", "Reg_To": "2026-09-07"}, "geometry": {"type": "Polygon", "coordinates": [[[79.569918, 18.023523], [79.569912, 18.024426], [79.570857, 18.024432], [79.570863, 18.023528], [79.569918, 18.023523]]]}}, {"type": "Feature", "properties": {"District": "Warangal", "Mandal": "Nallabelly", "Company": "M/s. Nature Technologies & Services 221/2 Budidagadda Basthi Kothagudem", "Address": "M/s. Nature Technologies & Services 221/2 Budidagadda Basthi Kothagudem", "Mineral": "Black Granite", "MineralTyp": "QL", "SurveyNumb": "18", "LandType": "Govt.Land", "Production": 150000, "Dispatch": 150000, "ETS": 165000, "Notice": 15000, "Reg_From": "2025-09-10", "Reg_To": "2026-09-09"}, "geometry": {"type": "Polygon", "coordinates": [[[79.938589, 18.023807], [79.938585, 18.024711], [79.939529, 18.024715], [79.939534, 18.023811], [79.938589, 18.023807]]]}}, {"type": "Feature", "properties": {"District": "Karimnagar", "Mandal": "Veenavanka", "Company": "M/s. Hanshith Infratech H. No.13131/2 Shastrinagar Street No.3 Nirmal \u2013 .", "Address": "M/s. Hanshith Infratech H. No.13131/2 Shastrinagar Street No.3 Nirmal \u2013 .", "Mineral": "Black Granite", "MineralTyp": "QL", "SurveyNumb": "76/A1 , 79/EE 80/P", "LandType": "Patta Land", "Production": 150000, "Dispatch": 150000, "ETS": 165000, "Notice": 15000, "Reg_From": "2025-09-10", "Reg_To": "2026-09-09"}, "geometry": {"type": "Polygon", "coordinates": [[[79.330667, 18.420752], [79.33066, 18.421656], [79.331606, 18.421663], [79.331614, 18.420759], [79.330667, 18.420752]]]}}, {"type": "Feature", "properties": {"District": "Karimnagar", "Mandal": "Veenavanka", "Company": "M/s. Arcedo Systems Pvt Ltd # 401 4th Floor Vaishnavi Lamani Arcade Doolapally Road Kompally Medchal Malkajgiri", "Address": "M/s. Arcedo Systems Pvt Ltd # 401 4th Floor Vaishnavi Lamani Arcade Doolapally Road Kompally Medchal Malkajgiri", "Mineral": "Black Granite", "MineralTyp": "QL", "SurveyNumb": "303/P,313/P,314/P,315,316/P,317/P,318,319,320/P,323/P,338,339/P,340&342/p", "LandType": "Patta Land", "Production": 150000, "Dispatch": 150000, "ETS": 165000, "Notice": 15000, "Reg_From": "2025-09-12", "Reg_To": "2026-09-11"}, "geometry": {"type": "Polygon", "coordinates": [[[79.367101, 18.422583], [79.367094, 18.423487], [79.36804, 18.423494], [79.368047, 18.42259], [79.367101, 18.422583]]]}}, {"type": "Feature", "properties": {"District": "Warangal", "Mandal": "Hasanparthy", "Company": "M/s. PMR Enterprises #14212/13 Saileela Enclaave Kapra Secunderabad", "Address": "M/s. PMR Enterprises #14212/13 Saileela Enclaave Kapra Secunderabad", "Mineral": "Black Granite", "MineralTyp": "QL", "SurveyNumb": "277/2, 280 & 308", "LandType": "Govt.Land", "Production": 150000, "Dispatch": 150000, "ETS": 165000, "Notice": 15000, "Reg_From": "2025-08-06", "Reg_To": "2026-08-05"}, "geometry": {"type": "Polygon", "coordinates": [[[79.581367, 18.042395], [79.581361, 18.043299], [79.582306, 18.043304], [79.582312, 18.0424], [79.581367, 18.042395]]]}}, {"type": "Feature", "properties": {"District": "Warangal", "Mandal": "Nallabelly", "Company": "M/s. Varchas Vega /4/2 Baba Nagar Colony Mallapur Medchal Malkajgiri", "Address": "M/s. Varchas Vega /4/2 Baba Nagar Colony Mallapur Medchal Malkajgiri", "Mineral": "Black Granite", "MineralTyp": "QL", "SurveyNumb": "177/2, 177/3, 178/P, 179/P, 300/1 & 300/2", "LandType": "Patta Land", "Production": 150000, "Dispatch": 150000, "ETS": 165000, "Notice": 15000, "Reg_From": "2025-09-15", "Reg_To": "2026-09-14"}, "geometry": {"type": "Polygon", "coordinates": [[[79.946458, 18.048757], [79.946454, 18.049661], [79.947399, 18.049665], [79.947403, 18.048761], [79.946458, 18.048757]]]}}, {"type": "Feature", "properties": {"District": "Warangal", "Mandal": "Nallabelly", "Company": "M/s. Sai Agencies H. No. 118SA0004 Opp: Reliance Trends Sagar Road Miryalaguda.", "Address": "M/s. Sai Agencies H. No. 118SA0004 Opp: Reliance Trends Sagar Road Miryalaguda.", "Mineral": "Black Granite", "MineralTyp": "QL", "SurveyNumb": "517/1, 515/E", "LandType": "Govt.Land", "Production": 150000, "Dispatch": 150000, "ETS": 165000, "Notice": 15000, "Reg_From": "2025-09-16", "Reg_To": "2026-09-15"}, "geometry": {"type": "Polygon", "coordinates": [[[79.862838, 18.05268], [79.862833, 18.053584], [79.863778, 18.053589], [79.863783, 18.052685], [79.862838, 18.05268]]]}}, {"type": "Feature", "properties": {"District": "Warangal", "Mandal": "Atmakur5", "Company": "M/s. Sunitha Corporation LLP H. No. /111/301 Syn962/A Gak Hill Ridge Apartments Hanamkonda.", "Address": "M/s. Sunitha Corporation LLP H. No. /111/301 Syn962/A Gak Hill Ridge Apartments Hanamkonda.", "Mineral": "Black Granite", "MineralTyp": "QL", "SurveyNumb": "409/1, 409/15", "LandType": "Govt.Land", "Production": 150000, "Dispatch": 150000, "ETS": 165000, "Notice": 15000, "Reg_From": "2025-09-15", "Reg_To": "2027-09-14"}, "geometry": {"type": "Polygon", "coordinates": [[[79.675268, 18.062301], [79.675262, 18.063205], [79.676207, 18.06321], [79.676213, 18.062307], [79.675268, 18.062301]]]}}, {"type": "Feature", "properties": {"District": "Warangal", "Mandal": "Atmakur5", "Company": "AIR MECH SYSTEMS 0 0 GROUND FLOOR DOOR NO. 07006/ A/25P SUBASHNAGAR QUTUBULLAP UR Medchal Malkajg iri Telangana", "Address": "AIR MECH SYSTEMS 0 0 GROUND FLOOR DOOR NO. 07006/ A/25P SUBASHNAGAR QUTUBULLAP UR Medchal Malkajg iri Telangana", "Mineral": "Black Granite", "MineralTyp": "QL", "SurveyNumb": "521", "LandType": "Govt.Land", "Production": 150000, "Dispatch": 150000, "ETS": 165000, "Notice": 15000, "Reg_From": "2025-09-18", "Reg_To": "2026-09-17"}, "geometry": {"type": "Polygon", "coordinates": [[[79.714031, 18.06072], [79.714026, 18.061624], [79.714971, 18.061629], [79.714976, 18.060725], [79.714031, 18.06072]]]}}, {"type": "Feature", "properties": {"District": "Warangal", "Mandal": "Nallabelly", "Company": "POOLA ENERGY PRIVATE LIMITED Plot 1/523/1 Opp MDO office Anantapur Road Penukonda And hra pradesh India Pincode51 5110", "Address": "POOLA ENERGY PRIVATE LIMITED Plot 1/523/1 Opp MDO office Anantapur Road Penukonda And hra pradesh India Pincode51 5110", "Mineral": "Black Granite", "MineralTyp": "QL", "SurveyNumb": "352/AA/3,358 AND 359/2", "LandType": "Govt.Land", "Production": 150000, "Dispatch": 150000, "ETS": 165000, "Notice": 15000, "Reg_From": "2025-09-10", "Reg_To": "2026-09-09"}, "geometry": {"type": "Polygon", "coordinates": [[[79.930367, 18.064787], [79.930363, 18.065691], [79.931308, 18.065695], [79.931312, 18.064791], [79.930367, 18.064787]]]}}, {"type": "Feature", "properties": {"District": "Karimnagar", "Mandal": "Odela", "Company": "SHREE SIRI 0 0 Plot No. 90 & 91 Flat No. 102 Navyas Enclave Block B Sapthagiri Colony Kukatpally Medchal Malkajgiri Telangana", "Address": "SHREE SIRI 0 0 Plot No. 90 & 91 Flat No. 102 Navyas Enclave Block B Sapthagiri Colony Kukatpally Medchal Malkajgiri Telangana", "Mineral": "Black Granite", "MineralTyp": "QL", "SurveyNumb": "521", "LandType": "Govt.Land", "Production": 150000, "Dispatch": 150000, "ETS": 165000, "Notice": 15000, "Reg_From": "2025-09-19", "Reg_To": "2026-09-18"}, "geometry": {"type": "Polygon", "coordinates": [[[79.388485, 18.454548], [79.388478, 18.455452], [79.389425, 18.455458], [79.389432, 18.454555], [79.388485, 18.454548]]]}}, {"type": "Feature", "properties": {"District": "Warangal", "Mandal": "Atmakur5", "Company": "M/s. Khushi Enterprises Shop No. 2 430 1st Floor Sai Nagar Colony RC Puram Sangareddy.", "Address": "M/s. Khushi Enterprises Shop No. 2 430 1st Floor Sai Nagar Colony RC Puram Sangareddy.", "Mineral": "Black Granite", "MineralTyp": "QL", "SurveyNumb": "179/D1", "LandType": "Govt.Land", "Production": 150000, "Dispatch": 150000, "ETS": 165000, "Notice": 15000, "Reg_From": "2025-09-20", "Reg_To": "2026-09-19"}, "geometry": {"type": "Polygon", "coordinates": [[[79.778358, 18.07729], [79.778353, 18.078194], [79.779298, 18.078199], [79.779303, 18.077295], [79.778358, 18.07729]]]}}, {"type": "Feature", "properties": {"District": "Warangal", "Mandal": "Hasanparthy", "Company": "KB Infrastructure Developers Plot No14 83833/216 PhaseII Kamalapuri ColonySrinagar Colony Telangana", "Address": "KB Infrastructure Developers Plot No14 83833/216 PhaseII Kamalapuri ColonySrinagar Colony Telangana", "Mineral": "Black Granite", "MineralTyp": "QL", "SurveyNumb": "740 & 741", "LandType": "Govt.Land", "Production": 150000, "Dispatch": 150000, "ETS": 165000, "Notice": 15000, "Reg_From": "2025-08-11", "Reg_To": "2026-08-10"}, "geometry": {"type": "Polygon", "coordinates": [[[79.581661, 18.082874], [79.581655, 18.083778], [79.5826, 18.083783], [79.582606, 18.08288], [79.581661, 18.082874]]]}}, {"type": "Feature", "properties": {"District": "Karimnagar", "Mandal": "Sultanabad", "Company": "M/s. Naaz Mattress and Steel Furniture Works 33105/2 Rajendra Nagar L.K.M Road Yellandu Bhadradri Kothagudem", "Address": "M/s. Naaz Mattress and Steel Furniture Works 33105/2 Rajendra Nagar L.K.M Road Yellandu Bhadradri Kothagudem", "Mineral": "Black Granite", "MineralTyp": "QL", "SurveyNumb": "735/P & 778/1", "LandType": "Patta Land & Govt Land", "Production": 150000, "Dispatch": 150000, "ETS": 165000, "Notice": 15000, "Reg_From": "2025-09-22", "Reg_To": "2026-09-21"}, "geometry": {"type": "Polygon", "coordinates": [[[79.363157, 18.460746], [79.36315, 18.461649], [79.364097, 18.461656], [79.364104, 18.460752], [79.363157, 18.460746]]]}}, {"type": "Feature", "properties": {"District": "Warangal", "Mandal": "Atmakur5", "Company": "Secure Zone 40131314 401 Reg. Address : Plot No 6 Parv athiNagar Neredmet MedchalM alkajgiri. . Communica tionAddress : 1st Floor Jyoth i Apartments SD Road Secunde rabad", "Address": "Secure Zone 40131314 401 Reg. Address : Plot No 6 Parv athiNagar Neredmet MedchalM alkajgiri. . Communica tionAddress : 1st Floor Jyoth i Apartments SD Road Secunde rabad", "Mineral": "Black Granite", "MineralTyp": "QL", "SurveyNumb": "176 PART,177/1,177/2,177/3 & 301", "LandType": "Patta Land", "Production": 150000, "Dispatch": 150000, "ETS": 165000, "Notice": 15000, "Reg_From": "2025-09-22", "Reg_To": "2027-09-21"}, "geometry": {"type": "Polygon", "coordinates": [[[79.802662, 18.083446], [79.802657, 18.084349], [79.803602, 18.084354], [79.803607, 18.08345], [79.802662, 18.083446]]]}}, {"type": "Feature", "properties": {"District": "Karimnagar", "Mandal": "Odela", "Company": "M/s. Sunlight Systems Plot No. 20973 Papireddy Colony Sheri Lingampally", "Address": "M/s. Sunlight Systems Plot No. 20973 Papireddy Colony Sheri Lingampally", "Mineral": "Black Granite", "MineralTyp": "QL", "SurveyNumb": "193/A & 194/A", "LandType": "Patta Land", "Production": 150000, "Dispatch": 150000, "ETS": 165000, "Notice": 15000, "Reg_From": "2025-09-23", "Reg_To": "2026-09-22"}, "geometry": {"type": "Polygon", "coordinates": [[[79.401097, 18.469472], [79.40109, 18.470375], [79.402037, 18.470382], [79.402044, 18.469478], [79.401097, 18.469472]]]}}, {"type": "Feature", "properties": {"District": "Karimnagar", "Mandal": "Sultanabad", "Company": "M/s. Grosure Energy Systems 1254/A Vijayapuri Colony Tarnaka Secunderabad", "Address": "M/s. Grosure Energy Systems 1254/A Vijayapuri Colony Tarnaka Secunderabad", "Mineral": "Black Granite", "MineralTyp": "QL", "SurveyNumb": "519/P & 70/P", "LandType": "Govt.Land", "Production": 150000, "Dispatch": 150000, "ETS": 165000, "Notice": 15000, "Reg_From": "2026-09-19", "Reg_To": "2027-09-18"}, "geometry": {"type": "Polygon", "coordinates": [[[79.380581, 18.474498], [79.380574, 18.475401], [79.381521, 18.475408], [79.381528, 18.474504], [79.380581, 18.474498]]]}}, {"type": "Feature", "properties": {"District": "Warangal", "Mandal": "Mulug2", "Company": "SOLRADDIS SOLUTIONS PRIVATE LIMITED krishna dattadno.71000014t hline sunshine colonynear d ammaiguda lakedammaigudahyde rabad", "Address": "SOLRADDIS SOLUTIONS PRIVATE LIMITED krishna dattadno.71000014t hline sunshine colonynear d ammaiguda lakedammaigudahyde rabad", "Mineral": "Black Granite", "MineralTyp": "QL", "SurveyNumb": "18", "LandType": "Govt.Land", "Production": 150000, "Dispatch": 150000, "ETS": 165000, "Notice": 15000, "Reg_From": "2025-10-09", "Reg_To": "2026-10-08"}, "geometry": {"type": "Polygon", "coordinates": [[[79.868906, 18.107245], [79.868902, 18.108149], [79.869847, 18.108154], [79.869851, 18.10725], [79.868906, 18.107245]]]}}, {"type": "Feature", "properties": {"District": "Adilabad", "Mandal": "Ichoda", "Company": "DURGA BHAVANI IRON STORE 0 0 17152/0/2 NAWABPET ROAD Ne w Gunj Mahabubnagar Mahabubn agar Telangana", "Address": "DURGA BHAVANI IRON STORE 0 0 17152/0/2 NAWABPET ROAD Ne w Gunj Mahabubnagar Mahabubn agar Telangana", "Mineral": "Black Granite", "MineralTyp": "QL", "SurveyNumb": "18", "LandType": "Govt.Land", "Production": 150000, "Dispatch": 150000, "ETS": 165000, "Notice": 15000, "Reg_From": "2025-09-24", "Reg_To": "2026-09-23"}, "geometry": {"type": "Polygon", "coordinates": [[[78.432674, 19.41411], [78.432663, 19.415013], [78.433615, 19.415024], [78.433626, 19.414121], [78.432674, 19.41411]]]}}, {"type": "Feature", "properties": {"District": "Warangal", "Mandal": "Mulug2", "Company": "M/s. Natural Plot no. 23 Road No. 4 kanukadurgaNnagar Kuntloor Hayath Nagar Telangana.", "Address": "M/s. Natural Plot no. 23 Road No. 4 kanukadurgaNnagar Kuntloor Hayath Nagar Telangana.", "Mineral": "Black Granite", "MineralTyp": "QL", "SurveyNumb": "187, 188, 189 & 192", "LandType": "Patta Land", "Production": 150000, "Dispatch": 150000, "ETS": 165000, "Notice": 15000, "Reg_From": "2025-09-24", "Reg_To": "2026-09-23"}, "geometry": {"type": "Polygon", "coordinates": [[[79.916531, 18.111216], [79.916526, 18.112119], [79.917471, 18.112124], [79.917476, 18.11122], [79.916531, 18.111216]]]}}, {"type": "Feature", "properties": {"District": "Warangal", "Mandal": "Mulug2", "Company": "M/s. Ayyappa Energy 13560 Sanjeevayya Colony Mancherial", "Address": "M/s. Ayyappa Energy 13560 Sanjeevayya Colony Mancherial", "Mineral": "Black Granite", "MineralTyp": "QL", "SurveyNumb": "187", "LandType": "Patta Land", "Production": 150000, "Dispatch": 150000, "ETS": 165000, "Notice": 15000, "Reg_From": "2025-09-25", "Reg_To": "2026-09-24"}, "geometry": {"type": "Polygon", "coordinates": [[[79.992839, 18.124421], [79.992835, 18.125325], [79.99378, 18.125328], [79.993784, 18.124425], [79.992839, 18.124421]]]}}, {"type": "Feature", "properties": {"District": "Adilabad", "Mandal": "Ichoda", "Company": "M/s. Sri Sai VLine Solutions 15350/2/5 Rekurthy KarimnagarTelangana", "Address": "M/s. Sri Sai VLine Solutions 15350/2/5 Rekurthy KarimnagarTelangana", "Mineral": "Black Granite", "MineralTyp": "QL", "SurveyNumb": "190/A/2, 191/A/1", "LandType": "Patta Land", "Production": 150000, "Dispatch": 150000, "ETS": 165000, "Notice": 15000, "Reg_From": "2025-08-28", "Reg_To": "2026-08-27"}, "geometry": {"type": "Polygon", "coordinates": [[[78.456491, 19.4247], [78.45648, 19.425603], [78.457431, 19.425613], [78.457443, 19.424711], [78.456491, 19.4247]]]}}, {"type": "Feature", "properties": {"District": "Adilabad", "Mandal": "Bazarhathnoor", "Company": "M/s. Tekas Group 435 Main Road Krishna Palce Ambedkar Nagar Sathupalli Khammam", "Address": "M/s. Tekas Group 435 Main Road Krishna Palce Ambedkar Nagar Sathupalli Khammam", "Mineral": "Black Granite", "MineralTyp": "QL", "SurveyNumb": "191194", "LandType": "Patta Land", "Production": 150000, "Dispatch": 150000, "ETS": 165000, "Notice": 15000, "Reg_From": "2025-09-26", "Reg_To": "2026-09-25"}, "geometry": {"type": "Polygon", "coordinates": [[[78.387161, 19.427221], [78.387149, 19.428124], [78.388101, 19.428135], [78.388113, 19.427232], [78.387161, 19.427221]]]}}, {"type": "Feature", "properties": {"District": "Warangal", "Mandal": "Mulug2", "Company": "M/s. Voltix Greentech Pvt Ltd Flat No. 102 Micasa Flora Devi Homes Colony Kompally", "Address": "M/s. Voltix Greentech Pvt Ltd Flat No. 102 Micasa Flora Devi Homes Colony Kompally", "Mineral": "Black Granite", "MineralTyp": "QL", "SurveyNumb": "115/A", "LandType": "Patta Land", "Production": 150000, "Dispatch": 150000, "ETS": 165000, "Notice": 15000, "Reg_From": "2025-09-27", "Reg_To": "2026-09-26"}, "geometry": {"type": "Polygon", "coordinates": [[[80.021063, 18.127716], [80.021059, 18.12862], [80.022004, 18.128624], [80.022008, 18.12772], [80.021063, 18.127716]]]}}, {"type": "Feature", "properties": {"District": "Warangal", "Mandal": "Govindaraopet", "Company": "M/s. Laxmi Narayana Enterprises H. No. 23549 Durshed Opp Gandhi Statue Karimnagar", "Address": "M/s. Laxmi Narayana Enterprises H. No. 23549 Durshed Opp Gandhi Statue Karimnagar", "Mineral": "Black Granite", "MineralTyp": "QL", "SurveyNumb": "2026-07-01 00:00:00", "LandType": "Govt.Land", "Production": 150000, "Dispatch": 150000, "ETS": 165000, "Notice": 15000, "Reg_From": "2025-09-27", "Reg_To": "2026-09-26"}, "geometry": {"type": "Polygon", "coordinates": [[[80.208959, 18.16968], [80.208956, 18.170584], [80.209901, 18.170586], [80.209905, 18.169683], [80.208959, 18.16968]]]}}, {"type": "Feature", "properties": {"District": "Warangal", "Mandal": "Govindaraopet", "Company": "SRI LAKSHMI NARAYANA ENTERPRISES 0 0 87 /1407 R M N 31 Vasa vi nagar Kurnool Kurnool An dhra Pradesh", "Address": "SRI LAKSHMI NARAYANA ENTERPRISES 0 0 87 /1407 R M N 31 Vasa vi nagar Kurnool Kurnool An dhra Pradesh", "Mineral": "Black Granite", "MineralTyp": "QL", "SurveyNumb": "2026-07-01 00:00:00", "LandType": "Govt.Land", "Production": 150000, "Dispatch": 150000, "ETS": 165000, "Notice": 15000, "Reg_From": "2025-09-27", "Reg_To": "2026-09-26"}, "geometry": {"type": "Polygon", "coordinates": [[[80.179243, 18.198955], [80.17924, 18.199859], [80.180186, 18.199862], [80.180189, 18.198958], [80.179243, 18.198955]]]}}, {"type": "Feature", "properties": {"District": "Adilabad", "Mandal": "Ichoda", "Company": "AVYESH PRIVATE LIMITED 0 0 23/39/1/502 Sri Rama Chandra Arcade Co Operative Bank Col ony Rangareddy Te langana", "Address": "AVYESH PRIVATE LIMITED 0 0 23/39/1/502 Sri Rama Chandra Arcade Co Operative Bank Col ony Rangareddy Te langana", "Mineral": "Black Granite", "MineralTyp": "QL", "SurveyNumb": "2026-07-01 00:00:00", "LandType": "Govt.Land", "Production": 150000, "Dispatch": 150000, "ETS": 165000, "Notice": 15000, "Reg_From": "2025-09-30", "Reg_To": "2027-09-29"}, "geometry": {"type": "Polygon", "coordinates": [[[78.49573, 19.461889], [78.495719, 19.462792], [78.496671, 19.462802], [78.496682, 19.461899], [78.49573, 19.461889]]]}}, {"type": "Feature", "properties": {"District": "Warangal", "Mandal": "Tadvai", "Company": "M/s. Viraj 801 Block A Nizampet Road Sun Vision Eye Care and Opticals Nizampet Medchal Malkajgiri", "Address": "M/s. Viraj 801 Block A Nizampet Road Sun Vision Eye Care and Opticals Nizampet Medchal Malkajgiri", "Mineral": "Black Granite", "MineralTyp": "QL", "SurveyNumb": "134/P,168/P", "LandType": "Govt.Land", "Production": 150000, "Dispatch": 150000, "ETS": 165000, "Notice": 15000, "Reg_From": "2025-09-30", "Reg_To": "2026-09-29"}, "geometry": {"type": "Polygon", "coordinates": [[[80.372334, 18.169361], [80.372332, 18.170265], [80.373277, 18.170267], [80.37328, 18.169363], [80.372334, 18.169361]]]}}, {"type": "Feature", "properties": {"District": "Warangal", "Mandal": "Tadvai", "Company": "M/s. Balaji Traders H.No. 113 Rajeev Chowrastha Palakurthy Jangaon Dist", "Address": "M/s. Balaji Traders H.No. 113 Rajeev Chowrastha Palakurthy Jangaon Dist", "Mineral": "Black Granite", "MineralTyp": "QL", "SurveyNumb": "152 & 182", "LandType": "Patta Land", "Production": 150000, "Dispatch": 150000, "ETS": 165000, "Notice": 15000, "Reg_From": "2025-09-30", "Reg_To": "2026-09-29"}, "geometry": {"type": "Polygon", "coordinates": [[[80.288996, 18.210886], [80.288994, 18.211789], [80.289939, 18.211792], [80.289942, 18.210888], [80.288996, 18.210886]]]}}, {"type": "Feature", "properties": {"District": "Warangal", "Mandal": "Tadvai", "Company": "is Electrical Services Private Limited 3rd floorH.No. 2136/83/301 UMCC Hospital Backsideis House Gajularamaram Quthub ullapur", "Address": "is Electrical Services Private Limited 3rd floorH.No. 2136/83/301 UMCC Hospital Backsideis House Gajularamaram Quthub ullapur", "Mineral": "Black Granite", "MineralTyp": "QL", "SurveyNumb": "200/A, 201/A, 202/A & 203/B", "LandType": "Patta Land", "Production": 150000, "Dispatch": 150000, "ETS": 165000, "Notice": 15000, "Reg_From": "2025-09-25", "Reg_To": "2026-09-24"}, "geometry": {"type": "Polygon", "coordinates": [[[80.323508, 18.213363], [80.323506, 18.214267], [80.324451, 18.214269], [80.324454, 18.213365], [80.323508, 18.213363]]]}}, {"type": "Feature", "properties": {"District": "Warangal", "Mandal": "Mulug2", "Company": "M/s. VIRAJ Energies 335/2 Rajapuram Palwancha Bhadradri Kothagudem", "Address": "M/s. VIRAJ Energies 335/2 Rajapuram Palwancha Bhadradri Kothagudem", "Mineral": "Black Granite", "MineralTyp": "QL", "SurveyNumb": "203, 204 & 205", "LandType": "Patta Land", "Production": 150000, "Dispatch": 150000, "ETS": 165000, "Notice": 15000, "Reg_From": "2025-10-01", "Reg_To": "2026-09-03"}, "geometry": {"type": "Polygon", "coordinates": [[[79.978092, 18.18316], [79.978088, 18.184064], [79.979033, 18.184068], [79.979037, 18.183164], [79.978092, 18.18316]]]}}, {"type": "Feature", "properties": {"District": "Adilabad", "Mandal": "Bazarhathnoor", "Company": "M/s. Viron Private Limited Door No. 51 Shiva Ganga Colony LB Nagar .", "Address": "M/s. Viron Private Limited Door No. 51 Shiva Ganga Colony LB Nagar .", "Mineral": "Black Granite", "MineralTyp": "QL", "SurveyNumb": "133", "LandType": "Patta Land", "Production": 150000, "Dispatch": 150000, "ETS": 165000, "Notice": 15000, "Reg_From": "2025-10-06", "Reg_To": "2026-10-05"}, "geometry": {"type": "Polygon", "coordinates": [[[78.469499, 19.495056], [78.469488, 19.495958], [78.47044, 19.495969], [78.470451, 19.495066], [78.469499, 19.495056]]]}}, {"type": "Feature", "properties": {"District": "Adilabad", "Mandal": "Bazarhathnoor", "Company": "M/s. Kranthi Marketing H.No. 10117 Mamillagudem Khammam.", "Address": "M/s. Kranthi Marketing H.No. 10117 Mamillagudem Khammam.", "Mineral": "Black Granite", "MineralTyp": "QL", "SurveyNumb": "134", "LandType": "Govt.Land", "Production": 150000, "Dispatch": 150000, "ETS": 165000, "Notice": 15000, "Reg_From": "2025-10-07", "Reg_To": "2026-10-06"}, "geometry": {"type": "Polygon", "coordinates": [[[78.428987, 19.498714], [78.428976, 19.499616], [78.429928, 19.499627], [78.429939, 19.498725], [78.428987, 19.498714]]]}}, {"type": "Feature", "properties": {"District": "Warangal", "Mandal": "Govindaraopet", "Company": "GERMAN 0 0 plot no DIII Road Number 2 Jeedimetla Medchal Malkajgiri Telangana", "Address": "GERMAN 0 0 plot no DIII Road Number 2 Jeedimetla Medchal Malkajgiri Telangana", "Mineral": "Black Granite", "MineralTyp": "QL", "SurveyNumb": "225/1", "LandType": "Patta Land", "Production": 150000, "Dispatch": 150000, "ETS": 165000, "Notice": 15000, "Reg_From": "2025-10-08", "Reg_To": "2026-10-07"}, "geometry": {"type": "Polygon", "coordinates": [[[80.174881, 18.24032], [80.174878, 18.241224], [80.175824, 18.241227], [80.175827, 18.240323], [80.174881, 18.24032]]]}}, {"type": "Feature", "properties": {"District": "Adilabad", "Mandal": "Gudihathnoor", "Company": "Maanvi Projects Flat no 102 GKNS Karuna Encla ve Plot no 1983 & 1984 Praga tinagar MedchalMalkajgiri T elangana", "Address": "Maanvi Projects Flat no 102 GKNS Karuna Encla ve Plot no 1983 & 1984 Praga tinagar MedchalMalkajgiri T elangana", "Mineral": "Black Granite", "MineralTyp": "QL", "SurveyNumb": "307/2 & 308/2", "LandType": "Patta Land", "Production": 150000, "Dispatch": 150000, "ETS": 165000, "Notice": 15000, "Reg_From": "2025-10-08", "Reg_To": "2026-10-07"}, "geometry": {"type": "Polygon", "coordinates": [[[78.473759, 19.516926], [78.473748, 19.517829], [78.4747, 19.51784], [78.474711, 19.516937], [78.473759, 19.516926]]]}}, {"type": "Feature", "properties": {"District": "Warangal", "Mandal": "Govindaraopet", "Company": "M/s. The Sky Enterprises H.No. 14346 Road No.5 Jayanagar Colony Khammam", "Address": "M/s. The Sky Enterprises H.No. 14346 Road No.5 Jayanagar Colony Khammam", "Mineral": "Black Granite", "MineralTyp": "QL", "SurveyNumb": "226 & 227", "LandType": "Patta Land", "Production": 150000, "Dispatch": 150000, "ETS": 165000, "Notice": 15000, "Reg_From": "2025-10-19", "Reg_To": "2026-10-18"}, "geometry": {"type": "Polygon", "coordinates": [[[80.176122, 18.257664], [80.176119, 18.258568], [80.177065, 18.258571], [80.177068, 18.257667], [80.176122, 18.257664]]]}}, {"type": "Feature", "properties": {"District": "Warangal", "Mandal": "Mangapet", "Company": "LEAD 0 0 GROUND FLOOR No.5759 SHOP N O.1 New Maruti Nagar Road NO .3 OPP VEDITH HOMES Kothapet Telang ana", "Address": "LEAD 0 0 GROUND FLOOR No.5759 SHOP N O.1 New Maruti Nagar Road NO .3 OPP VEDITH HOMES Kothapet Telang ana", "Mineral": "Black Granite", "MineralTyp": "QL", "SurveyNumb": "264/1,264/2,261,262,263 AND 225/120", "LandType": "Patta Land", "Production": 150000, "Dispatch": 150000, "ETS": 165000, "Notice": 15000, "Reg_From": "2025-10-18", "Reg_To": "2027-10-17"}, "geometry": {"type": "Polygon", "coordinates": [[[80.550392, 18.219499], [80.550391, 18.220403], [80.551337, 18.220404], [80.551338, 18.2195], [80.550392, 18.219499]]]}}, {"type": "Feature", "properties": {"District": "Warangal", "Mandal": "Tadvai", "Company": "GREENERA PROJECTS PRIVATE LIMITED 209 2ND FLOOR ASIAN SUN CITY NEAR DURGA MATHA TEMPLE KOTHAGUDA KONDAPUR RANGAREDD Y DIST TELANGANA", "Address": "GREENERA PROJECTS PRIVATE LIMITED 209 2ND FLOOR ASIAN SUN CITY NEAR DURGA MATHA TEMPLE KOTHAGUDA KONDAPUR RANGAREDD Y DIST TELANGANA", "Mineral": "Black Granite", "MineralTyp": "QL", "SurveyNumb": "304,305,307/2 & 308/2", "LandType": "Govt.Land", "Production": 150000, "Dispatch": 150000, "ETS": 165000, "Notice": 15000, "Reg_From": "2025-10-09", "Reg_To": "2027-10-08"}, "geometry": {"type": "Polygon", "coordinates": [[[80.270006, 18.260797], [80.270003, 18.2617], [80.270949, 18.261703], [80.270952, 18.260799], [80.270006, 18.260797]]]}}, {"type": "Feature", "properties": {"District": "Adilabad", "Mandal": "Bazarhathnoor", "Company": "M/s. Kakatiya Innovative Solutions Private Limited 22647/38 Central Excise colony Shivam Road", "Address": "M/s. Kakatiya Innovative Solutions Private Limited 22647/38 Central Excise colony Shivam Road", "Mineral": "Black Granite", "MineralTyp": "QL", "SurveyNumb": "306 & 326", "LandType": "Patta Land", "Production": 150000, "Dispatch": 150000, "ETS": 165000, "Notice": 15000, "Reg_From": "2025-10-07", "Reg_To": "2027-10-06"}, "geometry": {"type": "Polygon", "coordinates": [[[78.44371, 19.520592], [78.443698, 19.521495], [78.44465, 19.521505], [78.444662, 19.520603], [78.44371, 19.520592]]]}}, {"type": "Feature", "properties": {"District": "Warangal", "Mandal": "Tadvai", "Company": "VISHNUKA PRIVATE LIMITED 23547465 Niharika Jubilee One Road No. 1 Jubilee Hills Hyderab ad TELANGANA", "Address": "VISHNUKA PRIVATE LIMITED 23547465 Niharika Jubilee One Road No. 1 Jubilee Hills Hyderab ad TELANGANA", "Mineral": "Black Granite", "MineralTyp": "QL", "SurveyNumb": "326/2/1 , 337 AND 340", "LandType": "Patta Land", "Production": 150000, "Dispatch": 150000, "ETS": 165000, "Notice": 15000, "Reg_From": "2025-10-14", "Reg_To": "2027-10-13"}, "geometry": {"type": "Polygon", "coordinates": [[[80.279802, 18.293018], [80.279799, 18.293922], [80.280745, 18.293924], [80.280748, 18.29302], [80.279802, 18.293018]]]}}, {"type": "Feature", "properties": {"District": "Warangal", "Mandal": "Regonda", "Company": "M/s. Sun shine Solutions Ground Floor Plot No. B12 Sanvi Crescent Surya Nagar Bagh Hayathnagar Rangareddy \u2013 .", "Address": "M/s. Sun shine Solutions Ground Floor Plot No. B12 Sanvi Crescent Surya Nagar Bagh Hayathnagar Rangareddy \u2013 .", "Mineral": "Black Granite", "MineralTyp": "QL", "SurveyNumb": "340", "LandType": "Patta Land", "Production": 150000, "Dispatch": 150000, "ETS": 165000, "Notice": 15000, "Reg_From": "2025-10-15", "Reg_To": "2027-10-14"}, "geometry": {"type": "Polygon", "coordinates": [[[79.732892, 18.257534], [79.732886, 18.258438], [79.733832, 18.258443], [79.733838, 18.257539], [79.732892, 18.257534]]]}}, {"type": "Feature", "properties": {"District": "Warangal", "Mandal": "Tadvai", "Company": "M/s. Save 153YSR/2229/A/2 Tekulapalli Khammam", "Address": "M/s. Save 153YSR/2229/A/2 Tekulapalli Khammam", "Mineral": "Black Granite", "MineralTyp": "QL", "SurveyNumb": "202", "LandType": "Govt.Land", "Production": 150000, "Dispatch": 150000, "ETS": 165000, "Notice": 15000, "Reg_From": "2025-10-16", "Reg_To": "2026-10-15"}, "geometry": {"type": "Polygon", "coordinates": [[[80.186421, 18.309213], [80.186418, 18.310117], [80.187364, 18.31012], [80.187367, 18.309216], [80.186421, 18.309213]]]}}, {"type": "Feature", "properties": {"District": "Warangal", "Mandal": "Tadvai", "Company": "M/s. Abhi Solutions H. No. 469/46/3/A Manikeshwari Nagar Road No.6 Thegalaguttapalli Karimnagar \u2013 .", "Address": "M/s. Abhi Solutions H. No. 469/46/3/A Manikeshwari Nagar Road No.6 Thegalaguttapalli Karimnagar \u2013 .", "Mineral": "Black Granite", "MineralTyp": "QL", "SurveyNumb": "168", "LandType": "Patta Land", "Production": 150000, "Dispatch": 150000, "ETS": 165000, "Notice": 15000, "Reg_From": "2025-10-16", "Reg_To": "2027-10-15"}, "geometry": {"type": "Polygon", "coordinates": [[[80.256024, 18.309652], [80.256021, 18.310556], [80.256968, 18.310558], [80.256971, 18.309655], [80.256024, 18.309652]]]}}, {"type": "Feature", "properties": {"District": "Warangal", "Mandal": "Mogullapalle", "Company": "M/s. Truvoltz Green Energies Private Limited 53/3/17 Anjaiah Enclave Nearby Landmark: Near SR JR College Boduppal Medchal Malkajgiri.", "Address": "M/s. Truvoltz Green Energies Private Limited 53/3/17 Anjaiah Enclave Nearby Landmark: Near SR JR College Boduppal Medchal Malkajgiri.", "Mineral": "Black Granite", "MineralTyp": "QL", "SurveyNumb": "307,308,309,311 & 312", "LandType": "Govt.Land", "Production": 150000, "Dispatch": 150000, "ETS": 165000, "Notice": 15000, "Reg_From": "2025-10-16", "Reg_To": "2026-10-15"}, "geometry": {"type": "Polygon", "coordinates": [[[79.57268, 18.271677], [79.572674, 18.272581], [79.57362, 18.272587], [79.573626, 18.271683], [79.57268, 18.271677]]]}}, {"type": "Feature", "properties": {"District": "Warangal", "Mandal": "Tadvai", "Company": "AKTUELL S PRIVATE LIMITED 0 0 H.No.51/d/44 Plot No.44 Def ence Colony Near Laxmi Vihar Serilingampally Nallagandla Rangareddy Telan gana", "Address": "AKTUELL S PRIVATE LIMITED 0 0 H.No.51/d/44 Plot No.44 Def ence Colony Near Laxmi Vihar Serilingampally Nallagandla Rangareddy Telan gana", "Mineral": "Black Granite", "MineralTyp": "QL", "SurveyNumb": "523/A1 & 523/A2", "LandType": "Patta Land", "Production": 150000, "Dispatch": 150000, "ETS": 165000, "Notice": 15000, "Reg_From": "2025-10-18", "Reg_To": "2026-10-17"}, "geometry": {"type": "Polygon", "coordinates": [[[80.201849, 18.314758], [80.201846, 18.315662], [80.202792, 18.315665], [80.202795, 18.314761], [80.201849, 18.314758]]]}}, {"type": "Feature", "properties": {"District": "Warangal", "Mandal": "Regonda", "Company": "M/s. Sun Nextgen H. No. 1108/3/P92/4 OM Ganesh Nagar Turkayamjal", "Address": "M/s. Sun Nextgen H. No. 1108/3/P92/4 OM Ganesh Nagar Turkayamjal", "Mineral": "Black Granite", "MineralTyp": "QL", "SurveyNumb": "306/B &318/B", "LandType": "Patta Land", "Production": 150000, "Dispatch": 150000, "ETS": 165000, "Notice": 15000, "Reg_From": "2025-10-18", "Reg_To": "2026-10-17"}, "geometry": {"type": "Polygon", "coordinates": [[[79.759005, 18.306038], [79.759, 18.306941], [79.759946, 18.306946], [79.759951, 18.306042], [79.759005, 18.306038]]]}}, {"type": "Feature", "properties": {"District": "Warangal", "Mandal": "Tadvai", "Company": "M/s. NN Distributors and Marketing D. No. MIGH \u2013 70 Asif Nagar Mehidipatnam \u2013 .", "Address": "M/s. NN Distributors and Marketing D. No. MIGH \u2013 70 Asif Nagar Mehidipatnam \u2013 .", "Mineral": "Black Granite", "MineralTyp": "QL", "SurveyNumb": "303 to 309", "LandType": "Patta Land", "Production": 150000, "Dispatch": 150000, "ETS": 165000, "Notice": 15000, "Reg_From": "2025-10-23", "Reg_To": "2026-10-22"}, "geometry": {"type": "Polygon", "coordinates": [[[80.252953, 18.343173], [80.25295, 18.344077], [80.253896, 18.344079], [80.253899, 18.343176], [80.252953, 18.343173]]]}}, {"type": "Feature", "properties": {"District": "Warangal", "Mandal": "Venkatapur", "Company": "M/s. CRR Constructions 158PR0009 Prashanthi Nagar Khanapuram Haveli Khammam \u2013 .", "Address": "M/s. CRR Constructions 158PR0009 Prashanthi Nagar Khanapuram Haveli Khammam \u2013 .", "Mineral": "Black Granite", "MineralTyp": "QL", "SurveyNumb": "223 & 224", "LandType": "Govt.Land", "Production": 150000, "Dispatch": 150000, "ETS": 165000, "Notice": 15000, "Reg_From": "2025-10-24", "Reg_To": "2026-10-23"}, "geometry": {"type": "Polygon", "coordinates": [[[79.981873, 18.315926], [79.981869, 18.316829], [79.982815, 18.316833], [79.98282, 18.31593], [79.981873, 18.315926]]]}}, {"type": "Feature", "properties": {"District": "Warangal", "Mandal": "Chityal", "Company": "M/s. Svanik Enterprises FlatG2 DSP Homes Beside 1st Phase Colony HB Colony Moulali", "Address": "M/s. Svanik Enterprises FlatG2 DSP Homes Beside 1st Phase Colony HB Colony Moulali", "Mineral": "Black Granite", "MineralTyp": "QL", "SurveyNumb": "Compt.No:1148 (Sy.No\u2019s.202 & 204/1)", "LandType": "Forest Land", "Production": 150000, "Dispatch": 150000, "ETS": 165000, "Notice": 15000, "Reg_From": "2025-10-24", "Reg_To": "2026-10-23"}, "geometry": {"type": "Polygon", "coordinates": [[[79.728166, 18.323985], [79.728161, 18.324888], [79.729107, 18.324893], [79.729112, 18.32399], [79.728166, 18.323985]]]}}, {"type": "Feature", "properties": {"District": "Warangal", "Mandal": "Regonda", "Company": "M/s. RS Solutions Dr.No. 37645/A Vavilalapally Karimnagar \u2013 .", "Address": "M/s. RS Solutions Dr.No. 37645/A Vavilalapally Karimnagar \u2013 .", "Mineral": "Black Granite", "MineralTyp": "QL", "SurveyNumb": "258, 260 & 261", "LandType": "Patta Land", "Production": 150000, "Dispatch": 150000, "ETS": 165000, "Notice": 15000, "Reg_From": "2025-10-24", "Reg_To": "2026-10-23"}, "geometry": {"type": "Polygon", "coordinates": [[[79.775762, 18.336714], [79.775757, 18.337618], [79.776704, 18.337623], [79.776709, 18.336719], [79.775762, 18.336714]]]}}, {"type": "Feature", "properties": {"District": "Warangal", "Mandal": "Ghanpur (Mulug)", "Company": "SUN EDGE AND INFRA 0 0 4 17210/B2 / FLAT NO 404 B AVANI PLAZA KAMALA NAGAR OPP ECIL BUS STOP ECIL Hyderaba d Medchal Malkajgiri Telanga na", "Address": "SUN EDGE AND INFRA 0 0 4 17210/B2 / FLAT NO 404 B AVANI PLAZA KAMALA NAGAR OPP ECIL BUS STOP ECIL Hyderaba d Medchal Malkajgiri Telanga na", "Mineral": "Black Granite", "MineralTyp": "QL", "SurveyNumb": "296/1, 296/111,112,118,119,120 & 399/80", "LandType": "Patta Land", "Production": 150000, "Dispatch": 150000, "ETS": 165000, "Notice": 15000, "Reg_From": "2025-10-23", "Reg_To": "2026-10-22"}, "geometry": {"type": "Polygon", "coordinates": [[[79.889087, 18.341085], [79.889082, 18.341989], [79.890028, 18.341993], [79.890033, 18.34109], [79.889087, 18.341085]]]}}, {"type": "Feature", "properties": {"District": "Warangal", "Mandal": "Mogullapalle", "Company": "M/s. Rudra Enterprises 42316/1402 Indiramma Colony NTPC Ramagundam Peddapalli", "Address": "M/s. Rudra Enterprises 42316/1402 Indiramma Colony NTPC Ramagundam Peddapalli", "Mineral": "Black Granite", "MineralTyp": "QL", "SurveyNumb": "102/1", "LandType": "Govt.Land", "Production": 150000, "Dispatch": 150000, "ETS": 165000, "Notice": 15000, "Reg_From": "2025-10-27", "Reg_To": "2026-10-26"}, "geometry": {"type": "Polygon", "coordinates": [[[79.609191, 18.348914], [79.609185, 18.349818], [79.610131, 18.349823], [79.610137, 18.34892], [79.609191, 18.348914]]]}}, {"type": "Feature", "properties": {"District": "Warangal", "Mandal": "Venkatapur", "Company": "ECOLIGHT SOLUTIONS 687/1PJR Stadium LaneOPP SARASWATHI VIDYA MANDIR Chanda Nagar RangareddyTelangana", "Address": "ECOLIGHT SOLUTIONS 687/1PJR Stadium LaneOPP SARASWATHI VIDYA MANDIR Chanda Nagar RangareddyTelangana", "Mineral": "Black Granite", "MineralTyp": "QL", "SurveyNumb": "258, 260 & 261", "LandType": "Patta Land", "Production": 150000, "Dispatch": 150000, "ETS": 165000, "Notice": 15000, "Reg_From": "2025-10-18", "Reg_To": "2026-10-17"}, "geometry": {"type": "Polygon", "coordinates": [[[79.958815, 18.354204], [79.95881, 18.355108], [79.959757, 18.355112], [79.959761, 18.354208], [79.958815, 18.354204]]]}}, {"type": "Feature", "properties": {"District": "Warangal", "Mandal": "Mogullapalle", "Company": "M/s. Ekaveni India Private Limited Falt No. G2 BlockA NRS Resdiency Plot No. 179(P) Kondapur Serilingampally K.V. Rangareddy. .", "Address": "M/s. Ekaveni India Private Limited Falt No. G2 BlockA NRS Resdiency Plot No. 179(P) Kondapur Serilingampally K.V. Rangareddy. .", "Mineral": "Black Granite", "MineralTyp": "QL", "SurveyNumb": "265, 266, 272, 276, 277 & 280", "LandType": "Patta Land", "Production": 150000, "Dispatch": 150000, "ETS": 165000, "Notice": 15000, "Reg_From": "2025-10-25", "Reg_To": "2026-10-24"}, "geometry": {"type": "Polygon", "coordinates": [[[79.594455, 18.352485], [79.59445, 18.353389], [79.595396, 18.353394], [79.595402, 18.352491], [79.594455, 18.352485]]]}}, {"type": "Feature", "properties": {"District": "Warangal", "Mandal": "Venkatapur", "Company": "M/s. SP Solutions 1288/30/A/1 Inner Bypass Road Deepti School of Nursing Rallapeta Mancherial Telangana .", "Address": "M/s. SP Solutions 1288/30/A/1 Inner Bypass Road Deepti School of Nursing Rallapeta Mancherial Telangana .", "Mineral": "Black Granite", "MineralTyp": "QL", "SurveyNumb": "152", "LandType": "Govt.Land", "Production": 150000, "Dispatch": 150000, "ETS": 165000, "Notice": 15000, "Reg_From": "2025-10-29", "Reg_To": "2026-10-28"}, "geometry": {"type": "Polygon", "coordinates": [[[79.937376, 18.359428], [79.937372, 18.360332], [79.938318, 18.360336], [79.938323, 18.359432], [79.937376, 18.359428]]]}}, {"type": "Feature", "properties": {"District": "Warangal", "Mandal": "Chityal", "Company": "Suryachi Energy Private Limited 00 Ground Floor 311/3/512/1/15 Bhagya Nagar Road near Union S chool beside Hanuman Temple M ahalaxmiwada Adilabad Telangan a", "Address": "Suryachi Energy Private Limited 00 Ground Floor 311/3/512/1/15 Bhagya Nagar Road near Union S chool beside Hanuman Temple M ahalaxmiwada Adilabad Telangan a", "Mineral": "Black Granite", "MineralTyp": "QL", "SurveyNumb": "399/99,100,102,103 & 104", "LandType": "Govt.Land", "Production": 150000, "Dispatch": 150000, "ETS": 165000, "Notice": 15000, "Reg_From": "2025-10-31", "Reg_To": "2027-10-30"}, "geometry": {"type": "Polygon", "coordinates": [[[79.756388, 18.36824], [79.756383, 18.369143], [79.757329, 18.369148], [79.757334, 18.368244], [79.756388, 18.36824]]]}}, {"type": "Feature", "properties": {"District": "Warangal", "Mandal": "Venkatapur", "Company": "M/s. Bharat Green Energy Door No. 4299/5 Wanaparthy Pebbair Road Sai Nagar Colony Wanaparthy \u2013 .", "Address": "M/s. Bharat Green Energy Door No. 4299/5 Wanaparthy Pebbair Road Sai Nagar Colony Wanaparthy \u2013 .", "Mineral": "Black Granite", "MineralTyp": "QL", "SurveyNumb": "97/1", "LandType": "Govt.Land", "Production": 150000, "Dispatch": 150000, "ETS": 165000, "Notice": 15000, "Reg_From": "2025-10-31", "Reg_To": "2026-10-30"}, "geometry": {"type": "Polygon", "coordinates": [[[79.91642, 18.370854], [79.916415, 18.371757], [79.917362, 18.371762], [79.917366, 18.370858], [79.91642, 18.370854]]]}}, {"type": "Feature", "properties": {"District": "Warangal", "Mandal": "Ghanpur (Mulug)", "Company": "BIG G SOLUTIONS Plot No.68/P Sy No.540 Madha varam Estate Kukatpally Medc hal Malkajagiri 50 0072.", "Address": "BIG G SOLUTIONS Plot No.68/P Sy No.540 Madha varam Estate Kukatpally Medc hal Malkajagiri 50 0072.", "Mineral": "Black Granite", "MineralTyp": "QL", "SurveyNumb": "94", "LandType": "Govt.Land", "Production": 150000, "Dispatch": 150000, "ETS": 165000, "Notice": 15000, "Reg_From": "2025-10-31", "Reg_To": "2027-10-30"}, "geometry": {"type": "Polygon", "coordinates": [[[79.84674, 18.377975], [79.846736, 18.378879], [79.847682, 18.378883], [79.847687, 18.37798], [79.84674, 18.377975]]]}}, {"type": "Feature", "properties": {"District": "Warangal", "Mandal": "Chityal", "Company": "Econelssol Energy Private Limited NA 5th Floor Block B Jyothi Gra nules Kondapur Te langana", "Address": "Econelssol Energy Private Limited NA 5th Floor Block B Jyothi Gra nules Kondapur Te langana", "Mineral": "Black Granite", "MineralTyp": "QL", "SurveyNumb": "94/1 and 429", "LandType": "Govt.Land", "Production": 150000, "Dispatch": 150000, "ETS": 165000, "Notice": 15000, "Reg_From": "2025-11-03", "Reg_To": "2027-11-02"}, "geometry": {"type": "Polygon", "coordinates": [[[79.594386, 18.392768], [79.59438, 18.393671], [79.595326, 18.393677], [79.595332, 18.392773], [79.594386, 18.392768]]]}}, {"type": "Feature", "properties": {"District": "Warangal", "Mandal": "Bhupalpalle", "Company": "FOURP ENERGIES PRIVATE LIMITED 0 0 1213197 Flat No. 309 Pavan i Housing Towers St 12 Tarn aka Tel angana", "Address": "FOURP ENERGIES PRIVATE LIMITED 0 0 1213197 Flat No. 309 Pavan i Housing Towers St 12 Tarn aka Tel angana", "Mineral": "Black Granite", "MineralTyp": "QL", "SurveyNumb": "194/1", "LandType": "Govt.Land", "Production": 150000, "Dispatch": 150000, "ETS": 165000, "Notice": 15000, "Reg_From": "2025-11-06", "Reg_To": "2026-11-05"}, "geometry": {"type": "Polygon", "coordinates": [[[79.770203, 18.410817], [79.770197, 18.411721], [79.771144, 18.411726], [79.771149, 18.410822], [79.770203, 18.410817]]]}}, {"type": "Feature", "properties": {"District": "Warangal", "Mandal": "Bhupalpalle", "Company": "M/s. Meher Door No:129HA0004 Happy Homes Kesharajupally Nalgonda Telangana", "Address": "M/s. Meher Door No:129HA0004 Happy Homes Kesharajupally Nalgonda Telangana", "Mineral": "Black Granite", "MineralTyp": "QL", "SurveyNumb": "194/1", "LandType": "Govt.Land", "Production": 150000, "Dispatch": 150000, "ETS": 165000, "Notice": 15000, "Reg_From": "2025-11-06", "Reg_To": "2026-11-05"}, "geometry": {"type": "Polygon", "coordinates": [[[79.830428, 18.448619], [79.830424, 18.449522], [79.83137, 18.449527], [79.831375, 18.448623], [79.830428, 18.448619]]]}}, {"type": "Feature", "properties": {"District": "Warangal", "Mandal": "Bhupalpalle", "Company": "AXIWATT GREENTECHNO PRIVATE LIMITED Plot no.102 103Sri Krishna V ihar Road/Street: Temple Lane Mythri Nagar Phase2 Serilli ngampally City: Di strict: Rangareddy State: Tel angana PIN Code:", "Address": "AXIWATT GREENTECHNO PRIVATE LIMITED Plot no.102 103Sri Krishna V ihar Road/Street: Temple Lane Mythri Nagar Phase2 Serilli ngampally City: Di strict: Rangareddy State: Tel angana PIN Code:", "Mineral": "Black Granite", "MineralTyp": "QL", "SurveyNumb": "194/1", "LandType": "Govt.Land", "Production": 300000, "Dispatch": 300000, "ETS": 450000, "Notice": 150000, "Reg_From": "2025-10-31", "Reg_To": "2027-10-30"}, "geometry": {"type": "Polygon", "coordinates": [[[80.039532, 18.452673], [80.039528, 18.453576], [80.040475, 18.45358], [80.040479, 18.452676], [80.039532, 18.452673]]]}}, {"type": "Feature", "properties": {"District": "Warangal", "Mandal": "Bhupalpalle", "Company": "RAVION GREEN TECH SOLUTIONS NA NA H NO. 9 5/7/2106 BLOCK NO. 7 FLAT NO. 2106 MY HOME AVA TAR PUPPALAGUDA NARSINGI N ARSINGI GANDIPETRANGAREDDY", "Address": "RAVION GREEN TECH SOLUTIONS NA NA H NO. 9 5/7/2106 BLOCK NO. 7 FLAT NO. 2106 MY HOME AVA TAR PUPPALAGUDA NARSINGI N ARSINGI GANDIPETRANGAREDDY", "Mineral": "Black Granite", "MineralTyp": "QL", "SurveyNumb": "326/P", "LandType": "Govt.Land", "Production": 300000, "Dispatch": 300000, "ETS": 450000, "Notice": 150000, "Reg_From": "2025-10-07", "Reg_To": "2026-10-06"}, "geometry": {"type": "Polygon", "coordinates": [[[79.921736, 18.458364], [79.921732, 18.459268], [79.922679, 18.459272], [79.922683, 18.458369], [79.921736, 18.458364]]]}}, {"type": "Feature", "properties": {"District": "Karimnagar", "Mandal": "Gangadhara", "Company": "A K GREEN ENERGY Flat No. B2 Laxmi Mansion U managar New Bowenpally Secun derabad", "Address": "A K GREEN ENERGY Flat No. B2 Laxmi Mansion U managar New Bowenpally Secun derabad", "Mineral": "Black Granite", "MineralTyp": "QL", "SurveyNumb": "157, 201", "LandType": "Govt.Land", "Production": 300000, "Dispatch": 300000, "ETS": 450000, "Notice": 150000, "Reg_From": "2025-11-07", "Reg_To": "2026-11-06"}, "geometry": {"type": "Polygon", "coordinates": [[[78.988791, 18.591384], [78.988783, 18.592287], [78.98973, 18.592295], [78.989739, 18.591392], [78.988791, 18.591384]]]}}, {"type": "Feature", "properties": {"District": "Rangareddy", "Mandal": "Gandeed", "Company": "LAKSHMI ENTERPRISES NA SY NO.314B THIRUMALA BINNY RI CEMILLTHIMMAPUR X ROADTHIMMA PURMAMNOORWARANGAL RURAL TE LANGANA", "Address": "LAKSHMI ENTERPRISES NA SY NO.314B THIRUMALA BINNY RI CEMILLTHIMMAPUR X ROADTHIMMA PURMAMNOORWARANGAL RURAL TE LANGANA", "Mineral": "Black Granite", "MineralTyp": "QL", "SurveyNumb": "135/A and 136/C", "LandType": "Patta Land", "Production": 300000, "Dispatch": 300000, "ETS": 450000, "Notice": 150000, "Reg_From": "2025-11-09", "Reg_To": "2027-11-08"}, "geometry": {"type": "Polygon", "coordinates": [[[77.913305, 16.886425], [77.913291, 16.887329], [77.91423, 16.887343], [77.914244, 16.886438], [77.913305, 16.886425]]]}}, {"type": "Feature", "properties": {"District": "Rangareddy", "Mandal": "Gandeed", "Company": "PERPETUAL RENEWABLE ENERGIES PRIVATE LIMITED 0 0 358 S R Chambers Main Road Ramachandrapuram Sangareddy Telangana", "Address": "PERPETUAL RENEWABLE ENERGIES PRIVATE LIMITED 0 0 358 S R Chambers Main Road Ramachandrapuram Sangareddy Telangana", "Mineral": "Black Granite", "MineralTyp": "QL", "SurveyNumb": "209/A1", "LandType": "Patta Land", "Production": 300000, "Dispatch": 300000, "ETS": 450000, "Notice": 150000, "Reg_From": "2025-11-10", "Reg_To": "2027-11-09"}, "geometry": {"type": "Polygon", "coordinates": [[[77.752535, 16.897177], [77.75252, 16.898081], [77.75346, 16.898095], [77.753474, 16.897191], [77.752535, 16.897177]]]}}, {"type": "Feature", "properties": {"District": "Rangareddy", "Mandal": "Gandeed", "Company": "M/s. Brightroof LLP Flat No. 6014 BBlock Luxor Apartments Kondapur .", "Address": "M/s. Brightroof LLP Flat No. 6014 BBlock Luxor Apartments Kondapur .", "Mineral": "Black Granite", "MineralTyp": "QL", "SurveyNumb": "110", "LandType": "Govt.Land", "Production": 300000, "Dispatch": 300000, "ETS": 450000, "Notice": 150000, "Reg_From": "2025-11-12", "Reg_To": "2027-11-11"}, "geometry": {"type": "Polygon", "coordinates": [[[77.809849, 16.956885], [77.809835, 16.957789], [77.810774, 16.957803], [77.810788, 16.956898], [77.809849, 16.956885]]]}}, {"type": "Feature", "properties": {"District": "Rangareddy", "Mandal": "Gandeed", "Company": "M/s. Chinmayee Associates Pvt Ltd H. No. 11075/1/1 to 6 Flat No. 505 Saptagiri Begumpet \u2013 .", "Address": "M/s. Chinmayee Associates Pvt Ltd H. No. 11075/1/1 to 6 Flat No. 505 Saptagiri Begumpet \u2013 .", "Mineral": "Black Granite", "MineralTyp": "QL", "SurveyNumb": "201", "LandType": "Patta Land", "Production": 300000, "Dispatch": 300000, "ETS": 450000, "Notice": 150000, "Reg_From": "2025-11-13", "Reg_To": "2026-11-12"}, "geometry": {"type": "Polygon", "coordinates": [[[77.774733, 16.972596], [77.774719, 16.9735], [77.775658, 16.973514], [77.775672, 16.972609], [77.774733, 16.972596]]]}}, {"type": "Feature", "properties": {"District": "Rangareddy", "Mandal": "Yacharam", "Company": "M/s. Mahasurya Energies Private Limited 19215/7 back of pendigirini Ramnagar Mancherial Telangana", "Address": "M/s. Mahasurya Energies Private Limited 19215/7 back of pendigirini Ramnagar Mancherial Telangana", "Mineral": "Black Granite", "MineralTyp": "QL", "SurveyNumb": "201/A, 202/A & 202/B", "LandType": "Patta Land", "Production": 300000, "Dispatch": 300000, "ETS": 450000, "Notice": 150000, "Reg_From": "2025-11-13", "Reg_To": "2027-11-12"}, "geometry": {"type": "Polygon", "coordinates": [[[78.703314, 17.006521], [78.703304, 17.007425], [78.704244, 17.007435], [78.704254, 17.00653], [78.703314, 17.006521]]]}}, {"type": "Feature", "properties": {"District": "Rangareddy", "Mandal": "Kulkacharla", "Company": "SHARP ELECTRONICS 0 SHOP NO 71 MAIN ROAD COTTON YARD BHAINSA NIRMAL TELANGA NA504103 NO", "Address": "SHARP ELECTRONICS 0 SHOP NO 71 MAIN ROAD COTTON YARD BHAINSA NIRMAL TELANGA NA504103 NO", "Mineral": "Black Granite", "MineralTyp": "QL", "SurveyNumb": "19/1", "LandType": "Govt.Land", "Production": 300000, "Dispatch": 300000, "ETS": 450000, "Notice": 150000, "Reg_From": "2025-11-14", "Reg_To": "2027-11-13"}, "geometry": {"type": "Polygon", "coordinates": [[[77.876467, 17.002629], [77.876453, 17.003533], [77.877393, 17.003546], [77.877407, 17.002642], [77.876467, 17.002629]]]}}, {"type": "Feature", "properties": {"District": "Rangareddy", "Mandal": "Yacharam", "Company": "M/s. Sundeep Energy 81355 Kranti Nagar Gollaguda Nalgonda", "Address": "M/s. Sundeep Energy 81355 Kranti Nagar Gollaguda Nalgonda", "Mineral": "Black Granite", "MineralTyp": "QL", "SurveyNumb": "133/P, 134, 136/P & 177/P", "LandType": "Govt.Land", "Production": 300000, "Dispatch": 300000, "ETS": 450000, "Notice": 150000, "Reg_From": "2025-11-18", "Reg_To": "2027-11-17"}, "geometry": {"type": "Polygon", "coordinates": [[[78.66821, 17.014994], [78.6682, 17.015899], [78.66914, 17.015909], [78.66915, 17.015004], [78.66821, 17.014994]]]}}, {"type": "Feature", "properties": {"District": "Rangareddy", "Mandal": "Yacharam", "Company": "M/s. Binginapalli Infra Pvt Ltd D. No. 4626/4&5/301 3rd Floor G & G trade Centre Near Pillar No. 135 Attapur .", "Address": "M/s. Binginapalli Infra Pvt Ltd D. No. 4626/4&5/301 3rd Floor G & G trade Centre Near Pillar No. 135 Attapur .", "Mineral": "Black Granite", "MineralTyp": "QL", "SurveyNumb": "519/1", "LandType": "Govt.Land", "Production": 300000, "Dispatch": 300000, "ETS": 450000, "Notice": 150000, "Reg_From": "2025-11-18", "Reg_To": "2027-11-17"}, "geometry": {"type": "Polygon", "coordinates": [[[78.650427, 17.025841], [78.650416, 17.026745], [78.651356, 17.026755], [78.651367, 17.02585], [78.650427, 17.025841]]]}}, {"type": "Feature", "properties": {"District": "Rangareddy", "Mandal": "Doma", "Company": "M/s. Mithra Constructions & Interiors H No. 161 Dream Homes Colony Muthvelliguda Ghatkesar Medchal \u2013 Malkajgiri", "Address": "M/s. Mithra Constructions & Interiors H No. 161 Dream Homes Colony Muthvelliguda Ghatkesar Medchal \u2013 Malkajgiri", "Mineral": "Black Granite", "MineralTyp": "QL", "SurveyNumb": "70/1B", "LandType": "Patta Land", "Production": 300000, "Dispatch": 300000, "ETS": 450000, "Notice": 150000, "Reg_From": "2025-10-10", "Reg_To": "2027-10-09"}, "geometry": {"type": "Polygon", "coordinates": [[[77.797847, 17.024714], [77.797832, 17.025618], [77.798772, 17.025632], [77.798786, 17.024727], [77.797847, 17.024714]]]}}, {"type": "Feature", "properties": {"District": "Rangareddy", "Mandal": "Kandukur2", "Company": "M/s. Nxgyudha Marketing Pvt Ltd 4354/2 Under Dammaiguda Municipality Plot No05 NS Anjanandri Nagar Colony Medchal Malkajgiri Telangana .", "Address": "M/s. Nxgyudha Marketing Pvt Ltd 4354/2 Under Dammaiguda Municipality Plot No05 NS Anjanandri Nagar Colony Medchal Malkajgiri Telangana .", "Mineral": "Black Granite", "MineralTyp": "QL", "SurveyNumb": "519/1", "LandType": "Govt.Land", "Production": 300000, "Dispatch": 300000, "ETS": 450000, "Notice": 150000, "Reg_From": "2025-11-19", "Reg_To": "2026-11-18"}, "geometry": {"type": "Polygon", "coordinates": [[[78.574327, 17.058775], [78.574316, 17.059679], [78.575256, 17.059689], [78.575267, 17.058785], [78.574327, 17.058775]]]}}, {"type": "Feature", "properties": {"District": "Rangareddy", "Mandal": "Doma", "Company": "M/s. Sunroofx Energy Pvt Ltd F No. 101 Plot No. 253 & 254 Prashanthi Hills Colony Gachibowli \u2013 .", "Address": "M/s. Sunroofx Energy Pvt Ltd F No. 101 Plot No. 253 & 254 Prashanthi Hills Colony Gachibowli \u2013 .", "Mineral": "Black Granite", "MineralTyp": "QL", "SurveyNumb": "541/1/P", "LandType": "Govt.Land", "Production": 300000, "Dispatch": 300000, "ETS": 450000, "Notice": 150000, "Reg_From": "2025-11-20", "Reg_To": "2026-11-19"}, "geometry": {"type": "Polygon", "coordinates": [[[77.827002, 17.053758], [77.826988, 17.054662], [77.827929, 17.054675], [77.827942, 17.053771], [77.827002, 17.053758]]]}}, {"type": "Feature", "properties": {"District": "Rangareddy", "Mandal": "Kandukur2", "Company": "M/s. Sri Krishna Solutions # /B/9 Telangana Colony RTA Office Rangashaipet Warangal \u2013 .", "Address": "M/s. Sri Krishna Solutions # /B/9 Telangana Colony RTA Office Rangashaipet Warangal \u2013 .", "Mineral": "Colour Granite", "MineralTyp": "QL", "SurveyNumb": "46", "LandType": "Govt.Land", "Production": 150000, "Dispatch": 150000, "ETS": 300000, "Notice": 150000, "Reg_From": "2025-11-20", "Reg_To": "2026-11-19"}, "geometry": {"type": "Polygon", "coordinates": [[[78.455512, 17.075116], [78.455501, 17.07602], [78.456441, 17.076031], [78.456453, 17.075127], [78.455512, 17.075116]]]}}, {"type": "Feature", "properties": {"District": "Rangareddy", "Mandal": "Doma", "Company": "M/s. Greenray Energy H .No. 21544/37 Hitech Colony Manjoornagar Jayashankar Bhupally \u2013 .", "Address": "M/s. Greenray Energy H .No. 21544/37 Hitech Colony Manjoornagar Jayashankar Bhupally \u2013 .", "Mineral": "Black Granite", "MineralTyp": "QL", "SurveyNumb": "60/33", "LandType": "Patta Land", "Production": 300000, "Dispatch": 300000, "ETS": 450000, "Notice": 150000, "Reg_From": "2025-11-20", "Reg_To": "2026-11-19"}, "geometry": {"type": "Polygon", "coordinates": [[[77.848905, 17.081111], [77.848891, 17.082015], [77.849831, 17.082028], [77.849845, 17.081124], [77.848905, 17.081111]]]}}, {"type": "Feature", "properties": {"District": "Rangareddy", "Mandal": "Maheswaram", "Company": "M/s. Technosync Softsolutions Pvt Ltd 137/315 Chandra Bellas Vistast R.P Nilayam Old Alwal Medchal Malkajgiri", "Address": "M/s. Technosync Softsolutions Pvt Ltd 137/315 Chandra Bellas Vistast R.P Nilayam Old Alwal Medchal Malkajgiri", "Mineral": "Black Granite", "MineralTyp": "QL", "SurveyNumb": "46/1", "LandType": "Govt.Land", "Production": 300000, "Dispatch": 300000, "ETS": 450000, "Notice": 150000, "Reg_From": "2025-11-21", "Reg_To": "2027-11-20"}, "geometry": {"type": "Polygon", "coordinates": [[[78.359258, 17.119395], [78.359246, 17.1203], [78.360186, 17.120311], [78.360198, 17.119407], [78.359258, 17.119395]]]}}, {"type": "Feature", "properties": {"District": "Rangareddy", "Mandal": "Kandukur2", "Company": "M/s. Hindustan Enterprises H. No. 29619 Dabagardens Lalitha Colony Vishakapatnam", "Address": "M/s. Hindustan Enterprises H. No. 29619 Dabagardens Lalitha Colony Vishakapatnam", "Mineral": "Black Granite", "MineralTyp": "QL", "SurveyNumb": "153, 154, 155", "LandType": "Govt.Land", "Production": 300000, "Dispatch": 300000, "ETS": 450000, "Notice": 150000, "Reg_From": "2025-11-21", "Reg_To": "2027-11-20"}, "geometry": {"type": "Polygon", "coordinates": [[[78.552771, 17.136296], [78.55276, 17.1372], [78.553701, 17.13721], [78.553712, 17.136306], [78.552771, 17.136296]]]}}, {"type": "Feature", "properties": {"District": "Rangareddy", "Mandal": "Basheerabad", "Company": "M/s. Sri Ravi Kiran World Plot No. 7283/34A/5 Indra Nagar Colony Near Rosewood Apts Nirmal", "Address": "M/s. Sri Ravi Kiran World Plot No. 7283/34A/5 Indra Nagar Colony Near Rosewood Apts Nirmal", "Mineral": "Black Granite", "MineralTyp": "QL", "SurveyNumb": "8/AA&E", "LandType": "Patta Land", "Production": 300000, "Dispatch": 300000, "ETS": 450000, "Notice": 150000, "Reg_From": "2025-11-21", "Reg_To": "2026-11-20"}, "geometry": {"type": "Polygon", "coordinates": [[[77.432785, 17.139532], [77.43277, 17.140436], [77.43371, 17.140452], [77.433726, 17.139547], [77.432785, 17.139532]]]}}, {"type": "Feature", "properties": {"District": "Rangareddy", "Mandal": "Shabad", "Company": "HANVEETHA SOLUTIONS PRIVATE LIMITED 0 0 ground floor 10126/34 Adhar sh Nagar Colony Road no 2 Ad harsh nagar colony Adilabad Adilabad Adilabad Telangana", "Address": "HANVEETHA SOLUTIONS PRIVATE LIMITED 0 0 ground floor 10126/34 Adhar sh Nagar Colony Road no 2 Ad harsh nagar colony Adilabad Adilabad Adilabad Telangana", "Mineral": "Black Granite", "MineralTyp": "QL", "SurveyNumb": "107/C/28/2, 107/C/30/1 & 107/C/A/1", "LandType": "Patta Land", "Production": 300000, "Dispatch": 300000, "ETS": 450000, "Notice": 150000, "Reg_From": "2025-11-22", "Reg_To": "2026-11-21"}, "geometry": {"type": "Polygon", "coordinates": [[[78.120561, 17.156011], [78.120548, 17.156915], [78.121489, 17.156927], [78.121501, 17.156023], [78.120561, 17.156011]]]}}, {"type": "Feature", "properties": {"District": "Rangareddy", "Mandal": "Yelal", "Company": "ITR INFRATECH PRIVATE LIMITED H No.11246/4 Plot No.253 Srinivasa Rao Nagar Colony Kapra", "Address": "ITR INFRATECH PRIVATE LIMITED H No.11246/4 Plot No.253 Srinivasa Rao Nagar Colony Kapra", "Mineral": "Quartz", "MineralTyp": "QL", "SurveyNumb": "195", "LandType": "Govt.Land", "Production": 250000, "Dispatch": 250000, "ETS": 255000, "Notice": 5000, "Reg_From": "2025-07-07", "Reg_To": "2026-07-06"}, "geometry": {"type": "Polygon", "coordinates": [[[77.580945, 17.151381], [77.580929, 17.152285], [77.58187, 17.1523], [77.581885, 17.151395], [77.580945, 17.151381]]]}}, {"type": "Feature", "properties": {"District": "Rangareddy", "Mandal": "Basheerabad", "Company": "M/s. Ajeya Energy Solutions Shutter No 2 D No 6135/PPM/ 134 SY No & 155 Bowrampet Road Silver Oaks International School Bowrampet Medchal Malkajgiri Telangana", "Address": "M/s. Ajeya Energy Solutions Shutter No 2 D No 6135/PPM/ 134 SY No & 155 Bowrampet Road Silver Oaks International School Bowrampet Medchal Malkajgiri Telangana", "Mineral": "Black Granite", "MineralTyp": "QL", "SurveyNumb": "60/AA/2 & 76/7", "LandType": "Patta Land", "Production": 300000, "Dispatch": 300000, "ETS": 450000, "Notice": 150000, "Reg_From": "2025-11-24", "Reg_To": "2026-11-23"}, "geometry": {"type": "Polygon", "coordinates": [[[77.384692, 17.151435], [77.384676, 17.152339], [77.385617, 17.152355], [77.385633, 17.15145], [77.384692, 17.151435]]]}}, {"type": "Feature", "properties": {"District": "Rangareddy", "Mandal": "Shamshabad", "Company": "REAL ENGINEERING AND SERVICES 86780 Shop No.02Plot No.108/BPipel ine Road Petbasheerabadopp. Konark HospitalKompally Suchi tra Hydearabad Telangana", "Address": "REAL ENGINEERING AND SERVICES 86780 Shop No.02Plot No.108/BPipel ine Road Petbasheerabadopp. Konark HospitalKompally Suchi tra Hydearabad Telangana", "Mineral": "Black Granite", "MineralTyp": "QL", "SurveyNumb": "119/P", "LandType": "Govt.Land", "Production": 300000, "Dispatch": 300000, "ETS": 450000, "Notice": 150000, "Reg_From": "2025-11-20", "Reg_To": "2026-11-19"}, "geometry": {"type": "Polygon", "coordinates": [[[78.310973, 17.175095], [78.310961, 17.175999], [78.311902, 17.17601], [78.311913, 17.175106], [78.310973, 17.175095]]]}}, {"type": "Feature", "properties": {"District": "Rangareddy", "Mandal": "Ibrahimpatnam3", "Company": "M/s. Lakshmi Narasimha Energy 495/1 Main Road Julurupadu ( m) Vengannapalem Bhadradri Kothagudem", "Address": "M/s. Lakshmi Narasimha Energy 495/1 Main Road Julurupadu ( m) Vengannapalem Bhadradri Kothagudem", "Mineral": "Black Granite", "MineralTyp": "QL", "SurveyNumb": "60/K/1 & 60/AA/1,", "LandType": "Patta Land", "Production": 300000, "Dispatch": 300000, "ETS": 450000, "Notice": 150000, "Reg_From": "2025-11-27", "Reg_To": "2026-11-26"}, "geometry": {"type": "Polygon", "coordinates": [[[78.626105, 17.191325], [78.626095, 17.192229], [78.627035, 17.192239], [78.627046, 17.191335], [78.626105, 17.191325]]]}}, {"type": "Feature", "properties": {"District": "Rangareddy", "Mandal": "Pargi", "Company": "SIEGER ENGINEERING SOLUTIONS PRIVATE LIMITED SHED NO 130/3 & 130/4 PLOT NO130/3 & 130/4 PHASE II IDA CHERLAPALLY KAPRA MUNCIPALITY Medchal Malkajgir i Telangana", "Address": "SIEGER ENGINEERING SOLUTIONS PRIVATE LIMITED SHED NO 130/3 & 130/4 PLOT NO130/3 & 130/4 PHASE II IDA CHERLAPALLY KAPRA MUNCIPALITY Medchal Malkajgir i Telangana", "Mineral": "Black Granite", "MineralTyp": "QL", "SurveyNumb": "123", "LandType": "Govt.Land", "Production": 300000, "Dispatch": 300000, "ETS": 450000, "Notice": 150000, "Reg_From": "2025-11-27", "Reg_To": "2026-11-26"}, "geometry": {"type": "Polygon", "coordinates": [[[77.820634, 17.196083], [77.82062, 17.196987], [77.821561, 17.197001], [77.821575, 17.196097], [77.820634, 17.196083]]]}}, {"type": "Feature", "properties": {"District": "Rangareddy", "Mandal": "Yelal", "Company": "M/s. Vivid Ray Plot No. 24 Narayana Enclave Chengicherla Secunderabad", "Address": "M/s. Vivid Ray Plot No. 24 Narayana Enclave Chengicherla Secunderabad", "Mineral": "Black Granite", "MineralTyp": "QL", "SurveyNumb": "123/98", "LandType": "Patta Land", "Production": 300000, "Dispatch": 300000, "ETS": 450000, "Notice": 150000, "Reg_From": "2025-11-28", "Reg_To": "2026-11-27"}, "geometry": {"type": "Polygon", "coordinates": [[[77.625424, 17.195022], [77.625409, 17.195926], [77.62635, 17.195941], [77.626365, 17.195036], [77.625424, 17.195022]]]}}, {"type": "Feature", "properties": {"District": "Rangareddy", "Mandal": "Shabad", "Company": "JOTTER RENEWABLES PRIVATE LIMITED 406/E 1 IV Floor Mohan Reddy Heights Osman Nagar Road Tellapur Sanga Reddy Dist. Telangana.", "Address": "JOTTER RENEWABLES PRIVATE LIMITED 406/E 1 IV Floor Mohan Reddy Heights Osman Nagar Road Tellapur Sanga Reddy Dist. Telangana.", "Mineral": "Black Granite", "MineralTyp": "QL", "SurveyNumb": "408/1", "LandType": "Patta Land", "Production": 300000, "Dispatch": 300000, "ETS": 450000, "Notice": 150000, "Reg_From": "2025-11-29", "Reg_To": "2026-11-28"}, "geometry": {"type": "Polygon", "coordinates": [[[78.162188, 17.213526], [78.162176, 17.21443], [78.163117, 17.214442], [78.163129, 17.213538], [78.162188, 17.213526]]]}}, {"type": "Feature", "properties": {"District": "Rangareddy", "Mandal": "Maheswaram", "Company": "M/s. Orugallu Energies H. No. 6291/A G20 KRMS Reddy Complex Kakaji Nagar Colony Hanamkonda", "Address": "M/s. Orugallu Energies H. No. 6291/A G20 KRMS Reddy Complex Kakaji Nagar Colony Hanamkonda", "Mineral": "Black Granite", "MineralTyp": "QL", "SurveyNumb": "516/1", "LandType": "Patta Land", "Production": 300000, "Dispatch": 300000, "ETS": 450000, "Notice": 150000, "Reg_From": "2025-12-01", "Reg_To": "2026-11-30"}, "geometry": {"type": "Polygon", "coordinates": [[[78.502119, 17.222173], [78.502109, 17.223077], [78.503049, 17.223087], [78.50306, 17.222183], [78.502119, 17.222173]]]}}, {"type": "Feature", "properties": {"District": "Rangareddy", "Mandal": "Hayathnagar", "Company": "SUN AGASTHYA ENERGIES 0 0 7100 ARYA NAGAR TOWN NIZAMABA D DISTRICT TELANGANA", "Address": "SUN AGASTHYA ENERGIES 0 0 7100 ARYA NAGAR TOWN NIZAMABA D DISTRICT TELANGANA", "Mineral": "Black Granite", "MineralTyp": "QL", "SurveyNumb": "395/E1", "LandType": "Patta Land", "Production": 300000, "Dispatch": 300000, "ETS": 450000, "Notice": 150000, "Reg_From": "2025-12-01", "Reg_To": "2026-11-30"}, "geometry": {"type": "Polygon", "coordinates": [[[78.579845, 17.28732], [78.579835, 17.288224], [78.580776, 17.288234], [78.580787, 17.28733], [78.579845, 17.28732]]]}}, {"type": "Feature", "properties": {"District": "Rangareddy", "Mandal": "Rajendranagar", "Company": "M/s. Sri Raja Rajeshwari Enterprises H. No. 19409/412 Ramnagar Mancherial", "Address": "M/s. Sri Raja Rajeshwari Enterprises H. No. 19409/412 Ramnagar Mancherial", "Mineral": "Black Granite", "MineralTyp": "QL", "SurveyNumb": "157(P),158(P),160(P),166(P),174(P)", "LandType": "Govt.Land", "Production": 300000, "Dispatch": 300000, "ETS": 450000, "Notice": 150000, "Reg_From": "2025-12-02", "Reg_To": "2027-12-01"}, "geometry": {"type": "Polygon", "coordinates": [[[78.45509, 17.297756], [78.455079, 17.29866], [78.45602, 17.298671], [78.456032, 17.297766], [78.45509, 17.297756]]]}}, {"type": "Feature", "properties": {"District": "Rangareddy", "Mandal": "Hayathnagar", "Company": "V SPARKLE SOLUTIONS PRIVATE LIMITED 4th Floor H.NO.547/5/P101 FLAT NO.403 Ramaiah Nagar Kukatpally Medchal Malkajgiri Telangana", "Address": "V SPARKLE SOLUTIONS PRIVATE LIMITED 4th Floor H.NO.547/5/P101 FLAT NO.403 Ramaiah Nagar Kukatpally Medchal Malkajgiri Telangana", "Mineral": "Black Granite", "MineralTyp": "QL", "SurveyNumb": "25/EE, 25/UU & 27/EE, 27/", "LandType": "Govt.Land", "Production": 300000, "Dispatch": 300000, "ETS": 450000, "Notice": 150000, "Reg_From": "2025-12-02", "Reg_To": "2026-12-01"}, "geometry": {"type": "Polygon", "coordinates": [[[78.596916, 17.300942], [78.596905, 17.301846], [78.597846, 17.301856], [78.597857, 17.300952], [78.596916, 17.300942]]]}}, {"type": "Feature", "properties": {"District": "Rangareddy", "Mandal": "Hayathnagar", "Company": "SunMoonRenewables Private Limited Enugurthi Golden Tree Road N o:6 Plot No:78 55562 Abhy udaya Nagar Chintalkunta Hyd erabad Telangana", "Address": "SunMoonRenewables Private Limited Enugurthi Golden Tree Road N o:6 Plot No:78 55562 Abhy udaya Nagar Chintalkunta Hyd erabad Telangana", "Mineral": "Black Granite", "MineralTyp": "QL", "SurveyNumb": "395", "LandType": "Govt.Land", "Production": 300000, "Dispatch": 300000, "ETS": 450000, "Notice": 150000, "Reg_From": "2025-12-02", "Reg_To": "2030-12-01"}, "geometry": {"type": "Polygon", "coordinates": [[[78.631999, 17.308271], [78.631989, 17.309175], [78.63293, 17.309185], [78.63294, 17.308281], [78.631999, 17.308271]]]}}, {"type": "Feature", "properties": {"District": "Rangareddy", "Mandal": "Moinabad", "Company": "AKONI ENERGY PRIVATE LIMITED 0 0 flat no 331/4 dommara pocham pally IDA jeedimetlal Hydera bad Medchal Malkajgiri Telan gana", "Address": "AKONI ENERGY PRIVATE LIMITED 0 0 flat no 331/4 dommara pocham pally IDA jeedimetlal Hydera bad Medchal Malkajgiri Telan gana", "Mineral": "Black Granite", "MineralTyp": "QL", "SurveyNumb": "394 & 395", "LandType": "Govt.Land", "Production": 300000, "Dispatch": 300000, "ETS": 450000, "Notice": 150000, "Reg_From": "2025-12-02", "Reg_To": "2026-12-01"}, "geometry": {"type": "Polygon", "coordinates": [[[78.347087, 17.305988], [78.347075, 17.306892], [78.348017, 17.306903], [78.348028, 17.305999], [78.347087, 17.305988]]]}}, {"type": "Feature", "properties": {"District": "Hyderabad", "Mandal": "Mch", "Company": "M/s. Ushasri Technologies Pvt Ltd 1st Floor Flat No. 83945/ 105A Yaseen Complex Ameerpet Road Ameerpet \u2013 .", "Address": "M/s. Ushasri Technologies Pvt Ltd 1st Floor Flat No. 83945/ 105A Yaseen Complex Ameerpet Road Ameerpet \u2013 .", "Mineral": "Black Granite", "MineralTyp": "QL", "SurveyNumb": "336, 337 & 341", "LandType": "Govt.Land", "Production": 300000, "Dispatch": 300000, "ETS": 450000, "Notice": 150000, "Reg_From": "2025-12-02", "Reg_To": "2027-12-01"}, "geometry": {"type": "Polygon", "coordinates": [[[78.437913, 17.345203], [78.437902, 17.346108], [78.438843, 17.346118], [78.438854, 17.345214], [78.437913, 17.345203]]]}}, {"type": "Feature", "properties": {"District": "Rangareddy", "Mandal": "Saroornagar", "Company": "M/s. ADNK Green Agency 235/203/22 Near Arundhati High School Medchal Malkajgiri Dist .", "Address": "M/s. ADNK Green Agency 235/203/22 Near Arundhati High School Medchal Malkajgiri Dist .", "Mineral": "Black Granite", "MineralTyp": "QL", "SurveyNumb": "205, 206/AA, 208/A, 208/2 & 209/AA/2", "LandType": "Govt.Land", "Production": 300000, "Dispatch": 300000, "ETS": 450000, "Notice": 150000, "Reg_From": "2025-12-30", "Reg_To": "2026-10-29"}, "geometry": {"type": "Polygon", "coordinates": [[[78.525884, 17.353734], [78.525873, 17.354638], [78.526815, 17.354648], [78.526825, 17.353744], [78.525884, 17.353734]]]}}, {"type": "Feature", "properties": {"District": "Rangareddy", "Mandal": "Peddemul", "Company": "Y BHAVA SOLUTIONS 0 0 5302 Srinivasa Complex INDR ANAGAR Post Office Passport S eva Kendra Mancherial Manche rial Telangana", "Address": "Y BHAVA SOLUTIONS 0 0 5302 Srinivasa Complex INDR ANAGAR Post Office Passport S eva Kendra Mancherial Manche rial Telangana", "Mineral": "Black Granite", "MineralTyp": "QL", "SurveyNumb": "443/A", "LandType": "Patta Land", "Production": 300000, "Dispatch": 300000, "ETS": 450000, "Notice": 150000, "Reg_From": "2025-12-03", "Reg_To": "2027-12-02"}, "geometry": {"type": "Polygon", "coordinates": [[[77.675005, 17.356046], [77.67499, 17.35695], [77.675932, 17.356964], [77.675946, 17.35606], [77.675005, 17.356046]]]}}, {"type": "Feature", "properties": {"District": "Rangareddy", "Mandal": "Shankarpalle", "Company": "ARUHI ENTERPRISES 0 14249/56/B OPPOSITE NEW CITY CENTERAL SCHOOL SRI RAM NAGAR SURYAPET TELANGANA", "Address": "ARUHI ENTERPRISES 0 14249/56/B OPPOSITE NEW CITY CENTERAL SCHOOL SRI RAM NAGAR SURYAPET TELANGANA", "Mineral": "Black Granite", "MineralTyp": "QL", "SurveyNumb": "443/A", "LandType": "Patta Land", "Production": 300000, "Dispatch": 300000, "ETS": 450000, "Notice": 150000, "Reg_From": "2025-12-04", "Reg_To": "2026-12-03"}, "geometry": {"type": "Polygon", "coordinates": [[[78.193733, 17.396342], [78.19372, 17.397247], [78.194662, 17.397258], [78.194675, 17.396354], [78.193733, 17.396342]]]}}, {"type": "Feature", "properties": {"District": "Rangareddy", "Mandal": "Rajendranagar", "Company": "ADITYA GREEN WAYS PRIVATE LIMITED 0 0 180 Mantripalem Lankelapalem Parawada Mandalam Visakhapa tnam Andhra Pradesh", "Address": "ADITYA GREEN WAYS PRIVATE LIMITED 0 0 180 Mantripalem Lankelapalem Parawada Mandalam Visakhapa tnam Andhra Pradesh", "Mineral": "Black Granite", "MineralTyp": "QL", "SurveyNumb": "395", "LandType": "Govt.Land", "Production": 300000, "Dispatch": 300000, "ETS": 450000, "Notice": 150000, "Reg_From": "2025-12-08", "Reg_To": "2026-12-07"}, "geometry": {"type": "Polygon", "coordinates": [[[78.287867, 17.37807], [78.287855, 17.378975], [78.288797, 17.378986], [78.288809, 17.378082], [78.287867, 17.37807]]]}}, {"type": "Feature", "properties": {"District": "Rangareddy", "Mandal": "Shankarpalle", "Company": "M/s. Sunforge Private Limited H. No. 2176 N/A Theatre Back side Road Saikrishna Kodad Suryapet", "Address": "M/s. Sunforge Private Limited H. No. 2176 N/A Theatre Back side Road Saikrishna Kodad Suryapet", "Mineral": "Black Granite", "MineralTyp": "QL", "SurveyNumb": "37", "LandType": "Govt.Land", "Production": 300000, "Dispatch": 300000, "ETS": 450000, "Notice": 150000, "Reg_From": "2025-12-08", "Reg_To": "2026-12-07"}, "geometry": {"type": "Polygon", "coordinates": [[[78.265052, 17.402172], [78.26504, 17.403076], [78.265981, 17.403088], [78.265993, 17.402183], [78.265052, 17.402172]]]}}, {"type": "Feature", "properties": {"District": "Rangareddy", "Mandal": "Uppal", "Company": "M/s. Sun Rak Energy H. No. Vidyanagar Karimnagar \u2013 .", "Address": "M/s. Sun Rak Energy H. No. Vidyanagar Karimnagar \u2013 .", "Mineral": "Black Granite", "MineralTyp": "QL", "SurveyNumb": "338, 338/1", "LandType": "Govt.Land", "Production": 300000, "Dispatch": 300000, "ETS": 450000, "Notice": 150000, "Reg_From": "2025-12-09", "Reg_To": "2027-12-08"}, "geometry": {"type": "Polygon", "coordinates": [[[78.552813, 17.421772], [78.552802, 17.422676], [78.553744, 17.422687], [78.553754, 17.421782], [78.552813, 17.421772]]]}}, {"type": "Feature", "properties": {"District": "Rangareddy", "Mandal": "Ghatkesar", "Company": "SRI MAHALAKSHMI & 0 0 2ND FLOOR DOOR NO 930 FLAT NO S1 SAI NILAYAM4 Viziana garam Palakonda Road Church o f Christ SAI NAGARGAYATRI CO LONY Rajam Vizianagaram And hra Pradesh", "Address": "SRI MAHALAKSHMI & 0 0 2ND FLOOR DOOR NO 930 FLAT NO S1 SAI NILAYAM4 Viziana garam Palakonda Road Church o f Christ SAI NAGARGAYATRI CO LONY Rajam Vizianagaram And hra Pradesh", "Mineral": "Black Granite", "MineralTyp": "QL", "SurveyNumb": "416/A, 416/A2 417/P & 418", "LandType": "Govt.Land", "Production": 300000, "Dispatch": 300000, "ETS": 450000, "Notice": 150000, "Reg_From": "2025-12-09", "Reg_To": "2026-12-08"}, "geometry": {"type": "Polygon", "coordinates": [[[78.696057, 17.424802], [78.696047, 17.425706], [78.696989, 17.425715], [78.696999, 17.424811], [78.696057, 17.424802]]]}}, {"type": "Feature", "properties": {"District": "Hyderabad", "Mandal": "Mch", "Company": "M/s. VD Solutions H. No. 10369 & 70 Mekala Bikshamaiah Complex Bus Depot Road Bhuranpuram Khammam.", "Address": "M/s. VD Solutions H. No. 10369 & 70 Mekala Bikshamaiah Complex Bus Depot Road Bhuranpuram Khammam.", "Mineral": "Black Granite", "MineralTyp": "QL", "SurveyNumb": "487/A/1 AND 449/A/2", "LandType": "Govt.Land", "Production": 300000, "Dispatch": 300000, "ETS": 450000, "Notice": 150000, "Reg_From": "2025-12-10", "Reg_To": "2026-12-09"}, "geometry": {"type": "Polygon", "coordinates": [[[78.472588, 17.424743], [78.472577, 17.425647], [78.473519, 17.425658], [78.47353, 17.424754], [78.472588, 17.424743]]]}}, {"type": "Feature", "properties": {"District": "Rangareddy", "Mandal": "Balanagar2", "Company": "TRUE RENEWABLES PRIVATE LIMITED 0 0 GROUND FLOOR SY NO:231/P232/ P RAJENDARNAGA MANCHIRUVELA RAJENDARNAGA MANCHIRUVELA H yderabad Rangareddy Telangan a", "Address": "TRUE RENEWABLES PRIVATE LIMITED 0 0 GROUND FLOOR SY NO:231/P232/ P RAJENDARNAGA MANCHIRUVELA RAJENDARNAGA MANCHIRUVELA H yderabad Rangareddy Telangan a", "Mineral": "Black Granite", "MineralTyp": "QL", "SurveyNumb": "174", "LandType": "Govt.Land", "Production": 300000, "Dispatch": 300000, "ETS": 450000, "Notice": 150000, "Reg_From": "2025-12-11", "Reg_To": "2027-12-10"}, "geometry": {"type": "Polygon", "coordinates": [[[78.413724, 17.462768], [78.413713, 17.463672], [78.414655, 17.463683], [78.414666, 17.462779], [78.413724, 17.462768]]]}}, {"type": "Feature", "properties": {"District": "Rangareddy", "Mandal": "Keesara", "Company": "SLN ENTERPRISE 0 0 23677/4/PVE/401 SAI NAGAR ADARSH NAGAR NAGOLE Telangana", "Address": "SLN ENTERPRISE 0 0 23677/4/PVE/401 SAI NAGAR ADARSH NAGAR NAGOLE Telangana", "Mineral": "Black Granite", "MineralTyp": "QL", "SurveyNumb": "174", "LandType": "Govt.Land", "Production": 300000, "Dispatch": 300000, "ETS": 450000, "Notice": 150000, "Reg_From": "2025-12-12", "Reg_To": "2027-12-11"}, "geometry": {"type": "Polygon", "coordinates": [[[78.621088, 17.468483], [78.621077, 17.469387], [78.622019, 17.469397], [78.62203, 17.468493], [78.621088, 17.468483]]]}}, {"type": "Feature", "properties": {"District": "Rangareddy", "Mandal": "Balanagar2", "Company": "M/s. Surya D. No. KUC Road Hanamkonda", "Address": "M/s. Surya D. No. KUC Road Hanamkonda", "Mineral": "Black Granite", "MineralTyp": "QL", "SurveyNumb": "426/A", "LandType": "Patta Land", "Production": 300000, "Dispatch": 300000, "ETS": 450000, "Notice": 150000, "Reg_From": "2025-12-16", "Reg_To": "2027-12-15"}, "geometry": {"type": "Polygon", "coordinates": [[[78.493738, 17.475674], [78.493727, 17.476578], [78.49467, 17.476589], [78.49468, 17.475685], [78.493738, 17.475674]]]}}, {"type": "Feature", "properties": {"District": "Rangareddy", "Mandal": "Mominpet", "Company": "M/s. Rudra Solutions H. No.1564/22/46 & 47/301 Vishalakeerthi Sai Arcade Jonna Banda Old Alwal Secunderabad", "Address": "M/s. Rudra Solutions H. No.1564/22/46 & 47/301 Vishalakeerthi Sai Arcade Jonna Banda Old Alwal Secunderabad", "Mineral": "Black Granite", "MineralTyp": "QL", "SurveyNumb": "164 & 169/C1", "LandType": "Patta Land", "Production": 300000, "Dispatch": 300000, "ETS": 450000, "Notice": 150000, "Reg_From": "2025-12-16", "Reg_To": "2026-12-15"}, "geometry": {"type": "Polygon", "coordinates": [[[77.929232, 17.477236], [77.929218, 17.47814], [77.93016, 17.478153], [77.930174, 17.477249], [77.929232, 17.477236]]]}}, {"type": "Feature", "properties": {"District": "Rangareddy", "Mandal": "Qutubullapur", "Company": "S.R. services 4104/11/18 BESIDE LIQUOR GODOWN BESIDE LQ Gudipet Mancherial Telangana", "Address": "S.R. services 4104/11/18 BESIDE LIQUOR GODOWN BESIDE LQ Gudipet Mancherial Telangana", "Mineral": "Black Granite", "MineralTyp": "QL", "SurveyNumb": "257 & 258", "LandType": "Patta Land", "Production": 300000, "Dispatch": 300000, "ETS": 450000, "Notice": 150000, "Reg_From": "2025-12-16", "Reg_To": "2026-12-15"}, "geometry": {"type": "Polygon", "coordinates": [[[78.395628, 17.511071], [78.395617, 17.511975], [78.396559, 17.511986], [78.39657, 17.511082], [78.395628, 17.511071]]]}}, {"type": "Feature", "properties": {"District": "Rangareddy", "Mandal": "Mominpet", "Company": "BHARATH ENTERPRISES H.NO 2101091 JYOTHINAGAR KARIMNAG AR NO EMAIL bharathentp1@gmail.com", "Address": "BHARATH ENTERPRISES H.NO 2101091 JYOTHINAGAR KARIMNAG AR NO EMAIL bharathentp1@gmail.com", "Mineral": "Road Metal", "MineralTyp": "QL", "SurveyNumb": "230 & 236", "LandType": "Govt.Land", "Production": 400000, "Dispatch": 400000, "ETS": 450000, "Notice": 50000, "Reg_From": "2025-12-17", "Reg_To": "2027-12-16"}, "geometry": {"type": "Polygon", "coordinates": [[[77.950388, 17.51626], [77.950374, 17.517164], [77.951316, 17.517177], [77.95133, 17.516273], [77.950388, 17.51626]]]}}, {"type": "Feature", "properties": {"District": "Rangareddy", "Mandal": "Qutubullapur", "Company": "AMEYAM MEPELV PROJECTS BHARAT PRIVATE LIMITED AMEYAM MEPELV PROJECTS (BHARAT) PRIVATE LIMITED Plot # 19 HNo 2349/4/1 CoOperative Bank Colony Road No 6 Nagole Telangana Bharat\u2013", "Address": "AMEYAM MEPELV PROJECTS BHARAT PRIVATE LIMITED AMEYAM MEPELV PROJECTS (BHARAT) PRIVATE LIMITED Plot # 19 HNo 2349/4/1 CoOperative Bank Colony Road No 6 Nagole Telangana Bharat\u2013", "Mineral": "Black Granite", "MineralTyp": "QL", "SurveyNumb": "409/P & 438/P", "LandType": "Patta Land", "Production": 300000, "Dispatch": 300000, "ETS": 450000, "Notice": 150000, "Reg_From": "2025-12-12", "Reg_To": "2026-12-11"}, "geometry": {"type": "Polygon", "coordinates": [[[78.46925, 17.527669], [78.469239, 17.528573], [78.470181, 17.528584], [78.470192, 17.52768], [78.46925, 17.527669]]]}}, {"type": "Feature", "properties": {"District": "Rangareddy", "Mandal": "Shamirpet", "Company": "ILIOS PRIVATE LIMITED 1st Floor Plot No: 28 Road No.70 Aswini layout Prashasa n Nagar Jubilee Hills Hydera bad Telangana", "Address": "ILIOS PRIVATE LIMITED 1st Floor Plot No: 28 Road No.70 Aswini layout Prashasa n Nagar Jubilee Hills Hydera bad Telangana", "Mineral": "Black Granite", "MineralTyp": "QL", "SurveyNumb": "181/A1, 181/A/2,181/C,182/A1,182/A2,182/C/2,", "LandType": "Govt.Land", "Production": 300000, "Dispatch": 300000, "ETS": 450000, "Notice": 150000, "Reg_From": "2025-12-17", "Reg_To": "2027-12-16"}, "geometry": {"type": "Polygon", "coordinates": [[[78.613581, 17.594079], [78.61357, 17.594983], [78.614513, 17.594993], [78.614523, 17.594089], [78.613581, 17.594079]]]}}, {"type": "Feature", "properties": {"District": "Rangareddy", "Mandal": "Shamirpet", "Company": "M/s. JVK 15983/105 C L Towers Road No 14 Kaviraj Nagar Khammam", "Address": "M/s. JVK 15983/105 C L Towers Road No 14 Kaviraj Nagar Khammam", "Mineral": "Black Granite", "MineralTyp": "QL", "SurveyNumb": "284/1", "LandType": "Govt.Land", "Production": 300000, "Dispatch": 300000, "ETS": 450000, "Notice": 150000, "Reg_From": "2025-12-18", "Reg_To": "2026-12-17"}, "geometry": {"type": "Polygon", "coordinates": [[[78.553528, 17.610797], [78.553517, 17.611701], [78.55446, 17.611711], [78.554471, 17.610807], [78.553528, 17.610797]]]}}, {"type": "Feature", "properties": {"District": "Rangareddy", "Mandal": "Qutubullapur", "Company": "M/s. Raviteja Solutions 11GR0004 Opp to Vysya Bhavan Siddipet", "Address": "M/s. Raviteja Solutions 11GR0004 Opp to Vysya Bhavan Siddipet", "Mineral": "Road Metal", "MineralTyp": "QL", "SurveyNumb": "2207/1", "LandType": "Govt.Land", "Production": 400000, "Dispatch": 400000, "ETS": 450000, "Notice": 50000, "Reg_From": "2025-12-19", "Reg_To": "2026-12-18"}, "geometry": {"type": "Polygon", "coordinates": [[[78.404762, 17.616071], [78.40475, 17.616975], [78.405693, 17.616986], [78.405704, 17.616082], [78.404762, 17.616071]]]}}, {"type": "Feature", "properties": {"District": "Rangareddy", "Mandal": "Medchal", "Company": "Unite Developers Global Inc Office No. 82 350/3/C/2 1st Floor Road No.3. Banjara Hill s", "Address": "Unite Developers Global Inc Office No. 82 350/3/C/2 1st Floor Road No.3. Banjara Hill s", "Mineral": "Road Metal", "MineralTyp": "QL", "SurveyNumb": "894/1", "LandType": "Govt.Land", "Production": 400000, "Dispatch": 400000, "ETS": 450000, "Notice": 50000, "Reg_From": "2025-12-18", "Reg_To": "2026-12-17"}, "geometry": {"type": "Polygon", "coordinates": [[[78.486735, 17.65801], [78.486724, 17.658914], [78.487667, 17.658924], [78.487678, 17.65802], [78.486735, 17.65801]]]}}, {"type": "Feature", "properties": {"District": "Rangareddy", "Mandal": "Shamirpet", "Company": "SOLTEK PHOTOVOLTEK PRIVATE LIMITED 0 0 Door no 54955 Kranthi Build ing 100 Feet Road POLT NO 16 15 Vijayawada NTR Andhra P radesh", "Address": "SOLTEK PHOTOVOLTEK PRIVATE LIMITED 0 0 Door no 54955 Kranthi Build ing 100 Feet Road POLT NO 16 15 Vijayawada NTR Andhra P radesh", "Mineral": "Feldspar", "MineralTyp": "QL", "SurveyNumb": "391/1/A", "LandType": "Govt.Land", "Production": 250000, "Dispatch": 250000, "ETS": 265000, "Notice": 15000, "Reg_From": "2025-12-23", "Reg_To": "2026-12-22"}, "geometry": {"type": "Polygon", "coordinates": [[[78.602767, 17.659717], [78.602757, 17.660621], [78.6037, 17.660631], [78.60371, 17.659727], [78.602767, 17.659717]]]}}, {"type": "Feature", "properties": {"District": "Rangareddy", "Mandal": "Medchal", "Company": "KAUSTHUBHA SYSTEMS 2108/6/19/1 BODUPPAL MEDIPALLY Asoka Technologies B L NA GAR ROAD NO 2 Medchal Malkajgiri Telangana", "Address": "KAUSTHUBHA SYSTEMS 2108/6/19/1 BODUPPAL MEDIPALLY Asoka Technologies B L NA GAR ROAD NO 2 Medchal Malkajgiri Telangana", "Mineral": "Road Metal", "MineralTyp": "QL", "SurveyNumb": "379", "LandType": "Govt.Land", "Production": 400000, "Dispatch": 400000, "ETS": 450000, "Notice": 50000, "Reg_From": "2025-12-23", "Reg_To": "2026-12-22"}, "geometry": {"type": "Polygon", "coordinates": [[[78.507437, 17.665273], [78.507426, 17.666177], [78.508369, 17.666188], [78.50838, 17.665284], [78.507437, 17.665273]]]}}, {"type": "Feature", "properties": {"District": "Rangareddy", "Mandal": "Medchal", "Company": "M/s. Fort Ev Motor Service Pvt Ltd D No. 1110268/6/A/1 Shop Zone Sayanapalli Yellandu", "Address": "M/s. Fort Ev Motor Service Pvt Ltd D No. 1110268/6/A/1 Shop Zone Sayanapalli Yellandu", "Mineral": "Road Metal", "MineralTyp": "QL", "SurveyNumb": "43/1", "LandType": "Govt.Land", "Production": 400000, "Dispatch": 400000, "ETS": 450000, "Notice": 50000, "Reg_From": "2025-12-23", "Reg_To": "2026-12-22"}, "geometry": {"type": "Polygon", "coordinates": [[[78.462148, 17.666046], [78.462137, 17.66695], [78.46308, 17.666961], [78.463091, 17.666057], [78.462148, 17.666046]]]}}, {"type": "Feature", "properties": {"District": "Rangareddy", "Mandal": "Shamirpet", "Company": "M/s. GVR Solutions 28888/5 vidya nagar colony Vidya Nagar Miryalaguda Nalgonda Telangana", "Address": "M/s. GVR Solutions 28888/5 vidya nagar colony Vidya Nagar Miryalaguda Nalgonda Telangana", "Mineral": "Colour Granite", "MineralTyp": "QL", "SurveyNumb": "684/1", "LandType": "Govt.Land", "Production": 150000, "Dispatch": 150000, "ETS": 300000, "Notice": 150000, "Reg_From": "2025-12-24", "Reg_To": "2026-12-23"}, "geometry": {"type": "Polygon", "coordinates": [[[78.700624, 17.6731], [78.700614, 17.674004], [78.701557, 17.674014], [78.701567, 17.67311], [78.700624, 17.6731]]]}}, {"type": "Feature", "properties": {"District": "Adilabad", "Mandal": "Dilawarpur", "Company": "Dipasri Projects sy no:2829 2nd FloorJanardha n Reddy BuildingHanuman NagarLanco Hills RoadManikonda", "Address": "Dipasri Projects sy no:2829 2nd FloorJanardha n Reddy BuildingHanuman NagarLanco Hills RoadManikonda", "Mineral": "Colour Granite", "MineralTyp": "QL", "SurveyNumb": "131", "LandType": "Govt.Land", "Production": 150000, "Dispatch": 150000, "ETS": 300000, "Notice": 150000, "Reg_From": "2025-12-19", "Reg_To": "2026-12-18"}, "geometry": {"type": "Polygon", "coordinates": [[[78.209457, 19.096076], [78.209445, 19.09698], [78.210395, 19.096991], [78.210407, 19.096088], [78.209457, 19.096076]]]}}, {"type": "Feature", "properties": {"District": "Nizamabad", "Mandal": "Pitlam", "Company": "SHREYAS ENTERPRISES H.No. 29724/3 Near Shivalayam Sneha Nagar NGOS ColonyHanumakonda Hanumakonda Telangana", "Address": "SHREYAS ENTERPRISES H.No. 29724/3 Near Shivalayam Sneha Nagar NGOS ColonyHanumakonda Hanumakonda Telangana", "Mineral": "Colour Granite", "MineralTyp": "QL", "SurveyNumb": "129,130,31", "LandType": "Govt.Land", "Production": 150000, "Dispatch": 150000, "ETS": 300000, "Notice": 150000, "Reg_From": "2025-12-30", "Reg_To": "2027-12-29"}, "geometry": {"type": "Polygon", "coordinates": [[[77.830017, 18.273053], [77.830003, 18.273957], [77.830949, 18.27397], [77.830963, 18.273067], [77.830017, 18.273053]]]}}, {"type": "Feature", "properties": {"District": "Nizamabad", "Mandal": "Makloor", "Company": "PRABHASA GREEN ENERGY SOLUTIONS PRIVATE LIMITED #603 Vss Nandadeep ApartmentMedchal Rd Dandamudi Enclave Jeedimetla Telangana", "Address": "PRABHASA GREEN ENERGY SOLUTIONS PRIVATE LIMITED #603 Vss Nandadeep ApartmentMedchal Rd Dandamudi Enclave Jeedimetla Telangana", "Mineral": "Colour Granite", "MineralTyp": "QL", "SurveyNumb": "141,142,144&145", "LandType": "Govt.Land", "Production": 150000, "Dispatch": 150000, "ETS": 300000, "Notice": 150000, "Reg_From": "2025-12-17", "Reg_To": "2026-12-16"}, "geometry": {"type": "Polygon", "coordinates": [[[78.186306, 18.765004], [78.186294, 18.765908], [78.187242, 18.76592], [78.187254, 18.765016], [78.186306, 18.765004]]]}}, {"type": "Feature", "properties": {"District": "Nizamabad", "Mandal": "Nizamabad", "Company": "M/s. Sivaom 369 Electronics Energy Private Limited 1st Floor Flat No 16 Block No18 Ramaraja Nagar Colony Near suchitra Crossroads Near Rushh Hospital Medchal Malkajgiri Telangana", "Address": "M/s. Sivaom 369 Electronics Energy Private Limited 1st Floor Flat No 16 Block No18 Ramaraja Nagar Colony Near suchitra Crossroads Near Rushh Hospital Medchal Malkajgiri Telangana", "Mineral": "Road Metal", "MineralTyp": "QL", "SurveyNumb": "183", "LandType": "Govt.Land", "Production": 400000, "Dispatch": 400000, "ETS": 450000, "Notice": 50000, "Reg_From": "2025-12-31", "Reg_To": "2026-12-30"}, "geometry": {"type": "Polygon", "coordinates": [[[78.082073, 18.633896], [78.08206, 18.634799], [78.083008, 18.634812], [78.083021, 18.633908], [78.082073, 18.633896]]]}}, {"type": "Feature", "properties": {"District": "Nizamabad", "Mandal": "Armur", "Company": "M/s. Sri Rama Enterprises H. No 7103/86/2 Warangal Highway Road Manakondur Karimnagar.", "Address": "M/s. Sri Rama Enterprises H. No 7103/86/2 Warangal Highway Road Manakondur Karimnagar.", "Mineral": "Road Metal", "MineralTyp": "QL", "SurveyNumb": "183", "LandType": "Govt.Land", "Production": 400000, "Dispatch": 400000, "ETS": 450000, "Notice": 50000, "Reg_From": "2026-01-03", "Reg_To": "2028-01-02"}, "geometry": {"type": "Polygon", "coordinates": [[[78.268775, 18.77672], [78.268763, 18.777624], [78.269712, 18.777635], [78.269724, 18.776732], [78.268775, 18.77672]]]}}, {"type": "Feature", "properties": {"District": "Nizamabad", "Mandal": "Sadasivanagar", "Company": "SLNKO ENERGY PRIVATE LIMITED Registered Office Village Khiribar PO Purbdiha PSChainpur Palamu Jharkhand Head Office B26 Sector06 Noida Uttar Pradesh", "Address": "SLNKO ENERGY PRIVATE LIMITED Registered Office Village Khiribar PO Purbdiha PSChainpur Palamu Jharkhand Head Office B26 Sector06 Noida Uttar Pradesh", "Mineral": "Road Metal", "MineralTyp": "QL", "SurveyNumb": "183", "LandType": "Govt.Land", "Production": 400000, "Dispatch": 400000, "ETS": 450000, "Notice": 50000, "Reg_From": "2025-12-31", "Reg_To": "2026-12-30"}, "geometry": {"type": "Polygon", "coordinates": [[[78.233857, 18.393591], [78.233845, 18.394495], [78.234792, 18.394506], [78.234804, 18.393603], [78.233857, 18.393591]]]}}, {"type": "Feature", "properties": {"District": "Nizamabad", "Mandal": "Mortad", "Company": "SUNSHINE SYSTEMS KN 1A/4 RTC COLONY ROAD NO 2 NALGONDA Nalgonda Telangana", "Address": "SUNSHINE SYSTEMS KN 1A/4 RTC COLONY ROAD NO 2 NALGONDA Nalgonda Telangana", "Mineral": "Feldspar", "MineralTyp": "QL", "SurveyNumb": "306", "LandType": "Govt.Land", "Production": 250000, "Dispatch": 250000, "ETS": 265000, "Notice": 15000, "Reg_From": "2026-01-05", "Reg_To": "2027-01-04"}, "geometry": {"type": "Polygon", "coordinates": [[[78.466805, 18.84057], [78.466794, 18.841474], [78.467742, 18.841484], [78.467753, 18.840581], [78.466805, 18.84057]]]}}, {"type": "Feature", "properties": {"District": "Nizamabad", "Mandal": "Bheemgal", "Company": "M/s. Trinex Energy 14451/2 Plot No.290 Groud Floor Room No 1 Satyanagar Colony Kothapet Saroornagar", "Address": "M/s. Trinex Energy 14451/2 Plot No.290 Groud Floor Room No 1 Satyanagar Colony Kothapet Saroornagar", "Mineral": "Road Metal", "MineralTyp": "QL", "SurveyNumb": "265/1", "LandType": "Govt.Land", "Production": 400000, "Dispatch": 400000, "ETS": 450000, "Notice": 50000, "Reg_From": "2026-01-03", "Reg_To": "2027-01-02"}, "geometry": {"type": "Polygon", "coordinates": [[[78.468792, 18.640429], [78.46878, 18.641332], [78.469728, 18.641343], [78.469739, 18.64044], [78.468792, 18.640429]]]}}, {"type": "Feature", "properties": {"District": "Nizamabad", "Mandal": "Yedpalle", "Company": "M/s. Ram Ranga Constructions & 28970 Vidyanagar Colony Near Shastra School Miryalaguda Town & Mandal Nalgonda .", "Address": "M/s. Ram Ranga Constructions & 28970 Vidyanagar Colony Near Shastra School Miryalaguda Town & Mandal Nalgonda .", "Mineral": "Road Metal", "MineralTyp": "QL", "SurveyNumb": "914", "LandType": "Govt.Land", "Production": 400000, "Dispatch": 400000, "ETS": 450000, "Notice": 50000, "Reg_From": "2026-01-05", "Reg_To": "2027-01-04"}, "geometry": {"type": "Polygon", "coordinates": [[[78.015736, 18.677627], [78.015723, 18.67853], [78.016671, 18.678543], [78.016684, 18.67764], [78.015736, 18.677627]]]}}, {"type": "Feature", "properties": {"District": "Mahbubnagar", "Mandal": "Bijinapalle", "Company": "M/s. Sanrak Solentech Pvt Ltd Ground Floor H No.13120/1 Raghavendra Nagar Colony Medchal Medchal Malkajgiri", "Address": "M/s. Sanrak Solentech Pvt Ltd Ground Floor H No.13120/1 Raghavendra Nagar Colony Medchal Medchal Malkajgiri", "Mineral": "Road Metal", "MineralTyp": "QL", "SurveyNumb": "914", "LandType": "Govt.Land", "Production": 400000, "Dispatch": 400000, "ETS": 450000, "Notice": 50000, "Reg_From": "2026-01-05", "Reg_To": "2027-01-04"}, "geometry": {"type": "Polygon", "coordinates": [[[78.226588, 16.534973], [78.226576, 16.535877], [78.227513, 16.535889], [78.227526, 16.534985], [78.226588, 16.534973]]]}}, {"type": "Feature", "properties": {"District": "Khammam", "Mandal": "Aswapuram", "Company": "Capart Industries Private Limited Plot no 17/B Phase I IDA Jeedimetla", "Address": "Capart Industries Private Limited Plot no 17/B Phase I IDA Jeedimetla", "Mineral": "Road Metal", "MineralTyp": "QL", "SurveyNumb": "914", "LandType": "Govt.Land", "Production": 400000, "Dispatch": 400000, "ETS": 450000, "Notice": 50000, "Reg_From": "2026-01-01", "Reg_To": "2027-12-31"}, "geometry": {"type": "Polygon", "coordinates": [[[80.804214, 17.788884], [80.804213, 17.789789], [80.805157, 17.789789], [80.805157, 17.788885], [80.804214, 17.788884]]]}}, {"type": "Feature", "properties": {"District": "Adilabad", "Mandal": "Gudihathnoor", "Company": "GLOBAL NETWORKS BLACKA FLAT NO A602 ENVIRON TOWERS MAMATHANAGAR COLONY NAGOLE Rangareddy Telangana", "Address": "GLOBAL NETWORKS BLACKA FLAT NO A602 ENVIRON TOWERS MAMATHANAGAR COLONY NAGOLE Rangareddy Telangana", "Mineral": "Road Metal", "MineralTyp": "QL", "SurveyNumb": "331", "LandType": "Govt.Land", "Production": 400000, "Dispatch": 400000, "ETS": 450000, "Notice": 50000, "Reg_From": "2026-01-08", "Reg_To": "2027-01-07"}, "geometry": {"type": "Polygon", "coordinates": [[[78.476221, 19.471623], [78.476209, 19.472526], [78.477161, 19.472536], [78.477172, 19.471634], [78.476221, 19.471623]]]}}, {"type": "Feature", "properties": {"District": "Adilabad", "Mandal": "Sarangapur1", "Company": "M/s. Ramadevi Energy And Solution /1 Unnamed Road Paidipalli Branch Post Office Warangal .", "Address": "M/s. Ramadevi Energy And Solution /1 Unnamed Road Paidipalli Branch Post Office Warangal .", "Mineral": "Road Metal", "MineralTyp": "QL", "SurveyNumb": "331", "LandType": "Govt.Land", "Production": 400000, "Dispatch": 400000, "ETS": 450000, "Notice": 50000, "Reg_From": "2026-01-09", "Reg_To": "2027-01-08"}, "geometry": {"type": "Polygon", "coordinates": [[[78.196128, 19.242804], [78.196116, 19.243707], [78.197066, 19.243718], [78.197079, 19.242815], [78.196128, 19.242804]]]}}, {"type": "Feature", "properties": {"District": "Adilabad", "Mandal": "Tiryani", "Company": "M/s. Cluster Services /1 Gajularamaram Chandrgiri Nagar Medchal Malkajgiri", "Address": "M/s. Cluster Services /1 Gajularamaram Chandrgiri Nagar Medchal Malkajgiri", "Mineral": "Colour Granite", "MineralTyp": "QL", "SurveyNumb": "54 to 57, 80,81, 141/1", "LandType": "Govt.Land", "Production": 150000, "Dispatch": 150000, "ETS": 300000, "Notice": 150000, "Reg_From": "2026-01-09", "Reg_To": "2027-01-08"}, "geometry": {"type": "Polygon", "coordinates": [[[79.26653, 19.273508], [79.266522, 19.274411], [79.267473, 19.274418], [79.267481, 19.273515], [79.26653, 19.273508]]]}}, {"type": "Feature", "properties": {"District": "Adilabad", "Mandal": "Tiryani", "Company": "(SRR) Shri Raja Raajeshwari Enterprises ENTERPRISES Ground floor BalajiNagar Doctors colony2 Warangal", "Address": "(SRR) Shri Raja Raajeshwari Enterprises ENTERPRISES Ground floor BalajiNagar Doctors colony2 Warangal", "Mineral": "Road Metal", "MineralTyp": "QL", "SurveyNumb": "367", "LandType": "Govt.Land", "Production": 400000, "Dispatch": 400000, "ETS": 450000, "Notice": 50000, "Reg_From": "2026-01-09", "Reg_To": "2027-01-08"}, "geometry": {"type": "Polygon", "coordinates": [[[79.243783, 19.1465], [79.243775, 19.147403], [79.244725, 19.14741], [79.244733, 19.146507], [79.243783, 19.1465]]]}}, {"type": "Feature", "properties": {"District": "Nizamabad", "Mandal": "Dharpalle", "Company": "M/s. Aruna Energies 5th 33111/SVR/502 Sri Varsha Residency Road No 6 Hyderguda Sub Post Office Upparpally Rangareddy", "Address": "M/s. Aruna Energies 5th 33111/SVR/502 Sri Varsha Residency Road No 6 Hyderguda Sub Post Office Upparpally Rangareddy", "Mineral": "Colour Granite", "MineralTyp": "QL", "SurveyNumb": "899", "LandType": "Govt.Land", "Production": 250000, "Dispatch": 250000, "ETS": 250000, "Notice": 0, "Reg_From": "2026-01-12", "Reg_To": "2027-01-11"}, "geometry": {"type": "Polygon", "coordinates": [[[78.291905, 18.611118], [78.291893, 18.612022], [78.29284, 18.612033], [78.292852, 18.611129], [78.291905, 18.611118]]]}}, {"type": "Feature", "properties": {"District": "Nizamabad", "Mandal": "Domakonda", "Company": "M/s. RS Solutions 3255 Sirikayalapalli Usirikayalapalli Khammam Telangana", "Address": "M/s. RS Solutions 3255 Sirikayalapalli Usirikayalapalli Khammam Telangana", "Mineral": "Colour Granite", "MineralTyp": "QL", "SurveyNumb": "619", "LandType": "Govt.Land", "Production": 250000, "Dispatch": 250000, "ETS": 250000, "Notice": 0, "Reg_From": "2026-01-12", "Reg_To": "2027-01-11"}, "geometry": {"type": "Polygon", "coordinates": [[[78.541863, 18.261851], [78.541852, 18.262754], [78.542798, 18.262765], [78.542809, 18.261861], [78.541863, 18.261851]]]}}, {"type": "Feature", "properties": {"District": "Medak", "Mandal": "Kangti", "Company": "Swayam Samruddhi Cooperative 6027 Currency Tower Mumbai Kolkata Highway Meraki Spa Vishal Nagar Raipur Raipur Chhattisgarh", "Address": "Swayam Samruddhi Cooperative 6027 Currency Tower Mumbai Kolkata Highway Meraki Spa Vishal Nagar Raipur Raipur Chhattisgarh", "Mineral": "Road Metal", "MineralTyp": "QL", "SurveyNumb": "226/J", "LandType": "Govt.Land", "Production": 400000, "Dispatch": 400000, "ETS": 450000, "Notice": 50000, "Reg_From": "2026-01-12", "Reg_To": "2027-01-11"}, "geometry": {"type": "Polygon", "coordinates": [[[77.726359, 18.159512], [77.726344, 18.160416], [77.72729, 18.16043], [77.727304, 18.159526], [77.726359, 18.159512]]]}}, {"type": "Feature", "properties": {"District": "Medak", "Mandal": "Medak", "Company": "FRONTIER ENERGIES PRIVATE LIMITED 6c6th Floor8084 Melange Tower Road Number 3 Techno Enclave Road Madhapur", "Address": "FRONTIER ENERGIES PRIVATE LIMITED 6c6th Floor8084 Melange Tower Road Number 3 Techno Enclave Road Madhapur", "Mineral": "Road Metal", "MineralTyp": "QL", "SurveyNumb": "227/D", "LandType": "Govt.Land", "Production": 400000, "Dispatch": 400000, "ETS": 450000, "Notice": 50000, "Reg_From": "2026-01-13", "Reg_To": "2028-01-12"}, "geometry": {"type": "Polygon", "coordinates": [[[78.179525, 18.138137], [78.179513, 18.139041], [78.180458, 18.139053], [78.180471, 18.138149], [78.179525, 18.138137]]]}}, {"type": "Feature", "properties": {"District": "Warangal", "Mandal": "Mulug2", "Company": "Genesys Energy Solutions Private Limited Bharat Insurance Building 3rd Floor 15A Horniman Circle Fort Mumbai Tel. : 22661531/22", "Address": "Genesys Energy Solutions Private Limited Bharat Insurance Building 3rd Floor 15A Horniman Circle Fort Mumbai Tel. : 22661531/22", "Mineral": "Colour Granite", "MineralTyp": "QL", "SurveyNumb": "44", "LandType": "Govt.Land", "Production": 250000, "Dispatch": 250000, "ETS": 250000, "Notice": 0, "Reg_From": "2026-01-13", "Reg_To": "2028-01-12"}, "geometry": {"type": "Polygon", "coordinates": [[[80.075012, 18.147124], [80.075008, 18.148028], [80.075954, 18.148032], [80.075957, 18.147128], [80.075012, 18.147124]]]}}, {"type": "Feature", "properties": {"District": "Khammam", "Mandal": "Cherla", "Company": "M/s. Sri Venkateshwara Traders # 18666/1 Ram Nagar Mancherial", "Address": "M/s. Sri Venkateshwara Traders # 18666/1 Ram Nagar Mancherial", "Mineral": "Colour Granite", "MineralTyp": "QL", "SurveyNumb": "44", "LandType": "Govt.Land", "Production": 250000, "Dispatch": 250000, "ETS": 250000, "Notice": 0, "Reg_From": "2026-01-17", "Reg_To": "2027-01-16"}, "geometry": {"type": "Polygon", "coordinates": [[[80.865639, 18.113327], [80.865639, 18.114231], [80.866584, 18.114231], [80.866584, 18.113327], [80.865639, 18.113327]]]}}, {"type": "Feature", "properties": {"District": "Khammam", "Mandal": "Mulkalapalle", "Company": "M/s. Yentra Solutions LLP H. No. 364/5/1 S.NO 77 Telangana Colony Hayath Nagar RangaReddy .", "Address": "M/s. Yentra Solutions LLP H. No. 364/5/1 S.NO 77 Telangana Colony Hayath Nagar RangaReddy .", "Mineral": "Colour Granite", "MineralTyp": "QL", "SurveyNumb": "44", "LandType": "Govt.Land", "Production": 250000, "Dispatch": 250000, "ETS": 250000, "Notice": 0, "Reg_From": "2026-01-17", "Reg_To": "2027-01-16"}, "geometry": {"type": "Polygon", "coordinates": [[[80.870381, 17.458159], [80.870381, 17.459063], [80.871323, 17.459063], [80.871323, 17.458159], [80.870381, 17.458159]]]}}, {"type": "Feature", "properties": {"District": "Khammam", "Mandal": "Aswaraopeta", "Company": "JK ENTERPRISES # Kaviraj Nagar Khanapuram Haveli Khammam", "Address": "JK ENTERPRISES # Kaviraj Nagar Khanapuram Haveli Khammam", "Mineral": "Road Metal", "MineralTyp": "QL", "SurveyNumb": "384/P1, P5,P6", "LandType": "Patta Land", "Production": 400000, "Dispatch": 400000, "ETS": 450000, "Notice": 50000, "Reg_From": "2026-01-19", "Reg_To": "2027-01-18"}, "geometry": {"type": "Polygon", "coordinates": [[[81.163648, 17.413811], [81.163649, 17.414715], [81.164591, 17.414714], [81.164589, 17.41381], [81.163648, 17.413811]]]}}, {"type": "Feature", "properties": {"District": "Adilabad", "Mandal": "Narnoor", "Company": "KATYA ENTERPRISES H.No. 1130.Saraswati Colony Near Uppal Uppal Main Road H yderabad Medchal Malkajgiri Telangana", "Address": "KATYA ENTERPRISES H.No. 1130.Saraswati Colony Near Uppal Uppal Main Road H yderabad Medchal Malkajgiri Telangana", "Mineral": "Road Metal", "MineralTyp": "QL", "SurveyNumb": "386", "LandType": "Govt.Land", "Production": 400000, "Dispatch": 400000, "ETS": 450000, "Notice": 50000, "Reg_From": "2026-01-19", "Reg_To": "2027-01-18"}, "geometry": {"type": "Polygon", "coordinates": [[[78.968022, 19.479885], [78.968013, 19.480788], [78.968965, 19.480797], [78.968974, 19.479894], [78.968022, 19.479885]]]}}, {"type": "Feature", "properties": {"District": "Rangareddy", "Mandal": "Pargi", "Company": "M/s. Suryansh Energies H. No. 234 Kapulakanaparthy Nearby Post Office Sangem Warangal \u2013 .", "Address": "M/s. Suryansh Energies H. No. 234 Kapulakanaparthy Nearby Post Office Sangem Warangal \u2013 .", "Mineral": "Road Metal", "MineralTyp": "QL", "SurveyNumb": "386", "LandType": "Govt.Land", "Production": 400000, "Dispatch": 400000, "ETS": 450000, "Notice": 50000, "Reg_From": "2026-01-22", "Reg_To": "2027-01-21"}, "geometry": {"type": "Polygon", "coordinates": [[[77.836795, 17.209205], [77.836781, 17.210109], [77.837722, 17.210122], [77.837736, 17.209218], [77.836795, 17.209205]]]}}, {"type": "Feature", "properties": {"District": "Rangareddy", "Mandal": "Yelal", "Company": "M/s. Sri Shakthi Infra Projects Sri Satya Residency H.No.22233 Plot No.167 Eenadu Society Vivekananda Nagar Colony Rangareddy", "Address": "M/s. Sri Shakthi Infra Projects Sri Satya Residency H.No.22233 Plot No.167 Eenadu Society Vivekananda Nagar Colony Rangareddy", "Mineral": "Road Metal", "MineralTyp": "QL", "SurveyNumb": "589", "LandType": "Govt.Land", "Production": 400000, "Dispatch": 400000, "ETS": 450000, "Notice": 50000, "Reg_From": "2026-01-22", "Reg_To": "2027-01-21"}, "geometry": {"type": "Polygon", "coordinates": [[[77.56254, 17.153095], [77.562524, 17.154], [77.563465, 17.154014], [77.56348, 17.15311], [77.56254, 17.153095]]]}}, {"type": "Feature", "properties": {"District": "Nalgonda", "Mandal": "Kangal", "Company": "JP ENERGY SOLUTIONS H.NO. 1914 OLD MIG MAIN ROADRAMACHENDRAPURAM SANGAREDDY TELANGANA", "Address": "JP ENERGY SOLUTIONS H.NO. 1914 OLD MIG MAIN ROADRAMACHENDRAPURAM SANGAREDDY TELANGANA", "Mineral": "Road Metal", "MineralTyp": "QL", "SurveyNumb": "589/1", "LandType": "Govt.Land", "Production": 400000, "Dispatch": 400000, "ETS": 450000, "Notice": 50000, "Reg_From": "2026-01-23", "Reg_To": "2027-01-22"}, "geometry": {"type": "Polygon", "coordinates": [[[79.224476, 16.968896], [79.224468, 16.9698], [79.225408, 16.969808], [79.225416, 16.968903], [79.224476, 16.968896]]]}}, {"type": "Feature", "properties": {"District": "Nalgonda", "Mandal": "Gundla Palle", "Company": "X SOLUTIONS 4th floor Room No.14MCH No.1 158/8/49&50 Srinath Commercial complex Sarojini Devi Road Opp :Tajamahal Hotel Secunderabad Telangana", "Address": "X SOLUTIONS 4th floor Room No.14MCH No.1 158/8/49&50 Srinath Commercial complex Sarojini Devi Road Opp :Tajamahal Hotel Secunderabad Telangana", "Mineral": "Road Metal", "MineralTyp": "QL", "SurveyNumb": "592/1", "LandType": "Govt.Land", "Production": 400000, "Dispatch": 400000, "ETS": 450000, "Notice": 50000, "Reg_From": "2026-01-23", "Reg_To": "2027-01-22"}, "geometry": {"type": "Polygon", "coordinates": [[[78.655232, 16.539897], [78.655222, 16.540801], [78.65616, 16.540811], [78.65617, 16.539907], [78.655232, 16.539897]]]}}, {"type": "Feature", "properties": {"District": "Mahbubnagar", "Mandal": "Dharur1", "Company": "M/s. Sun Savers Energy Solutions Plot No 51EP Lokamatha Colony KAPRA Cherlapally Medchal Malkajgiri .", "Address": "M/s. Sun Savers Energy Solutions Plot No 51EP Lokamatha Colony KAPRA Cherlapally Medchal Malkajgiri .", "Mineral": "Road Metal", "MineralTyp": "QL", "SurveyNumb": "758/13", "LandType": "Govt.Land", "Production": 400000, "Dispatch": 400000, "ETS": 450000, "Notice": 50000, "Reg_From": "2026-01-24", "Reg_To": "2027-01-23"}, "geometry": {"type": "Polygon", "coordinates": [[[77.661392, 16.350851], [77.661377, 16.351755], [77.662314, 16.351769], [77.662328, 16.350865], [77.661392, 16.350851]]]}}, {"type": "Feature", "properties": {"District": "Adilabad", "Mandal": "Kaddam (Peddur)", "Company": "AB HUB /8/a/1 kaikondagudem Kaikondaigudem Khammam Khammam Telangana", "Address": "AB HUB /8/a/1 kaikondagudem Kaikondaigudem Khammam Khammam Telangana", "Mineral": "Road Metal", "MineralTyp": "QL", "SurveyNumb": "758/13", "LandType": "Govt.Land", "Production": 400000, "Dispatch": 400000, "ETS": 450000, "Notice": 50000, "Reg_From": "2026-01-24", "Reg_To": "2027-01-23"}, "geometry": {"type": "Polygon", "coordinates": [[[78.742296, 19.132498], [78.742287, 19.133401], [78.743237, 19.13341], [78.743247, 19.132507], [78.742296, 19.132498]]]}}, {"type": "Feature", "properties": {"District": "Nizamabad", "Mandal": "Nandipet", "Company": "M/s. Shivakasi Infra & Solutions Near RTO Office Utyara Dwaraka Nagar Khammam", "Address": "M/s. Shivakasi Infra & Solutions Near RTO Office Utyara Dwaraka Nagar Khammam", "Mineral": "Road Metal", "MineralTyp": "QL", "SurveyNumb": "984", "LandType": "Govt.Land", "Production": 400000, "Dispatch": 400000, "ETS": 450000, "Notice": 50000, "Reg_From": "2026-01-24", "Reg_To": "2027-01-23"}, "geometry": {"type": "Polygon", "coordinates": [[[78.214747, 18.972931], [78.214735, 18.973834], [78.215684, 18.973846], [78.215697, 18.972943], [78.214747, 18.972931]]]}}, {"type": "Feature", "properties": {"District": "Nizamabad", "Mandal": "Jukkal", "Company": "BHARATHI CLEAN ENERGY VENTURES LLP H.NO:/1 KANTESHWAR NIZAMABAD TELANGANA03002 INDIA", "Address": "BHARATHI CLEAN ENERGY VENTURES LLP H.NO:/1 KANTESHWAR NIZAMABAD TELANGANA03002 INDIA", "Mineral": "Road Metal", "MineralTyp": "QL", "SurveyNumb": "984", "LandType": "Govt.Land", "Production": 400000, "Dispatch": 400000, "ETS": 450000, "Notice": 50000, "Reg_From": "2026-01-23", "Reg_To": "2027-01-22"}, "geometry": {"type": "Polygon", "coordinates": [[[77.618073, 18.300943], [77.618058, 18.301846], [77.619004, 18.301861], [77.619019, 18.300957], [77.618073, 18.300943]]]}}, {"type": "Feature", "properties": {"District": "Nizamabad", "Mandal": "Nizamsagar", "Company": "ACCUREENERGY PRIVATE LIMITED plot no 185 Gayathri nagar g odavari homestelang ana", "Address": "ACCUREENERGY PRIVATE LIMITED plot no 185 Gayathri nagar g odavari homestelang ana", "Mineral": "Road Metal", "MineralTyp": "QL", "SurveyNumb": "984", "LandType": "Govt.Land", "Production": 400000, "Dispatch": 400000, "ETS": 450000, "Notice": 50000, "Reg_From": "2026-01-20", "Reg_To": "2027-01-19"}, "geometry": {"type": "Polygon", "coordinates": [[[77.946887, 18.159118], [77.946874, 18.160022], [77.947819, 18.160035], [77.947833, 18.159131], [77.946887, 18.159118]]]}}, {"type": "Feature", "properties": {"District": "Karimnagar", "Mandal": "Koheda", "Company": "VENKATDHEERU INFRACON PRIVATE LIMITED 9 Flat no: 201 3rd floor Dream wood Apartment Panchavati La yout Manikonda Te langana", "Address": "VENKATDHEERU INFRACON PRIVATE LIMITED 9 Flat no: 201 3rd floor Dream wood Apartment Panchavati La yout Manikonda Te langana", "Mineral": "Road Metal", "MineralTyp": "QL", "SurveyNumb": "984/2", "LandType": "Govt.Land", "Production": 400000, "Dispatch": 400000, "ETS": 450000, "Notice": 50000, "Reg_From": "2026-01-27", "Reg_To": "2027-01-26"}, "geometry": {"type": "Polygon", "coordinates": [[[79.014612, 18.169831], [79.014604, 18.170735], [79.015549, 18.170743], [79.015558, 18.169839], [79.014612, 18.169831]]]}}, {"type": "Feature", "properties": {"District": "Mahbubnagar", "Mandal": "Veepangandla", "Company": "HANUVOLTS RENEWABLE ENERGY PRIVATE LIMITED 0 0 H. No 15646/1/87 Sri Nagar Colony Tirumalagiri Alwal S ri Nagar Colony Old Alwal Se cunderabad Medchal Malkajgiri Telangana", "Address": "HANUVOLTS RENEWABLE ENERGY PRIVATE LIMITED 0 0 H. No 15646/1/87 Sri Nagar Colony Tirumalagiri Alwal S ri Nagar Colony Old Alwal Se cunderabad Medchal Malkajgiri Telangana", "Mineral": "Road Metal", "MineralTyp": "QL", "SurveyNumb": "77/1", "LandType": "Govt.Land", "Production": 400000, "Dispatch": 400000, "ETS": 450000, "Notice": 50000, "Reg_From": "2026-01-30", "Reg_To": "2027-01-29"}, "geometry": {"type": "Polygon", "coordinates": [[[78.139594, 16.001241], [78.139581, 16.002146], [78.140516, 16.002158], [78.140529, 16.001253], [78.139594, 16.001241]]]}}, {"type": "Feature", "properties": {"District": "Karimnagar", "Mandal": "Malharrao", "Company": "M/s. FG Enterprises JK Heights Plot No. 362/A Manjeera Road MMTS X Road Chanda Nagar Gangaram", "Address": "M/s. FG Enterprises JK Heights Plot No. 362/A Manjeera Road MMTS X Road Chanda Nagar Gangaram", "Mineral": "Colour Granite", "MineralTyp": "QL", "SurveyNumb": "95/1", "LandType": "Govt.Land", "Production": 250000, "Dispatch": 250000, "ETS": 250000, "Notice": 0, "Reg_From": "2026-01-30", "Reg_To": "2027-01-29"}, "geometry": {"type": "Polygon", "coordinates": [[[79.861814, 18.550456], [79.861809, 18.55136], [79.862756, 18.551364], [79.862761, 18.550461], [79.861814, 18.550456]]]}}, {"type": "Feature", "properties": {"District": "Warangal", "Mandal": "Kothagudem2", "Company": "SUMITH SOLUTIONS DNO 43116/TO 117 RAMNAGAR MAHABUBNAGAR TELANGANA PIN C ODE", "Address": "SUMITH SOLUTIONS DNO 43116/TO 117 RAMNAGAR MAHABUBNAGAR TELANGANA PIN C ODE", "Mineral": "Colour Granite", "MineralTyp": "QL", "SurveyNumb": "58", "LandType": "Govt.Land", "Production": 250000, "Dispatch": 250000, "ETS": 250000, "Notice": 0, "Reg_From": "2026-01-30", "Reg_To": "2031-01-29"}, "geometry": {"type": "Polygon", "coordinates": [[[80.014429, 17.946456], [80.014425, 17.94736], [80.015369, 17.947364], [80.015373, 17.94646], [80.014429, 17.946456]]]}}, {"type": "Feature", "properties": {"District": "Mahbubnagar", "Mandal": "Kothakota", "Company": "ZETTABYTE IT SOLUTIONS PRIVATE LIMITED 0 0 13th Floor Survey No. 64 Bui lding Number 9 WeWork K Rahe ja Mindspace madhapur Hydera bad Telangana", "Address": "ZETTABYTE IT SOLUTIONS PRIVATE LIMITED 0 0 13th Floor Survey No. 64 Bui lding Number 9 WeWork K Rahe ja Mindspace madhapur Hydera bad Telangana", "Mineral": "Colour Granite", "MineralTyp": "QL", "SurveyNumb": "95/1", "LandType": "Govt.Land", "Production": 250000, "Dispatch": 250000, "ETS": 250000, "Notice": 0, "Reg_From": "2026-01-30", "Reg_To": "2027-01-29"}, "geometry": {"type": "Polygon", "coordinates": [[[77.873489, 16.385685], [77.873475, 16.386589], [77.874412, 16.386602], [77.874426, 16.385698], [77.873489, 16.385685]]]}}, {"type": "Feature", "properties": {"District": "Medak", "Mandal": "Munpalle", "Company": "LEKKALA INFRA PROJECTS LLP FLAT NO 203 VAJRAS RESIDENCY ROAD NO 4 P S RAO NAGAR DAMMAIGUDA NAGARAM MEDCHAL MALKAJGIRITELANGANA", "Address": "LEKKALA INFRA PROJECTS LLP FLAT NO 203 VAJRAS RESIDENCY ROAD NO 4 P S RAO NAGAR DAMMAIGUDA NAGARAM MEDCHAL MALKAJGIRITELANGANA", "Mineral": "Road Metal", "MineralTyp": "QL", "SurveyNumb": "879/1", "LandType": "Govt.Land", "Production": 400000, "Dispatch": 400000, "ETS": 450000, "Notice": 50000, "Reg_From": "2026-01-30", "Reg_To": "2027-01-29"}, "geometry": {"type": "Polygon", "coordinates": [[[77.881615, 17.811069], [77.881601, 17.811972], [77.882545, 17.811986], [77.882559, 17.811082], [77.881615, 17.811069]]]}}, {"type": "Feature", "properties": {"District": "Adilabad", "Mandal": "Bellampalle", "Company": "SRI SHIVAMULTISOLUTIONS Falt No.401. 1113704. Gayath ri apartment.Green hills colon y RD no.4/D Beside ozone hosp ital Kothapet. Rk puram", "Address": "SRI SHIVAMULTISOLUTIONS Falt No.401. 1113704. Gayath ri apartment.Green hills colon y RD no.4/D Beside ozone hosp ital Kothapet. Rk puram", "Mineral": "Road Metal", "MineralTyp": "QL", "SurveyNumb": "195/1", "LandType": "Govt.Land", "Production": 400000, "Dispatch": 400000, "ETS": 450000, "Notice": 50000, "Reg_From": "2026-01-31", "Reg_To": "2027-01-30"}, "geometry": {"type": "Polygon", "coordinates": [[[79.449568, 19.121266], [79.449561, 19.122169], [79.450512, 19.122175], [79.450518, 19.121272], [79.449568, 19.121266]]]}}, {"type": "Feature", "properties": {"District": "Nalgonda", "Mandal": "Pedda Adiserla Palle", "Company": "Bharatnext Projects Private Limited #209 2ND flOOR bblock Asia n Sun city Kondapur Seriling ampally K.V Rangareddy", "Address": "Bharatnext Projects Private Limited #209 2ND flOOR bblock Asia n Sun city Kondapur Seriling ampally K.V Rangareddy", "Mineral": "Road Metal", "MineralTyp": "QL", "SurveyNumb": "2207/1", "LandType": "Govt.Land", "Production": 400000, "Dispatch": 400000, "ETS": 450000, "Notice": 50000, "Reg_From": "2026-02-02", "Reg_To": "2027-02-01"}, "geometry": {"type": "Polygon", "coordinates": [[[79.193782, 16.562336], [79.193775, 16.56324], [79.194712, 16.563248], [79.19472, 16.562343], [79.193782, 16.562336]]]}}, {"type": "Feature", "properties": {"District": "Mahbubnagar", "Mandal": "Koilkonda", "Company": "M/s. AJ SOLUTIONS H. No. 25283 NAKKALAGUTTA Hanumakonda", "Address": "M/s. AJ SOLUTIONS H. No. 25283 NAKKALAGUTTA Hanumakonda", "Mineral": "Road Metal", "MineralTyp": "QL", "SurveyNumb": "894/1", "LandType": "Govt.Land", "Production": 400000, "Dispatch": 400000, "ETS": 450000, "Notice": 50000, "Reg_From": "2026-02-03", "Reg_To": "2027-02-02"}, "geometry": {"type": "Polygon", "coordinates": [[[77.777128, 16.725045], [77.777114, 16.72595], [77.778052, 16.725963], [77.778066, 16.725059], [77.777128, 16.725045]]]}}, {"type": "Feature", "properties": {"District": "Khammam", "Mandal": "Palwancha", "Company": "SHORAPUR LIMITED 46 AVENUE 4 KARVY HOUSE STREET NO 1 BANJARA HILLS TELANGANA", "Address": "SHORAPUR LIMITED 46 AVENUE 4 KARVY HOUSE STREET NO 1 BANJARA HILLS TELANGANA", "Mineral": "Feldspar", "MineralTyp": "QL", "SurveyNumb": "391/1/A", "LandType": "Govt.Land", "Production": 250000, "Dispatch": 250000, "ETS": 265000, "Notice": 15000, "Reg_From": "2026-02-03", "Reg_To": "2027-02-02"}, "geometry": {"type": "Polygon", "coordinates": [[[80.628634, 17.732388], [80.628633, 17.733292], [80.629576, 17.733293], [80.629577, 17.732389], [80.628634, 17.732388]]]}}, {"type": "Feature", "properties": {"District": "Khammam", "Mandal": "Kothagudem1", "Company": "M/s. Zettabyte It Solutions Private Limited 13th Floor Survey No. 64 Building Number 9 WeWork K Raheja Mindspace Madhapur Telangana \u2013 .", "Address": "M/s. Zettabyte It Solutions Private Limited 13th Floor Survey No. 64 Building Number 9 WeWork K Raheja Mindspace Madhapur Telangana \u2013 .", "Mineral": "Road Metal", "MineralTyp": "QL", "SurveyNumb": "379", "LandType": "Govt.Land", "Production": 400000, "Dispatch": 400000, "ETS": 450000, "Notice": 50000, "Reg_From": "2026-02-03", "Reg_To": "2027-02-02"}, "geometry": {"type": "Polygon", "coordinates": [[[80.638767, 17.703339], [80.638766, 17.704243], [80.63971, 17.704244], [80.639711, 17.70334], [80.638767, 17.703339]]]}}, {"type": "Feature", "properties": {"District": "Rangareddy", "Mandal": "Dharur2", "Company": "MS ARAVINDH B TRADERS AND DEVELOPERS 2236 FLAT NO:403 JAIPURI COLONY NAGOLE UPPAL MEDCHEL", "Address": "MS ARAVINDH B TRADERS AND DEVELOPERS 2236 FLAT NO:403 JAIPURI COLONY NAGOLE UPPAL MEDCHEL", "Mineral": "Road Metal", "MineralTyp": "QL", "SurveyNumb": "43/1", "LandType": "Govt.Land", "Production": 400000, "Dispatch": 400000, "ETS": 450000, "Notice": 50000, "Reg_From": "2026-02-07", "Reg_To": "2027-02-06"}, "geometry": {"type": "Polygon", "coordinates": [[[77.750852, 17.365941], [77.750838, 17.366846], [77.75178, 17.366859], [77.751794, 17.365955], [77.750852, 17.365941]]]}}, {"type": "Feature", "properties": {"District": "Khammam", "Mandal": "Penuballi", "Company": "UDAY USHA SURYA SHAKTI 347/1 RAJESHWARAPURAM NELAKONDAPALLI KHAMMAM TELANGANA STATE", "Address": "UDAY USHA SURYA SHAKTI 347/1 RAJESHWARAPURAM NELAKONDAPALLI KHAMMAM TELANGANA STATE", "Mineral": "Colour Granite", "MineralTyp": "QL", "SurveyNumb": "684/1", "LandType": "Govt.Land", "Production": 250000, "Dispatch": 250000, "ETS": 250000, "Notice": 0, "Reg_From": "2031-03-11", "Reg_To": "2032-03-11"}, "geometry": {"type": "Polygon", "coordinates": [[[80.72142, 17.171812], [80.721419, 17.172716], [80.72236, 17.172717], [80.72236, 17.171813], [80.72142, 17.171812]]]}}, {"type": "Feature", "properties": {"District": "Karimnagar", "Mandal": "Bejjanki", "Company": "OM VENKATESHWARA SUPPLIERS H.NO:799 Beside:VIJETHA SUPERMARKET MAIN ROAD MANCHERIAL", "Address": "OM VENKATESHWARA SUPPLIERS H.NO:799 Beside:VIJETHA SUPERMARKET MAIN ROAD MANCHERIAL", "Mineral": "Colour Granite", "MineralTyp": "QL", "SurveyNumb": "131", "LandType": "Govt.Land", "Production": 250000, "Dispatch": 250000, "ETS": 250000, "Notice": 0, "Reg_From": "2026-02-05", "Reg_To": "2028-02-04"}, "geometry": {"type": "Polygon", "coordinates": [[[79.106853, 18.383504], [79.106844, 18.384408], [79.107791, 18.384416], [79.107799, 18.383512], [79.106853, 18.383504]]]}}, {"type": "Feature", "properties": {"District": "Warangal", "Mandal": "Mangapet", "Company": "LIVING LIGHT ENERGY OPC PVT LTD TNR VaishnoviVibgyor High Sch ool Rd Thubarahalli Whitefie ld Bengaluru Karnataka", "Address": "LIVING LIGHT ENERGY OPC PVT LTD TNR VaishnoviVibgyor High Sch ool Rd Thubarahalli Whitefie ld Bengaluru Karnataka", "Mineral": "Colour Granite", "MineralTyp": "QL", "SurveyNumb": "129,130,31", "LandType": "Govt.Land", "Production": 250000, "Dispatch": 250000, "ETS": 250000, "Notice": 0, "Reg_From": "2026-02-07", "Reg_To": "2027-02-06"}, "geometry": {"type": "Polygon", "coordinates": [[[80.511641, 18.164745], [80.511639, 18.165649], [80.512585, 18.165651], [80.512587, 18.164747], [80.511641, 18.164745]]]}}, {"type": "Feature", "properties": {"District": "Khammam", "Mandal": "Kusumanchi", "Company": "MNR RENEWABLE ENERGY Plot No. 23 Ground Floor Pra shanti Nagar Colony Vignan pu ri Colony", "Address": "MNR RENEWABLE ENERGY Plot No. 23 Ground Floor Pra shanti Nagar Colony Vignan pu ri Colony", "Mineral": "Colour Granite", "MineralTyp": "QL", "SurveyNumb": "141,142,144&145", "LandType": "Govt.Land", "Production": 250000, "Dispatch": 250000, "ETS": 250000, "Notice": 0, "Reg_From": "2026-02-12", "Reg_To": "2027-02-11"}, "geometry": {"type": "Polygon", "coordinates": [[[79.903376, 17.220273], [79.903372, 17.221177], [79.904313, 17.221181], [79.904317, 17.220277], [79.903376, 17.220273]]]}}, {"type": "Feature", "properties": {"District": "Warangal", "Mandal": "Tadvai", "Company": "SSMS ENERGY PRIVATE LIMITED 6118/60/8 AMBEDKAR NAGAR Jangaon Warangal Jangaon Telangana India", "Address": "SSMS ENERGY PRIVATE LIMITED 6118/60/8 AMBEDKAR NAGAR Jangaon Warangal Jangaon Telangana India", "Mineral": "Road Metal", "MineralTyp": "QL", "SurveyNumb": "183", "LandType": "Govt.Land", "Production": 400000, "Dispatch": 400000, "ETS": 450000, "Notice": 50000, "Reg_From": "2026-02-12", "Reg_To": "2027-02-11"}, "geometry": {"type": "Polygon", "coordinates": [[[80.337334, 18.273061], [80.337332, 18.273964], [80.338278, 18.273967], [80.33828, 18.273063], [80.337334, 18.273061]]]}}, {"type": "Feature", "properties": {"District": "Warangal", "Mandal": "Shayampet", "Company": "ANVESH ENERGY H.NO: 533 VILL: BURUGUPALLY (K) MDL: NARSAPUR(G) DIST: NIRMAL TELANGANA", "Address": "ANVESH ENERGY H.NO: 533 VILL: BURUGUPALLY (K) MDL: NARSAPUR(G) DIST: NIRMAL TELANGANA", "Mineral": "Road Metal", "MineralTyp": "QL", "SurveyNumb": "183", "LandType": "Govt.Land", "Production": 400000, "Dispatch": 400000, "ETS": 450000, "Notice": 50000, "Reg_From": "2026-02-13", "Reg_To": "2027-02-12"}, "geometry": {"type": "Polygon", "coordinates": [[[79.762222, 18.142893], [79.762217, 18.143797], [79.763162, 18.143802], [79.763167, 18.142898], [79.762222, 18.142893]]]}}, {"type": "Feature", "properties": {"District": "Adilabad", "Mandal": "Jainad", "Company": "ATOM ENERGY H.NO 646/2 MAIN ROAD MALLAPUR JAGITIAL", "Address": "ATOM ENERGY H.NO 646/2 MAIN ROAD MALLAPUR JAGITIAL", "Mineral": "Road Metal", "MineralTyp": "QL", "SurveyNumb": "183", "LandType": "Govt.Land", "Production": 400000, "Dispatch": 400000, "ETS": 450000, "Notice": 50000, "Reg_From": "2026-02-13", "Reg_To": "2028-02-12"}, "geometry": {"type": "Polygon", "coordinates": [[[78.680097, 19.642113], [78.680086, 19.643016], [78.681039, 19.643026], [78.681049, 19.642123], [78.680097, 19.642113]]]}}, {"type": "Feature", "properties": {"District": "Adilabad", "Mandal": "Bhainsa", "Company": "Siddhartha solutions 3568/215/g 1 RJHMGround floor shivanagar colonyhyderguda attapur Rajendranagarranga reddy", "Address": "Siddhartha solutions 3568/215/g 1 RJHMGround floor shivanagar colonyhyderguda attapur Rajendranagarranga reddy", "Mineral": "Feldspar", "MineralTyp": "QL", "SurveyNumb": "306", "LandType": "Govt.Land", "Production": 250000, "Dispatch": 250000, "ETS": 265000, "Notice": 15000, "Reg_From": "2026-02-16", "Reg_To": "2027-02-15"}, "geometry": {"type": "Polygon", "coordinates": [[[77.933782, 19.132855], [77.933769, 19.133758], [77.934719, 19.133771], [77.934732, 19.132868], [77.933782, 19.132855]]]}}, {"type": "Feature", "properties": {"District": "Khammam", "Mandal": "Konijerla", "Company": "VoltEco Dynamics Pvt Ltd D.NO.26/9941Mittamadi 2nd Street GopavaramProddatur Town & MandalYSR Dist Andhra Pradesh", "Address": "VoltEco Dynamics Pvt Ltd D.NO.26/9941Mittamadi 2nd Street GopavaramProddatur Town & MandalYSR Dist Andhra Pradesh", "Mineral": "Road Metal", "MineralTyp": "QL", "SurveyNumb": "265/1", "LandType": "Govt.Land", "Production": 400000, "Dispatch": 400000, "ETS": 450000, "Notice": 50000, "Reg_From": "2026-02-17", "Reg_To": "2027-02-16"}, "geometry": {"type": "Polygon", "coordinates": [[[80.376565, 17.221739], [80.376563, 17.222643], [80.377504, 17.222645], [80.377506, 17.221741], [80.376565, 17.221739]]]}}, {"type": "Feature", "properties": {"District": "Medak", "Mandal": "Sadasivpet", "Company": "AMIGOS RENEWABLE ENERGY LLP 1127/19/10/A PRASHANTH NAGAR Hanumakonda Telangana", "Address": "AMIGOS RENEWABLE ENERGY LLP 1127/19/10/A PRASHANTH NAGAR Hanumakonda Telangana", "Mineral": "Road Metal", "MineralTyp": "QL", "SurveyNumb": "914", "LandType": "Govt.Land", "Production": 400000, "Dispatch": 400000, "ETS": 450000, "Notice": 50000, "Reg_From": "2026-02-17", "Reg_To": "2028-02-16"}, "geometry": {"type": "Polygon", "coordinates": [[[78.053008, 17.66878], [78.052995, 17.669684], [78.053938, 17.669697], [78.053951, 17.668793], [78.053008, 17.66878]]]}}]}