{"type": "FeatureCollection", "features": [{"type": "Feature", "properties": {"AREA": 12809777613.0, "State": "Telangana"}, "geometry": {"type": "Polygon", "coordinates": [[[78.327248, 19.916614], [78.329541, 19.915959], [78.330169, 19.915462], [78.33058, 19.915138], [78.331004, 19.914804], [78.331178, 19.914666], [78.331518, 19.914166], [78.331605, 19.914002], [78.331881, 19.91379], [78.332254, 19.913236], [78.332286, 19.913193], [78.33233, 19.913127], [78.333011, 19.911938], [78.333546, 19.910858], [78.333729, 19.910488], [78.334004, 19.909022], [78.334203, 19.907402], [78.33436, 19.906386], [78.334401, 19.90582], [78.334385, 19.905369], [78.334334, 19.905011], [78.334106, 19.90462], [78.333449, 19.903931], [78.332834, 19.903504], [78.331546, 19.902728], [78.330386, 19.902041], [78.330239, 19.901927], [78.330236, 19.901925], [78.329103, 19.90124], [78.327706, 19.900269], [78.326346, 19.899067], [78.326306, 19.898917], [78.326266, 19.898878], [78.325374, 19.8979], [78.325182, 19.897657], [78.325036, 19.897438], [78.324921, 19.897216], [78.324817, 19.896959], [78.324709, 19.896592], [78.324637, 19.896206], [78.324605, 19.89585], [78.324617, 19.895493], [78.324658, 19.895184], [78.324669, 19.895103], [78.324733, 19.894812], [78.324948, 19.89402], [78.325007, 19.893802], [78.325536, 19.89235], [78.326538, 19.890389], [78.327242, 19.889416], [78.327341, 19.88928], [78.3274, 19.889195], [78.328019, 19.888312], [78.328719, 19.887417], [78.329415, 19.886723], [78.329785, 19.886597], [78.329794, 19.886594], [78.330084, 19.886371], [78.330634, 19.885949], [78.331082, 19.885714], [78.331807, 19.88524], [78.331887, 19.885188], [78.332647, 19.884798], [78.333436, 19.884661], [78.33378, 19.884633], [78.333891, 19.884634], [78.334158, 19.884627], [78.334602, 19.884538], [78.334804, 19.884439], [78.334937, 19.884374], [78.335432, 19.883865], [78.335884, 19.883534], [78.336012, 19.883446], [78.336304, 19.883247], [78.33658, 19.883058], [78.336607, 19.883054], [78.337241, 19.882963], [78.33814, 19.882974], [78.339348, 19.883061], [78.340778, 19.883099], [78.341263, 19.883001], [78.341512, 19.88295], [78.342447, 19.88273], [78.342957, 19.882674], [78.344091, 19.88255], [78.34452, 19.882498], [78.345191, 19.882416], [78.345308, 19.882418], [78.345817, 19.882403], [78.345823, 19.882403], [78.346549, 19.882355], [78.346767, 19.88234], [78.346767, 19.88233], [78.346767, 19.88233], [78.347446, 19.882343], [78.34812, 19.882356], [78.349451, 19.88235], [78.349543, 19.882343], [78.350973, 19.882232], [78.351445, 19.882234], [78.351772, 19.882235], [78.352426, 19.882238], [78.353348, 19.882411], [78.353499, 19.88244], [78.354062, 19.882446], [78.354398, 19.88245], [78.354498, 19.882468], [78.355239, 19.882596], [78.356754, 19.882929], [78.35723, 19.883045], [78.357794, 19.883182], [78.358603, 19.883192], [78.358788, 19.883201], [78.359479, 19.883233], [78.359569, 19.883236], [78.360145, 19.883252], [78.360655, 19.883164], [78.360945, 19.883114], [78.361525, 19.882869], [78.361571, 19.882856], [78.361881, 19.882768], [78.362276, 19.88246], [78.362386, 19.882375], [78.362721, 19.882169], [78.36306, 19.881996], [78.36438, 19.881239], [78.364618, 19.881118], [78.365288, 19.880777], [78.365364, 19.880745], [78.366242, 19.880376], [78.36679, 19.880171], [78.366973, 19.880193], [78.368509, 19.87977], [78.369966, 19.879525], [78.370609, 19.879522], [78.371508, 19.87949], [78.372161, 19.879613], [78.372638, 19.879768], [78.373034, 19.879896], [78.373158, 19.879928], [78.373752, 19.880083], [78.374757, 19.880441], [78.375321, 19.880615], [78.376106, 19.880803], [78.376692, 19.880956], [78.377778, 19.881021], [78.378344, 19.881017], [78.378899, 19.880992], [78.379294, 19.88098], [78.379387, 19.880977], [78.37958, 19.88091], [78.379799, 19.880835], [78.379797, 19.880829], [78.380415, 19.880433], [78.381242, 19.879949], [78.381659, 19.87945], [78.381873, 19.879169], [78.381964, 19.87896], [78.382309, 19.878062], [78.382462, 19.877371], [78.382521, 19.877078], [78.382537, 19.876679], [78.382623, 19.876084], [78.382824, 19.875121], [78.382883, 19.874838], [78.383033, 19.874336], [78.38303, 19.874329], [78.383034, 19.874318], [78.383062, 19.873847], [78.383026, 19.873108], [78.383018, 19.872944], [78.38285, 19.872186], [78.382698, 19.871953], [78.382558, 19.871658], [78.382386, 19.871194], [78.382303, 19.870774], [78.382165, 19.870237], [78.382093, 19.869816], [78.381933, 19.869311], [78.381818, 19.868785], [78.381735, 19.868343], [78.381736, 19.868267], [78.38174, 19.867928], [78.381741, 19.867928], [78.381736, 19.867357], [78.381742, 19.866934], [78.381746, 19.866591], [78.381801, 19.866055], [78.381867, 19.865633], [78.381971, 19.865108], [78.38221, 19.864326], [78.382325, 19.863881], [78.3825, 19.863392], [78.38271, 19.863029], [78.38281, 19.86279], [78.382862, 19.862493], [78.382867, 19.862059], [78.38278, 19.861996], [78.382628, 19.861885], [78.38249, 19.861883], [78.382435, 19.861883], [78.382218, 19.861835], [78.381897, 19.861454], [78.381795, 19.860944], [78.381792, 19.860944], [78.381688, 19.860553], [78.381633, 19.860348], [78.381637, 19.860074], [78.381644, 19.859491], [78.381663, 19.859011], [78.381667, 19.858703], [78.381671, 19.858392], [78.381672, 19.858257], [78.381677, 19.857857], [78.38169, 19.857655], [78.381756, 19.857456], [78.38192, 19.857039], [78.381962, 19.856417], [78.382164, 19.855699], [78.382344, 19.8552], [78.382352, 19.855176], [78.382527, 19.854686], [78.382727, 19.854209], [78.382941, 19.853806], [78.382987, 19.85372], [78.38315, 19.853465], [78.383453, 19.853143], [78.383945, 19.852509], [78.3844, 19.851805], [78.384614, 19.851156], [78.384816, 19.850519], [78.385039, 19.850036], [78.385079, 19.849785], [78.385367, 19.848606], [78.385524, 19.847891], [78.385565, 19.847565], [78.385649, 19.847286], [78.38571, 19.846815], [78.385789, 19.84642], [78.385909, 19.846217], [78.385922, 19.846103], [78.385947, 19.846069], [78.38598, 19.845909], [78.386321, 19.845307], [78.386757, 19.844858], [78.387156, 19.844548], [78.387955, 19.844143], [78.388632, 19.843714], [78.389337, 19.843443], [78.389431, 19.843344], [78.389432, 19.843344], [78.389437, 19.843339], [78.389947, 19.842966], [78.39043, 19.842762], [78.390716, 19.842544], [78.390973, 19.842445], [78.391179, 19.842238], [78.391269, 19.842124], [78.391337, 19.842067], [78.39219, 19.841354], [78.393569, 19.839971], [78.394596, 19.839086], [78.395002, 19.838601], [78.395457, 19.838221], [78.395463, 19.838219], [78.395779, 19.838071], [78.397123, 19.836921], [78.397572, 19.836507], [78.397845, 19.836306], [78.397877, 19.836236], [78.398022, 19.83597], [78.399084, 19.834811], [78.399662, 19.834371], [78.399756, 19.834213], [78.400017, 19.833958], [78.400081, 19.833896], [78.400499, 19.833458], [78.400493, 19.833452], [78.400834, 19.833252], [78.401133, 19.832941], [78.401125, 19.832932], [78.401568, 19.832637], [78.402668, 19.83188], [78.403202, 19.831467], [78.40324, 19.831392], [78.403239, 19.831386], [78.403645, 19.831121], [78.404079, 19.830807], [78.404593, 19.830386], [78.405091, 19.830154], [78.405862, 19.829557], [78.407178, 19.828733], [78.409182, 19.827527], [78.410285, 19.826928], [78.411185, 19.826344], [78.412066, 19.825887], [78.412651, 19.825393], [78.413146, 19.825125], [78.413461, 19.824817], [78.413464, 19.82482], [78.413844, 19.82448], [78.414161, 19.824297], [78.414147, 19.824294], [78.41464, 19.823912], [78.415751, 19.823139], [78.41586, 19.822981], [78.416508, 19.82259], [78.417127, 19.822194], [78.417482, 19.821942], [78.417718, 19.821744], [78.417837, 19.821597], [78.417853, 19.821541], [78.417853, 19.821525], [78.418451, 19.820973], [78.418445, 19.820972], [78.418992, 19.82053], [78.41944, 19.82018], [78.419601, 19.819927], [78.41964, 19.8199], [78.420173, 19.819451], [78.420885, 19.818782], [78.421338, 19.818382], [78.421868, 19.817971], [78.422248, 19.817704], [78.422387, 19.817606], [78.42291, 19.817277], [78.423456, 19.816993], [78.424197, 19.816654], [78.424913, 19.816367], [78.42582, 19.816057], [78.42703, 19.8157], [78.428931, 19.815189], [78.429085, 19.815146], [78.431424, 19.814491], [78.433951, 19.813836], [78.435319, 19.813505], [78.43662, 19.813217], [78.437639, 19.813046], [78.437652, 19.813043], [78.438202, 19.812902], [78.438721, 19.812794], [78.438843, 19.812766], [78.438853, 19.812767], [78.44028, 19.812854], [78.440999, 19.81283], [78.442425, 19.812782], [78.445276, 19.812814], [78.447397, 19.812695], [78.448557, 19.812684], [78.449315, 19.812645], [78.44952, 19.812546], [78.449645, 19.812552], [78.450326, 19.812484], [78.451263, 19.812415], [78.451939, 19.812389], [78.452353, 19.812386], [78.452699, 19.812403], [78.453534, 19.812513], [78.453655, 19.812512], [78.455067, 19.812662], [78.457752, 19.81348], [78.457832, 19.813504], [78.459587, 19.814408], [78.460618, 19.814706], [78.461975, 19.815079], [78.46323, 19.815618], [78.463235, 19.815617], [78.464324, 19.816018], [78.46563, 19.816471], [78.467995, 19.817003], [78.469069, 19.817139], [78.470626, 19.817173], [78.471125, 19.817162], [78.471573, 19.817001], [78.472331, 19.816629], [78.472894, 19.816362], [78.47382, 19.815751], [78.473814, 19.81573], [78.474992, 19.814679], [78.475795, 19.813697], [78.476049, 19.813098], [78.476255, 19.812874], [78.476542, 19.812522], [78.476782, 19.812193], [78.476921, 19.811948], [78.477145, 19.81159], [78.477154, 19.811516], [78.477217, 19.810984], [78.478241, 19.809398], [78.479411, 19.808016], [78.480343, 19.806935], [78.481211, 19.805833], [78.48176, 19.804646], [78.482265, 19.803927], [78.482281, 19.803865], [78.482281, 19.803865], [78.482282, 19.803863], [78.482825, 19.803142], [78.483262, 19.802318], [78.483294, 19.801449], [78.483324, 19.800782], [78.483376, 19.800034], [78.483405, 19.799408], [78.483475, 19.798924], [78.484019, 19.796342], [78.484823, 19.795259], [78.485751, 19.794481], [78.486271, 19.793921], [78.486767, 19.793481], [78.486809, 19.793407], [78.487089, 19.793248], [78.487262, 19.793162], [78.487576, 19.793005], [78.487607, 19.792965], [78.488727, 19.792148], [78.490782, 19.791787], [78.491117, 19.791791], [78.491466, 19.791795], [78.491844, 19.791805], [78.491889, 19.791777], [78.493624, 19.791697], [78.495522, 19.79196], [78.497135, 19.792787], [78.498133, 19.793202], [78.49879, 19.793634], [78.498978, 19.793767], [78.499108, 19.79386], [78.499535, 19.793865], [78.500813, 19.794162], [78.502027, 19.794438], [78.503114, 19.794632], [78.504243, 19.794826], [78.50499, 19.794915], [78.505351, 19.79506], [78.506163, 19.795532], [78.506619, 19.796], [78.506834, 19.79622], [78.507397, 19.796971], [78.507782, 19.797605], [78.507872, 19.797817], [78.508361, 19.79897], [78.508676, 19.799627], [78.508727, 19.799732], [78.508731, 19.799742], [78.508745, 19.799738], [78.509073, 19.800821], [78.509085, 19.801355], [78.509082, 19.801655], [78.509069, 19.802016], [78.509062, 19.802206], [78.509063, 19.802216], [78.509098, 19.802903], [78.508868, 19.80463], [78.508822, 19.805313], [78.508667, 19.806568], [78.508656, 19.806976], [78.508651, 19.807389], [78.508639, 19.807821], [78.508688, 19.809024], [78.508684, 19.809288], [78.5087, 19.809475], [78.508712, 19.809624], [78.508778, 19.809895], [78.508895, 19.810238], [78.508938, 19.81034], [78.509869, 19.811734], [78.511282, 19.812733], [78.512217, 19.81343], [78.512883, 19.814329], [78.513501, 19.815114], [78.514069, 19.816127], [78.514329, 19.816656], [78.514732, 19.817255], [78.514919, 19.817806], [78.515586, 19.818637], [78.516189, 19.818758], [78.516816, 19.818833], [78.51742, 19.81884], [78.518435, 19.818851], [78.519571, 19.818909], [78.521217, 19.818675], [78.521922, 19.818579], [78.522767, 19.818463], [78.52393, 19.818224], [78.524381, 19.818211], [78.524734, 19.8182], [78.525599, 19.818174], [78.527073, 19.818236], [78.528063, 19.818246], [78.528907, 19.818416], [78.529389, 19.818429], [78.530188, 19.818452], [78.531186, 19.818675], [78.531586, 19.818765], [78.533734, 19.819063], [78.53436, 19.819253], [78.534366, 19.819241], [78.534872, 19.819444], [78.535302, 19.819459], [78.535709, 19.819472], [78.53611, 19.819486], [78.536865, 19.819551], [78.53702, 19.819547], [78.53765, 19.819531], [78.538466, 19.81954], [78.538947, 19.819774], [78.539319, 19.820024], [78.540229, 19.821277], [78.540436, 19.821563], [78.540534, 19.821863], [78.540698, 19.822366], [78.54071, 19.822382], [78.541367, 19.823214], [78.542177, 19.823447], [78.542738, 19.823565], [78.543283, 19.823725], [78.544331, 19.823806], [78.545245, 19.824039], [78.54619, 19.824148], [78.54681, 19.824196], [78.548212, 19.824379], [78.549172, 19.824459], [78.549541, 19.824505], [78.549792, 19.82448], [78.550846, 19.82417], [78.551158, 19.823963], [78.551841, 19.823733], [78.552362, 19.823472], [78.552461, 19.823436], [78.552956, 19.823255], [78.553594, 19.823038], [78.554158, 19.822834], [78.554567, 19.822656], [78.554723, 19.822589], [78.554892, 19.822555], [78.555923, 19.82235], [78.556915, 19.822164], [78.557611, 19.822074], [78.558085, 19.821967], [78.558458, 19.821719], [78.558633, 19.82152], [78.558638, 19.821497], [78.558938, 19.821137], [78.559102, 19.820902], [78.559209, 19.820748], [78.55947, 19.820372], [78.55943, 19.8204], [78.559435, 19.820387], [78.55972, 19.820054], [78.559725, 19.82005], [78.560003, 19.819847], [78.560325, 19.81968], [78.56046, 19.819586], [78.560539, 19.819531], [78.560762, 19.819436], [78.560802, 19.819429], [78.561071, 19.819387], [78.561339, 19.819344], [78.562585, 19.818994], [78.563112, 19.818772], [78.564011, 19.818393], [78.564199, 19.81837], [78.565062, 19.818265], [78.565934, 19.81833], [78.566281, 19.818212], [78.566576, 19.818111], [78.566809, 19.818032], [78.56681, 19.818026], [78.567024, 19.817878], [78.567249, 19.817737], [78.567387, 19.817651], [78.567939, 19.817341], [78.568117, 19.817179], [78.568121, 19.817175], [78.568146, 19.817167], [78.568486, 19.817032], [78.568626, 19.816976], [78.569992, 19.816238], [78.570296, 19.816088], [78.57036, 19.816057], [78.570601, 19.815936], [78.570608, 19.815935], [78.570917, 19.815876], [78.571107, 19.815839], [78.572417, 19.815717], [78.572466, 19.815713], [78.572638, 19.815721], [78.572871, 19.815733], [78.573624, 19.815717], [78.574352, 19.815828], [78.574678, 19.815877], [78.574711, 19.815882], [78.575012, 19.815928], [78.57571, 19.816184], [78.57633, 19.816412], [78.577292, 19.816986], [78.577781, 19.817088], [78.580178, 19.817587], [78.580263, 19.817605], [78.583439, 19.817811], [78.584252, 19.817845], [78.585184, 19.817884], [78.585237, 19.817893], [78.585428, 19.817926], [78.585495, 19.817938], [78.585707, 19.817975], [78.586093, 19.818041], [78.586092, 19.818043], [78.586777, 19.818191], [78.587809, 19.818353], [78.588223, 19.818418], [78.588777, 19.818353], [78.58896, 19.818331], [78.589607, 19.818197], [78.590289, 19.817954], [78.590663, 19.817825], [78.590783, 19.817803], [78.590825, 19.817796], [78.591699, 19.81764], [78.592717, 19.817658], [78.593891, 19.817749], [78.596265, 19.817821], [78.597876, 19.818104], [78.599012, 19.818566], [78.599202, 19.818643], [78.599502, 19.818624], [78.600171, 19.818583], [78.601597, 19.818339], [78.602262, 19.818096], [78.604961, 19.81727], [78.605383, 19.817251], [78.605764, 19.817224], [78.606175, 19.817234], [78.60741, 19.817265], [78.608132, 19.817155], [78.608813, 19.816911], [78.609686, 19.816521], [78.609941, 19.816325], [78.609993, 19.816292], [78.610045, 19.816259], [78.610705, 19.81578], [78.612443, 19.814279], [78.613523, 19.813256], [78.615232, 19.811418], [78.615949, 19.810956], [78.616593, 19.810391], [78.617485, 19.809805], [78.617691, 19.809647], [78.618138, 19.809472], [78.619203, 19.809008], [78.61937, 19.808935], [78.619545, 19.808864], [78.619675, 19.80878], [78.619757, 19.80874], [78.620544, 19.808654], [78.621864, 19.808315], [78.622726, 19.808191], [78.622862, 19.808168], [78.622975, 19.808148], [78.623074, 19.808164], [78.623364, 19.808127], [78.623637, 19.808091], [78.624027, 19.807993], [78.624443, 19.807849], [78.624858, 19.807689], [78.625729, 19.807525], [78.626069, 19.807419], [78.626476, 19.80733], [78.62689, 19.807326], [78.627313, 19.807213], [78.627835, 19.807187], [78.628588, 19.807171], [78.629233, 19.807178], [78.630515, 19.807262], [78.631962, 19.807308], [78.632758, 19.80723], [78.63276, 19.807208], [78.632757, 19.807246], [78.633005, 19.807264], [78.633487, 19.807152], [78.633942, 19.807141], [78.634778, 19.807126], [78.635242, 19.807068], [78.635706, 19.806987], [78.636138, 19.806897], [78.636536, 19.806831], [78.636876, 19.806764], [78.637995, 19.806541], [78.638191, 19.806533], [78.63831, 19.806528], [78.638915, 19.806464], [78.639909, 19.806365], [78.640776, 19.806515], [78.64138, 19.806529], [78.641909, 19.806542], [78.642637, 19.806565], [78.642993, 19.806561], [78.643424, 19.806503], [78.643905, 19.806445], [78.644369, 19.806317], [78.644736, 19.806132], [78.644977, 19.805978], [78.645087, 19.80595], [78.645364, 19.8059], [78.645373, 19.805893], [78.646194, 19.805263], [78.64691, 19.804831], [78.647778, 19.804175], [78.648246, 19.80385], [78.648687, 19.803581], [78.649579, 19.803003], [78.650579, 19.80241], [78.650896, 19.802225], [78.651076, 19.802044], [78.65176, 19.801686], [78.653047, 19.800798], [78.653824, 19.800411], [78.653836, 19.800404], [78.654416, 19.800046], [78.654999, 19.799687], [78.655037, 19.799683], [78.655121, 19.799551], [78.655331, 19.799357], [78.655488, 19.799304], [78.655787, 19.799268], [78.656167, 19.799264], [78.65652, 19.799275], [78.656548, 19.799276], [78.657373, 19.799425], [78.658903, 19.799535], [78.659384, 19.799407], [78.659679, 19.799339], [78.660195, 19.799196], [78.660208, 19.799192], [78.660273, 19.799196], [78.661166, 19.79925], [78.663136, 19.799007], [78.66407, 19.799017], [78.665255, 19.798882], [78.666141, 19.798752], [78.666191, 19.798742], [78.667052, 19.79857], [78.668646, 19.798132], [78.670527, 19.796934], [78.671618, 19.796324], [78.67327, 19.795266], [78.674135, 19.794607], [78.675381, 19.79376], [78.675426, 19.793743], [78.675643, 19.793686], [78.676109, 19.793623], [78.67644, 19.793615], [78.676747, 19.793622], [78.677659, 19.793289], [78.67847, 19.793146], [78.679072, 19.793081], [78.679195, 19.793039], [78.680313, 19.792664], [78.681046, 19.792575], [78.681501, 19.792508], [78.681848, 19.792365], [78.681948, 19.792316], [78.682118, 19.792266], [78.682552, 19.792179], [78.682911, 19.792074], [78.68441, 19.79175], [78.684829, 19.791639], [78.686662, 19.791152], [78.688255, 19.79081], [78.690001, 19.790398], [78.691646, 19.789937], [78.69286, 19.789615], [78.6941, 19.789341], [78.694516, 19.789178], [78.69486, 19.78899], [78.695113, 19.788945], [78.696584, 19.788243], [78.698795, 19.786809], [78.698798, 19.786807], [78.700168, 19.785891], [78.701084, 19.78516], [78.702011, 19.783522], [78.702528, 19.782405], [78.702942, 19.781454], [78.70346, 19.780265], [78.7038, 19.77917], [78.703819, 19.778652], [78.703836, 19.778168], [78.7039, 19.77695], [78.703855, 19.776496], [78.703832, 19.776281], [78.703835, 19.776018], [78.703764, 19.775588], [78.703859, 19.775429], [78.704047, 19.775113], [78.704947, 19.773618], [78.70585, 19.771764], [78.705964, 19.771548], [78.708448, 19.769608], [78.709055, 19.769384], [78.709191, 19.769266], [78.709871, 19.768676], [78.710783, 19.768255], [78.7119, 19.767622], [78.713672, 19.767114], [78.714273, 19.7671], [78.715244, 19.766652], [78.715925, 19.766392], [78.716296, 19.766286], [78.716741, 19.766184], [78.717109, 19.766114], [78.717211, 19.766106], [78.717366, 19.766077], [78.719846, 19.765385], [78.721083, 19.765254], [78.721827, 19.765461], [78.721888, 19.765477], [78.722514, 19.765889], [78.723145, 19.766509], [78.723587, 19.766942], [78.724136, 19.767481], [78.724582, 19.768202], [78.724818, 19.768681], [78.725607, 19.770283], [78.726475, 19.773278], [78.727098, 19.774707], [78.727453, 19.776595], [78.727571, 19.776858], [78.727709, 19.777166], [78.728005, 19.777631], [78.728025, 19.777655], [78.728376, 19.778062], [78.729595, 19.778785], [78.730965, 19.779824], [78.731161, 19.779973], [78.732287, 19.78082], [78.733717, 19.781551], [78.735178, 19.781708], [78.73727, 19.78192], [78.738606, 19.781933], [78.740474, 19.781856], [78.74232, 19.781469], [78.744726, 19.780561], [78.747954, 19.778348], [78.748358, 19.778044], [78.74974, 19.777004], [78.750876, 19.776148], [78.75139, 19.775761], [78.751617, 19.77559], [78.752695, 19.773905], [78.754169, 19.772893], [78.755537, 19.772333], [78.757381, 19.772136], [78.757749, 19.772157], [78.758894, 19.772223], [78.76083, 19.772791], [78.762233, 19.773688], [78.763223, 19.774402], [78.763609, 19.774681], [78.764561, 19.775367], [78.764785, 19.775528], [78.764813, 19.775554], [78.765194, 19.775916], [78.76533, 19.776045], [78.766134, 19.776807], [78.767084, 19.77758], [78.767551, 19.777952], [78.768209, 19.778475], [78.768432, 19.77862], [78.769286, 19.779178], [78.770165, 19.779592], [78.770972, 19.7796], [78.772129, 19.779946], [78.773387, 19.780221], [78.774036, 19.780306], [78.775352, 19.780478], [78.776637, 19.780563], [78.778277, 19.780531], [78.780124, 19.780067], [78.780124, 19.780071], [78.780157, 19.780059], [78.780198, 19.780043], [78.781365, 19.779606], [78.782322, 19.779087], [78.783141, 19.778644], [78.784361, 19.777772], [78.785174, 19.77716], [78.785175, 19.777159], [78.785213, 19.77716], [78.786226, 19.777189], [78.786436, 19.777195], [78.78702, 19.776819], [78.788762, 19.7744], [78.790015, 19.772764], [78.790761, 19.771434], [78.79143, 19.770223], [78.792632, 19.768658], [78.793296, 19.7679], [78.793891, 19.766545], [78.794129, 19.765497], [78.79406, 19.764947], [78.793899, 19.764616], [78.793862, 19.764539], [78.793593, 19.763905], [78.793595, 19.763821], [78.793321, 19.763268], [78.793178, 19.762455], [78.793183, 19.762025], [78.793267, 19.76187], [78.793365, 19.761559], [78.793407, 19.761502], [78.793646, 19.761179], [78.794105, 19.760754], [78.794589, 19.760305], [78.794923, 19.759994], [78.795149, 19.759785], [78.795811, 19.759218], [78.796473, 19.758651], [78.796981, 19.758322], [78.798071, 19.757855], [78.798881, 19.757504], [78.800377, 19.756778], [78.802125, 19.756079], [78.804374, 19.755718], [78.805482, 19.755896], [78.806663, 19.756337], [78.807592, 19.756728], [78.808821, 19.757337], [78.810401, 19.758212], [78.811237, 19.758902], [78.811776, 19.759347], [78.812326, 19.759957], [78.812624, 19.760287], [78.813637, 19.761109], [78.814111, 19.761407], [78.814522, 19.761616], [78.815788, 19.761957], [78.816087, 19.761991], [78.816642, 19.762054], [78.817852, 19.762032], [78.819109, 19.761752], [78.819316, 19.761635], [78.819563, 19.761423], [78.820085, 19.76074], [78.820674, 19.759933], [78.821147, 19.759139], [78.821495, 19.758556], [78.821989, 19.757176], [78.822582, 19.755964], [78.822831, 19.755608], [78.822864, 19.75556], [78.823296, 19.754981], [78.823584, 19.754724], [78.823808, 19.754557], [78.823977, 19.754525], [78.824368, 19.754472], [78.824414, 19.754453], [78.825347, 19.754509], [78.826703, 19.755071], [78.827903, 19.756062], [78.830458, 19.757805], [78.832607, 19.759664], [78.833456, 19.760508], [78.834486, 19.760852], [78.836173, 19.761131], [78.83733, 19.761476], [78.839897, 19.762049], [78.840102, 19.762042], [78.840553, 19.762008], [78.840545, 19.761878], [78.840473, 19.760648], [78.840446, 19.760192], [78.840277, 19.759426], [78.840587, 19.758524], [78.840601, 19.758482], [78.840614, 19.758489], [78.840559, 19.757733], [78.840549, 19.75759], [78.840185, 19.756249], [78.841031, 19.75492], [78.841544, 19.754137], [78.842211, 19.753286], [78.842362, 19.753094], [78.843207, 19.751836], [78.843459, 19.751211], [78.843673, 19.750677], [78.8435, 19.750365], [78.843878, 19.749548], [78.84413, 19.749003], [78.844172, 19.748843], [78.844507, 19.748178], [78.844687, 19.747821], [78.844713, 19.74776], [78.844893, 19.747453], [78.845437, 19.746049], [78.845736, 19.744022], [78.846026, 19.742759], [78.846318, 19.741425], [78.846708, 19.740235], [78.847154, 19.738663], [78.847395, 19.737256], [78.847428, 19.737107], [78.847634, 19.736184], [78.847661, 19.735945], [78.847707, 19.735779], [78.84774, 19.735659], [78.847869, 19.735374], [78.847955, 19.73539], [78.848077, 19.735414], [78.848818, 19.735557], [78.849555, 19.7357], [78.850989, 19.736048], [78.851024, 19.735885], [78.85136, 19.734332], [78.851415, 19.73395], [78.851872, 19.731208], [78.852041, 19.729491], [78.852231, 19.728203], [78.852288, 19.72763], [78.85179, 19.727028], [78.85176, 19.727003], [78.85169, 19.72692], [78.851579, 19.726846], [78.851289, 19.726654], [78.851277, 19.726618], [78.851167, 19.726294], [78.85057, 19.72546], [78.849405, 19.723539], [78.849193, 19.722152], [78.850223, 19.720036], [78.851396, 19.716403], [78.852734, 19.711472], [78.853636, 19.707205], [78.854307, 19.705683], [78.855146, 19.704507], [78.855331, 19.704222], [78.855837, 19.704012], [78.856359, 19.702345], [78.857084, 19.698148], [78.857529, 19.696505], [78.858565, 19.693864], [78.859085, 19.692445], [78.859298, 19.691277], [78.859638, 19.690158], [78.859765, 19.689454], [78.859772, 19.689418], [78.858915, 19.68947], [78.858737, 19.68948], [78.857123, 19.689513], [78.856455, 19.688265], [78.855739, 19.686835], [78.855566, 19.686475], [78.8556, 19.68564], [78.855812, 19.684662], [78.856022, 19.683876], [78.856084, 19.682754], [78.856069, 19.681751], [78.856075, 19.681178], [78.855956, 19.680875], [78.855954, 19.680878], [78.855989, 19.680397], [78.855995, 19.680318], [78.85604, 19.679709], [78.855785, 19.677533], [78.85555, 19.675931], [78.855329, 19.675332], [78.855265, 19.675076], [78.85516, 19.674662], [78.855214, 19.674259], [78.855215, 19.674253], [78.854748, 19.673022], [78.854659, 19.672786], [78.854162, 19.671048], [78.853781, 19.669258], [78.853637, 19.668508], [78.853431, 19.668651], [78.853411, 19.668307], [78.853264, 19.667852], [78.852901, 19.666439], [78.85244, 19.664716], [78.852177, 19.663328], [78.852137, 19.662529], [78.852161, 19.662509], [78.852192, 19.661847], [78.852149, 19.661568], [78.851861, 19.659743], [78.851879, 19.658095], [78.852218, 19.658098], [78.852257, 19.658084], [78.852833, 19.658145], [78.853491, 19.658215], [78.854262, 19.658118], [78.854588, 19.658077], [78.856495, 19.657837], [78.85821, 19.657734], [78.858575, 19.657645], [78.858589, 19.657642], [78.858609, 19.657517], [78.858637, 19.657516], [78.858803, 19.657507], [78.859456, 19.657468], [78.859825, 19.657445], [78.859947, 19.6574], [78.860054, 19.657393], [78.860272, 19.65728], [78.860396, 19.657215], [78.860688, 19.657064], [78.860791, 19.657087], [78.861299, 19.657201], [78.861467, 19.657239], [78.863102, 19.657636], [78.86313, 19.657623], [78.863153, 19.657613], [78.863226, 19.657656], [78.863729, 19.657952], [78.864878, 19.658317], [78.86514, 19.6584], [78.866367, 19.658789], [78.86899, 19.658742], [78.869195, 19.658593], [78.869218, 19.658577], [78.869352, 19.658562], [78.870224, 19.658388], [78.870273, 19.658374], [78.870324, 19.658359], [78.871088, 19.65813], [78.871201, 19.658002], [78.871496, 19.657666], [78.872205, 19.65741], [78.872988, 19.65725], [78.873265, 19.657229], [78.873311, 19.657272], [78.873527, 19.657472], [78.874512, 19.657074], [78.874544, 19.657063], [78.874918, 19.656934], [78.875134, 19.656936], [78.875664, 19.656941], [78.876269, 19.656946], [78.876368, 19.657004], [78.876644, 19.657165], [78.877123, 19.657169], [78.877804, 19.657175], [78.87856, 19.657182], [78.878968, 19.657176], [78.879544, 19.657168], [78.8802, 19.657078], [78.880728, 19.656775], [78.880733, 19.656773], [78.880769, 19.656773], [78.880774, 19.656773], [78.881518, 19.65635], [78.88274, 19.655191], [78.883172, 19.654953], [78.883393, 19.654832], [78.883678, 19.654674], [78.883964, 19.654696], [78.884168, 19.654815], [78.884181, 19.654822], [78.885139, 19.654831], [78.885853, 19.654838], [78.886172, 19.65484], [78.886233, 19.654844], [78.886601, 19.654868], [78.886718, 19.654898], [78.887179, 19.655017], [78.888005, 19.655574], [78.888355, 19.655864], [78.888365, 19.655852], [78.889102, 19.656826], [78.890342, 19.658748], [78.890463, 19.659322], [78.889549, 19.659959], [78.887769, 19.661375], [78.8865, 19.662247], [78.889868, 19.663233], [78.891327, 19.663581], [78.891352, 19.663557], [78.892005, 19.663778], [78.892378, 19.664307], [78.892812, 19.664538], [78.892814, 19.66454], [78.89288, 19.664575], [78.893272, 19.664537], [78.895403, 19.664335], [78.895883, 19.664244], [78.895952, 19.664279], [78.898868, 19.665752], [78.900771, 19.666963], [78.900996, 19.667204], [78.901046, 19.667205], [78.901692, 19.668142], [78.902279, 19.669939], [78.902489, 19.669944], [78.902993, 19.669956], [78.903867, 19.669977], [78.904159, 19.669897], [78.904325, 19.669851], [78.904331, 19.66985], [78.90434, 19.669838], [78.904577, 19.66953], [78.905137, 19.669033], [78.906685, 19.668092], [78.907697, 19.667647], [78.907909, 19.667778], [78.907973, 19.667817], [78.910205, 19.66896], [78.912094, 19.669144], [78.912582, 19.668948], [78.91267, 19.668913], [78.912942, 19.66883], [78.91298, 19.668818], [78.913235, 19.668558], [78.913819, 19.668133], [78.915011, 19.66738], [78.915824, 19.666838], [78.915917, 19.666871], [78.916444, 19.667062], [78.916503, 19.667015], [78.917661, 19.667117], [78.918317, 19.667123], [78.918796, 19.667127], [78.919678, 19.667135], [78.920311, 19.666831], [78.920358, 19.666676], [78.920417, 19.666482], [78.920443, 19.666259], [78.920471, 19.66602], [78.920457, 19.665975], [78.919788, 19.663721], [78.919605, 19.661833], [78.92064, 19.661827], [78.921295, 19.661824], [78.922278, 19.661761], [78.923186, 19.661746], [78.923186, 19.661803], [78.924043, 19.661811], [78.924593, 19.661748], [78.924597, 19.661792], [78.925063, 19.66162], [78.925357, 19.661512], [78.926203, 19.661572], [78.929236, 19.661786], [78.932924, 19.661921], [78.933571, 19.661944], [78.934045, 19.661715], [78.934136, 19.661725], [78.934557, 19.661653], [78.935112, 19.661558], [78.935407, 19.661392], [78.935557, 19.661308], [78.935821, 19.66116], [78.936203, 19.660946], [78.936569, 19.660808], [78.936615, 19.66079], [78.936962, 19.660929], [78.937009, 19.660948], [78.937036, 19.660949], [78.939116, 19.661011], [78.940462, 19.661051], [78.942325, 19.661378], [78.943283, 19.661528], [78.943784, 19.661606], [78.943895, 19.661592], [78.944643, 19.661494], [78.944871, 19.661353], [78.945125, 19.661212], [78.945158, 19.661175], [78.946297, 19.659933], [78.947641, 19.659109], [78.948602, 19.658962], [78.948793, 19.658914], [78.949106, 19.658835], [78.950469, 19.658656], [78.951429, 19.658498], [78.951596, 19.658438], [78.951777, 19.658372], [78.951858, 19.658369], [78.952865, 19.658198], [78.953276, 19.657774], [78.955388, 19.655787], [78.956305, 19.649776], [78.958373, 19.644612], [78.960578, 19.640798], [78.961646, 19.637369], [78.961194, 19.632063], [78.958857, 19.626882], [78.958703, 19.626488], [78.958636, 19.626368], [78.958406, 19.62596], [78.958397, 19.625938], [78.95816, 19.625337], [78.958124, 19.625245], [78.95792, 19.624725], [78.95782, 19.624531], [78.957766, 19.624402], [78.957667, 19.624186], [78.957663, 19.624179], [78.956997, 19.623129], [78.95663, 19.622027], [78.95656, 19.621676], [78.956417, 19.621664], [78.956324, 19.621634], [78.956193, 19.621024], [78.956077, 19.620955], [78.955719, 19.619831], [78.955356, 19.618323], [78.955488, 19.615196], [78.95532, 19.614287], [78.955212, 19.613701], [78.955174, 19.613736], [78.955171, 19.613704], [78.955113, 19.613117], [78.955158, 19.612876], [78.955135, 19.612673], [78.955111, 19.61247], [78.955116, 19.611992], [78.955095, 19.611586], [78.955097, 19.611347], [78.955074, 19.611156], [78.955074, 19.611151], [78.955053, 19.610726], [78.955056, 19.610412], [78.955064, 19.610413], [78.955081, 19.610415], [78.955089, 19.609668], [78.955085, 19.609668], [78.955067, 19.609364], [78.955068, 19.609221], [78.95507, 19.609037], [78.955091, 19.609037], [78.955049, 19.608552], [78.955375, 19.606191], [78.955416, 19.604567], [78.955418, 19.6044], [78.955421, 19.604369], [78.955428, 19.604303], [78.955372, 19.604132], [78.955594, 19.601917], [78.955598, 19.601487], [78.955654, 19.600942], [78.955578, 19.600938], [78.955578, 19.600955], [78.955559, 19.600957], [78.955561, 19.600748], [78.955564, 19.600472], [78.955551, 19.600097], [78.955669, 19.599737], [78.955886, 19.599353], [78.956076, 19.598842], [78.956451, 19.598617], [78.958225, 19.596569], [78.959206, 19.595316], [78.959935, 19.594922], [78.960665, 19.594527], [78.960668, 19.594518], [78.960689, 19.594503], [78.961196, 19.594305], [78.96215, 19.593964], [78.962635, 19.593968], [78.962955, 19.594019], [78.963182, 19.593874], [78.963593, 19.593612], [78.963769, 19.593572], [78.964283, 19.593454], [78.965881, 19.592813], [78.965987, 19.592826], [78.9661, 19.592778], [78.968722, 19.591671], [78.97189, 19.589634], [78.972213, 19.587628], [78.972411, 19.585909], [78.972749, 19.582297], [78.971075, 19.580159], [78.968802, 19.577328], [78.966472, 19.574209], [78.966137, 19.573859], [78.965753, 19.573457], [78.964899, 19.57321], [78.964727, 19.573161], [78.964549, 19.573031], [78.963765, 19.572464], [78.963286, 19.572421], [78.96304, 19.5724], [78.962667, 19.57213], [78.962318, 19.571877], [78.960695, 19.570715], [78.958774, 19.569149], [78.955771, 19.56677], [78.953728, 19.565202], [78.951982, 19.564269], [78.950235, 19.56345], [78.948845, 19.56315], [78.948238, 19.562694], [78.947764, 19.562337], [78.947619, 19.562154], [78.946987, 19.561355], [78.94645, 19.561131], [78.946336, 19.561434], [78.94632, 19.561476], [78.946188, 19.56146], [78.946006, 19.561438], [78.943975, 19.561189], [78.938003, 19.561454], [78.937632, 19.56147], [78.938394, 19.559662], [78.94004, 19.555752], [78.940814, 19.553193], [78.940412, 19.551414], [78.94037, 19.551231], [78.943164, 19.549669], [78.943907, 19.550182], [78.9457, 19.548915], [78.949229, 19.548609], [78.950371, 19.548382], [78.952261, 19.548197], [78.963113, 19.549306], [78.969645, 19.549634], [78.972316, 19.549691], [78.974248, 19.548763], [78.974381, 19.548996], [78.974356, 19.549093], [78.97435, 19.5492], [78.974332, 19.549538], [78.974449, 19.549524], [78.974637, 19.549447], [78.974808, 19.549747], [78.975888, 19.552221], [78.976111, 19.554924], [78.976422, 19.55594], [78.976757, 19.556345], [78.976985, 19.55662], [78.977446, 19.556793], [78.979367, 19.55708], [78.979934, 19.557355], [78.979998, 19.557483], [78.980772, 19.559017], [78.981222, 19.560405], [78.981367, 19.560301], [78.982594, 19.559426], [78.982763, 19.559871], [78.982818, 19.560017], [78.984261, 19.559352], [78.985527, 19.558501], [78.986657, 19.557909], [78.988121, 19.55682], [78.988907, 19.556396], [78.988991, 19.55635], [78.989822, 19.555896], [78.990299, 19.555504], [78.990837, 19.555063], [78.991073, 19.55489], [78.991, 19.5548], [78.990563, 19.554514], [78.990179, 19.554263], [78.991281, 19.553369], [78.995166, 19.550333], [78.995642, 19.549964], [78.996734, 19.549119], [78.997412, 19.548594], [78.9976, 19.548387], [78.99767, 19.548179], [78.997733, 19.54413], [78.997744, 19.543391], [78.997761, 19.542319], [78.997784, 19.540815], [78.997802, 19.540211], [78.998155, 19.540178], [78.9988, 19.540118], [79.006081, 19.542173], [79.007265, 19.542189], [79.009499, 19.542218], [79.023439, 19.542029], [79.032497, 19.545281], [79.037329, 19.547015], [79.039928, 19.547965], [79.045711, 19.5484], [79.046112, 19.548129], [79.046613, 19.547789], [79.048007, 19.547117], [79.053331, 19.544851], [79.058205, 19.542776], [79.059533, 19.54221], [79.062003, 19.541157], [79.062657, 19.540878], [79.065244, 19.539774], [79.065599, 19.539682], [79.065618, 19.539615], [79.066374, 19.536984], [79.066441, 19.536752], [79.066537, 19.536676], [79.067508, 19.535911], [79.067609, 19.535912], [79.067834, 19.535914], [79.068055, 19.535898], [79.068813, 19.535845], [79.070281, 19.53578], [79.073915, 19.534095], [79.074375, 19.53402], [79.075097, 19.533903], [79.076432, 19.533086], [79.076957, 19.532764], [79.077484, 19.532378], [79.077522, 19.53235], [79.077591, 19.532299], [79.077621, 19.53242], [79.077725, 19.532828], [79.081536, 19.532814], [79.083756, 19.532806], [79.084164, 19.532805], [79.084469, 19.532783], [79.084959, 19.532747], [79.085719, 19.532692], [79.090851, 19.532319], [79.096061, 19.533058], [79.098347, 19.532536], [79.098691, 19.531648], [79.098736, 19.531532], [79.099007, 19.531469], [79.100312, 19.531164], [79.101288, 19.529948], [79.1024, 19.528665], [79.10244, 19.528619], [79.103505, 19.526604], [79.10411, 19.525457], [79.104485, 19.524605], [79.104902, 19.523998], [79.105278, 19.523453], [79.105812, 19.522673], [79.11165, 19.521595], [79.114595, 19.520382], [79.115174, 19.51946], [79.115334, 19.519185], [79.115914, 19.518624], [79.115997, 19.518548], [79.11686, 19.517762], [79.117469, 19.517157], [79.118073, 19.516334], [79.11816, 19.516251], [79.118897, 19.515556], [79.120567, 19.513796], [79.120621, 19.51374], [79.121254, 19.51261], [79.121367, 19.512407], [79.121601, 19.511708], [79.12172, 19.511676], [79.122744, 19.511408], [79.127479, 19.510442], [79.131891, 19.509164], [79.133288, 19.507939], [79.133937, 19.50761], [79.134139, 19.507507], [79.13504, 19.506756], [79.1355, 19.506182], [79.135741, 19.505882], [79.135891, 19.505695], [79.136179, 19.505336], [79.136576, 19.50472], [79.137156, 19.503643], [79.137553, 19.502978], [79.137445, 19.502726], [79.138071, 19.501564], [79.139235, 19.500351], [79.139289, 19.500295], [79.139323, 19.500259], [79.13947, 19.500255], [79.141343, 19.500199], [79.141441, 19.5002], [79.142008, 19.500204], [79.142728, 19.50021], [79.143694, 19.499591], [79.14404, 19.499371], [79.144591, 19.499415], [79.144716, 19.499425], [79.145256, 19.499283], [79.146042, 19.498829], [79.146798, 19.497625], [79.148178, 19.496478], [79.148717, 19.496013], [79.148971, 19.495793], [79.14934, 19.495677], [79.149994, 19.495473], [79.150107, 19.49518], [79.150284, 19.494722], [79.150662, 19.494485], [79.150683, 19.494478], [79.150893, 19.49434], [79.152901, 19.493078], [79.155284, 19.490265], [79.156842, 19.489118], [79.158148, 19.488897], [79.158694, 19.488568], [79.159263, 19.488128], [79.160349, 19.487851], [79.161691, 19.487508], [79.161909, 19.487458], [79.161912, 19.487452], [79.162988, 19.485226], [79.163175, 19.482446], [79.164006, 19.480675], [79.164076, 19.479639], [79.163945, 19.478356], [79.163962, 19.478318], [79.164363, 19.477451], [79.164443, 19.477278], [79.164508, 19.476873], [79.164619, 19.475811], [79.164652, 19.475689], [79.165954, 19.474799], [79.166377, 19.473603], [79.167419, 19.472105], [79.167685, 19.471803], [79.167686, 19.471801], [79.168074, 19.471789], [79.168571, 19.471771], [79.168986, 19.471757], [79.169043, 19.471752], [79.169054, 19.471751], [79.169162, 19.471648], [79.169306, 19.47151], [79.170464, 19.4704], [79.170759, 19.470151], [79.171971, 19.469408], [79.174429, 19.467447], [79.175114, 19.46656], [79.175387, 19.465827], [79.175905, 19.465169], [79.17598, 19.46506], [79.175997, 19.465052], [79.176747, 19.464704], [79.178259, 19.463377], [79.179387, 19.462131], [79.179862, 19.461614], [79.180288, 19.461524], [79.180387, 19.461562], [79.180691, 19.461388], [79.180981, 19.461418], [79.181468, 19.461403], [79.181716, 19.461396], [79.182295, 19.461214], [79.183014, 19.460988], [79.183008, 19.460978], [79.183573, 19.46088], [79.183618, 19.460865], [79.18496, 19.460417], [79.187347, 19.459738], [79.189312, 19.459016], [79.189648, 19.458892], [79.190826, 19.458762], [79.190886, 19.458801], [79.191597, 19.45927], [79.192025, 19.459552], [79.193196, 19.460147], [79.194188, 19.460991], [79.195274, 19.461251], [79.195404, 19.461249], [79.196627, 19.461233], [79.198068, 19.461245], [79.198083, 19.461251], [79.200206, 19.462154], [79.201309, 19.462337], [79.201616, 19.462388], [79.201878, 19.462515], [79.202443, 19.462788], [79.20308, 19.463096], [79.208181, 19.464893], [79.209712, 19.464615], [79.210096, 19.464545], [79.210417, 19.464526], [79.21292, 19.464372], [79.21442, 19.464355], [79.214751, 19.464406], [79.215184, 19.464473], [79.216205, 19.465401], [79.217343, 19.466386], [79.220719, 19.467081], [79.222593, 19.468044], [79.223347, 19.46935], [79.222949, 19.471104], [79.222471, 19.472021], [79.22255, 19.472119], [79.222548, 19.47212], [79.221642, 19.472866], [79.220413, 19.474162], [79.219185, 19.475408], [79.217848, 19.476954], [79.216618, 19.478451], [79.216292, 19.479402], [79.216176, 19.480201], [79.216125, 19.480455], [79.215595, 19.480451], [79.21551, 19.480524], [79.215119, 19.480505], [79.214639, 19.480569], [79.21315, 19.480771], [79.213007, 19.480863], [79.212756, 19.481027], [79.212421, 19.481363], [79.212304, 19.48148], [79.212075, 19.481469], [79.211857, 19.481458], [79.211087, 19.48142], [79.210181, 19.482116], [79.209489, 19.482663], [79.208475, 19.483559], [79.207673, 19.484457], [79.206714, 19.485252], [79.206392, 19.485752], [79.206444, 19.485757], [79.206224, 19.486805], [79.20526, 19.488103], [79.2044, 19.489552], [79.204122, 19.491106], [79.203844, 19.492711], [79.203783, 19.493614], [79.20378, 19.494016], [79.204078, 19.494018], [79.204785, 19.494023], [79.204843, 19.493954], [79.204851, 19.494028], [79.205031, 19.495585], [79.205036, 19.495632], [79.205081, 19.496636], [79.205995, 19.496703], [79.206615, 19.496749], [79.206621, 19.496814], [79.206858, 19.499261], [79.206796, 19.500314], [79.20734, 19.500443], [79.208328, 19.500678], [79.208538, 19.500704], [79.20859, 19.501583], [79.208652, 19.502361], [79.208504, 19.503275], [79.208809, 19.504476], [79.208817, 19.504506], [79.208772, 19.504497], [79.208498, 19.505599], [79.211542, 19.508685], [79.212601, 19.508693], [79.214334, 19.510263], [79.215123, 19.510921], [79.216643, 19.51274], [79.218159, 19.514961], [79.219226, 19.515744], [79.219191, 19.515768], [79.219254, 19.515852], [79.219959, 19.516847], [79.2201, 19.517045], [79.221068, 19.518442], [79.222351, 19.520292], [79.222362, 19.520291], [79.222567, 19.520755], [79.222661, 19.52097], [79.22701, 19.5202], [79.227645, 19.520204], [79.228644, 19.520054], [79.231671, 19.51957], [79.233088, 19.519528], [79.234924, 19.519474], [79.235531, 19.520566], [79.236153, 19.522177], [79.236825, 19.52409], [79.237233, 19.524433], [79.237861, 19.526321], [79.238777, 19.528366], [79.239136, 19.529264], [79.239716, 19.530711], [79.241257, 19.534989], [79.241104, 19.535779], [79.240282, 19.540042], [79.240143, 19.54076], [79.239541, 19.54388], [79.239561, 19.543984], [79.239875, 19.545603], [79.240067, 19.546596], [79.240114, 19.546881], [79.240281, 19.54751], [79.240382, 19.548113], [79.239687, 19.548861], [79.238311, 19.550525], [79.238264, 19.555488], [79.238259, 19.556036], [79.238828, 19.556535], [79.238846, 19.556648], [79.238929, 19.557188], [79.240625, 19.55908], [79.240639, 19.559095], [79.241762, 19.560347], [79.242601, 19.561282], [79.243007, 19.560904], [79.243018, 19.560926], [79.244313, 19.563528], [79.245558, 19.564373], [79.245699, 19.564468], [79.246702, 19.565957], [79.247059, 19.566487], [79.248316, 19.568203], [79.248484, 19.569435], [79.248515, 19.56966], [79.248538, 19.569689], [79.248645, 19.571141], [79.248778, 19.572954], [79.24885, 19.57393], [79.249243, 19.575031], [79.249268, 19.574991], [79.249737, 19.575543], [79.249746, 19.57553], [79.250726, 19.57678], [79.251255, 19.578694], [79.251607, 19.581842], [79.251803, 19.583475], [79.251804, 19.583475], [79.251814, 19.58382], [79.252334, 19.586928], [79.252315, 19.587585], [79.252546, 19.588727], [79.252767, 19.590988], [79.252762, 19.591672], [79.252799, 19.592398], [79.252812, 19.592674], [79.25284, 19.592813], [79.252913, 19.593287], [79.252985, 19.593746], [79.249681, 19.59397], [79.246065, 19.594772], [79.242465, 19.601606], [79.242291, 19.602087], [79.24201, 19.6025], [79.242014, 19.602505], [79.24094, 19.604759], [79.240573, 19.605529], [79.24034, 19.605865], [79.240348, 19.605884], [79.24013, 19.60621], [79.240324, 19.606543], [79.241033, 19.60802], [79.241075, 19.608228], [79.241073, 19.608476], [79.241891, 19.609954], [79.242515, 19.611202], [79.243046, 19.611997], [79.244827, 19.616031], [79.244858, 19.616132], [79.245052, 19.616618], [79.245115, 19.616777], [79.248068, 19.616695], [79.249358, 19.616788], [79.25118, 19.616035], [79.251664, 19.615645], [79.252137, 19.615259], [79.252182, 19.615243], [79.255116, 19.613034], [79.257407, 19.611311], [79.259735, 19.609559], [79.260864, 19.608619], [79.261026, 19.608483], [79.265304, 19.604905], [79.272143, 19.599645], [79.272353, 19.599523], [79.275093, 19.598669], [79.279171, 19.597403], [79.280336, 19.596991], [79.28033, 19.596978], [79.281021, 19.596834], [79.281706, 19.596613], [79.284685, 19.595922], [79.292473, 19.596335], [79.296879, 19.596562], [79.296889, 19.59653], [79.298075, 19.596603], [79.298861, 19.596609], [79.298895, 19.596625], [79.300215, 19.596731], [79.302002, 19.596875], [79.306648, 19.597103], [79.306746, 19.596559], [79.306859, 19.595929], [79.306869, 19.59593], [79.308049, 19.588595], [79.308316, 19.586808], [79.308832, 19.583631], [79.309008, 19.582552], [79.309001, 19.582548], [79.309405, 19.580499], [79.309548, 19.579595], [79.309646, 19.579309], [79.30992, 19.578508], [79.310082, 19.578033], [79.30988, 19.576003], [79.309812, 19.575325], [79.309671, 19.573917], [79.309829, 19.57298], [79.310102, 19.571361], [79.310829, 19.570233], [79.311416, 19.569492], [79.311426, 19.569479], [79.311568, 19.569298], [79.312035, 19.568794], [79.313748, 19.566876], [79.315787, 19.567414], [79.315808, 19.56742], [79.318226, 19.568058], [79.318157, 19.576617], [79.318188, 19.577227], [79.321755, 19.577489], [79.323761, 19.5777], [79.323824, 19.577707], [79.32386, 19.577711], [79.325286, 19.577887], [79.326286, 19.577826], [79.327251, 19.57763], [79.327256, 19.577528], [79.328431, 19.5773], [79.333514, 19.575577], [79.334731, 19.57518], [79.339682, 19.576467], [79.340361, 19.576404], [79.341685, 19.575906], [79.34436, 19.576196], [79.350319, 19.576441], [79.351995, 19.576656], [79.353344, 19.577386], [79.354716, 19.577652], [79.35599, 19.577801], [79.357053, 19.577977], [79.358416, 19.577107], [79.361025, 19.576787], [79.363949, 19.577078], [79.365735, 19.576955], [79.365956, 19.576111], [79.365963, 19.576087], [79.36597, 19.575999], [79.365995, 19.575705], [79.366433, 19.574389], [79.367088, 19.573297], [79.36712, 19.573243], [79.367863, 19.573248], [79.367877, 19.573214], [79.369191, 19.57319], [79.369714, 19.572346], [79.369789, 19.571895], [79.369809, 19.571773], [79.369998, 19.571455], [79.37017, 19.571167], [79.370423, 19.570763], [79.37061, 19.570056], [79.370712, 19.569671], [79.370788, 19.569579], [79.370972, 19.569112], [79.371008, 19.568485], [79.371013, 19.568398], [79.371092, 19.56735], [79.371246, 19.565964], [79.371796, 19.564107], [79.372347, 19.562013], [79.372567, 19.56172], [79.372852, 19.56134], [79.373405, 19.561148], [79.373425, 19.561141], [79.373481, 19.561048], [79.373497, 19.56104], [79.375037, 19.560307], [79.37733, 19.559274], [79.38122, 19.559267], [79.384596, 19.55889], [79.384943, 19.558824], [79.384971, 19.558819], [79.38572, 19.558824], [79.386153, 19.558252], [79.386514, 19.557679], [79.3865, 19.557679], [79.386917, 19.556363], [79.387678, 19.554845], [79.388251, 19.55468], [79.388437, 19.554333], [79.388567, 19.554091], [79.38889, 19.553714], [79.388973, 19.553569], [79.389014, 19.553568], [79.390936, 19.553548], [79.392008, 19.553353], [79.392795, 19.552418], [79.39363, 19.551232], [79.395071, 19.549517], [79.396186, 19.548374], [79.396449, 19.548101], [79.396512, 19.548106], [79.396669, 19.548127], [79.396995, 19.547681], [79.39672, 19.54756], [79.39698, 19.547195], [79.397522, 19.546387], [79.39864, 19.544838], [79.399415, 19.544114], [79.399572, 19.544317], [79.399927, 19.543923], [79.400612, 19.543163], [79.401259, 19.542215], [79.401041, 19.542214], [79.400992, 19.542213], [79.400731, 19.542112], [79.40084, 19.541514], [79.400842, 19.541504], [79.40099, 19.540896], [79.401175, 19.540551], [79.401424, 19.540087], [79.401753, 19.539074], [79.40215, 19.538502], [79.402493, 19.538273], [79.402825, 19.538051], [79.402903, 19.537999], [79.402916, 19.537851], [79.402939, 19.537599], [79.402942, 19.53756], [79.402923, 19.537512], [79.40291, 19.537479], [79.40293, 19.537507], [79.403071, 19.537711], [79.403084, 19.53773], [79.403691, 19.537599], [79.405558, 19.53619], [79.40724, 19.535525], [79.407704, 19.535528], [79.410493, 19.534803], [79.414324, 19.53332], [79.414322, 19.53334], [79.415362, 19.53267], [79.4188, 19.531137], [79.420805, 19.530237], [79.421265, 19.530714], [79.422906, 19.530793], [79.42301, 19.531233], [79.422742, 19.534105], [79.422703, 19.534107], [79.422658, 19.535291], [79.422515, 19.537134], [79.422422, 19.538334], [79.42375, 19.53838], [79.424288, 19.538348], [79.424888, 19.538313], [79.42492, 19.538312], [79.426669, 19.538194], [79.428487, 19.538036], [79.43057, 19.537856], [79.430578, 19.537855], [79.433443, 19.537607], [79.434785, 19.536333], [79.435806, 19.535227], [79.43879, 19.532563], [79.440189, 19.531255], [79.441512, 19.529528], [79.442373, 19.528396], [79.44266, 19.528317], [79.442678, 19.52831], [79.443966, 19.527875], [79.446047, 19.527346], [79.446773, 19.526959], [79.447357, 19.526374], [79.448951, 19.525145], [79.450048, 19.523967], [79.451051, 19.522888], [79.451382, 19.522557], [79.453118, 19.520815], [79.45341, 19.520685], [79.453423, 19.520679], [79.453894, 19.52047], [79.455538, 19.519972], [79.456918, 19.519554], [79.457677, 19.518687], [79.457709, 19.518638], [79.45871, 19.517138], [79.459299, 19.516813], [79.461785, 19.515439], [79.462251, 19.515035], [79.46241, 19.514896], [79.463318, 19.514253], [79.465668, 19.512586], [79.469252, 19.509937], [79.469526, 19.509143], [79.469638, 19.508467], [79.469642, 19.508447], [79.469609, 19.508467], [79.469899, 19.50698], [79.470351, 19.505139], [79.470413, 19.504885], [79.470489, 19.504361], [79.470492, 19.50393], [79.470492, 19.503905], [79.471075, 19.50225], [79.471437, 19.501079], [79.47144, 19.501069], [79.472011, 19.501005], [79.472325, 19.501106], [79.472332, 19.501108], [79.472402, 19.501127], [79.473416, 19.501895], [79.479153, 19.5049], [79.482248, 19.506651], [79.48305, 19.506965], [79.490156, 19.506969], [79.494914, 19.507144], [79.496203, 19.506143], [79.496366, 19.506047], [79.496378, 19.506041], [79.496566, 19.505971], [79.496705, 19.505919], [79.4982, 19.506588], [79.500364, 19.507879], [79.500792, 19.508748], [79.500836, 19.508748], [79.50196, 19.512547], [79.506225, 19.514923], [79.513516, 19.519502], [79.514165, 19.520042], [79.51419, 19.520013], [79.515161, 19.520461], [79.51679, 19.520656], [79.518071, 19.52085], [79.518653, 19.521554], [79.518999, 19.522421], [79.518972, 19.522463], [79.518776, 19.522626], [79.518836, 19.526439], [79.518859, 19.526841], [79.518894, 19.527449], [79.518899, 19.527449], [79.51982, 19.531823], [79.520446, 19.535557], [79.519555, 19.538622], [79.519546, 19.539953], [79.519445, 19.541174], [79.519403, 19.541683], [79.518672, 19.542321], [79.518419, 19.542542], [79.518388, 19.542658], [79.518151, 19.543529], [79.522713, 19.547081], [79.52643, 19.550093], [79.528269, 19.551423], [79.530978, 19.552491], [79.531607, 19.552701], [79.531613, 19.552676], [79.532441, 19.552893], [79.533578, 19.553313], [79.536684, 19.554762], [79.536768, 19.554778], [79.537237, 19.554906], [79.539747, 19.555591], [79.541161, 19.5555], [79.541685, 19.555404], [79.542687, 19.554418], [79.543579, 19.553387], [79.543584, 19.553381], [79.543849, 19.553152], [79.54427, 19.552641], [79.545067, 19.550908], [79.545092, 19.550755], [79.546105, 19.544562], [79.545911, 19.542277], [79.546185, 19.54096], [79.546561, 19.539154], [79.547644, 19.533974], [79.548339, 19.531283], [79.54845, 19.530852], [79.549564, 19.528725], [79.550677, 19.526696], [79.551468, 19.525957], [79.552438, 19.525086], [79.552732, 19.524823], [79.553007, 19.524608], [79.553519, 19.52458], [79.556191, 19.524248], [79.559395, 19.52263], [79.561699, 19.521793], [79.562754, 19.52141], [79.56413, 19.520984], [79.56417, 19.520971], [79.564163, 19.520962], [79.567611, 19.519586], [79.573627, 19.516252], [79.577657, 19.513219], [79.57803, 19.513019], [79.582925, 19.510389], [79.590463, 19.508083], [79.593401, 19.507708], [79.595713, 19.508035], [79.59798, 19.509107], [79.600244, 19.510531], [79.602855, 19.51576], [79.603336, 19.517746], [79.604746, 19.523571], [79.605189, 19.525455], [79.605202, 19.525453], [79.605595, 19.526594], [79.605404, 19.530433], [79.605635, 19.5331], [79.60685, 19.536948], [79.608013, 19.540424], [79.608472, 19.541798], [79.610515, 19.545455], [79.61157, 19.548597], [79.611565, 19.54936], [79.611528, 19.549457], [79.611523, 19.549459], [79.611761, 19.55091], [79.612192, 19.554597], [79.613035, 19.558443], [79.614751, 19.561667], [79.618161, 19.564939], [79.619641, 19.566359], [79.619645, 19.566356], [79.619649, 19.566364], [79.619599, 19.566398], [79.624529, 19.571286], [79.629182, 19.57437], [79.629801, 19.574531], [79.629809, 19.574511], [79.631836, 19.575313], [79.633678, 19.576042], [79.64359, 19.577863], [79.649045, 19.578403], [79.649805, 19.578538], [79.653382, 19.579172], [79.655819, 19.579617], [79.659288, 19.580264], [79.667225, 19.580583], [79.672973, 19.580497], [79.673387, 19.580376], [79.674548, 19.580036], [79.675767, 19.580081], [79.675746, 19.580121], [79.679257, 19.580728], [79.679261, 19.580718], [79.680875, 19.581328], [79.683985, 19.582371], [79.685742, 19.582889], [79.686733, 19.583423], [79.687966, 19.583896], [79.689671, 19.584071], [79.691616, 19.584102], [79.693137, 19.583924], [79.694342, 19.58363], [79.694663, 19.58359], [79.695994, 19.583422], [79.697263, 19.583314], [79.697286, 19.583152], [79.697296, 19.583152], [79.697274, 19.583325], [79.697907, 19.583432], [79.699875, 19.583515], [79.701262, 19.583792], [79.704214, 19.583736], [79.705515, 19.583795], [79.707196, 19.584125], [79.708878, 19.584466], [79.71046, 19.584992], [79.713143, 19.586115], [79.713531, 19.586351], [79.714919, 19.587192], [79.715529, 19.587527], [79.715537, 19.587519], [79.715546, 19.587524], [79.715539, 19.587531], [79.717078, 19.588623], [79.717667, 19.589288], [79.717676, 19.589271], [79.717692, 19.589281], [79.717688, 19.589288], [79.719479, 19.590783], [79.722005, 19.593225], [79.723773, 19.595], [79.724698, 19.596068], [79.724729, 19.596037], [79.726531, 19.597724], [79.727218, 19.598313], [79.72976, 19.600494], [79.732156, 19.60255], [79.735783, 19.605057], [79.737734, 19.606232], [79.738653, 19.606786], [79.739413, 19.607244], [79.742731, 19.608385], [79.742733, 19.608385], [79.744092, 19.608561], [79.744793, 19.608652], [79.744826, 19.608657], [79.74539, 19.608557], [79.746818, 19.608306], [79.74826, 19.608012], [79.748282, 19.608042], [79.748491, 19.608315], [79.75025, 19.608083], [79.753343, 19.607778], [79.756398, 19.60683], [79.761083, 19.605891], [79.764627, 19.604565], [79.765291, 19.604284], [79.765735, 19.604096], [79.766453, 19.603792], [79.767893, 19.603699], [79.769143, 19.603665], [79.776087, 19.601041], [79.777631, 19.600458], [79.778696, 19.599831], [79.779288, 19.599483], [79.779548, 19.599338], [79.780605, 19.598747], [79.781055, 19.598398], [79.781222, 19.598269], [79.781555, 19.597937], [79.781563, 19.597929], [79.78178, 19.597785], [79.781951, 19.597672], [79.782906, 19.596852], [79.784088, 19.595905], [79.78508, 19.594868], [79.785804, 19.594053], [79.786675, 19.593066], [79.7868, 19.592938], [79.786927, 19.592819], [79.787501, 19.592521], [79.788776, 19.591644], [79.789604, 19.590937], [79.789937, 19.590653], [79.78996, 19.590638], [79.790018, 19.590606], [79.790052, 19.590587], [79.790307, 19.590448], [79.790648, 19.590028], [79.790656, 19.59002], [79.79116, 19.589429], [79.7928, 19.587731], [79.795482, 19.585136], [79.796236, 19.584242], [79.796636, 19.583767], [79.797251, 19.583038], [79.797901, 19.582693], [79.799014, 19.582103], [79.799173, 19.582024], [79.799405, 19.581875], [79.7996, 19.58175], [79.799906, 19.581586], [79.801962, 19.581114], [79.80385, 19.580421], [79.804575, 19.580028], [79.804912, 19.579845], [79.804939, 19.579815], [79.805316, 19.579397], [79.805458, 19.579319], [79.806671, 19.578681], [79.80801, 19.578102], [79.808044, 19.578087], [79.808087, 19.578064], [79.808327, 19.577931], [79.809067, 19.577519], [79.810288, 19.57687], [79.811464, 19.576257], [79.81147, 19.576255], [79.811581, 19.576185], [79.811603, 19.576185], [79.811957, 19.576187], [79.81283, 19.576191], [79.813114, 19.576102], [79.814654, 19.575618], [79.815132, 19.57529], [79.815398, 19.57504], [79.816164, 19.574261], [79.816805, 19.573281], [79.817197, 19.571276], [79.81775, 19.569874], [79.818056, 19.569101], [79.818535, 19.568011], [79.818699, 19.567639], [79.819185, 19.566942], [79.819467, 19.566539], [79.820127, 19.56588], [79.820587, 19.565435], [79.820787, 19.565241], [79.820848, 19.565106], [79.821322, 19.56407], [79.821478, 19.562706], [79.821271, 19.561742], [79.821277, 19.560718], [79.821556, 19.560077], [79.822238, 19.559238], [79.823558, 19.557819], [79.82415, 19.557105], [79.824154, 19.5571], [79.824155, 19.557096], [79.824357, 19.556391], [79.824435, 19.556118], [79.82432, 19.555594], [79.824166, 19.554892], [79.824149, 19.55419], [79.82428, 19.553468], [79.824559, 19.552847], [79.824733, 19.551845], [79.824872, 19.551401], [79.824875, 19.551304], [79.824904, 19.551053], [79.824957, 19.550802], [79.825037, 19.550421], [79.825047, 19.550398], [79.825316, 19.549781], [79.825617, 19.549019], [79.825873, 19.548639], [79.82598, 19.548319], [79.825983, 19.548315], [79.826005, 19.548285], [79.826196, 19.547577], [79.826496, 19.546937], [79.826808, 19.546182], [79.827118, 19.545434], [79.827695, 19.544454], [79.828186, 19.543654], [79.828739, 19.543054], [79.829155, 19.542683], [79.829281, 19.542403], [79.829809, 19.542093], [79.830871, 19.540912], [79.831543, 19.53958], [79.832919, 19.538437], [79.835704, 19.53693], [79.83841, 19.535645], [79.840684, 19.534581], [79.843075, 19.533628], [79.844525, 19.53319], [79.844594, 19.533167], [79.845437, 19.532888], [79.84574, 19.532788], [79.846108, 19.53264], [79.846289, 19.532568], [79.846353, 19.532447], [79.846543, 19.532092], [79.846802, 19.531606], [79.847369, 19.530125], [79.847397, 19.530051], [79.847399, 19.529756], [79.847402, 19.52905], [79.847566, 19.527716], [79.849103, 19.525461], [79.852247, 19.522768], [79.854836, 19.521297], [79.85688, 19.519378], [79.857398, 19.518761], [79.859517, 19.516239], [79.861524, 19.5138], [79.862666, 19.512359], [79.864632, 19.510255], [79.865378, 19.509776], [79.866121, 19.509742], [79.866307, 19.509648], [79.866584, 19.509506], [79.867561, 19.509235], [79.86885, 19.509081], [79.870529, 19.50887], [79.870887, 19.508807], [79.871446, 19.508655], [79.872231, 19.508139], [79.873447, 19.50744], [79.874898, 19.506631], [79.876428, 19.505785], [79.878035, 19.505014], [79.87933, 19.504204], [79.880782, 19.50332], [79.881082, 19.503518], [79.881401, 19.503328], [79.882393, 19.502958], [79.883224, 19.502649], [79.884315, 19.502527], [79.885452, 19.502435], [79.886772, 19.502205], [79.887947, 19.5021], [79.889291, 19.501908], [79.889305, 19.501906], [79.890141, 19.501731], [79.891349, 19.501737], [79.893031, 19.501745], [79.895965, 19.501498], [79.896834, 19.501344], [79.896983, 19.501318], [79.897293, 19.501319], [79.898385, 19.501067], [79.899826, 19.500816], [79.900986, 19.500626], [79.902168, 19.500474], [79.903389, 19.500155], [79.905433, 19.499982], [79.90625, 19.499438], [79.907288, 19.498859], [79.908417, 19.498412], [79.909332, 19.498015], [79.909996, 19.497534], [79.910767, 19.496893], [79.911529, 19.496424], [79.912331, 19.49612], [79.913284, 19.495872], [79.91493, 19.495583], [79.915393, 19.495384], [79.915676, 19.494978], [79.915745, 19.494841], [79.915751, 19.494831], [79.917262, 19.493431], [79.918859, 19.491536], [79.919273, 19.49076], [79.919281, 19.490746], [79.919569, 19.490593], [79.919584, 19.490585], [79.919741, 19.490478], [79.920372, 19.489708], [79.921274, 19.489039], [79.922617, 19.487836], [79.923477, 19.487008], [79.924443, 19.486061], [79.927889, 19.481907], [79.929909, 19.479043], [79.932847, 19.476243], [79.934223, 19.475293], [79.935299, 19.47455], [79.936347, 19.4739], [79.936556, 19.47377], [79.936989, 19.47352], [79.937943, 19.472964], [79.938866, 19.472372], [79.941116, 19.471384], [79.942237, 19.471117], [79.943329, 19.470827], [79.944626, 19.470279], [79.945592, 19.469614], [79.945633, 19.469586], [79.946205, 19.468976], [79.947701, 19.467501], [79.94796, 19.466181], [79.947991, 19.465101], [79.948471, 19.463871], [79.948853, 19.463083], [79.949363, 19.461082], [79.949562, 19.459719], [79.949738, 19.458437], [79.94976, 19.457289], [79.949578, 19.456055], [79.949562, 19.45595], [79.949394, 19.455119], [79.949249, 19.453908], [79.949028, 19.453114], [79.948608, 19.451747], [79.948487, 19.450734], [79.948784, 19.449844], [79.948898, 19.448971], [79.950096, 19.447443], [79.950729, 19.446398], [79.951454, 19.445288], [79.952088, 19.444209], [79.952553, 19.443274], [79.952965, 19.442325], [79.953271, 19.441542], [79.953773, 19.440353], [79.954705, 19.439053], [79.955376, 19.438294], [79.95639, 19.437132], [79.95656, 19.436912], [79.957123, 19.43618], [79.957859, 19.435142], [79.957863, 19.435135], [79.958633, 19.434509], [79.959388, 19.433604], [79.959906, 19.43311], [79.960599, 19.43187], [79.962549, 19.42961], [79.964544, 19.426757], [79.967813, 19.423152], [79.968057, 19.422963], [79.968073, 19.42295], [79.969376, 19.420871], [79.971437, 19.417732], [79.972849, 19.415081], [79.973763, 19.413061], [79.973757, 19.412546], [79.973757, 19.412479], [79.973747, 19.412485], [79.974201, 19.411673], [79.974701, 19.405881], [79.974814, 19.404717], [79.975553, 19.403168], [79.975554, 19.403166], [79.976398, 19.402271], [79.977029, 19.402038], [79.97711, 19.402008], [79.977306, 19.401777], [79.977351, 19.401724], [79.977355, 19.401736], [79.977502, 19.401613], [79.977374, 19.400128], [79.977327, 19.399408], [79.97731, 19.398714], [79.977286, 19.398522], [79.977242, 19.398326], [79.977236, 19.398309], [79.977224, 19.398152], [79.976975, 19.397632], [79.976917, 19.397512], [79.976874, 19.397421], [79.976791, 19.396688], [79.976774, 19.396532], [79.976631, 19.3959], [79.976635, 19.394933], [79.976846, 19.394302], [79.977829, 19.393152], [79.978415, 19.392385], [79.979127, 19.39144], [79.979651, 19.390535], [79.979635, 19.389489], [79.978747, 19.388103], [79.976603, 19.386977], [79.976589, 19.38697], [79.975032, 19.386391], [79.974668, 19.386332], [79.973967, 19.386218], [79.97391, 19.386208], [79.973753, 19.385989], [79.973732, 19.385935], [79.973557, 19.385602], [79.973073, 19.384829], [79.972778, 19.384199], [79.972775, 19.384192], [79.972776, 19.384031], [79.972676, 19.383924], [79.972404, 19.383635], [79.971991, 19.383001], [79.971772, 19.382543], [79.971764, 19.382527], [79.971704, 19.382112], [79.971663, 19.381796], [79.971681, 19.381545], [79.97152, 19.381322], [79.971347, 19.381072], [79.971319, 19.381006], [79.971272, 19.380894], [79.971232, 19.380697], [79.971235, 19.379927], [79.97124, 19.379019], [79.971244, 19.378112], [79.971019, 19.377223], [79.970606, 19.376629], [79.970234, 19.376075], [79.969734, 19.375631], [79.969675, 19.375579], [79.969597, 19.375064], [79.969461, 19.374503], [79.969452, 19.374465], [79.969449, 19.374453], [79.969411, 19.374247], [79.969706, 19.37344], [79.970022, 19.372592], [79.969902, 19.371447], [79.969741, 19.37046], [79.969579, 19.369393], [79.96954, 19.368979], [79.969541, 19.368702], [79.969541, 19.368683], [79.969558, 19.368651], [79.969334, 19.368354], [79.969215, 19.36715], [79.969145, 19.366804], [79.969109, 19.366852], [79.969092, 19.36682], [79.967824, 19.362354], [79.967538, 19.361228], [79.967334, 19.36024], [79.96738, 19.359372], [79.967549, 19.358983], [79.967685, 19.358672], [79.967683, 19.35867], [79.967695, 19.358647], [79.96764, 19.357068], [79.966264, 19.353569], [79.965818, 19.350971], [79.965469, 19.350102], [79.965347, 19.349946], [79.965276, 19.349791], [79.964735, 19.348695], [79.964578, 19.34838], [79.964309, 19.34784], [79.964279, 19.34783], [79.964001, 19.347741], [79.962437, 19.344901], [79.962069, 19.344234], [79.961972, 19.344057], [79.961935, 19.34399], [79.961901, 19.343887], [79.961534, 19.342775], [79.960765, 19.339582], [79.960736, 19.339461], [79.960563, 19.33887], [79.959657, 19.335768], [79.959477, 19.335153], [79.958955, 19.33313], [79.958907, 19.332943], [79.959023, 19.33106], [79.959855, 19.328286], [79.959857, 19.328279], [79.960079, 19.327656], [79.960082, 19.327649], [79.960762, 19.325738], [79.961835, 19.323331], [79.963667, 19.318526], [79.964154, 19.317249], [79.964467, 19.316309], [79.964894, 19.31503], [79.965356, 19.313025], [79.965641, 19.311354], [79.965722, 19.310284], [79.966018, 19.306129], [79.966073, 19.305125], [79.965951, 19.304265], [79.965409, 19.30179], [79.964986, 19.300713], [79.964462, 19.299851], [79.963737, 19.298916], [79.96266, 19.297765], [79.961733, 19.296996], [79.961055, 19.296635], [79.958192, 19.295404], [79.956209, 19.294584], [79.956208, 19.294583], [79.955129, 19.293982], [79.954327, 19.293429], [79.952549, 19.291546], [79.950148, 19.288549], [79.949199, 19.287111], [79.946457, 19.2817], [79.945484, 19.27994], [79.942193, 19.273702], [79.939746, 19.269749], [79.935626, 19.263245], [79.933883, 19.259534], [79.932296, 19.254892], [79.932197, 19.254461], [79.931976, 19.253301], [79.931778, 19.252656], [79.93143, 19.251818], [79.931033, 19.250789], [79.931022, 19.250719], [79.930894, 19.249912], [79.930607, 19.248102], [79.930544, 19.247702], [79.930374, 19.246629], [79.930055, 19.244835], [79.929587, 19.243173], [79.929583, 19.243161], [79.929326, 19.242688], [79.929047, 19.241656], [79.928279, 19.239351], [79.927561, 19.2365], [79.926491, 19.233063], [79.926128, 19.231899], [79.926127, 19.231897], [79.925586, 19.229945], [79.925182, 19.228866], [79.925076, 19.228586], [79.925023, 19.228442], [79.924915, 19.227859], [79.924911, 19.227832], [79.924819, 19.227117], [79.924512, 19.22473], [79.924365, 19.223582], [79.924274, 19.222283], [79.924241, 19.221814], [79.924345, 19.220304], [79.924367, 19.219977], [79.924368, 19.218311], [79.92435, 19.216995], [79.924333, 19.215799], [79.924484, 19.215238], [79.92557, 19.211203], [79.925584, 19.21115], [79.925622, 19.211074], [79.92611, 19.210093], [79.926275, 19.209763], [79.926825, 19.208397], [79.927417, 19.206844], [79.927423, 19.20683], [79.92749, 19.206723], [79.927538, 19.206646], [79.928612, 19.204936], [79.929751, 19.203122], [79.929945, 19.202813], [79.931418, 19.200801], [79.931659, 19.200385], [79.932275, 19.199324], [79.932748, 19.198778], [79.933059, 19.198037], [79.933784, 19.196744], [79.934518, 19.195822], [79.934654, 19.195589], [79.935088, 19.194882], [79.935924, 19.193519], [79.936081, 19.193263], [79.937246, 19.191564], [79.937918, 19.190765], [79.938053, 19.190603], [79.938267, 19.190469], [79.938432, 19.190289], [79.938884, 19.189799], [79.93924, 19.189262], [79.939882, 19.188368], [79.940618, 19.187407], [79.940999, 19.18678], [79.941681, 19.185649], [79.943331, 19.18291], [79.944078, 19.181848], [79.944353, 19.181457], [79.944769, 19.180913], [79.944777, 19.180895], [79.944931, 19.18053], [79.945304, 19.179649], [79.945778, 19.178529], [79.945901, 19.178238], [79.946156, 19.177309], [79.946555, 19.175859], [79.946793, 19.174992], [79.946556, 19.172019], [79.946501, 19.171769], [79.945963, 19.169353], [79.945903, 19.169083], [79.945456, 19.168025], [79.943814, 19.165865], [79.942071, 19.164518], [79.940663, 19.163429], [79.939748, 19.162791], [79.938747, 19.162091], [79.938642, 19.162018], [79.938148, 19.161674], [79.936946, 19.160834], [79.934244, 19.15831], [79.932552, 19.156742], [79.931253, 19.155558], [79.931142, 19.155457], [79.93019, 19.154815], [79.930017, 19.154649], [79.929656, 19.154303], [79.929507, 19.154248], [79.929321, 19.154179], [79.928618, 19.153919], [79.927655, 19.153166], [79.927542, 19.153077], [79.927204, 19.152854], [79.925747, 19.151891], [79.919523, 19.148365], [79.914296, 19.14549], [79.913507, 19.144958], [79.91251, 19.144284], [79.912382, 19.144189], [79.912338, 19.144168], [79.912134, 19.14407], [79.907307, 19.141749], [79.906873, 19.14154], [79.90523, 19.140577], [79.901967, 19.138666], [79.901338, 19.138342], [79.900613, 19.137967], [79.89811, 19.136675], [79.896964, 19.136068], [79.895524, 19.135305], [79.89507, 19.135043], [79.894477, 19.134855], [79.893496, 19.134545], [79.891923, 19.133866], [79.890583, 19.133119], [79.889727, 19.132641], [79.887124, 19.131409], [79.887114, 19.131404], [79.88631, 19.131024], [79.886044, 19.130869], [79.884448, 19.129942], [79.883979, 19.129618], [79.880509, 19.12769], [79.878655, 19.126637], [79.877527, 19.125996], [79.877313, 19.125894], [79.875419, 19.124991], [79.87486, 19.124724], [79.8743, 19.124457], [79.874017, 19.124381], [79.873536, 19.124253], [79.873513, 19.124246], [79.873385, 19.124051], [79.873054, 19.123547], [79.872915, 19.123389], [79.872738, 19.123189], [79.872129, 19.122378], [79.871868, 19.122342], [79.87175, 19.122291], [79.871631, 19.122205], [79.871501, 19.122081], [79.87138, 19.121937], [79.870249, 19.121206], [79.870068, 19.121089], [79.868387, 19.11948], [79.867884, 19.118999], [79.867591, 19.118718], [79.866806, 19.117982], [79.866198, 19.117411], [79.866043, 19.11733], [79.865208, 19.11643], [79.864534, 19.115831], [79.863962, 19.115442], [79.862937, 19.113991], [79.862612, 19.113585], [79.862111, 19.112961], [79.861776, 19.112442], [79.861507, 19.112168], [79.861343, 19.112001], [79.861313, 19.111948], [79.859943, 19.109566], [79.85938, 19.10809], [79.858793, 19.103613], [79.8587, 19.102904], [79.858411, 19.100913], [79.858477, 19.098794], [79.858509, 19.097735], [79.858511, 19.097528], [79.858483, 19.097494], [79.858469, 19.095757], [79.858467, 19.095494], [79.858743, 19.094513], [79.859076, 19.093327], [79.85952, 19.091623], [79.859688, 19.090668], [79.859717, 19.09054], [79.859731, 19.090448], [79.859744, 19.090358], [79.859806, 19.090222], [79.860569, 19.088553], [79.861428, 19.085379], [79.862588, 19.08187], [79.863196, 19.079858], [79.863477, 19.078076], [79.863706, 19.075837], [79.863524, 19.074234], [79.86326, 19.072734], [79.863246, 19.071023], [79.863243, 19.070744], [79.863278, 19.070535], [79.863692, 19.068007], [79.864023, 19.065699], [79.864031, 19.065642], [79.864785, 19.061808], [79.865205, 19.059381], [79.865625, 19.057031], [79.86572, 19.056392], [79.865781, 19.05598], [79.865805, 19.055889], [79.865821, 19.055831], [79.865852, 19.055616], [79.86597, 19.054808], [79.866187, 19.053326], [79.866488, 19.052442], [79.8666, 19.05211], [79.867126, 19.050565], [79.867955, 19.047752], [79.868044, 19.04722], [79.868063, 19.046877], [79.868069, 19.046771], [79.868107, 19.046691], [79.868162, 19.046577], [79.868196, 19.046319], [79.868208, 19.046229], [79.868251, 19.046089], [79.86831, 19.045893], [79.868419, 19.04554], [79.868926, 19.043881], [79.870041, 19.042632], [79.871768, 19.040698], [79.871823, 19.040636], [79.872097, 19.04033], [79.874028, 19.039432], [79.874549, 19.03919], [79.87463, 19.039153], [79.875235, 19.039057], [79.876534, 19.038851], [79.876561, 19.038877], [79.877062, 19.038805], [79.877431, 19.038752], [79.879576, 19.039072], [79.881966, 19.039316], [79.882463, 19.039396], [79.884599, 19.039741], [79.885426, 19.039811], [79.887034, 19.039901], [79.88843, 19.03994], [79.889489, 19.039945], [79.892016, 19.04006], [79.895956, 19.040026], [79.898918, 19.040091], [79.899786, 19.040253], [79.901904, 19.040647], [79.903446, 19.041998], [79.905476, 19.043558], [79.907753, 19.044757], [79.910629, 19.045596], [79.912718, 19.046303], [79.914561, 19.047294], [79.916134, 19.047895], [79.916172, 19.047819], [79.916183, 19.047887], [79.917189, 19.048189], [79.919111, 19.048964], [79.919214, 19.048962], [79.919172, 19.049002], [79.920495, 19.049536], [79.92232, 19.049588], [79.923872, 19.049632], [79.925046, 19.049618], [79.926267, 19.049602], [79.926605, 19.049443], [79.927144, 19.04919], [79.927209, 19.049159], [79.927732, 19.049191], [79.928716, 19.049192], [79.929031, 19.049192], [79.93053, 19.048899], [79.930974, 19.048769], [79.931494, 19.04831], [79.932123, 19.047754], [79.932348, 19.047555], [79.933293, 19.046665], [79.933528, 19.046571], [79.933609, 19.046538], [79.934647, 19.045503], [79.934635, 19.04548], [79.935304, 19.044502], [79.935582, 19.044096], [79.937085, 19.04268], [79.937206, 19.042566], [79.937803, 19.04149], [79.938105, 19.040944], [79.938429, 19.040361], [79.939149, 19.037626], [79.939715, 19.035442], [79.93982, 19.03465], [79.939782, 19.034328], [79.939772, 19.034242], [79.939765, 19.034244], [79.939951, 19.033671], [79.94022, 19.032845], [79.940227, 19.032717], [79.940442, 19.029213], [79.94052, 19.027954], [79.940562, 19.027271], [79.94034, 19.024315], [79.940265, 19.023313], [79.940909, 19.020984], [79.941269, 19.019682], [79.94132, 19.019136], [79.941364, 19.018658], [79.94135, 19.018634], [79.941126, 19.018239], [79.940975, 19.017973], [79.94098, 19.017966], [79.941354, 19.017378], [79.941568, 19.017044], [79.941901, 19.015679], [79.942216, 19.013787], [79.942347, 19.013], [79.942439, 19.012451], [79.94256, 19.008002], [79.942686, 19.00338], [79.942698, 19.002938], [79.942756, 19.000812], [79.942405, 18.999995], [79.941981, 18.999007], [79.941988, 18.997392], [79.941999, 18.995094], [79.942276, 18.991865], [79.942677, 18.989879], [79.943076, 18.988327], [79.943802, 18.98684], [79.945051, 18.985106], [79.945516, 18.983431], [79.945591, 18.981319], [79.945532, 18.980014], [79.945533, 18.979784], [79.946593, 18.976621], [79.947262, 18.975259], [79.947271, 18.975239], [79.947515, 18.97501], [79.94766, 18.971904], [79.950046, 18.96446], [79.950704, 18.962498], [79.951297, 18.961272], [79.951302, 18.96126], [79.952163, 18.958593], [79.952563, 18.956917], [79.953087, 18.956177], [79.95309, 18.956016], [79.953118, 18.955967], [79.953154, 18.956298], [79.953879, 18.954811], [79.953897, 18.954613], [79.954017, 18.95332], [79.954901, 18.952071], [79.954882, 18.95192], [79.955788, 18.951408], [79.956921, 18.946506], [79.958132, 18.938932], [79.958705, 18.93372], [79.959019, 18.93086], [79.958915, 18.925984], [79.958858, 18.923343], [79.958618, 18.923283], [79.958644, 18.922724], [79.9586, 18.922658], [79.958352, 18.920231], [79.958288, 18.919613], [79.957563, 18.917472], [79.957676, 18.917253], [79.957662, 18.916495], [79.957622, 18.91572], [79.957556, 18.914936], [79.957465, 18.914143], [79.957355, 18.913377], [79.957221, 18.912605], [79.956875, 18.911053], [79.95675, 18.910323], [79.956449, 18.907808], [79.955884, 18.904159], [79.955696, 18.90282], [79.955422, 18.900521], [79.955381, 18.900044], [79.955266, 18.898681], [79.955265, 18.898677], [79.955262, 18.89847], [79.955277, 18.898292], [79.955326, 18.898042], [79.955348, 18.897966], [79.955392, 18.897816], [79.955521, 18.897491], [79.95587, 18.896731], [79.956216, 18.895895], [79.956319, 18.895591], [79.956429, 18.89529], [79.956948, 18.894094], [79.957155, 18.893616], [79.959599, 18.887476], [79.960202, 18.884186], [79.961076, 18.878722], [79.961938, 18.875806], [79.962478, 18.871957], [79.962496, 18.868105], [79.962444, 18.865371], [79.962408, 18.863766], [79.962393, 18.86309], [79.96239, 18.862948], [79.961179, 18.860808], [79.961031, 18.860544], [79.960875, 18.860151], [79.960192, 18.858429], [79.959023, 18.857305], [79.958112, 18.85668], [79.95707, 18.856303], [79.956162, 18.856052], [79.955782, 18.855645], [79.955408, 18.855244], [79.954587, 18.854424], [79.953555, 18.853507], [79.952266, 18.852428], [79.952259, 18.852422], [79.952258, 18.852418], [79.952007, 18.851544], [79.950552, 18.849997], [79.947274, 18.847596], [79.944411, 18.845595], [79.942225, 18.844194], [79.941077, 18.844039], [79.940103, 18.843989], [79.940033, 18.843985], [79.939647, 18.8437], [79.93956, 18.843645], [79.938984, 18.843311], [79.938962, 18.843299], [79.938753, 18.843191], [79.938126, 18.843079], [79.937004, 18.842872], [79.935699, 18.842254], [79.934516, 18.841636], [79.931504, 18.840061], [79.929596, 18.838947], [79.927399, 18.837849], [79.925624, 18.836932], [79.924356, 18.835763], [79.922587, 18.834562], [79.921663, 18.833675], [79.921599, 18.833613], [79.921499, 18.833619], [79.918792, 18.831065], [79.915837, 18.826727], [79.915237, 18.825716], [79.915216, 18.82568], [79.915212, 18.825681], [79.915113, 18.825726], [79.914531, 18.825135], [79.91428, 18.82488], [79.913141, 18.824875], [79.912818, 18.824874], [79.91268, 18.824896], [79.912346, 18.825028], [79.91268, 18.824896], [79.912779, 18.824858], [79.913267, 18.824667], [79.913305, 18.824667], [79.914816, 18.824305], [79.914927, 18.823713], [79.914988, 18.822485], [79.915613, 18.821127], [79.916945, 18.818468], [79.918283, 18.815966], [79.918547, 18.815474], [79.918695, 18.815161], [79.920263, 18.811869], [79.920485, 18.811396], [79.920473, 18.811388], [79.920484, 18.811396], [79.92064, 18.811069], [79.921729, 18.809001], [79.921883, 18.808708], [79.923409, 18.806803], [79.926006, 18.804327], [79.926976, 18.803467], [79.926977, 18.803469], [79.928682, 18.801954], [79.931982, 18.799482], [79.934954, 18.797392], [79.938032, 18.795458], [79.940084, 18.793749], [79.943407, 18.791815], [79.946699, 18.78993], [79.949263, 18.788454], [79.951044, 18.786985], [79.951036, 18.786969], [79.951045, 18.786985], [79.951614, 18.786516], [79.956486, 18.780819], [79.956694, 18.780577], [79.958129, 18.778755], [79.958894, 18.777392], [79.96021, 18.775671], [79.962199, 18.774153], [79.962241, 18.774088], [79.962443, 18.773949], [79.962446, 18.773951], [79.964231, 18.772715], [79.966005, 18.771959], [79.968328, 18.771246], [79.970526, 18.770735], [79.974279, 18.770067], [79.976194, 18.770006], [79.976557, 18.769995], [79.976606, 18.770006], [79.976759, 18.770033], [79.977076, 18.769991], [79.978556, 18.769979], [79.979883, 18.769972], [79.980276, 18.770037], [79.980627, 18.770094], [79.981428, 18.770044], [79.983644, 18.769907], [79.985556, 18.769777], [79.987608, 18.76964], [79.988623, 18.76948], [79.990057, 18.769247], [79.991335, 18.76893], [79.995123, 18.767984], [79.996206, 18.767584], [79.996305, 18.767546], [79.996229, 18.768187], [79.995806, 18.771608], [79.996233, 18.772421], [79.99692, 18.773668], [79.997522, 18.774679], [79.998079, 18.7754], [79.998285, 18.775511], [79.9993, 18.776052], [80.000185, 18.77593], [80.00104, 18.775702], [80.002474, 18.775461], [80.003256, 18.775244], [80.003374, 18.775209], [80.004278, 18.775015], [80.004389, 18.774988], [80.005274, 18.77471], [80.006357, 18.77437], [80.007723, 18.77387], [80.008997, 18.773569], [80.009039, 18.773558], [80.010088, 18.773199], [80.010927, 18.77302], [80.012011, 18.772619], [80.012365, 18.772516], [80.01346, 18.772188], [80.014841, 18.771662], [80.01626, 18.77088], [80.017626, 18.770411], [80.018969, 18.770041], [80.020182, 18.76967], [80.021086, 18.769133], [80.02128, 18.769014], [80.021288, 18.769011], [80.021325, 18.768989], [80.021339, 18.767639], [80.0215, 18.766208], [80.021546, 18.765219], [80.022576, 18.764319], [80.023315, 18.76376], [80.023987, 18.76311], [80.024956, 18.761849], [80.025612, 18.760681], [80.025722, 18.759116], [80.025742, 18.75884], [80.025437, 18.757539], [80.025467, 18.756328], [80.025519, 18.756257], [80.025519, 18.756257], [80.026262, 18.755259], [80.026358, 18.755167], [80.026957, 18.754599], [80.027719, 18.753832], [80.027887, 18.753767], [80.028597, 18.753492], [80.030184, 18.75342], [80.031206, 18.753531], [80.032366, 18.75358], [80.03409, 18.75403], [80.034765, 18.754061], [80.0357, 18.754099], [80.036177, 18.754145], [80.036562, 18.754179], [80.03726, 18.754095], [80.037546, 18.754061], [80.03898, 18.753641], [80.040201, 18.753119], [80.040857, 18.752588], [80.04159, 18.751719], [80.042124, 18.750589], [80.042227, 18.750246], [80.042242, 18.750189], [80.042257, 18.750143], [80.042353, 18.74983], [80.042459, 18.748873], [80.042627, 18.747938], [80.042833, 18.746866], [80.043139, 18.74579], [80.043161, 18.744921], [80.043352, 18.74407], [80.043497, 18.7432], [80.04394, 18.74217], [80.044088, 18.741823], [80.044086, 18.741822], [80.044258, 18.74142], [80.044723, 18.740501], [80.045623, 18.73942], [80.046013, 18.738349], [80.046264, 18.73754], [80.046737, 18.7367], [80.047783, 18.7354], [80.048294, 18.73477], [80.049164, 18.73376], [80.04998, 18.733188], [80.050567, 18.732462], [80.050659, 18.732236], [80.050661, 18.732237], [80.051035, 18.731321], [80.051203, 18.73052], [80.051455, 18.729544], [80.051867, 18.72854], [80.052279, 18.727583], [80.05308, 18.726492], [80.053381, 18.72613], [80.053289, 18.726091], [80.053049, 18.725996], [80.052721, 18.72571], [80.052465, 18.725489], [80.053671, 18.72431], [80.054728, 18.723711], [80.055094, 18.723505], [80.05633, 18.723276], [80.056356, 18.723276], [80.058821, 18.723166], [80.060884, 18.723333], [80.06151, 18.723444], [80.061769, 18.723486], [80.062456, 18.723608], [80.062529, 18.723619], [80.063116, 18.723581], [80.063452, 18.723562], [80.063707, 18.723543], [80.064142, 18.723372], [80.064596, 18.723185], [80.065966, 18.722311], [80.067343, 18.721239], [80.068918, 18.719984], [80.069494, 18.719049], [80.069979, 18.718256], [80.070372, 18.717535], [80.071192, 18.716021], [80.071909, 18.714407], [80.0721, 18.713984], [80.072153, 18.713861], [80.07218, 18.713804], [80.072332, 18.713079], [80.072702, 18.712263], [80.073244, 18.711611], [80.074057, 18.710726], [80.074625, 18.710386], [80.074991, 18.710165], [80.075293, 18.710184], [80.075483, 18.710192], [80.075998, 18.710218], [80.076239, 18.71023], [80.077028, 18.710081], [80.077791, 18.709639], [80.078062, 18.709288], [80.078775, 18.708731], [80.079538, 18.708082], [80.080481, 18.707609], [80.080478, 18.70761], [80.080791, 18.707453], [80.081823, 18.70713], [80.082451, 18.707082], [80.083759, 18.707347], [80.084445, 18.707607], [80.085646, 18.707845], [80.086153, 18.707837], [80.086897, 18.707826], [80.088346, 18.707224], [80.089479, 18.705989], [80.090859, 18.704475], [80.091895, 18.703053], [80.093767, 18.700887], [80.096013, 18.697529], [80.097614, 18.695595], [80.098624, 18.6945], [80.098969, 18.694128], [80.099519, 18.693841], [80.09952, 18.693842], [80.099905, 18.69364], [80.100317, 18.693438], [80.101084, 18.69306], [80.101419, 18.692896], [80.101694, 18.692839], [80.103445, 18.691668], [80.105513, 18.689501], [80.106604, 18.688154], [80.106718, 18.688009], [80.106852, 18.687853], [80.108568, 18.68582], [80.110758, 18.683653], [80.111963, 18.682653], [80.112356, 18.682432], [80.113855, 18.681585], [80.115381, 18.680887], [80.115396, 18.680883], [80.116999, 18.680475], [80.117823, 18.680265], [80.117838, 18.680262], [80.11828, 18.680254], [80.119551, 18.680227], [80.121588, 18.680281], [80.122663, 18.68033], [80.123766, 18.680849], [80.124201, 18.681128], [80.124502, 18.681318], [80.125288, 18.682199], [80.125402, 18.682325], [80.125639, 18.682772], [80.126257, 18.683943], [80.126425, 18.684416], [80.12657, 18.684832], [80.127668, 18.686426], [80.127993, 18.686895], [80.128088, 18.687033], [80.129061, 18.687506], [80.130091, 18.687742], [80.131487, 18.688261], [80.132612, 18.688749], [80.132738, 18.688803], [80.13365, 18.689306], [80.134523, 18.689791], [80.134848, 18.689966], [80.136213, 18.690706], [80.137754, 18.691507], [80.13788, 18.691584], [80.138437, 18.691908], [80.139441, 18.692518], [80.13991, 18.692671], [80.140543, 18.692873], [80.141722, 18.693068], [80.141844, 18.693087], [80.142305, 18.69309], [80.143068, 18.69309], [80.143133, 18.693071], [80.144102, 18.692793], [80.144678, 18.692549], [80.144846, 18.692533], [80.145609, 18.692453], [80.146727, 18.692427], [80.147951, 18.692617], [80.14942, 18.693323], [80.149519, 18.693384], [80.149538, 18.693396], [80.149611, 18.693441], [80.150373, 18.693911], [80.150625, 18.694048], [80.151232, 18.69438], [80.151819, 18.69486], [80.151892, 18.694921], [80.151918, 18.694944], [80.152212, 18.695192], [80.152708, 18.69562], [80.15299, 18.69586], [80.153502, 18.696936], [80.153513, 18.696978], [80.153696, 18.697638], [80.154184, 18.698576], [80.15444, 18.698904], [80.155184, 18.699865], [80.155725, 18.700293], [80.155893, 18.700426], [80.15592, 18.700434], [80.156923, 18.700663], [80.158175, 18.70048], [80.159132, 18.700064], [80.159456, 18.699987], [80.159864, 18.699888], [80.159891, 18.699877], [80.16036, 18.699892], [80.160997, 18.699907], [80.1621, 18.700167], [80.162931, 18.700312], [80.163603, 18.700472], [80.163717, 18.700499], [80.163755, 18.700502], [80.164919, 18.700552], [80.165678, 18.700506], [80.166311, 18.700308], [80.166414, 18.700274], [80.166479, 18.700254], [80.167139, 18.700048], [80.16715, 18.700033], [80.168207, 18.699533], [80.169367, 18.698229], [80.170279, 18.696733], [80.170843, 18.69536], [80.171343, 18.694143], [80.172163, 18.691343], [80.172865, 18.689707], [80.173124, 18.6891], [80.173422, 18.688589], [80.174139, 18.687353], [80.175196, 18.686049], [80.175692, 18.685205], [80.176626, 18.684252], [80.177488, 18.683508], [80.178518, 18.682997], [80.179705, 18.682653], [80.179823, 18.682623], [80.179865, 18.682615], [80.180197, 18.682531], [80.180513, 18.682451], [80.180933, 18.682375], [80.181273, 18.682314], [80.181704, 18.682234], [80.181936, 18.682196], [80.182741, 18.682055], [80.183771, 18.681772], [80.184206, 18.681715], [80.184267, 18.681707], [80.184286, 18.681707], [80.18461, 18.681662], [80.184637, 18.681654], [80.184767, 18.681608], [80.18532, 18.68141], [80.185427, 18.681372], [80.186815, 18.680918], [80.187441, 18.680792], [80.187502, 18.68078], [80.18936, 18.680368], [80.190203, 18.680136], [80.190912, 18.680082], [80.191111, 18.680067], [80.191427, 18.680109], [80.191904, 18.680174], [80.193369, 18.680086], [80.19441, 18.680235], [80.195208, 18.680265], [80.195696, 18.680326], [80.196676, 18.680708], [80.197657, 18.681326], [80.198542, 18.682146], [80.199121, 18.683054], [80.19924, 18.684427], [80.198881, 18.686232], [80.198832, 18.686472], [80.198832, 18.686693], [80.198832, 18.687136], [80.198828, 18.688604], [80.198847, 18.689753], [80.198851, 18.689917], [80.198973, 18.690256], [80.199217, 18.690943], [80.200193, 18.692434], [80.20117, 18.693518], [80.202208, 18.694689], [80.20236, 18.694853], [80.203581, 18.696154], [80.205446, 18.697943], [80.206465, 18.698977], [80.207064, 18.699583], [80.207548, 18.700308], [80.208315, 18.701456], [80.208956, 18.702803], [80.209993, 18.703974], [80.211248, 18.704844], [80.211309, 18.704885], [80.212961, 18.705622], [80.213869, 18.705847], [80.214495, 18.706003], [80.215841, 18.706564], [80.216593, 18.706964], [80.217005, 18.707182], [80.218367, 18.70759], [80.218382, 18.707594], [80.219732, 18.707483], [80.220499, 18.707006], [80.22053, 18.70698], [80.221544, 18.706144], [80.222227, 18.705805], [80.22225, 18.705793], [80.22246, 18.705763], [80.223242, 18.705645], [80.22357, 18.705595], [80.224642, 18.705481], [80.225779, 18.705309], [80.226309, 18.704992], [80.226542, 18.704855], [80.226606, 18.704813], [80.227438, 18.703707], [80.228117, 18.70257], [80.228838, 18.701937], [80.228945, 18.701841], [80.228968, 18.70183], [80.229685, 18.701494], [80.230478, 18.701517], [80.23078, 18.701525], [80.230879, 18.701525], [80.231417, 18.70175], [80.231524, 18.701792], [80.23155, 18.701803], [80.232737, 18.701925], [80.232901, 18.701941], [80.233168, 18.702021], [80.233564, 18.702135], [80.233912, 18.702238], [80.235044, 18.702707], [80.23522, 18.702871], [80.236143, 18.703733], [80.236502, 18.7041], [80.237093, 18.704699], [80.237638, 18.705015], [80.238008, 18.705229], [80.238173, 18.705347], [80.238379, 18.705492], [80.239481, 18.705408], [80.24074, 18.705236], [80.241495, 18.705328], [80.24206, 18.705488], [80.242575, 18.705633], [80.243753, 18.705717], [80.244947, 18.706141], [80.245024, 18.706167], [80.246408, 18.706053], [80.247309, 18.706041], [80.247713, 18.705988], [80.248156, 18.705927], [80.248293, 18.705748], [80.248617, 18.705801], [80.248682, 18.705812], [80.249475, 18.705614], [80.250826, 18.705706], [80.252138, 18.705862], [80.253214, 18.705725], [80.254389, 18.70582], [80.254431, 18.705843], [80.254526, 18.705904], [80.25456, 18.705927], [80.255457, 18.706503], [80.256018, 18.706945], [80.256086, 18.706999], [80.256239, 18.707117], [80.256273, 18.707144], [80.256876, 18.707602], [80.257204, 18.707846], [80.25728, 18.707911], [80.257891, 18.708433], [80.258127, 18.708681], [80.258154, 18.708708], [80.258307, 18.708864], [80.258692, 18.709265], [80.25902, 18.709681], [80.259336, 18.710077], [80.259401, 18.710157], [80.259432, 18.710196], [80.260111, 18.711016], [80.261087, 18.711664], [80.261209, 18.711782], [80.261332, 18.711901], [80.261347, 18.711916], [80.261618, 18.712179], [80.261797, 18.712355], [80.261816, 18.712374], [80.262125, 18.712664], [80.262453, 18.71298], [80.262522, 18.713045], [80.262674, 18.713205], [80.263018, 18.713572], [80.263182, 18.713739], [80.263308, 18.713873], [80.264124, 18.714712], [80.264215, 18.714773], [80.264448, 18.714922], [80.264727, 18.715097], [80.264879, 18.715193], [80.26581, 18.715834], [80.266413, 18.716284], [80.266603, 18.716425], [80.267717, 18.717264], [80.267832, 18.71797], [80.267847, 18.718058], [80.267855, 18.718096], [80.267859, 18.718126], [80.267878, 18.718245], [80.268114, 18.719362], [80.269007, 18.720034], [80.269224, 18.720125], [80.270174, 18.720514], [80.270723, 18.720842], [80.270891, 18.720942], [80.27104, 18.721022], [80.271589, 18.721312], [80.271753, 18.721395], [80.271811, 18.721434], [80.271864, 18.721468], [80.272577, 18.721945], [80.272955, 18.722136], [80.273829, 18.722574], [80.274015, 18.722631], [80.27416, 18.722677], [80.274336, 18.722731], [80.274412, 18.722754], [80.274488, 18.722776], [80.274714, 18.722845], [80.27566, 18.722353], [80.275866, 18.722189], [80.276583, 18.721613], [80.276896, 18.721407], [80.277014, 18.721331], [80.277109, 18.72127], [80.277132, 18.721251], [80.277189, 18.721216], [80.27725, 18.721178], [80.277544, 18.720984], [80.278452, 18.720575], [80.278807, 18.72051], [80.279676, 18.720346], [80.279688, 18.720343], [80.280771, 18.720243], [80.28121, 18.720224], [80.281385, 18.720217], [80.281443, 18.720213], [80.281847, 18.720194], [80.282831, 18.719843], [80.282946, 18.719778], [80.282984, 18.719755], [80.283609, 18.719381], [80.283861, 18.719233], [80.284224, 18.718821], [80.28451, 18.718493], [80.285189, 18.717936], [80.285463, 18.717691], [80.285513, 18.717646], [80.285681, 18.717501], [80.286257, 18.716993], [80.28657, 18.716501], [80.286703, 18.716291], [80.286715, 18.716272], [80.287241, 18.714884], [80.28763, 18.714075], [80.288103, 18.713263], [80.288713, 18.712072], [80.288759, 18.711977], [80.289339, 18.710764], [80.290049, 18.709833], [80.290712, 18.708735], [80.291414, 18.707853], [80.291616, 18.707586], [80.291655, 18.707544], [80.291658, 18.707537], [80.291708, 18.707468], [80.292124, 18.706923], [80.292597, 18.706274], [80.292715, 18.706106], [80.292994, 18.705717], [80.293543, 18.704954], [80.293783, 18.704615], [80.294054, 18.704233], [80.294603, 18.703577], [80.294672, 18.703493], [80.29476, 18.703382], [80.29492, 18.70318], [80.29521, 18.70281], [80.295263, 18.702745], [80.295286, 18.702719], [80.295717, 18.702105], [80.296526, 18.700895], [80.296961, 18.700254], [80.297045, 18.700132], [80.297686, 18.699183], [80.298326, 18.698233], [80.299486, 18.696936], [80.300241, 18.695944], [80.300257, 18.695925], [80.300283, 18.695887], [80.300959, 18.694902], [80.301699, 18.693712], [80.302523, 18.692675], [80.302885, 18.692225], [80.303438, 18.691523], [80.3043, 18.690477], [80.304834, 18.689623], [80.305307, 18.688574], [80.305819, 18.687544], [80.30633, 18.686396], [80.306818, 18.685553], [80.307611, 18.684122], [80.307856, 18.683664], [80.308222, 18.682985], [80.308626, 18.682177], [80.309206, 18.681074], [80.309542, 18.680223], [80.309847, 18.679285], [80.309866, 18.679064], [80.309874, 18.678988], [80.309896, 18.678705], [80.309969, 18.677855], [80.310129, 18.676516], [80.310266, 18.675604], [80.310404, 18.674383], [80.310877, 18.673056], [80.31135, 18.672045], [80.311914, 18.670515], [80.312025, 18.670233], [80.312033, 18.670206], [80.312063, 18.670134], [80.312265, 18.669615], [80.312563, 18.668825], [80.31296, 18.667643], [80.313356, 18.666212], [80.313593, 18.665445], [80.314173, 18.663935], [80.314493, 18.663057], [80.31492, 18.662226], [80.315355, 18.661364], [80.315813, 18.660543], [80.316217, 18.659773], [80.316637, 18.658964], [80.316965, 18.658224], [80.317118, 18.657457], [80.317003, 18.656183], [80.316923, 18.655863], [80.316843, 18.655531], [80.316782, 18.655294], [80.316793, 18.655146], [80.316797, 18.655123], [80.316881, 18.654108], [80.316885, 18.654036], [80.316927, 18.653536], [80.317247, 18.652483], [80.317728, 18.651373], [80.318125, 18.650362], [80.318155, 18.65027], [80.318193, 18.650183], [80.318205, 18.650148], [80.318228, 18.650076], [80.318628, 18.648855], [80.319109, 18.647646], [80.319433, 18.646879], [80.319582, 18.646524], [80.320078, 18.645403], [80.320524, 18.644358], [80.320547, 18.644293], [80.320761, 18.643732], [80.320909, 18.643335], [80.32126, 18.642366], [80.32155, 18.641592], [80.32213, 18.640818], [80.323236, 18.640368], [80.323992, 18.639364], [80.324656, 18.638205], [80.325449, 18.637327], [80.325682, 18.637209], [80.326578, 18.636755], [80.326815, 18.636713], [80.327486, 18.636595], [80.328371, 18.636423], [80.329432, 18.635977], [80.330286, 18.634848], [80.330397, 18.63468], [80.331186, 18.633524], [80.331675, 18.632494], [80.332056, 18.631456], [80.332369, 18.630636], [80.33275, 18.629354], [80.33349, 18.628317], [80.334024, 18.627596], [80.334146, 18.626806], [80.33407, 18.625708], [80.334253, 18.624353], [80.334421, 18.623304], [80.334673, 18.622026], [80.335062, 18.620787], [80.335543, 18.619566], [80.335833, 18.618555], [80.335909, 18.617731], [80.336031, 18.616636], [80.336374, 18.615168], [80.336603, 18.614325], [80.337061, 18.612936], [80.337641, 18.611605], [80.33769, 18.611513], [80.337709, 18.611483], [80.337759, 18.611391], [80.338045, 18.610876], [80.338839, 18.609865], [80.3398, 18.609106], [80.340624, 18.608065], [80.341215, 18.607019], [80.341234, 18.606985], [80.342035, 18.605726], [80.342585, 18.604765], [80.34305, 18.603857], [80.34376, 18.602846], [80.344286, 18.601904], [80.344812, 18.600847], [80.345476, 18.599916], [80.346132, 18.599184], [80.346727, 18.598436], [80.347353, 18.597643], [80.347727, 18.596926], [80.347725, 18.596925], [80.346543, 18.59553], [80.34726, 18.594919], [80.347961, 18.594377], [80.348709, 18.593937], [80.349526, 18.593508], [80.350142, 18.593245], [80.350372, 18.593147], [80.35141, 18.592943], [80.352523, 18.59292], [80.353768, 18.593033], [80.354744, 18.59307], [80.355583, 18.5932], [80.356789, 18.593533], [80.357765, 18.593903], [80.358521, 18.594253], [80.359306, 18.594696], [80.360138, 18.595218], [80.361, 18.595764], [80.3619, 18.596433], [80.362816, 18.597297], [80.363312, 18.597965], [80.363685, 18.598772], [80.363923, 18.599545], [80.364106, 18.600335], [80.364262, 18.601092], [80.364266, 18.60111], [80.36436, 18.601503], [80.364494, 18.602059], [80.36496, 18.603035], [80.365241, 18.603486], [80.365433, 18.603794], [80.365914, 18.604585], [80.366661, 18.605409], [80.367325, 18.605969], [80.367981, 18.606438], [80.368721, 18.60688], [80.369606, 18.607403], [80.370544, 18.607945], [80.371345, 18.608318], [80.372368, 18.608665], [80.373306, 18.608955], [80.374336, 18.609232], [80.37532, 18.609476], [80.376152, 18.609655], [80.377045, 18.609773], [80.378372, 18.609586], [80.379051, 18.609068], [80.379707, 18.608286], [80.380218, 18.607554], [80.380859, 18.60668], [80.381233, 18.60596], [80.381577, 18.605221], [80.382264, 18.604197], [80.382774, 18.603476], [80.383369, 18.602604], [80.383927, 18.601846], [80.384491, 18.601228], [80.385231, 18.60057], [80.385994, 18.599856], [80.386788, 18.599093], [80.387741, 18.598201], [80.387764, 18.598179], [80.388328, 18.59765], [80.388938, 18.597064], [80.389488, 18.596447], [80.390032, 18.596691], [80.390604, 18.596985], [80.390838, 18.597208], [80.391367, 18.597713], [80.392085, 18.59818], [80.392946, 18.599141], [80.393946, 18.599666], [80.394572, 18.600216], [80.394724, 18.601003], [80.395342, 18.602078], [80.395708, 18.603286], [80.396297, 18.604131], [80.397433, 18.604735], [80.398418, 18.605204], [80.40005, 18.605759], [80.401577, 18.606434], [80.403881, 18.607204], [80.40894, 18.608891], [80.410113, 18.609148], [80.411195, 18.609075], [80.411202, 18.609076], [80.411206, 18.609076], [80.412296, 18.609136], [80.41264, 18.609155], [80.413354, 18.609219], [80.413748, 18.609254], [80.415555, 18.609358], [80.41654, 18.60946], [80.417379, 18.609508], [80.418791, 18.609725], [80.41986, 18.609844], [80.420421, 18.609901], [80.420708, 18.609929], [80.421046, 18.609963], [80.42195, 18.610781], [80.422252, 18.611597], [80.422803, 18.612559], [80.423355, 18.613375], [80.424009, 18.613808], [80.424048, 18.61381], [80.424714, 18.613858], [80.425335, 18.613338], [80.426174, 18.612686], [80.426556, 18.612615], [80.427029, 18.612528], [80.427032, 18.612529], [80.427039, 18.612528], [80.428214, 18.613026], [80.428863, 18.613918], [80.429344, 18.614546], [80.429358, 18.614557], [80.429366, 18.614583], [80.429602, 18.614985], [80.430154, 18.615362], [80.430654, 18.615563], [80.431287, 18.615616], [80.431479, 18.615624], [80.431702, 18.615706], [80.43235, 18.616299], [80.43319, 18.616908], [80.433899, 18.617316], [80.434631, 18.617756], [80.436089, 18.618741], [80.436901, 18.619169], [80.437234, 18.619345], [80.437462, 18.619465], [80.438394, 18.619879], [80.439706, 18.620574], [80.439741, 18.620594], [80.440867, 18.621083], [80.441673, 18.62147], [80.44283, 18.621953], [80.443988, 18.62253], [80.444751, 18.622829], [80.445095, 18.622963], [80.446057, 18.623423], [80.446202, 18.623493], [80.447208, 18.623975], [80.447364, 18.624036], [80.448064, 18.624312], [80.448854, 18.624903], [80.44887, 18.624908], [80.449702, 18.625463], [80.450587, 18.626036], [80.451358, 18.626615], [80.451403, 18.626641], [80.45239, 18.627102], [80.453296, 18.627487], [80.454555, 18.627779], [80.455451, 18.628038], [80.455735, 18.62812], [80.456759, 18.628064], [80.457628, 18.627927], [80.457687, 18.627889], [80.458747, 18.627208], [80.459832, 18.626692], [80.460671, 18.626234], [80.461419, 18.625688], [80.461938, 18.625078], [80.462259, 18.624789], [80.462998, 18.624122], [80.463531, 18.623755], [80.463846, 18.623538], [80.465875, 18.623443], [80.46588, 18.623443], [80.465886, 18.623443], [80.466927, 18.623516], [80.468124, 18.623471], [80.468386, 18.623461], [80.468396, 18.623461], [80.469259, 18.62378], [80.469272, 18.623791], [80.469924, 18.624112], [80.470191, 18.624243], [80.471153, 18.624532], [80.472779, 18.624477], [80.474043, 18.624421], [80.475307, 18.624481], [80.476179, 18.624759], [80.47657, 18.624884], [80.4769, 18.625172], [80.477423, 18.625259], [80.477721, 18.626055], [80.477723, 18.626062], [80.478974, 18.62678], [80.479576, 18.627126], [80.480418, 18.627298], [80.48114, 18.627472], [80.482404, 18.627761], [80.483547, 18.628049], [80.484754, 18.628948], [80.484771, 18.628954], [80.485513, 18.629304], [80.486314, 18.629372], [80.487216, 18.629432], [80.488179, 18.629432], [80.488277, 18.629416], [80.489203, 18.629262], [80.489407, 18.629099], [80.490349, 18.628346], [80.491312, 18.627888], [80.492819, 18.627317], [80.494086, 18.626115], [80.49511, 18.625313], [80.4955, 18.6249], [80.496421, 18.624464], [80.496754, 18.624261], [80.497616, 18.623736], [80.498232, 18.623256], [80.49845, 18.623181], [80.498954, 18.622954], [80.499491, 18.622568], [80.500094, 18.622029], [80.500501, 18.621497], [80.500729, 18.621258], [80.500994, 18.620979], [80.501214, 18.620688], [80.501378, 18.620573], [80.501586, 18.620553], [80.501723, 18.620538], [80.501882, 18.62052], [80.502715, 18.620471], [80.503021, 18.620441], [80.503652, 18.620379], [80.504462, 18.620258], [80.504747, 18.620215], [80.505653, 18.620099], [80.505864, 18.620072], [80.506982, 18.619949], [80.507967, 18.619795], [80.51002, 18.619338], [80.510809, 18.619226], [80.51232, 18.618875], [80.512907, 18.618759], [80.513441, 18.618653], [80.514173, 18.618603], [80.514213, 18.618592], [80.514472, 18.618489], [80.514592, 18.618405], [80.514735, 18.618281], [80.515141, 18.617854], [80.515268, 18.617671], [80.515734, 18.617001], [80.515786, 18.616928], [80.515847, 18.616787], [80.51606, 18.61654], [80.516227, 18.616304], [80.51648, 18.615981], [80.516787, 18.615587], [80.517217, 18.615165], [80.517754, 18.614717], [80.518171, 18.614323], [80.518435, 18.613937], [80.518797, 18.613469], [80.518798, 18.613466], [80.518823, 18.613038], [80.518763, 18.611946], [80.518556, 18.611176], [80.518469, 18.610833], [80.518394, 18.610666], [80.518353, 18.610575], [80.5183, 18.61024], [80.5183, 18.610011], [80.518333, 18.609886], [80.518353, 18.609828], [80.51837, 18.609672], [80.518732, 18.609136], [80.519166, 18.608438], [80.5192, 18.608395], [80.519223, 18.608335], [80.519424, 18.608049], [80.519441, 18.608026], [80.519731, 18.607654], [80.519944, 18.60744], [80.519954, 18.607427], [80.519986, 18.607398], [80.520094, 18.60729], [80.520543, 18.606874], [80.520623, 18.606813], [80.520733, 18.606711], [80.521234, 18.606248], [80.521697, 18.60582], [80.521837, 18.605667], [80.522286, 18.605241], [80.522364, 18.605168], [80.522828, 18.604881], [80.523119, 18.604624], [80.523316, 18.604522], [80.523892, 18.604082], [80.524397, 18.603895], [80.524866, 18.603759], [80.524989, 18.603701], [80.52516, 18.603659], [80.525257, 18.603613], [80.52576, 18.603374], [80.525799, 18.603356], [80.526457, 18.603014], [80.527059, 18.602682], [80.527453, 18.602505], [80.527706, 18.602286], [80.527978, 18.602021], [80.528293, 18.601628], [80.528632, 18.601132], [80.528649, 18.6011], [80.528913, 18.600715], [80.529034, 18.600507], [80.529144, 18.600331], [80.529349, 18.600124], [80.529372, 18.600093], [80.529712, 18.599588], [80.529918, 18.599281], [80.530066, 18.599064], [80.530452, 18.598495], [80.530887, 18.597826], [80.531286, 18.597221], [80.531341, 18.597118], [80.531426, 18.596914], [80.531445, 18.596734], [80.531452, 18.596676], [80.531565, 18.596356], [80.531914, 18.595812], [80.531924, 18.595803], [80.532117, 18.595614], [80.53236, 18.595378], [80.532363, 18.595375], [80.532725, 18.594824], [80.53284, 18.594598], [80.532932, 18.594407], [80.533398, 18.593402], [80.533512, 18.593028], [80.533657, 18.592551], [80.533697, 18.592459], [80.533985, 18.59179], [80.534374, 18.591084], [80.534804, 18.590531], [80.534979, 18.590199], [80.535038, 18.590047], [80.535108, 18.589729], [80.535084, 18.589228], [80.534922, 18.588656], [80.534832, 18.588336], [80.534816, 18.588196], [80.534798, 18.588147], [80.534798, 18.588067], [80.534796, 18.588065], [80.5346, 18.587863], [80.534617, 18.587405], [80.535117, 18.587216], [80.536269, 18.587002], [80.537654, 18.586914], [80.538328, 18.587051], [80.538542, 18.587195], [80.53854, 18.587195], [80.538543, 18.587195], [80.538867, 18.587147], [80.538902, 18.587141], [80.539461, 18.587049], [80.540348, 18.586822], [80.541663, 18.586377], [80.542276, 18.586137], [80.542653, 18.58599], [80.54302, 18.585826], [80.54422, 18.585294], [80.545359, 18.584755], [80.546085, 18.584459], [80.546531, 18.584278], [80.546991, 18.58404], [80.54851, 18.583255], [80.548726, 18.583147], [80.548872, 18.583074], [80.550318, 18.582352], [80.552191, 18.58146], [80.553626, 18.580691], [80.555753, 18.57939], [80.556066, 18.579198], [80.556428, 18.578971], [80.557008, 18.578607], [80.55807, 18.577785], [80.558188, 18.577686], [80.558714, 18.577195], [80.559105, 18.576802], [80.559133, 18.576775], [80.559837, 18.576094], [80.560105, 18.575899], [80.560466, 18.575561], [80.561369, 18.574767], [80.561409, 18.574731], [80.561455, 18.574691], [80.562395, 18.573846], [80.563119, 18.573256], [80.56395, 18.572525], [80.564147, 18.572387], [80.564522, 18.572127], [80.564735, 18.57196], [80.565261, 18.571606], [80.565886, 18.571295], [80.566695, 18.571015], [80.566991, 18.570932], [80.56721, 18.57085], [80.567419, 18.570735], [80.567825, 18.57036], [80.567968, 18.570215], [80.568239, 18.569785], [80.568944, 18.569042], [80.568987, 18.568986], [80.569771, 18.567937], [80.570188, 18.567178], [80.570539, 18.566251], [80.570663, 18.565753], [80.570696, 18.565549], [80.570962, 18.564705], [80.571023, 18.564634], [80.571034, 18.564605], [80.571199, 18.564292], [80.571297, 18.564199], [80.571417, 18.564105], [80.571538, 18.564033], [80.571545, 18.564031], [80.571581, 18.563989], [80.571848, 18.563923], [80.572064, 18.563846], [80.572381, 18.563779], [80.572458, 18.563763], [80.572721, 18.56366], [80.572999, 18.563555], [80.573443, 18.563353], [80.574274, 18.563118], [80.574572, 18.563033], [80.575028, 18.562899], [80.575673, 18.562597], [80.576999, 18.562122], [80.578269, 18.561653], [80.578838, 18.56155], [80.579029, 18.561495], [80.579172, 18.561392], [80.579599, 18.561069], [80.57985, 18.560898], [80.580224, 18.560643], [80.580227, 18.560642], [80.580292, 18.560593], [80.580359, 18.560582], [80.580476, 18.560529], [80.580684, 18.560446], [80.580903, 18.560394], [80.581324, 18.560377], [80.581603, 18.560365], [80.581628, 18.560363], [80.582374, 18.560199], [80.582479, 18.560158], [80.58294, 18.560003], [80.584271, 18.559554], [80.58517, 18.559222], [80.585308, 18.559168], [80.586669, 18.55864], [80.588246, 18.558059], [80.589834, 18.557594], [80.590528, 18.557419], [80.591183, 18.557103], [80.591672, 18.556814], [80.591756, 18.556748], [80.592523, 18.556218], [80.595027, 18.554687], [80.596035, 18.554052], [80.596594, 18.55368], [80.597064, 18.553367], [80.597225, 18.553259], [80.597854, 18.552836], [80.598029, 18.55275], [80.598445, 18.552545], [80.59862, 18.552504], [80.598635, 18.552503], [80.599014, 18.552484], [80.59955, 18.552464], [80.599736, 18.552454], [80.599797, 18.552442], [80.600237, 18.552205], [80.600586, 18.551934], [80.600792, 18.551775], [80.601276, 18.551362], [80.601438, 18.551223], [80.601774, 18.55091], [80.602063, 18.550641], [80.60215, 18.550575], [80.60217, 18.550556], [80.602844, 18.550008], [80.603049, 18.54984], [80.603325, 18.549675], [80.60428, 18.548837], [80.604784, 18.548494], [80.605529, 18.547891], [80.60634, 18.547256], [80.607208, 18.546396], [80.607548, 18.54599], [80.607691, 18.545814], [80.607811, 18.545657], [80.607921, 18.545491], [80.607965, 18.545303], [80.608009, 18.545043], [80.608108, 18.544667], [80.608185, 18.544355], [80.608284, 18.54422], [80.608426, 18.544106], [80.60858, 18.544012], [80.608597, 18.544001], [80.609314, 18.543266], [80.609347, 18.543239], [80.609459, 18.543092], [80.610084, 18.542383], [80.610555, 18.541863], [80.610639, 18.541695], [80.610698, 18.541229], [80.610655, 18.541008], [80.610666, 18.540789], [80.61071, 18.540644], [80.610819, 18.540506], [80.610834, 18.540431], [80.611155, 18.540201], [80.611598, 18.539825], [80.612039, 18.539406], [80.61222, 18.539239], [80.612444, 18.539014], [80.612835, 18.538559], [80.612979, 18.538414], [80.613345, 18.53783], [80.613697, 18.536755], [80.613996, 18.535975], [80.614081, 18.535754], [80.614173, 18.535414], [80.614334, 18.534954], [80.614515, 18.534465], [80.614622, 18.534252], [80.614879, 18.533625], [80.615346, 18.532808], [80.615437, 18.53264], [80.61591, 18.531727], [80.616012, 18.53161], [80.616105, 18.531472], [80.616164, 18.53138], [80.616412, 18.530783], [80.616714, 18.530066], [80.617092, 18.529206], [80.617117, 18.529154], [80.617205, 18.528954], [80.617271, 18.528837], [80.617291, 18.528802], [80.617469, 18.528443], [80.617542, 18.528319], [80.617615, 18.528194], [80.617891, 18.527726], [80.618097, 18.527321], [80.618293, 18.527074], [80.618394, 18.527032], [80.618539, 18.527026], [80.618735, 18.527041], [80.618783, 18.527072], [80.618925, 18.527081], [80.619902, 18.527584], [80.620603, 18.527776], [80.621591, 18.5278], [80.622743, 18.52787], [80.623136, 18.527658], [80.623552, 18.527129], [80.624315, 18.526513], [80.624726, 18.526146], [80.624873, 18.526005], [80.625077, 18.525821], [80.625198, 18.525711], [80.625796, 18.525073], [80.626665, 18.524297], [80.627375, 18.523635], [80.628306, 18.522872], [80.629084, 18.522204], [80.629809, 18.521606], [80.63074, 18.52132], [80.631642, 18.521059], [80.632485, 18.520928], [80.632766, 18.520857], [80.633134, 18.520789], [80.633243, 18.520768], [80.633453, 18.520735], [80.633612, 18.520713], [80.6338, 18.520727], [80.634118, 18.5209], [80.634249, 18.521012], [80.634475, 18.521085], [80.635427, 18.521683], [80.636354, 18.52193], [80.636364, 18.521931], [80.636594, 18.521948], [80.63709, 18.521933], [80.637324, 18.521926], [80.637457, 18.521878], [80.63751, 18.521847], [80.637663, 18.521731], [80.637718, 18.521678], [80.637805, 18.521567], [80.637878, 18.521443], [80.637929, 18.521299], [80.638033, 18.521023], [80.638367, 18.520348], [80.638437, 18.520037], [80.638497, 18.519908], [80.638815, 18.519225], [80.638819, 18.519189], [80.638941, 18.518077], [80.639121, 18.517552], [80.639268, 18.517122], [80.639338, 18.51696], [80.639384, 18.516826], [80.639465, 18.516586], [80.639574, 18.516089], [80.639697, 18.515552], [80.63977, 18.514959], [80.639814, 18.514572], [80.639823, 18.514369], [80.639837, 18.514065], [80.639859, 18.513486], [80.63983, 18.512886], [80.639817, 18.51239], [80.639875, 18.512184], [80.639962, 18.512046], [80.640058, 18.511961], [80.640152, 18.511781], [80.640535, 18.511485], [80.640555, 18.511463], [80.640688, 18.510948], [80.640714, 18.510845], [80.640815, 18.510451], [80.640651, 18.510046], [80.640283, 18.509575], [80.640008, 18.509176], [80.639706, 18.508778], [80.639614, 18.508679], [80.639454, 18.508507], [80.638901, 18.507854], [80.638546, 18.507554], [80.63821, 18.50736], [80.637997, 18.507236], [80.637527, 18.506954], [80.637296, 18.506801], [80.637196, 18.506709], [80.637125, 18.506665], [80.637073, 18.506594], [80.636985, 18.506511], [80.636783, 18.506242], [80.636746, 18.506143], [80.636675, 18.506043], [80.636751, 18.50492], [80.636864, 18.504627], [80.636871, 18.504413], [80.636893, 18.504191], [80.636965, 18.503986], [80.637038, 18.503828], [80.637154, 18.503614], [80.637391, 18.50326], [80.637722, 18.502494], [80.638077, 18.501931], [80.638093, 18.501904], [80.638236, 18.501659], [80.638277, 18.501612], [80.638355, 18.501486], [80.638681, 18.50113], [80.638898, 18.500893], [80.639083, 18.500673], [80.639309, 18.500257], [80.639923, 18.49965], [80.640066, 18.499474], [80.64046, 18.4991], [80.641183, 18.498344], [80.641372, 18.498137], [80.642099, 18.497325], [80.642461, 18.496552], [80.643058, 18.495425], [80.643107, 18.495296], [80.643896, 18.493761], [80.64404, 18.493465], [80.64444, 18.492727], [80.644498, 18.492615], [80.64452, 18.492579], [80.64463, 18.492375], [80.644635, 18.492364], [80.644973, 18.491793], [80.645071, 18.491627], [80.645086, 18.491608], [80.645122, 18.491547], [80.645264, 18.491386], [80.645918, 18.490566], [80.646764, 18.489505], [80.646995, 18.489283], [80.647206, 18.48908], [80.647651, 18.488595], [80.648025, 18.488187], [80.648388, 18.487812], [80.648413, 18.487783], [80.648429, 18.487769], [80.64872, 18.487468], [80.649803, 18.486516], [80.650702, 18.485661], [80.651388, 18.484831], [80.65147, 18.484632], [80.651829, 18.483581], [80.652017, 18.482839], [80.652646, 18.481047], [80.652762, 18.480671], [80.652856, 18.480321], [80.652943, 18.480066], [80.653113, 18.47943], [80.65325, 18.47892], [80.653878, 18.47732], [80.654547, 18.47622], [80.654648, 18.476025], [80.654658, 18.476006], [80.655189, 18.475208], [80.655814, 18.47456], [80.655912, 18.474443], [80.656197, 18.474227], [80.656252, 18.47418], [80.656287, 18.474158], [80.656639, 18.473893], [80.658159, 18.473169], [80.65882, 18.472786], [80.660535, 18.472047], [80.661793, 18.471469], [80.661842, 18.471446], [80.662224, 18.471227], [80.662721, 18.470941], [80.662788, 18.470898], [80.663695, 18.470323], [80.664007, 18.470125], [80.664472, 18.469834], [80.664641, 18.469728], [80.665744, 18.469037], [80.666078, 18.468817], [80.66609, 18.468809], [80.66672, 18.468379], [80.667397, 18.467949], [80.6684, 18.467352], [80.668469, 18.467323], [80.668746, 18.467173], [80.669216, 18.466978], [80.670012, 18.466688], [80.670523, 18.466532], [80.67085, 18.466475], [80.671584, 18.466417], [80.672361, 18.466281], [80.672405, 18.466266], [80.673156, 18.465962], [80.673178, 18.465952], [80.673484, 18.465699], [80.673893, 18.465271], [80.673955, 18.465206], [80.674272, 18.464864], [80.674959, 18.464072], [80.675498, 18.463505], [80.676112, 18.46273], [80.677093, 18.461739], [80.677809, 18.460766], [80.678115, 18.460377], [80.678347, 18.460199], [80.678362, 18.46018], [80.678613, 18.459975], [80.678623, 18.459967], [80.678722, 18.459939], [80.679446, 18.459734], [80.679583, 18.459662], [80.680638, 18.45939], [80.682124, 18.458978], [80.683649, 18.458418], [80.685017, 18.458011], [80.68533, 18.457884], [80.685742, 18.457584], [80.685929, 18.456813], [80.686131, 18.455378], [80.686257, 18.45428], [80.686502, 18.453511], [80.686558, 18.453335], [80.686603, 18.453018], [80.686685, 18.452444], [80.68671, 18.452273], [80.686836, 18.451221], [80.687088, 18.450193], [80.687172, 18.449858], [80.687389, 18.449], [80.68749, 18.44822], [80.687516, 18.448019], [80.687532, 18.447922], [80.687692, 18.446967], [80.687978, 18.44655], [80.687992, 18.446524], [80.687999, 18.446518], [80.688019, 18.44649], [80.688071, 18.446458], [80.688177, 18.446369], [80.688405, 18.446251], [80.688526, 18.446176], [80.688651, 18.446124], [80.689519, 18.445677], [80.689893, 18.445559], [80.690193, 18.445463], [80.690976, 18.445169], [80.691037, 18.445143], [80.691066, 18.445134], [80.692357, 18.444648], [80.693684, 18.444183], [80.694949, 18.443911], [80.695023, 18.443901], [80.696092, 18.443757], [80.696669, 18.443733], [80.697052, 18.443717], [80.697425, 18.44374], [80.697705, 18.443757], [80.698582, 18.443796], [80.69942, 18.443797], [80.700603, 18.443778], [80.701195, 18.443759], [80.701543, 18.4437], [80.701665, 18.443681], [80.701951, 18.443487], [80.702155, 18.443312], [80.702442, 18.442935], [80.702506, 18.442805], [80.702761, 18.442517], [80.703177, 18.44197], [80.70401, 18.440776], [80.704873, 18.439541], [80.705036, 18.439136], [80.705036, 18.439036], [80.704146, 18.438717], [80.703362, 18.438505], [80.703315, 18.438493], [80.702012, 18.438216], [80.700933, 18.438089], [80.699554, 18.43769], [80.698713, 18.437309], [80.698076, 18.436972], [80.698037, 18.436669], [80.697997, 18.436565], [80.697875, 18.435943], [80.697721, 18.434607], [80.697685, 18.434298], [80.697538, 18.433697], [80.697297, 18.432661], [80.697186, 18.43218], [80.69705, 18.431599], [80.696714, 18.430177], [80.696363, 18.429075], [80.696335, 18.428964], [80.696185, 18.428372], [80.696096, 18.428021], [80.695993, 18.427128], [80.695951, 18.42676], [80.696037, 18.425651], [80.695991, 18.424797], [80.695987, 18.424725], [80.695988, 18.424697], [80.695966, 18.424417], [80.696058, 18.42354], [80.696126, 18.423451], [80.696152, 18.423344], [80.696315, 18.423111], [80.696479, 18.422973], [80.696509, 18.422947], [80.696585, 18.422848], [80.697072, 18.422467], [80.697751, 18.421806], [80.69781, 18.42175], [80.698019, 18.421526], [80.698288, 18.421293], [80.698665, 18.420934], [80.699114, 18.420574], [80.699431, 18.420297], [80.701508, 18.419027], [80.702053, 18.418683], [80.70248, 18.418413], [80.703219, 18.417933], [80.703544, 18.417793], [80.704758, 18.417171], [80.705151, 18.416938], [80.706153, 18.416341], [80.706157, 18.416339], [80.70727, 18.415675], [80.708031, 18.415202], [80.708985, 18.414607], [80.709352, 18.41437], [80.709442, 18.414305], [80.709648, 18.414156], [80.71057, 18.413585], [80.711841, 18.412765], [80.71236, 18.412422], [80.712733, 18.412176], [80.713419, 18.411706], [80.714384, 18.411151], [80.714817, 18.410858], [80.71524, 18.410542], [80.715478, 18.41041], [80.71577, 18.410211], [80.71705, 18.409513], [80.717744, 18.409105], [80.71803, 18.409027], [80.718356, 18.409027], [80.718825, 18.409164], [80.719967, 18.409805], [80.720498, 18.410137], [80.720607, 18.410277], [80.720783, 18.410506], [80.72117, 18.411323], [80.721802, 18.412625], [80.721838, 18.412696], [80.722361, 18.413725], [80.722528, 18.413998], [80.722567, 18.414061], [80.722675, 18.414173], [80.72276, 18.41426], [80.722968, 18.414404], [80.72357, 18.414398], [80.72378, 18.414376], [80.724719, 18.414339], [80.726004, 18.414262], [80.727637, 18.414184], [80.728361, 18.414116], [80.728887, 18.414067], [80.729131, 18.41402], [80.730243, 18.413804], [80.730827, 18.413649], [80.731168, 18.413525], [80.73227, 18.413001], [80.73334, 18.412659], [80.733467, 18.412631], [80.733788, 18.412532], [80.734268, 18.412396], [80.734731, 18.412266], [80.734504, 18.410648], [80.734411, 18.409988], [80.734203, 18.408718], [80.734113, 18.407843], [80.733837, 18.406623], [80.733684, 18.406131], [80.733476, 18.405655], [80.733257, 18.405153], [80.733039, 18.403926], [80.733002, 18.403715], [80.732832, 18.402571], [80.732343, 18.401282], [80.73234, 18.401273], [80.731499, 18.400076], [80.731206, 18.399659], [80.730014, 18.398497], [80.729777, 18.398242], [80.729198, 18.397618], [80.728153, 18.396805], [80.7277, 18.396548], [80.727259, 18.396296], [80.726518, 18.395959], [80.72557, 18.395344], [80.725448, 18.395265], [80.723704, 18.393964], [80.723032, 18.393455], [80.722341, 18.392942], [80.721453, 18.39231], [80.721033, 18.392014], [80.720865, 18.391863], [80.72035, 18.391472], [80.720238, 18.391373], [80.719799, 18.390985], [80.719768, 18.39093], [80.719604, 18.390807], [80.719587, 18.390707], [80.719514, 18.390273], [80.719541, 18.389724], [80.719619, 18.389537], [80.719777, 18.389154], [80.720485, 18.388173], [80.720715, 18.387888], [80.720782, 18.387797], [80.721106, 18.387237], [80.721275, 18.38677], [80.721415, 18.386313], [80.721686, 18.385538], [80.722201, 18.384557], [80.722305, 18.384399], [80.722394, 18.384224], [80.722542, 18.38404], [80.722673, 18.383842], [80.722796, 18.383725], [80.722864, 18.38364], [80.723105, 18.38343], [80.723465, 18.383086], [80.724841, 18.382097], [80.725602, 18.381708], [80.726416, 18.381191], [80.727216, 18.380573], [80.727396, 18.380434], [80.728159, 18.379724], [80.72874, 18.379078], [80.729152, 18.37831], [80.729337, 18.37779], [80.729617, 18.377], [80.729976, 18.3759], [80.730006, 18.375452], [80.730025, 18.375182], [80.729918, 18.374953], [80.729576, 18.374221], [80.728442, 18.372934], [80.728146, 18.372527], [80.727714, 18.371933], [80.727051, 18.370992], [80.726774, 18.370012], [80.726668, 18.368744], [80.726767, 18.368236], [80.72684, 18.367865], [80.727269, 18.366611], [80.727771, 18.365102], [80.728063, 18.363914], [80.728557, 18.362503], [80.728669, 18.362235], [80.729136, 18.361115], [80.729629, 18.359643], [80.729994, 18.35852], [80.730297, 18.35723], [80.730953, 18.355613], [80.731218, 18.35468], [80.731604, 18.35374], [80.731905, 18.353196], [80.731936, 18.35312], [80.731981, 18.353058], [80.732011, 18.353004], [80.732601, 18.351838], [80.733426, 18.350839], [80.733963, 18.350137], [80.734469, 18.349369], [80.735217, 18.348363], [80.735269, 18.348285], [80.735741, 18.34755], [80.736077, 18.347086], [80.736212, 18.346886], [80.737028, 18.345777], [80.737274, 18.345523], [80.737434, 18.345323], [80.737879, 18.344863], [80.73842, 18.344303], [80.739234, 18.343486], [80.74007, 18.342627], [80.740537, 18.342162], [80.740703, 18.341948], [80.74152, 18.341074], [80.742194, 18.340179], [80.74256, 18.339612], [80.742941, 18.338899], [80.743627, 18.337612], [80.743906, 18.336714], [80.74423, 18.335805], [80.744244, 18.335755], [80.744274, 18.335648], [80.744323, 18.335477], [80.744375, 18.335294], [80.744482, 18.334858], [80.744528, 18.334671], [80.745365, 18.332311], [80.745539, 18.331703], [80.745622, 18.331411], [80.745732, 18.331248], [80.746159, 18.330616], [80.746661, 18.330018], [80.746975, 18.329839], [80.746995, 18.329828], [80.747094, 18.329756], [80.747312, 18.329597], [80.747406, 18.329471], [80.747499, 18.329285], [80.747581, 18.329121], [80.747592, 18.329039], [80.747557, 18.325642], [80.747558, 18.325552], [80.747566, 18.323884], [80.747539, 18.322689], [80.747577, 18.321764], [80.747579, 18.321349], [80.747513, 18.321138], [80.747535, 18.320767], [80.747496, 18.320074], [80.747435, 18.318994], [80.747572, 18.317863], [80.747685, 18.316911], [80.74769, 18.316718], [80.747685, 18.316613], [80.747645, 18.315802], [80.747502, 18.314508], [80.747496, 18.314454], [80.747518, 18.313432], [80.747512, 18.313283], [80.747476, 18.312472], [80.747562, 18.3119], [80.747787, 18.311626], [80.748251, 18.311085], [80.748306, 18.311008], [80.74833, 18.310633], [80.748359, 18.310195], [80.748355, 18.309977], [80.748344, 18.309403], [80.748458, 18.30852], [80.74874, 18.307546], [80.748763, 18.307467], [80.748896, 18.307373], [80.748916, 18.307325], [80.749044, 18.307231], [80.749129, 18.307169], [80.749882, 18.306622], [80.750204, 18.306415], [80.750317, 18.306328], [80.750564, 18.306139], [80.75101, 18.305897], [80.751352, 18.305677], [80.751391, 18.305652], [80.752019, 18.305329], [80.752119, 18.305271], [80.752166, 18.305244], [80.752292, 18.305188], [80.752883, 18.304883], [80.753396, 18.304606], [80.753694, 18.304445], [80.754182, 18.304181], [80.754182, 18.304181], [80.755028, 18.303465], [80.75513, 18.303378], [80.755176, 18.303331], [80.756295, 18.302198], [80.756562, 18.301962], [80.756617, 18.301914], [80.757089, 18.301497], [80.757238, 18.301366], [80.757471, 18.301161], [80.757717, 18.300709], [80.758226, 18.29957], [80.758438, 18.299218], [80.758438, 18.298967], [80.758438, 18.29865], [80.758087, 18.29778], [80.757266, 18.296281], [80.757002, 18.295715], [80.756992, 18.295699], [80.756956, 18.295615], [80.756635, 18.294924], [80.7566, 18.294808], [80.756531, 18.294583], [80.756528, 18.294522], [80.756513, 18.294249], [80.756645, 18.293893], [80.756645, 18.29387], [80.756646, 18.293815], [80.756958, 18.293061], [80.757034, 18.292907], [80.757096, 18.292779], [80.75748, 18.291905], [80.758358, 18.290517], [80.759359, 18.289284], [80.759469, 18.289124], [80.760247, 18.288561], [80.760494, 18.288386], [80.760626, 18.288284], [80.760693, 18.288245], [80.760994, 18.288031], [80.761042, 18.287997], [80.761259, 18.287918], [80.761609, 18.287715], [80.761819, 18.287687], [80.7621, 18.287648], [80.762211, 18.287677], [80.76279, 18.287823], [80.762979, 18.287842], [80.763357, 18.287965], [80.763696, 18.28805], [80.764134, 18.288153], [80.764221, 18.288174], [80.764833, 18.28827], [80.765563, 18.288207], [80.766036, 18.288122], [80.766564, 18.288019], [80.767446, 18.287825], [80.768451, 18.287533], [80.76868, 18.2874], [80.768732, 18.287282], [80.768945, 18.286971], [80.76917, 18.286641], [80.769383, 18.286329], [80.769745, 18.285793], [80.769839, 18.285654], [80.769991, 18.285372], [80.770487, 18.284649], [80.771231, 18.283399], [80.771304, 18.283278], [80.771751, 18.282475], [80.771776, 18.282432], [80.77208, 18.281869], [80.772817, 18.280681], [80.77366, 18.27966], [80.774177, 18.279065], [80.774394, 18.278694], [80.774706, 18.278417], [80.774909, 18.278117], [80.775064, 18.277887], [80.775212, 18.277616], [80.775288, 18.277444], [80.775388, 18.276993], [80.775416, 18.276866], [80.775789, 18.275444], [80.775844, 18.275233], [80.775975, 18.274816], [80.776065, 18.274184], [80.776351, 18.273537], [80.776541, 18.272726], [80.776622, 18.272148], [80.776726, 18.272016], [80.776812, 18.271725], [80.77697, 18.271457], [80.777478, 18.271055], [80.777506, 18.270998], [80.777754, 18.27049], [80.777886, 18.27022], [80.778058, 18.269867], [80.778415, 18.268971], [80.778476, 18.268783], [80.778531, 18.268678], [80.77868, 18.268304], [80.778691, 18.268277], [80.77915, 18.267264], [80.779285, 18.266834], [80.779396, 18.266654], [80.779606, 18.266313], [80.779872, 18.265839], [80.779975, 18.265655], [80.780151, 18.265421], [80.780449, 18.265169], [80.780625, 18.265019], [80.780862, 18.264898], [80.781067, 18.264697], [80.781516, 18.26459], [80.783116, 18.264166], [80.783819, 18.264068], [80.784542, 18.263967], [80.78495, 18.263894], [80.785153, 18.263859], [80.785568, 18.263905], [80.785583, 18.263905], [80.786538, 18.263916], [80.787131, 18.263925], [80.787695, 18.263933], [80.788067, 18.263888], [80.788379, 18.263814], [80.788388, 18.263812], [80.78952, 18.263398], [80.789901, 18.263153], [80.790848, 18.262542], [80.792041, 18.261505], [80.792069, 18.261472], [80.792227, 18.261256], [80.79273, 18.260633], [80.792994, 18.260396], [80.793077, 18.2603], [80.793454, 18.259927], [80.793597, 18.259629], [80.79386, 18.25908], [80.793906, 18.257163], [80.793916, 18.25692], [80.79395, 18.256057], [80.793898, 18.255573], [80.793997, 18.254518], [80.793936, 18.253518], [80.793974, 18.252509], [80.79395, 18.252355], [80.793806, 18.251449], [80.793488, 18.250232], [80.793305, 18.24926], [80.793271, 18.249198], [80.793244, 18.249185], [80.793225, 18.249143], [80.793108, 18.249124], [80.791219, 18.248249], [80.790729, 18.247996], [80.790647, 18.247968], [80.790597, 18.247935], [80.790534, 18.247894], [80.790201, 18.247722], [80.790192, 18.247718], [80.789037, 18.247024], [80.788117, 18.246472], [80.787197, 18.24594], [80.786079, 18.245301], [80.785466, 18.24495], [80.784123, 18.244397], [80.782941, 18.243868], [80.781712, 18.243529], [80.780858, 18.243318], [80.779736, 18.243005], [80.778427, 18.242749], [80.777286, 18.242526], [80.776095, 18.241965], [80.775913, 18.241879], [80.774692, 18.241199], [80.773532, 18.240367], [80.772754, 18.239987], [80.771537, 18.23924], [80.770915, 18.238858], [80.770252, 18.238551], [80.769375, 18.237958], [80.767898, 18.237079], [80.766451, 18.236144], [80.765772, 18.235785], [80.765228, 18.235506], [80.763902, 18.234873], [80.763453, 18.23465], [80.762294, 18.234075], [80.760233, 18.233153], [80.758066, 18.23209], [80.757734, 18.231917], [80.756844, 18.231453], [80.756214, 18.231161], [80.755952, 18.231039], [80.754654, 18.230322], [80.753914, 18.229907], [80.75383, 18.229861], [80.753006, 18.229525], [80.752205, 18.229097], [80.750031, 18.228023], [80.748313, 18.227137], [80.748145, 18.226957], [80.748091, 18.2269], [80.746383, 18.225969], [80.746138, 18.225851], [80.745796, 18.225686], [80.74566, 18.22562], [80.744859, 18.225314], [80.744236, 18.224977], [80.743725, 18.224701], [80.743409, 18.224536], [80.741441, 18.223586], [80.741372, 18.223556], [80.741203, 18.223472], [80.740645, 18.223203], [80.74004, 18.222911], [80.73976, 18.222773], [80.73919, 18.222513], [80.738547, 18.222198], [80.73827, 18.222063], [80.738066, 18.221952], [80.737711, 18.221758], [80.737002, 18.221407], [80.737026, 18.221055], [80.737038, 18.220612], [80.73703, 18.22055], [80.737052, 18.219264], [80.737078, 18.218592], [80.737091, 18.217604], [80.737082, 18.216885], [80.737076, 18.215748], [80.737082, 18.214177], [80.737095, 18.213438], [80.737065, 18.211417], [80.737059, 18.210989], [80.737097, 18.208473], [80.737067, 18.207866], [80.737124, 18.207438], [80.737155, 18.206414], [80.737147, 18.206165], [80.737173, 18.205761], [80.737181, 18.205509], [80.73732, 18.202298], [80.737321, 18.202243], [80.7373, 18.20121], [80.737329, 18.200276], [80.737329, 18.200203], [80.737367, 18.197809], [80.737367, 18.19729], [80.737358, 18.195648], [80.737359, 18.1942], [80.737359, 18.193531], [80.73736, 18.192323], [80.73736, 18.192295], [80.73735, 18.192199], [80.737361, 18.191799], [80.737361, 18.191263], [80.737375, 18.190169], [80.737447, 18.188559], [80.737453, 18.188294], [80.737448, 18.18789], [80.737372, 18.187061], [80.73744, 18.18518], [80.737465, 18.184814], [80.737471, 18.184486], [80.737459, 18.183736], [80.737446, 18.1829], [80.737475, 18.181789], [80.737479, 18.181375], [80.737485, 18.181195], [80.737509, 18.180407], [80.737502, 18.180066], [80.737495, 18.179946], [80.737443, 18.179112], [80.737359, 18.178651], [80.737291, 18.17834], [80.737215, 18.177993], [80.737196, 18.177884], [80.737103, 18.177475], [80.737041, 18.17701], [80.736902, 18.17623], [80.736937, 18.176204], [80.737868, 18.175304], [80.738338, 18.174844], [80.73856, 18.174626], [80.739493, 18.173912], [80.7399, 18.173571], [80.740641, 18.173032], [80.741599, 18.172213], [80.742106, 18.171767], [80.742477, 18.171441], [80.743355, 18.170799], [80.743777, 18.170495], [80.743868, 18.170423], [80.744188, 18.17017], [80.744294, 18.170124], [80.744301, 18.170119], [80.744328, 18.170109], [80.744765, 18.16992], [80.745058, 18.169809], [80.74572, 18.169559], [80.745827, 18.169524], [80.746102, 18.169436], [80.74665, 18.169213], [80.746945, 18.169147], [80.747827, 18.168946], [80.747961, 18.168937], [80.748281, 18.168868], [80.748682, 18.16885], [80.749102, 18.168753], [80.74956, 18.168621], [80.749626, 18.168605], [80.750437, 18.168417], [80.751614, 18.16809], [80.752491, 18.167948], [80.753925, 18.167703], [80.75489, 18.167685], [80.755079, 18.167682], [80.755712, 18.167671], [80.755855, 18.167669], [80.755965, 18.167645], [80.755983, 18.167642], [80.756233, 18.167601], [80.756464, 18.167564], [80.756633, 18.167517], [80.757142, 18.167372], [80.757454, 18.167275], [80.758973, 18.16707], [80.760321, 18.166846], [80.760653, 18.166796], [80.761541, 18.166663], [80.762461, 18.166642], [80.76353, 18.166622], [80.764536, 18.166601], [80.765616, 18.166688], [80.765756, 18.166685], [80.766077, 18.166682], [80.767467, 18.166561], [80.768494, 18.16646], [80.769777, 18.166378], [80.770431, 18.166289], [80.771125, 18.166194], [80.772301, 18.166072], [80.772898, 18.166038], [80.772917, 18.166036], [80.772934, 18.166036], [80.773734, 18.165991], [80.775251, 18.165991], [80.775254, 18.165991], [80.776901, 18.166032], [80.778419, 18.166174], [80.779139, 18.166309], [80.779618, 18.166399], [80.780537, 18.166687], [80.780696, 18.166747], [80.781417, 18.167018], [80.782997, 18.167321], [80.784494, 18.167279], [80.785711, 18.167263], [80.786077, 18.167259], [80.786585, 18.167319], [80.787617, 18.167442], [80.788102, 18.167533], [80.788346, 18.16756], [80.789026, 18.167648], [80.789044, 18.167648], [80.789799, 18.167566], [80.790692, 18.167703], [80.790788, 18.167718], [80.790931, 18.167728], [80.792452, 18.167688], [80.793457, 18.167689], [80.794442, 18.167628], [80.795283, 18.167557], [80.796132, 18.167485], [80.797757, 18.167403], [80.799191, 18.167403], [80.800046, 18.168057], [80.801265, 18.169099], [80.802591, 18.170243], [80.80333, 18.17146], [80.804284, 18.172451], [80.804312, 18.17248], [80.804471, 18.172641], [80.804963, 18.173141], [80.805765, 18.174054], [80.806397, 18.174775], [80.807145, 18.175282], [80.808664, 18.176241], [80.809244, 18.176508], [80.809968, 18.176841], [80.810261, 18.177072], [80.810829, 18.17745], [80.811106, 18.177737], [80.812215, 18.178611], [80.813306, 18.179512], [80.813969, 18.180185], [80.814745, 18.18108], [80.814817, 18.181202], [80.814966, 18.181453], [80.815007, 18.181496], [80.815169, 18.181793], [80.81517, 18.181798], [80.815508, 18.182367], [80.815699, 18.183504], [80.815828, 18.185422], [80.815758, 18.186211], [80.815745, 18.186258], [80.815745, 18.186353], [80.815745, 18.186391], [80.815745, 18.186419], [80.81575, 18.186447], [80.815782, 18.186514], [80.815898, 18.186723], [80.816087, 18.186958], [80.816116, 18.186969], [80.816554, 18.187496], [80.816648, 18.187604], [80.816672, 18.187646], [80.81707, 18.188183], [80.817267, 18.188333], [80.817432, 18.188491], [80.818695, 18.188635], [80.819807, 18.188778], [80.820748, 18.1889], [80.821732, 18.189237], [80.822674, 18.189482], [80.823176, 18.189784], [80.823377, 18.189905], [80.823593, 18.190035], [80.823941, 18.190215], [80.824045, 18.190302], [80.824156, 18.190427], [80.824324, 18.190588], [80.824361, 18.190765], [80.824363, 18.19077], [80.824376, 18.190982], [80.824406, 18.191485], [80.824367, 18.192621], [80.824406, 18.193753], [80.824511, 18.195633], [80.824447, 18.198024], [80.824382, 18.199516], [80.824446, 18.200619], [80.824382, 18.201457], [80.824425, 18.202305], [80.824381, 18.203347], [80.82436, 18.204431], [80.824445, 18.206188], [80.824466, 18.206984], [80.824487, 18.207863], [80.824122, 18.209995], [80.8241, 18.211702], [80.823985, 18.212989], [80.823894, 18.214215], [80.823917, 18.21503], [80.823737, 18.215924], [80.823672, 18.217251], [80.823581, 18.218712], [80.823415, 18.220255], [80.823072, 18.221114], [80.822944, 18.222055], [80.8229, 18.223648], [80.822826, 18.224469], [80.822836, 18.225446], [80.823178, 18.226263], [80.823199, 18.227509], [80.823519, 18.228573], [80.823776, 18.22992], [80.823925, 18.23123], [80.82401, 18.232332], [80.824184, 18.233127], [80.823977, 18.233941], [80.823839, 18.234866], [80.823837, 18.234887], [80.823865, 18.234962], [80.823865, 18.235265], [80.823865, 18.23548], [80.823902, 18.235523], [80.824047, 18.235583], [80.824051, 18.235586], [80.824074, 18.235594], [80.824629, 18.235765], [80.824749, 18.23582], [80.825229, 18.235949], [80.826962, 18.23646], [80.828268, 18.236909], [80.829231, 18.237154], [80.830215, 18.237379], [80.831563, 18.237665], [80.831969, 18.238072], [80.832038, 18.238098], [80.832847, 18.238155], [80.834782, 18.238192], [80.835049, 18.23827], [80.8355, 18.238312], [80.83566, 18.238355], [80.835735, 18.238375], [80.836103, 18.238419], [80.836513, 18.238418], [80.836775, 18.238418], [80.836979, 18.238404], [80.837042, 18.238401], [80.837207, 18.238289], [80.837738, 18.23775], [80.838603, 18.23699], [80.838973, 18.236671], [80.83933, 18.236232], [80.840057, 18.235671], [80.840399, 18.235384], [80.840461, 18.235333], [80.840544, 18.235263], [80.841896, 18.23375], [80.842178, 18.233434], [80.842186, 18.233427], [80.842359, 18.233231], [80.842775, 18.232813], [80.843086, 18.232449], [80.843316, 18.232306], [80.843402, 18.232263], [80.843548, 18.232106], [80.843856, 18.232073], [80.843939, 18.232041], [80.844354, 18.231953], [80.844955, 18.231921], [80.845097, 18.231942], [80.846327, 18.231812], [80.846732, 18.231832], [80.847239, 18.23181], [80.847873, 18.231822], [80.848128, 18.231755], [80.848187, 18.231738], [80.848588, 18.231579], [80.848605, 18.231578], [80.8489, 18.231557], [80.849245, 18.231608], [80.849369, 18.231594], [80.849575, 18.231657], [80.849854, 18.231699], [80.850022, 18.231713], [80.850238, 18.231733], [80.850358, 18.231743], [80.850477, 18.231753], [80.851052, 18.23182], [80.851167, 18.231833], [80.851343, 18.231854], [80.85153, 18.231859], [80.853049, 18.231838], [80.8544, 18.231883], [80.855468, 18.231796], [80.856709, 18.231681], [80.856742, 18.231676], [80.85771, 18.231585], [80.858563, 18.231485], [80.859036, 18.231408], [80.859752, 18.231343], [80.860363, 18.231299], [80.860645, 18.231261], [80.861199, 18.231153], [80.861339, 18.231116], [80.861396, 18.231096], [80.861747, 18.230969], [80.862428, 18.230726], [80.862658, 18.230641], [80.863523, 18.230319], [80.864338, 18.230062], [80.864848, 18.229889], [80.865047, 18.229811], [80.865107, 18.229788], [80.865733, 18.229502], [80.865869, 18.229337], [80.866078, 18.228691], [80.866391, 18.227442], [80.866552, 18.226798], [80.867129, 18.224641], [80.86744, 18.223629], [80.867981, 18.221572], [80.86809, 18.221193], [80.86842, 18.220042], [80.868926, 18.218557], [80.869369, 18.217157], [80.869424, 18.216984], [80.869739, 18.216235], [80.87007, 18.215444], [80.87052, 18.214475], [80.870819, 18.213925], [80.871269, 18.212858], [80.871511, 18.212189], [80.871799, 18.211716], [80.87203, 18.211187], [80.872168, 18.210648], [80.872444, 18.210035], [80.872504, 18.209844], [80.872537, 18.209625], [80.872525, 18.209295], [80.872294, 18.208634], [80.871475, 18.207129], [80.871302, 18.206667], [80.871291, 18.206578], [80.871267, 18.206391], [80.871279, 18.206215], [80.871347, 18.205962], [80.87136, 18.205914], [80.871393, 18.205787], [80.871431, 18.205721], [80.871434, 18.205716], [80.871583, 18.20545], [80.871636, 18.205358], [80.871707, 18.205292], [80.871757, 18.205246], [80.871747, 18.205219], [80.8715, 18.204552], [80.871152, 18.204244], [80.871072, 18.204196], [80.869822, 18.203746], [80.86927, 18.203507], [80.868975, 18.203419], [80.86853, 18.203248], [80.867747, 18.203062], [80.86679, 18.202717], [80.866617, 18.202656], [80.865952, 18.202467], [80.865273, 18.202281], [80.864918, 18.202215], [80.864427, 18.202168], [80.863955, 18.202159], [80.86363, 18.202168], [80.863207, 18.202224], [80.862873, 18.20229], [80.861113, 18.202797], [80.859857, 18.20309], [80.858981, 18.203277], [80.858303, 18.203494], [80.857989, 18.203606], [80.857703, 18.20371], [80.857281, 18.20371], [80.856887, 18.203671], [80.85646, 18.203571], [80.856005, 18.203558], [80.855776, 18.203521], [80.855501, 18.203513], [80.855216, 18.203485], [80.854871, 18.203419], [80.854183, 18.203194], [80.854141, 18.20318], [80.853952, 18.203129], [80.853332, 18.202633], [80.852951, 18.20154], [80.852842, 18.20037], [80.852828, 18.200222], [80.852947, 18.198899], [80.853077, 18.198458], [80.85331, 18.197673], [80.85393, 18.195813], [80.854261, 18.194997], [80.854808, 18.193647], [80.855215, 18.192891], [80.856156, 18.191202], [80.856651, 18.190573], [80.857232, 18.189749], [80.857621, 18.189015], [80.858103, 18.188067], [80.858339, 18.187026], [80.858628, 18.185668], [80.858346, 18.184098], [80.858348, 18.183783], [80.858349, 18.183634], [80.858352, 18.18324], [80.858201, 18.182758], [80.858185, 18.182714], [80.858112, 18.182497], [80.858065, 18.182138], [80.857886, 18.181539], [80.85788, 18.181522], [80.857422, 18.180399], [80.857238, 18.179318], [80.857284, 18.179181], [80.857377, 18.178415], [80.857377, 18.177846], [80.857358, 18.177756], [80.857347, 18.177141], [80.857307, 18.177057], [80.85719, 18.176812], [80.857079, 18.176421], [80.857022, 18.176135], [80.857022, 18.175779], [80.857136, 18.17552], [80.857196, 18.173781], [80.857194, 18.173756], [80.857214, 18.173166], [80.857293, 18.17234], [80.857361, 18.171452], [80.85744, 18.170523], [80.857528, 18.16997], [80.857744, 18.169107], [80.857843, 18.16886], [80.857872, 18.168739], [80.857922, 18.168534], [80.857939, 18.168411], [80.85796, 18.168266], [80.858053, 18.167981], [80.858124, 18.167686], [80.858653, 18.166239], [80.858775, 18.165788], [80.859139, 18.164893], [80.859356, 18.164217], [80.859503, 18.164029], [80.85968, 18.163803], [80.85974, 18.163704], [80.8602, 18.162282], [80.860265, 18.161134], [80.860265, 18.160097], [80.860265, 18.159343], [80.860266, 18.158591], [80.860266, 18.158025], [80.860266, 18.157826], [80.860178, 18.157376], [80.860101, 18.155781], [80.859991, 18.155099], [80.859803, 18.154205], [80.859803, 18.153909], [80.859803, 18.153737], [80.859803, 18.153648], [80.859803, 18.153634], [80.859916, 18.153136], [80.860121, 18.152636], [80.860137, 18.1522], [80.860131, 18.152133], [80.859953, 18.151657], [80.859841, 18.151212], [80.859696, 18.150614], [80.859692, 18.150606], [80.859692, 18.150036], [80.859719, 18.14997], [80.859733, 18.149089], [80.859785, 18.148576], [80.85985, 18.147937], [80.859861, 18.147831], [80.860118, 18.146626], [80.860735, 18.145941], [80.860938, 18.145538], [80.861115, 18.145257], [80.861538, 18.144787], [80.861792, 18.144512], [80.862021, 18.144173], [80.862898, 18.143315], [80.863797, 18.142476], [80.864439, 18.141762], [80.864909, 18.141169], [80.865401, 18.140505], [80.865894, 18.139626], [80.866275, 18.13901], [80.86642, 18.13848], [80.866514, 18.138135], [80.866557, 18.138031], [80.866643, 18.137929], [80.866643, 18.137828], [80.866643, 18.137583], [80.866643, 18.137143], [80.866643, 18.136798], [80.866643, 18.136357], [80.866873, 18.136138], [80.86717, 18.136138], [80.867202, 18.136138], [80.867436, 18.136138], [80.867594, 18.136107], [80.868027, 18.136018], [80.86809, 18.135994], [80.868482, 18.135927], [80.869104, 18.135834], [80.869851, 18.135722], [80.871279, 18.135475], [80.872577, 18.135387], [80.873835, 18.135334], [80.874904, 18.135257], [80.875721, 18.13526], [80.876845, 18.135208], [80.878427, 18.135066], [80.880074, 18.134982], [80.880981, 18.135016], [80.882451, 18.134986], [80.883, 18.135023], [80.883561, 18.135022], [80.884307, 18.135113], [80.88454, 18.135129], [80.887282, 18.135164], [80.888566, 18.135205], [80.889369, 18.135258], [80.889754, 18.13527], [80.890096, 18.135301], [80.890818, 18.135367], [80.891217, 18.135404], [80.891817, 18.135428], [80.891968, 18.135434], [80.893119, 18.135479], [80.894493, 18.135682], [80.895018, 18.135725], [80.895224, 18.135742], [80.897505, 18.136038], [80.898093, 18.136114], [80.900004, 18.136479], [80.90044, 18.136579], [80.900651, 18.13661], [80.901509, 18.13682], [80.90194, 18.136918], [80.901994, 18.136939], [80.902319, 18.137018], [80.903637, 18.137512], [80.904096, 18.137655], [80.904634, 18.137798], [80.905248, 18.137962], [80.906539, 18.138368], [80.907409, 18.138615], [80.907853, 18.138741], [80.909211, 18.139152], [80.910536, 18.139437], [80.911735, 18.139799], [80.911954, 18.139864], [80.91203, 18.139885], [80.912229, 18.139945], [80.912887, 18.140139], [80.914258, 18.140546], [80.915203, 18.140941], [80.915615, 18.141153], [80.917271, 18.141904], [80.918875, 18.1426], [80.919761, 18.143058], [80.920122, 18.143222], [80.920224, 18.143274], [80.921159, 18.143749], [80.921287, 18.143827], [80.921863, 18.144177], [80.92232, 18.144496], [80.923016, 18.144981], [80.924226, 18.14576], [80.925387, 18.146503], [80.926654, 18.147328], [80.927128, 18.147636], [80.927825, 18.148051], [80.927861, 18.148073], [80.928638, 18.148537], [80.930435, 18.149492], [80.930521, 18.149534], [80.930984, 18.149725], [80.931392, 18.149965], [80.9319, 18.150217], [80.932797, 18.150754], [80.933477, 18.15106], [80.934272, 18.151478], [80.934585, 18.151686], [80.935505, 18.152144], [80.936126, 18.152596], [80.93644, 18.152825], [80.937488, 18.153357], [80.937926, 18.153617], [80.937958, 18.153633], [80.938794, 18.154091], [80.939962, 18.154868], [80.940153, 18.154999], [80.940154, 18.154999], [80.940537, 18.1552], [80.940976, 18.155419], [80.941264, 18.155616], [80.941518, 18.155968], [80.941633, 18.156754], [80.941749, 18.157553], [80.941993, 18.159245], [80.942155, 18.159601], [80.942156, 18.159604], [80.942364, 18.159779], [80.942813, 18.160043], [80.944243, 18.160438], [80.946005, 18.161153], [80.946238, 18.161248], [80.94629, 18.161268], [80.946874, 18.161444], [80.947943, 18.161767], [80.948816, 18.162011], [80.94917, 18.162087], [80.949401, 18.162173], [80.949415, 18.162178], [80.949426, 18.162181], [80.950834, 18.162638], [80.950866, 18.162657], [80.951548, 18.163056], [80.952147, 18.163979], [80.953105, 18.165529], [80.953595, 18.166549], [80.953791, 18.167274], [80.953853, 18.167604], [80.953856, 18.167623], [80.953964, 18.168208], [80.953999, 18.168384], [80.954091, 18.168539], [80.954229, 18.168748], [80.954842, 18.169495], [80.955545, 18.170386], [80.956194, 18.171218], [80.956308, 18.17135], [80.957163, 18.172339], [80.957419, 18.172715], [80.957925, 18.1728], [80.958662, 18.172915], [80.958883, 18.172949], [80.959065, 18.172955], [80.959998, 18.172963], [80.960632, 18.172997], [80.960988, 18.173045], [80.96124, 18.17308], [80.961361, 18.17308], [80.961672, 18.17308], [80.96217, 18.173161], [80.962649, 18.173239], [80.962881, 18.173277], [80.963019, 18.173298], [80.963097, 18.17333], [80.963352, 18.173396], [80.964755, 18.17359], [80.965209, 18.173628], [80.966322, 18.17372], [80.966376, 18.173725], [80.96738, 18.173783], [80.967545, 18.173816], [80.967856, 18.17384], [80.968214, 18.173889], [80.969238, 18.174027], [80.9707, 18.174225], [80.970982, 18.17426], [80.971141, 18.174276], [80.971916, 18.174352], [80.972203, 18.174375], [80.973713, 18.174493], [80.973929, 18.174509], [80.973937, 18.174509], [80.975586, 18.174585], [80.976494, 18.174673], [80.976963, 18.174718], [80.978826, 18.174776], [80.978822, 18.174593], [80.978864, 18.174512], [80.978864, 18.174072], [80.978808, 18.17398], [80.978806, 18.173915], [80.978782, 18.172875], [80.97874, 18.171693], [80.978739, 18.171495], [80.978724, 18.168526], [80.978752, 18.167639], [80.978749, 18.167511], [80.978742, 18.167424], [80.978679, 18.166636], [80.978656, 18.166339], [80.978564, 18.165256], [80.978585, 18.16322], [80.978584, 18.162383], [80.978562, 18.16138], [80.978497, 18.159706], [80.978475, 18.158051], [80.978459, 18.157763], [80.978389, 18.156538], [80.978345, 18.155353], [80.97828, 18.15427], [80.97828, 18.15282], [80.978365, 18.151613], [80.97848, 18.150913], [80.978424, 18.150743], [80.978424, 18.150272], [80.978327, 18.149904], [80.978311, 18.149885], [80.978095, 18.149707], [80.977701, 18.149487], [80.977308, 18.149067], [80.977244, 18.14902], [80.977159, 18.148922], [80.97681, 18.148657], [80.975863, 18.147965], [80.974886, 18.147194], [80.97352, 18.146135], [80.971794, 18.144344], [80.970595, 18.142772], [80.969633, 18.142076], [80.968413, 18.141199], [80.967065, 18.140019], [80.966157, 18.13895], [80.965524, 18.138075], [80.964454, 18.136829], [80.962892, 18.135318], [80.961655, 18.134357], [80.961434, 18.134185], [80.960326, 18.133374], [80.959336, 18.132515], [80.958931, 18.132153], [80.958678, 18.13189], [80.958482, 18.13156], [80.958445, 18.131482], [80.958412, 18.131441], [80.957985, 18.130591], [80.957392, 18.130102], [80.95729, 18.130064], [80.95721, 18.13004], [80.957122, 18.130014], [80.956764, 18.129914], [80.956361, 18.129761], [80.95627, 18.129699], [80.956023, 18.129611], [80.955822, 18.129285], [80.95568, 18.129113], [80.955449, 18.128695], [80.955442, 18.12867], [80.955261, 18.128378], [80.954718, 18.125913], [80.954598, 18.125156], [80.954546, 18.124831], [80.954497, 18.12457], [80.954405, 18.124079], [80.954332, 18.123686], [80.954139, 18.122807], [80.953988, 18.121561], [80.953902, 18.120539], [80.953816, 18.119191], [80.953891, 18.117656], [80.953901, 18.117454], [80.9539, 18.116497], [80.9539, 18.116064], [80.953781, 18.114833], [80.953814, 18.113464], [80.953804, 18.113163], [80.953514, 18.111487], [80.953428, 18.11022], [80.953355, 18.109416], [80.953235, 18.108075], [80.953188, 18.107119], [80.953142, 18.106181], [80.95314, 18.106135], [80.952919, 18.104882], [80.952826, 18.103027], [80.952698, 18.101515], [80.95259, 18.100269], [80.952547, 18.099175], [80.952512, 18.098033], [80.952473, 18.097511], [80.95247, 18.097477], [80.95231, 18.096294], [80.952271, 18.095964], [80.952156, 18.095011], [80.952125, 18.09383], [80.951689, 18.091922], [80.951675, 18.091114], [80.951667, 18.090634], [80.951634, 18.089776], [80.951547, 18.089503], [80.951351, 18.089283], [80.951222, 18.089144], [80.951088, 18.089], [80.951012, 18.088845], [80.950948, 18.088713], [80.950611, 18.088345], [80.950279, 18.087943], [80.950047, 18.087663], [80.95002, 18.087598], [80.949805, 18.087344], [80.949676, 18.08649], [80.949516, 18.085429], [80.949462, 18.085077], [80.949448, 18.084945], [80.949312, 18.083728], [80.949239, 18.083169], [80.949149, 18.082471], [80.949111, 18.082242], [80.949081, 18.082062], [80.949113, 18.08156], [80.949442, 18.081309], [80.949568, 18.081288], [80.949818, 18.081061], [80.949823, 18.081051], [80.949869, 18.080963], [80.949936, 18.080903], [80.950259, 18.080612], [80.950427, 18.08046], [80.950492, 18.080446], [80.951515, 18.079576], [80.952175, 18.079026], [80.953045, 18.07835], [80.953246, 18.078136], [80.953659, 18.077282], [80.953736, 18.077124], [80.95446, 18.075354], [80.954774, 18.074608], [80.9552, 18.073898], [80.955874, 18.073172], [80.956071, 18.07296], [80.95662, 18.072226], [80.957001, 18.071761], [80.957325, 18.071218], [80.957718, 18.070393], [80.958372, 18.068549], [80.959007, 18.067495], [80.959294, 18.06702], [80.960295, 18.065359], [80.960891, 18.064527], [80.960928, 18.064475], [80.961116, 18.064156], [80.961194, 18.064043], [80.96167, 18.063336], [80.96209, 18.062629], [80.962801, 18.061426], [80.963799, 18.059308], [80.964525, 18.05759], [80.965029, 18.056569], [80.96515, 18.056173], [80.965191, 18.055922], [80.965296, 18.055696], [80.965387, 18.055398], [80.965838, 18.054182], [80.966059, 18.053587], [80.966192, 18.053259], [80.966568, 18.052334], [80.966725, 18.051948], [80.966796, 18.051802], [80.967468, 18.050424], [80.967569, 18.050218], [80.96766, 18.049908], [80.967849, 18.049081], [80.967941, 18.048677], [80.968184, 18.047913], [80.968304, 18.047534], [80.968881, 18.045897], [80.969032, 18.045417], [80.969039, 18.045058], [80.969368, 18.043973], [80.969368, 18.043802], [80.969367, 18.043363], [80.969324, 18.043117], [80.969207, 18.042996], [80.969018, 18.04286], [80.968874, 18.042797], [80.968795, 18.042701], [80.968731, 18.042655], [80.967316, 18.041644], [80.966982, 18.041388], [80.966484, 18.041047], [80.965778, 18.040433], [80.965072, 18.039248], [80.96501, 18.039135], [80.9649, 18.038935], [80.964879, 18.038896], [80.964671, 18.038624], [80.964476, 18.038217], [80.964432, 18.038139], [80.964306, 18.037952], [80.964174, 18.037758], [80.964174, 18.037651], [80.964174, 18.037432], [80.964175, 18.037429], [80.96418, 18.0374], [80.964175, 18.03736], [80.964198, 18.037151], [80.964207, 18.037136], [80.964207, 18.037055], [80.964339, 18.036929], [80.964362, 18.036904], [80.965028, 18.036206], [80.96506, 18.036194], [80.965537, 18.035524], [80.965559, 18.03549], [80.966226, 18.034423], [80.966268, 18.034371], [80.966609, 18.033832], [80.967271, 18.033168], [80.968468, 18.032144], [80.969338, 18.031331], [80.969394, 18.031266], [80.969813, 18.030058], [80.970134, 18.028955], [80.970668, 18.028055], [80.971288, 18.026706], [80.972552, 18.024397], [80.973038, 18.023189], [80.973529, 18.021596], [80.973871, 18.020164], [80.974276, 18.018734], [80.974703, 18.017527], [80.974981, 18.016525], [80.9753, 18.015484], [80.975955, 18.013386], [80.976047, 18.013092], [80.976849, 18.010423], [80.977063, 18.009809], [80.977308, 18.009106], [80.977605, 18.008012], [80.977904, 18.007031], [80.978352, 18.005518], [80.978885, 18.004291], [80.979334, 18.003127], [80.979482, 18.002643], [80.979487, 18.002624], [80.979645, 18.001972], [80.979696, 18.001215], [80.979963, 18.000459], [80.979974, 18.000405], [80.980046, 17.999952], [80.980061, 17.999863], [80.980101, 17.999457], [80.980186, 17.998517], [80.980314, 17.997557], [80.980416, 17.996331], [80.980441, 17.996023], [80.980591, 17.995022], [80.980759, 17.994419], [80.980854, 17.993762], [80.980893, 17.993216], [80.981038, 17.992366], [80.98108, 17.991507], [80.981221, 17.990737], [80.98129, 17.990153], [80.981335, 17.989709], [80.981392, 17.989231], [80.981489, 17.988421], [80.981531, 17.987439], [80.981541, 17.987197], [80.981696, 17.986394], [80.981889, 17.984828], [80.982057, 17.983127], [80.982068, 17.982982], [80.982152, 17.981936], [80.982329, 17.980754], [80.982377, 17.979397], [80.982377, 17.978497], [80.982419, 17.977719], [80.982504, 17.976454], [80.982611, 17.975853], [80.982708, 17.974882], [80.982777, 17.974306], [80.982786, 17.974168], [80.982832, 17.973374], [80.982985, 17.972341], [80.983211, 17.971554], [80.983237, 17.971421], [80.983419, 17.969872], [80.983518, 17.968874], [80.98376, 17.967716], [80.983909, 17.966734], [80.983917, 17.966406], [80.98393, 17.965862], [80.983999, 17.965047], [80.983972, 17.964527], [80.984057, 17.964017], [80.984284, 17.963685], [80.984408, 17.963502], [80.984469, 17.963067], [80.984511, 17.962815], [80.984569, 17.962381], [80.984739, 17.961217], [80.984859, 17.960548], [80.984927, 17.960082], [80.984983, 17.959729], [80.985059, 17.958967], [80.985205, 17.957848], [80.985449, 17.95639], [80.985577, 17.955155], [80.985676, 17.954217], [80.985961, 17.953321], [80.986, 17.953127], [80.986136, 17.952152], [80.986289, 17.951061], [80.986289, 17.951061], [80.986601, 17.949512], [80.986933, 17.948468], [80.987003, 17.948081], [80.987101, 17.947537], [80.987192, 17.947033], [80.987272, 17.945885], [80.987551, 17.943704], [80.98783, 17.94248], [80.988318, 17.940512], [80.988489, 17.940064], [80.988526, 17.939916], [80.989118, 17.938395], [80.989317, 17.937736], [80.989714, 17.936521], [80.990025, 17.935564], [80.990378, 17.934468], [80.990638, 17.933539], [80.991042, 17.932772], [80.991215, 17.932456], [80.991408, 17.932103], [80.991546, 17.93185], [80.992203, 17.930862], [80.992213, 17.930848], [80.992928, 17.929845], [80.993431, 17.929043], [80.993514, 17.928743], [80.993797, 17.927471], [80.993804, 17.927443], [80.99382, 17.927356], [80.99392, 17.926426], [80.994158, 17.925531], [80.994557, 17.924497], [80.99498, 17.923666], [80.995026, 17.923592], [80.995108, 17.9234], [80.995485, 17.922775], [80.995833, 17.922198], [80.996641, 17.921074], [80.996976, 17.920575], [80.997415, 17.919847], [80.997501, 17.919687], [80.998019, 17.918102], [80.998055, 17.917931], [80.998323, 17.916514], [80.998466, 17.91567], [80.998521, 17.914684], [80.998514, 17.914643], [80.998383, 17.913811], [80.998322, 17.912362], [80.998399, 17.911504], [80.998383, 17.910621], [80.998444, 17.90977], [80.998528, 17.90893], [80.998568, 17.908716], [80.99858, 17.907037], [80.99874, 17.906213], [80.99892, 17.905596], [80.999148, 17.904812], [80.999177, 17.90389], [80.999088, 17.902552], [80.998607, 17.900494], [80.99854, 17.90023], [80.998269, 17.899771], [80.998054, 17.898807], [80.997879, 17.898011], [80.997614, 17.897123], [80.997261, 17.896212], [80.997178, 17.895339], [80.997196, 17.894214], [80.997192, 17.894071], [80.99717, 17.89331], [80.997201, 17.892346], [80.997196, 17.892164], [80.997212, 17.891968], [80.997241, 17.891043], [80.99719, 17.89067], [80.997055, 17.890057], [80.996903, 17.889216], [80.996651, 17.888179], [80.996491, 17.887062], [80.99645, 17.886494], [80.996341, 17.885937], [80.996204, 17.885364], [80.996054, 17.884964], [80.995859, 17.884447], [80.995233, 17.883475], [80.994759, 17.882596], [80.994516, 17.881967], [80.9945, 17.881937], [80.994479, 17.881869], [80.994431, 17.881744], [80.994051, 17.880604], [80.99427, 17.878978], [80.994449, 17.878021], [80.994538, 17.877647], [80.994593, 17.877319], [80.994685, 17.877028], [80.994807, 17.876511], [80.995007, 17.876004], [80.995484, 17.874484], [80.995706, 17.873623], [80.99598, 17.872384], [80.995993, 17.872346], [80.996211, 17.871719], [80.996258, 17.871535], [80.996355, 17.870632], [80.996246, 17.870324], [80.99602, 17.869682], [80.99591, 17.869369], [80.995576, 17.868689], [80.995573, 17.868626], [80.995431, 17.868348], [80.995358, 17.867654], [80.995553, 17.866749], [80.995621, 17.865827], [80.99558, 17.864903], [80.99558, 17.863986], [80.995599, 17.862895], [80.995684, 17.862288], [80.995704, 17.861858], [80.995606, 17.860938], [80.995546, 17.860006], [80.995553, 17.85911], [80.995669, 17.85849], [80.995671, 17.858429], [80.995698, 17.858333], [80.99572, 17.858215], [80.995758, 17.858122], [80.995925, 17.857539], [80.995873, 17.856846], [80.995935, 17.855444], [80.99598, 17.85426], [80.996001, 17.853958], [80.996047, 17.853338], [80.996049, 17.853308], [80.996112, 17.852364], [80.99632, 17.851719], [80.996416, 17.851026], [80.996494, 17.850391], [80.996484, 17.849804], [80.996409, 17.848271], [80.996582, 17.847664], [80.996817, 17.846933], [80.996949, 17.846501], [80.997172, 17.845767], [80.997187, 17.845715], [80.997316, 17.845303], [80.997401, 17.844757], [80.997437, 17.84452], [80.997945, 17.842922], [80.998186, 17.842427], [80.998311, 17.841795], [80.998562, 17.841511], [80.998895, 17.841026], [80.998956, 17.840935], [80.999746, 17.839585], [80.999969, 17.839172], [81.000217, 17.838711], [81.000279, 17.838596], [81.000326, 17.838508], [81.000824, 17.836937], [81.001202, 17.835646], [81.001629, 17.834187], [81.002139, 17.833015], [81.002344, 17.832542], [81.002721, 17.831678], [81.003012, 17.830681], [81.003173, 17.829865], [81.00321, 17.829305], [81.003254, 17.828665], [81.003213, 17.827988], [81.003208, 17.827907], [81.00319, 17.827608], [81.003171, 17.827459], [81.003145, 17.827151], [81.002881, 17.825662], [81.002874, 17.825224], [81.00283, 17.824763], [81.002865, 17.824633], [81.002865, 17.824617], [81.002976, 17.824158], [81.003078, 17.823793], [81.003095, 17.823735], [81.003275, 17.821431], [81.003449, 17.820416], [81.003489, 17.819539], [81.003505, 17.819338], [81.003513, 17.819179], [81.00352, 17.819089], [81.003562, 17.818593], [81.003581, 17.818362], [81.003685, 17.817677], [81.00399, 17.816724], [81.004147, 17.816083], [81.004182, 17.815714], [81.004307, 17.814405], [81.004342, 17.814172], [81.004382, 17.813523], [81.004547, 17.812813], [81.004579, 17.812596], [81.004965, 17.81061], [81.005302, 17.809069], [81.005308, 17.809035], [81.005359, 17.808269], [81.005442, 17.808007], [81.005656, 17.807327], [81.005755, 17.807008], [81.005794, 17.80688], [81.006015, 17.806165], [81.006616, 17.805145], [81.006766, 17.804793], [81.007264, 17.803591], [81.007525, 17.802809], [81.007721, 17.802097], [81.007927, 17.801122], [81.007989, 17.800509], [81.008037, 17.799102], [81.008038, 17.799084], [81.008083, 17.798108], [81.008093, 17.798081], [81.008267, 17.797613], [81.008269, 17.797611], [81.008439, 17.797239], [81.009598, 17.796576], [81.009745, 17.796468], [81.010434, 17.79596], [81.010563, 17.795857], [81.01089, 17.795593], [81.011387, 17.795115], [81.01212, 17.794513], [81.013179, 17.793763], [81.014059, 17.793189], [81.014897, 17.792633], [81.015556, 17.792173], [81.016225, 17.791791], [81.016251, 17.791776], [81.016665, 17.791511], [81.01673, 17.791477], [81.016932, 17.791333], [81.017308, 17.791067], [81.017779, 17.79086], [81.018233, 17.79066], [81.018456, 17.790572], [81.018712, 17.790437], [81.018731, 17.790432], [81.019047, 17.790338], [81.019152, 17.790296], [81.019381, 17.790233], [81.019538, 17.79019], [81.02037, 17.789942], [81.021159, 17.789727], [81.021724, 17.789573], [81.022424, 17.78933], [81.023782, 17.788946], [81.024044, 17.788892], [81.024672, 17.788752], [81.025228, 17.788628], [81.0259, 17.788595], [81.027078, 17.788501], [81.028017, 17.788367], [81.028897, 17.78829], [81.029882, 17.788186], [81.029995, 17.788174], [81.031168, 17.788098], [81.031208, 17.788092], [81.031585, 17.78803], [81.031604, 17.788027], [81.033226, 17.787135], [81.034705, 17.785919], [81.035617, 17.785459], [81.035956, 17.785231], [81.036546, 17.7848], [81.037422, 17.784292], [81.038185, 17.78392], [81.039307, 17.783487], [81.040482, 17.783148], [81.040823, 17.783087], [81.041597, 17.782811], [81.042305, 17.782579], [81.043115, 17.782354], [81.043415, 17.78227], [81.043647, 17.782223], [81.043836, 17.782134], [81.044377, 17.782071], [81.044687, 17.782007], [81.046118, 17.781851], [81.046633, 17.781821], [81.046939, 17.781793], [81.047075, 17.78178], [81.047164, 17.781793], [81.047518, 17.781772], [81.048636, 17.781995], [81.049165, 17.782076], [81.050441, 17.782337], [81.052128, 17.782696], [81.053372, 17.782876], [81.05363, 17.782908], [81.053687, 17.782915], [81.053739, 17.782922], [81.054287, 17.782963], [81.054768, 17.783], [81.055277, 17.783039], [81.056916, 17.783267], [81.058423, 17.783533], [81.058974, 17.783599], [81.059387, 17.783649], [81.060057, 17.783703], [81.060823, 17.783903], [81.062303, 17.784289], [81.062771, 17.784326], [81.063367, 17.784357], [81.063595, 17.784354], [81.064458, 17.784268], [81.065388, 17.784306], [81.065743, 17.784364], [81.066823, 17.784431], [81.067305, 17.7846], [81.068195, 17.785041], [81.068647, 17.785233], [81.069784, 17.785612], [81.070766, 17.785717], [81.071941, 17.785809], [81.071964, 17.785814], [81.072004, 17.785811], [81.072196, 17.785865], [81.072208, 17.785869], [81.072762, 17.785994], [81.072893, 17.786062], [81.073286, 17.786174], [81.073923, 17.786782], [81.074213, 17.787023], [81.074359, 17.787175], [81.074932, 17.787773], [81.075726, 17.788409], [81.077065, 17.789268], [81.077485, 17.789994], [81.078006, 17.791025], [81.078646, 17.791886], [81.079395, 17.792586], [81.079797, 17.792906], [81.080731, 17.793598], [81.08177, 17.794383], [81.08189, 17.794474], [81.082231, 17.794734], [81.082932, 17.795266], [81.08301, 17.795319], [81.08377, 17.795854], [81.084629, 17.796599], [81.084996, 17.797107], [81.0852, 17.797343], [81.085487, 17.797761], [81.08599, 17.798414], [81.086303, 17.799004], [81.086456, 17.799189], [81.086636, 17.799348], [81.08752, 17.799743], [81.087857, 17.799833], [81.088469, 17.800094], [81.089047, 17.800508], [81.089239, 17.800753], [81.089676, 17.801309], [81.090068, 17.801813], [81.09049, 17.802303], [81.09107, 17.803163], [81.091294, 17.803743], [81.091343, 17.803846], [81.091633, 17.804456], [81.091735, 17.804676], [81.09177, 17.80475], [81.092112, 17.805361], [81.092552, 17.80624], [81.092873, 17.80712], [81.093168, 17.807819], [81.093294, 17.808103], [81.093809, 17.808934], [81.09439, 17.809502], [81.095418, 17.81034], [81.095893, 17.810727], [81.096839, 17.81148], [81.09744, 17.811957], [81.098126, 17.81248], [81.098137, 17.812489], [81.099034, 17.813172], [81.099474, 17.813492], [81.100886, 17.814524], [81.100894, 17.814529], [81.101521, 17.815029], [81.102351, 17.815692], [81.102613, 17.815813], [81.103394, 17.816112], [81.103723, 17.816266], [81.104687, 17.816595], [81.104771, 17.816637], [81.1052, 17.816845], [81.105944, 17.817205], [81.106133, 17.817281], [81.106933, 17.817644], [81.107448, 17.817968], [81.108321, 17.818447], [81.109592, 17.81923], [81.109993, 17.819469], [81.110513, 17.819779], [81.110712, 17.819895], [81.110776, 17.819937], [81.111316, 17.820259], [81.111458, 17.820339], [81.112547, 17.820951], [81.112572, 17.820963], [81.11277, 17.821048], [81.114279, 17.821532], [81.115642, 17.821782], [81.116641, 17.821965], [81.118701, 17.822548], [81.120666, 17.823175], [81.121762, 17.8234], [81.122192, 17.823488], [81.122567, 17.82355], [81.122921, 17.823725], [81.123079, 17.823787], [81.123225, 17.823875], [81.123543, 17.824032], [81.123888, 17.824274], [81.124353, 17.824554], [81.124533, 17.824677], [81.12501, 17.825003], [81.12586, 17.82539], [81.126103, 17.8255], [81.127343, 17.826321], [81.127846, 17.826737], [81.128245, 17.827026], [81.1286, 17.827281], [81.130552, 17.828741], [81.130984, 17.829064], [81.131218, 17.829278], [81.131324, 17.829355], [81.131748, 17.829767], [81.131872, 17.82988], [81.131908, 17.829913], [81.132338, 17.830309], [81.133143, 17.830999], [81.133781, 17.83174], [81.134361, 17.832411], [81.13458, 17.832711], [81.134585, 17.832716], [81.135287, 17.833653], [81.135837, 17.834282], [81.136079, 17.834559], [81.136466, 17.83519], [81.136589, 17.835349], [81.137019, 17.835907], [81.13736, 17.836348], [81.137802, 17.836897], [81.138101, 17.837233], [81.139021, 17.838188], [81.13945, 17.838559], [81.139487, 17.838591], [81.140358, 17.839361], [81.140504, 17.839531], [81.140602, 17.83962], [81.140877, 17.839967], [81.14117, 17.840309], [81.141748, 17.840804], [81.142177, 17.841152], [81.142202, 17.841172], [81.142224, 17.841188], [81.143071, 17.84177], [81.143157, 17.841833], [81.143207, 17.84187], [81.143714, 17.842246], [81.144506, 17.842829], [81.146068, 17.843875], [81.146665, 17.844232], [81.14727, 17.844568], [81.147884, 17.844908], [81.148599, 17.845328], [81.149384, 17.845722], [81.149732, 17.845892], [81.150573, 17.846348], [81.150767, 17.84646], [81.151175, 17.846682], [81.151495, 17.846861], [81.151992, 17.847111], [81.152007, 17.847121], [81.152473, 17.847409], [81.152505, 17.847427], [81.154003, 17.848273], [81.155404, 17.848977], [81.15553, 17.849053], [81.156004, 17.849334], [81.156724, 17.84976], [81.157393, 17.85021], [81.158053, 17.850602], [81.15835, 17.850854], [81.158368, 17.850865], [81.159463, 17.851618], [81.160026, 17.852223], [81.160092, 17.852294], [81.160812, 17.853057], [81.161375, 17.853561], [81.162096, 17.854325], [81.162624, 17.854793], [81.162886, 17.855026], [81.162889, 17.855028], [81.162956, 17.855087], [81.163957, 17.855928], [81.164276, 17.85619], [81.165065, 17.856759], [81.165158, 17.856818], [81.165307, 17.856845], [81.165661, 17.856908], [81.166031, 17.856907], [81.166576, 17.856326], [81.167115, 17.855655], [81.167287, 17.855556], [81.167413, 17.855416], [81.167976, 17.855077], [81.168459, 17.854891], [81.169004, 17.854815], [81.169212, 17.854785], [81.169227, 17.854783], [81.169474, 17.854737], [81.170048, 17.85463], [81.170466, 17.854514], [81.171984, 17.854078], [81.172758, 17.853881], [81.173153, 17.853759], [81.174424, 17.853342], [81.175427, 17.853077], [81.176065, 17.852908], [81.176687, 17.852714], [81.177257, 17.852536], [81.177293, 17.852526], [81.177909, 17.852361], [81.178937, 17.852039], [81.179876, 17.851847], [81.180715, 17.851578], [81.181011, 17.851458], [81.181388, 17.851294], [81.18163, 17.851179], [81.182248, 17.850794], [81.182986, 17.850526], [81.183977, 17.850011], [81.184197, 17.84995], [81.185474, 17.849593], [81.185649, 17.84956], [81.186732, 17.849358], [81.186919, 17.849313], [81.188298, 17.849005], [81.190216, 17.8486], [81.191442, 17.848423], [81.191528, 17.848411], [81.191604, 17.848397], [81.191789, 17.848376], [81.191916, 17.848362], [81.192496, 17.848289], [81.193304, 17.848168], [81.19407, 17.848095], [81.194248, 17.848071], [81.19567, 17.847558], [81.19655, 17.847231], [81.197368, 17.847039], [81.198272, 17.846668], [81.199525, 17.846109], [81.199538, 17.846103], [81.200194, 17.84555], [81.200364, 17.845339], [81.200744, 17.844867], [81.200936, 17.844712], [81.201431, 17.844313], [81.202231, 17.84374], [81.20263, 17.843401], [81.202751, 17.843298], [81.2035, 17.842613], [81.203947, 17.842224], [81.204247, 17.841918], [81.205158, 17.841339], [81.205381, 17.841193], [81.206329, 17.840469], [81.207198, 17.839727], [81.207328, 17.839627], [81.207561, 17.839388], [81.20792, 17.839176], [81.207985, 17.839126], [81.208164, 17.839032], [81.208344, 17.838925], [81.208436, 17.838888], [81.20866, 17.83877], [81.209559, 17.838413], [81.209567, 17.838409], [81.209594, 17.838399], [81.21001, 17.838043], [81.210019, 17.838033], [81.210335, 17.83768], [81.21117, 17.837151], [81.211334, 17.837047], [81.211886, 17.836642], [81.212304, 17.836336], [81.212402, 17.836275], [81.212806, 17.836028], [81.213465, 17.835524], [81.213693, 17.835337], [81.214269, 17.834745], [81.214272, 17.834743], [81.21505, 17.834206], [81.216148, 17.833611], [81.216218, 17.83359], [81.216348, 17.833553], [81.21698, 17.83331], [81.217913, 17.83297], [81.219097, 17.832771], [81.21912, 17.832766], [81.220182, 17.83261], [81.220809, 17.832455], [81.221294, 17.832306], [81.221919, 17.832114], [81.221932, 17.832109], [81.222299, 17.831967], [81.222997, 17.831697], [81.225087, 17.831015], [81.225196, 17.830979], [81.226011, 17.830693], [81.226032, 17.830686], [81.226037, 17.830684], [81.226965, 17.830359], [81.227271, 17.830321], [81.227389, 17.830306], [81.228007, 17.830229], [81.228092, 17.830218], [81.228329, 17.830191], [81.228768, 17.83014], [81.229218, 17.830077], [81.229539, 17.829954], [81.229974, 17.829646], [81.230002, 17.829622], [81.231132, 17.828657], [81.231655, 17.828282], [81.231693, 17.828256], [81.23357, 17.827229], [81.233987, 17.827026], [81.234359, 17.826846], [81.234366, 17.826843], [81.23448, 17.826788], [81.234765, 17.82665], [81.235131, 17.826472], [81.23653, 17.825991], [81.237609, 17.825801], [81.237769, 17.825773], [81.238201, 17.825765], [81.23834, 17.825744], [81.238405, 17.825738], [81.23905, 17.825714], [81.239367, 17.825713], [81.239395, 17.825708], [81.239609, 17.825584], [81.239662, 17.825483], [81.239706, 17.825398], [81.239804, 17.825209], [81.239836, 17.8248], [81.239927, 17.824271], [81.240609, 17.82344], [81.24081, 17.822941], [81.241456, 17.822352], [81.241468, 17.822337], [81.241507, 17.822307], [81.242047, 17.821814], [81.242287, 17.821686], [81.242429, 17.821573], [81.242847, 17.821387], [81.243206, 17.821196], [81.244267, 17.82084], [81.244593, 17.820712], [81.24523, 17.820351], [81.245349, 17.820199], [81.245687, 17.819533], [81.245752, 17.819382], [81.245905, 17.818911], [81.246214, 17.81847], [81.246441, 17.818266], [81.246802, 17.817848], [81.247512, 17.817122], [81.248016, 17.816699], [81.248179, 17.816563], [81.249016, 17.81572], [81.249856, 17.815317], [81.250954, 17.814835], [81.252075, 17.814215], [81.253388, 17.813669], [81.254693, 17.813195], [81.255604, 17.813008], [81.255672, 17.812993], [81.255813, 17.812965], [81.256948, 17.812777], [81.257847, 17.812508], [81.258585, 17.812184], [81.258725, 17.812122], [81.259705, 17.811729], [81.26066, 17.811168], [81.261491, 17.810726], [81.262398, 17.81035], [81.263497, 17.80978], [81.26372, 17.809692], [81.265076, 17.809155], [81.265482, 17.809049], [81.266422, 17.808803], [81.266458, 17.808793], [81.267817, 17.80867], [81.269119, 17.808626], [81.269266, 17.808621], [81.27012, 17.808596], [81.271567, 17.808462], [81.272898, 17.808447], [81.273425, 17.80844], [81.273487, 17.808447], [81.274333, 17.808536], [81.275209, 17.808662], [81.275562, 17.808681], [81.276579, 17.808737], [81.278058, 17.80862], [81.279256, 17.808406], [81.280854, 17.808077], [81.281082, 17.808085], [81.2814, 17.808096], [81.282073, 17.80812], [81.282413, 17.808132], [81.283711, 17.808282], [81.285191, 17.80847], [81.28615, 17.808621], [81.288148, 17.808712], [81.289068, 17.808749], [81.289739, 17.808768], [81.290241, 17.808783], [81.290463, 17.80879], [81.291968, 17.808663], [81.292181, 17.808645], [81.29324, 17.808739], [81.293828, 17.808726], [81.294081, 17.808721], [81.294259, 17.808717], [81.294576, 17.808701], [81.295204, 17.808669], [81.295438, 17.808657], [81.296124, 17.808603], [81.296677, 17.80856], [81.297927, 17.808294], [81.298594, 17.808152], [81.299024, 17.808128], [81.299827, 17.808083], [81.299986, 17.808074], [81.299986, 17.808075], [81.300372, 17.808053], [81.30102, 17.808013], [81.30102, 17.808013], [81.301651, 17.807975], [81.303129, 17.807894], [81.304428, 17.807968], [81.305149, 17.807995], [81.305306, 17.808001], [81.305306, 17.808001], [81.305542, 17.80801], [81.305553, 17.80801], [81.305663, 17.808015], [81.305848, 17.808022], [81.306029, 17.80806], [81.306029, 17.80806], [81.3063, 17.808117], [81.30663, 17.808187], [81.307187, 17.808305], [81.3087, 17.808801], [81.30955, 17.809123], [81.310351, 17.809541], [81.311331, 17.809941], [81.312251, 17.810397], [81.313531, 17.810857], [81.314423, 17.811227], [81.315286, 17.811483], [81.316154, 17.811726], [81.317613, 17.811911], [81.318608, 17.811988], [81.319728, 17.81212], [81.320477, 17.812417], [81.321245, 17.812721], [81.322131, 17.812851], [81.322904, 17.81299], [81.323343, 17.813069], [81.325159, 17.813252], [81.326021, 17.813272], [81.32688, 17.813289], [81.32788, 17.81323], [81.328105, 17.813205], [81.328161, 17.813199], [81.328958, 17.813111], [81.330035, 17.812741], [81.331175, 17.812341], [81.332233, 17.812177], [81.332794, 17.811998], [81.333471, 17.811781], [81.33455, 17.811549], [81.335827, 17.811316], [81.337299, 17.811007], [81.338616, 17.810736], [81.339715, 17.810618], [81.340853, 17.810309], [81.342152, 17.810096], [81.34355, 17.809806], [81.344489, 17.809727], [81.345388, 17.80961], [81.34555, 17.809623], [81.346503, 17.8097], [81.346827, 17.809874], [81.348069, 17.81098], [81.34845, 17.811377], [81.348708, 17.811459], [81.349136, 17.811458], [81.349168, 17.811458], [81.349316, 17.811457], [81.349435, 17.811456], [81.350327, 17.811222], [81.351646, 17.811029], [81.352465, 17.811256], [81.353058, 17.811405], [81.353991, 17.811638], [81.35404, 17.81165], [81.354884, 17.81125], [81.35555, 17.8107], [81.357005, 17.809568], [81.357982, 17.809049], [81.359261, 17.808682], [81.36018, 17.808432], [81.361118, 17.808123], [81.362296, 17.807872], [81.363116, 17.80785], [81.364434, 17.807656], [81.364926, 17.807639], [81.365613, 17.807615], [81.366318, 17.807472], [81.36705, 17.807323], [81.368229, 17.807168], [81.369387, 17.806897], [81.369738, 17.806801], [81.370585, 17.806569], [81.371823, 17.806031], [81.373077, 17.805419], [81.374673, 17.804801], [81.37595, 17.804282], [81.377229, 17.803762], [81.378426, 17.803128], [81.379902, 17.802398], [81.380792, 17.801542], [81.38088, 17.801458], [81.381617, 17.800786], [81.382513, 17.799865], [81.382999, 17.799282], [81.383065, 17.799181], [81.383308, 17.798812], [81.383508, 17.798314], [81.38373, 17.798186], [81.383907, 17.798084], [81.384648, 17.798195], [81.385187, 17.798175], [81.385553, 17.79741], [81.385789, 17.796223], [81.38596, 17.795834], [81.385973, 17.795806], [81.386055, 17.79562], [81.386187, 17.795322], [81.386441, 17.794848], [81.386463, 17.794833], [81.3865, 17.794758], [81.386502, 17.794734], [81.386528, 17.794433], [81.386694, 17.79438], [81.386724, 17.794368], [81.387085, 17.794305], [81.387347, 17.794305], [81.387646, 17.794176], [81.387961, 17.794151], [81.38937, 17.793929], [81.390238, 17.793744], [81.391036, 17.793608], [81.391139, 17.793602], [81.391375, 17.79359], [81.392635, 17.793526], [81.392644, 17.793767], [81.392645, 17.793795], [81.392678, 17.794678], [81.392643, 17.796648], [81.393017, 17.79788], [81.39309, 17.799229], [81.393015, 17.800294], [81.39301, 17.8006], [81.392979, 17.802824], [81.392983, 17.804394], [81.393154, 17.806276], [81.393157, 17.806426], [81.393183, 17.806698], [81.393166, 17.806937], [81.393177, 17.807742], [81.392797, 17.80931], [81.392584, 17.810521], [81.392507, 17.811788], [81.392483, 17.81246], [81.391914, 17.814747], [81.392552, 17.815448], [81.392798, 17.815719], [81.392894, 17.815825], [81.394024, 17.81737], [81.394076, 17.817429], [81.394298, 17.817684], [81.395932, 17.819132], [81.39659, 17.819465], [81.397172, 17.819759], [81.398653, 17.8201], [81.399812, 17.820173], [81.40155, 17.820302], [81.40293, 17.819974], [81.404246, 17.819339], [81.405577, 17.819397], [81.406923, 17.818833], [81.407517, 17.818407], [81.408099, 17.817989], [81.409108, 17.818024], [81.409118, 17.818024], [81.410456, 17.817772], [81.411234, 17.817025], [81.41201, 17.815855], [81.412637, 17.814918], [81.412666, 17.814858], [81.413019, 17.814292], [81.413263, 17.813862], [81.413603, 17.813278], [81.41372, 17.813077], [81.414278, 17.812655], [81.414977, 17.81248], [81.415506, 17.812656], [81.415999, 17.812821], [81.417318, 17.813564], [81.4182, 17.814423], [81.418829, 17.815066], [81.418931, 17.815212], [81.419027, 17.815348], [81.419432, 17.815926], [81.419688, 17.816226], [81.420213, 17.816841], [81.420895, 17.817682], [81.421557, 17.818405], [81.422778, 17.81934], [81.423319, 17.819835], [81.423935, 17.820076], [81.424439, 17.820273], [81.4259, 17.821091], [81.426451, 17.821842], [81.426502, 17.821912], [81.426611, 17.822136], [81.42663, 17.822161], [81.426964, 17.822833], [81.427, 17.82297], [81.427226, 17.823639], [81.42769, 17.824804], [81.428072, 17.82597], [81.428535, 17.826675], [81.429096, 17.827496], [81.429698, 17.828355], [81.430139, 17.828891], [81.43084, 17.829462], [81.431561, 17.830071], [81.431998, 17.830207], [81.433022, 17.830526], [81.434022, 17.83104], [81.434146, 17.831073], [81.434212, 17.831091], [81.435002, 17.831304], [81.436046, 17.831187], [81.436053, 17.831186], [81.436579, 17.830974], [81.437246, 17.830298], [81.437278, 17.830265], [81.437906, 17.829211], [81.438563, 17.828005], [81.439177, 17.826663], [81.439914, 17.825628], [81.440551, 17.8249], [81.440629, 17.824855], [81.441589, 17.824304], [81.442168, 17.824253], [81.442948, 17.824185], [81.44327, 17.824196], [81.444605, 17.824238], [81.445827, 17.824693], [81.446867, 17.825112], [81.448088, 17.825624], [81.448783, 17.825997], [81.448867, 17.826042], [81.449726, 17.826467], [81.450155, 17.826697], [81.451034, 17.827081], [81.451261, 17.827163], [81.45282, 17.827388], [81.45404, 17.827653], [81.4552, 17.827745], [81.456339, 17.828085], [81.457539, 17.828331], [81.457986, 17.828358], [81.459, 17.828421], [81.459624, 17.828573], [81.460399, 17.828762], [81.4614, 17.829294], [81.46226, 17.829751], [81.463062, 17.830207], [81.463091, 17.830226], [81.464123, 17.830892], [81.464988, 17.831843], [81.46573, 17.83249], [81.466431, 17.833177], [81.467714, 17.834148], [81.468625, 17.834961], [81.468674, 17.834998], [81.469636, 17.83552], [81.46987, 17.835479], [81.47006, 17.835445], [81.470294, 17.835402], [81.470953, 17.835152], [81.471614, 17.835188], [81.471717, 17.835245], [81.471774, 17.83525], [81.472026, 17.835338], [81.472223, 17.835516], [81.472355, 17.835587], [81.473056, 17.836216], [81.473677, 17.836884], [81.474438, 17.837112], [81.475243, 17.836898], [81.475535, 17.83682], [81.476293, 17.836263], [81.476812, 17.835631], [81.477707, 17.834312], [81.478272, 17.833311], [81.4787, 17.83265], [81.478901, 17.832208], [81.479975, 17.830199], [81.480607, 17.828581], [81.480891, 17.827827], [81.480897, 17.827811], [81.481089, 17.827133], [81.481219, 17.826303], [81.48122, 17.826228], [81.481225, 17.82518], [81.481199, 17.82485], [81.481192, 17.824826], [81.481124, 17.824356], [81.481134, 17.824019], [81.481111, 17.823721], [81.481409, 17.822852], [81.481782, 17.822433], [81.482085, 17.822092], [81.48309, 17.821608], [81.483185, 17.821552], [81.48401, 17.821006], [81.484635, 17.820558], [81.485332, 17.819848], [81.485669, 17.818948], [81.485881, 17.817994], [81.485902, 17.817509], [81.486089, 17.815759], [81.486094, 17.81571], [81.486108, 17.815579], [81.486124, 17.815226], [81.486107, 17.814835], [81.486094, 17.814532], [81.486171, 17.813723], [81.486191, 17.813499], [81.486769, 17.813019], [81.487746, 17.812423], [81.489024, 17.811979], [81.490043, 17.811842], [81.491189, 17.811761], [81.492088, 17.811662], [81.493507, 17.811525], [81.494526, 17.811541], [81.495509, 17.811709], [81.495829, 17.811848], [81.496251, 17.81203], [81.496418, 17.812102], [81.496753, 17.812247], [81.497578, 17.812603], [81.498371, 17.813039], [81.499472, 17.813438], [81.499803, 17.813635], [81.500492, 17.814046], [81.501353, 17.814865], [81.502271, 17.815155], [81.503194, 17.815226], [81.504216, 17.815467], [81.505033, 17.815562], [81.505893, 17.815635], [81.50713, 17.815565], [81.508502, 17.815512], [81.509381, 17.815509], [81.510261, 17.815545], [81.511241, 17.815637], [81.512319, 17.81566], [81.513838, 17.815744], [81.514843, 17.815729], [81.515331, 17.815723], [81.515695, 17.815698], [81.516577, 17.815715], [81.516674, 17.815715], [81.517055, 17.815714], [81.517216, 17.815726], [81.517289, 17.815728], [81.517778, 17.815673], [81.51814, 17.815689], [81.518774, 17.815772], [81.519174, 17.815856], [81.519298, 17.81589], [81.519401, 17.815898], [81.521236, 17.816395], [81.521475, 17.81646], [81.522434, 17.81684], [81.52359, 17.817542], [81.525178, 17.818628], [81.525222, 17.818665], [81.525741, 17.819104], [81.526397, 17.819657], [81.527178, 17.8204], [81.527833, 17.820941], [81.528756, 17.821577], [81.528992, 17.82173], [81.529627, 17.822057], [81.530353, 17.822348], [81.531182, 17.822493], [81.531424, 17.822491], [81.532075, 17.822461], [81.533114, 17.822287], [81.533776, 17.822176], [81.534811, 17.821867], [81.535477, 17.821667], [81.535672, 17.821605], [81.536195, 17.821385], [81.536543, 17.821333], [81.536655, 17.821297], [81.538168, 17.82112], [81.538567, 17.821152], [81.538634, 17.821169], [81.538791, 17.821164], [81.539296, 17.82133], [81.539545, 17.821391], [81.539596, 17.821428], [81.539771, 17.821485], [81.539831, 17.821519], [81.540794, 17.822056], [81.541136, 17.822229], [81.541143, 17.822233], [81.542486, 17.822867], [81.543155, 17.823165], [81.544095, 17.823517], [81.544103, 17.823519], [81.545178, 17.8238], [81.545256, 17.82382], [81.545864, 17.823934], [81.54673, 17.824044], [81.548017, 17.824245], [81.549524, 17.8244], [81.549933, 17.824436], [81.551144, 17.824568], [81.552776, 17.824593], [81.554624, 17.824601], [81.555158, 17.82461], [81.555226, 17.824608], [81.556205, 17.824624], [81.556414, 17.824654], [81.557668, 17.824794], [81.559082, 17.824945], [81.560985, 17.825084], [81.561818, 17.825145], [81.561994, 17.825158], [81.563517, 17.825169], [81.564205, 17.825268], [81.564768, 17.825595], [81.565005, 17.825819], [81.565221, 17.825953], [81.565804, 17.826769], [81.565919, 17.826973], [81.566468, 17.827954], [81.567173, 17.829079], [81.567796, 17.830569], [81.568199, 17.831414], [81.568366, 17.831914], [81.568498, 17.832209], [81.569104, 17.83294], [81.569333, 17.833215], [81.569706, 17.833665], [81.569946, 17.833974], [81.570368, 17.834431], [81.570641, 17.834863], [81.571133, 17.835206], [81.571696, 17.835516], [81.572811, 17.836127], [81.573156, 17.836281], [81.574298, 17.836536], [81.5749, 17.836645], [81.57495, 17.836655], [81.57593, 17.836736], [81.577578, 17.836729], [81.579046, 17.836618], [81.580169, 17.836492], [81.580892, 17.836297], [81.581797, 17.836016], [81.582268, 17.835893], [81.583299, 17.835697], [81.583423, 17.835663], [81.585326, 17.835132], [81.586177, 17.835024], [81.586449, 17.83496], [81.586774, 17.834882], [81.587733, 17.834531], [81.588277, 17.834286], [81.589, 17.834006], [81.589706, 17.833933], [81.59092, 17.833876], [81.591445, 17.833891], [81.591602, 17.83389], [81.591807, 17.833889], [81.592169, 17.83387], [81.592477, 17.833869], [81.59275, 17.83385], [81.593239, 17.833761], [81.593673, 17.833673], [81.594089, 17.833601], [81.594266, 17.83358], [81.595117, 17.833072], [81.595564, 17.832818], [81.595734, 17.83271], [81.596284, 17.832356], [81.596605, 17.832128], [81.596777, 17.832036], [81.598981, 17.830502], [81.600355, 17.829612], [81.602055, 17.828704], [81.603211, 17.827988], [81.604647, 17.827045], [81.604674, 17.827028], [81.605476, 17.826442], [81.605848, 17.826172], [81.606643, 17.825683], [81.607153, 17.825347], [81.607835, 17.824898], [81.609242, 17.824377], [81.610761, 17.823643], [81.611505, 17.823245], [81.611583, 17.823199], [81.611937, 17.823008], [81.61248, 17.822718], [81.612597, 17.822675], [81.613599, 17.82226], [81.613978, 17.822164], [81.614203, 17.822074], [81.614915, 17.82179], [81.614972, 17.821778], [81.615065, 17.821733], [81.615554, 17.821558], [81.615732, 17.821512], [81.615737, 17.821512], [81.615965, 17.821514], [81.61666, 17.821521], [81.617095, 17.821692], [81.617112, 17.821699], [81.617549, 17.821896], [81.61804, 17.822258], [81.61805, 17.822271], [81.618123, 17.82231], [81.618383, 17.822702], [81.618787, 17.823225], [81.619043, 17.823847], [81.619446, 17.825006], [81.619924, 17.82651], [81.620377, 17.828637], [81.620538, 17.829217], [81.620707, 17.830089], [81.620743, 17.830239], [81.620943, 17.830916], [81.621403, 17.831986], [81.621677, 17.832262], [81.622203, 17.832676], [81.622494, 17.8329], [81.623113, 17.833278], [81.623511, 17.833397], [81.623927, 17.833413], [81.625032, 17.833286], [81.626534, 17.832811], [81.627999, 17.832094], [81.628777, 17.831709], [81.629102, 17.831533], [81.629446, 17.831445], [81.630276, 17.831534], [81.630985, 17.831981], [81.632003, 17.832548], [81.632329, 17.832772], [81.633111, 17.833583], [81.634258, 17.834824], [81.634676, 17.83515], [81.635476, 17.835822], [81.635857, 17.835993], [81.63633, 17.836406], [81.637093, 17.836939], [81.637856, 17.837369], [81.639226, 17.838048], [81.639819, 17.838405], [81.639825, 17.838409], [81.64005, 17.838649], [81.640263, 17.838874], [81.64059, 17.83915], [81.641555, 17.840272], [81.642174, 17.841082], [81.64252, 17.841601], [81.643449, 17.842895], [81.643589, 17.843138], [81.643804, 17.843404], [81.643975, 17.843789], [81.644016, 17.843881], [81.64415, 17.844116], [81.644772, 17.845378], [81.644859, 17.845615], [81.645267, 17.846727], [81.64554, 17.847211], [81.645778, 17.847641], [81.646059, 17.847908], [81.646159, 17.848004], [81.646167, 17.848012], [81.647178, 17.849019], [81.648362, 17.850522], [81.64922, 17.851308], [81.650059, 17.852482], [81.65016, 17.852647], [81.650325, 17.852868], [81.650429, 17.85308], [81.650442, 17.853106], [81.650843, 17.85376], [81.651845, 17.855037], [81.65234, 17.856402], [81.65271, 17.857572], [81.65282, 17.857916], [81.653204, 17.85904], [81.653829, 17.860665], [81.654142, 17.861842], [81.654307, 17.862499], [81.654329, 17.863629], [81.654334, 17.863721], [81.654312, 17.863822], [81.65431, 17.86384], [81.654173, 17.864955], [81.654014, 17.865978], [81.653998, 17.86629], [81.653981, 17.866619], [81.654, 17.866913], [81.654019, 17.867294], [81.654166, 17.867813], [81.654258, 17.86809], [81.654538, 17.868607], [81.654678, 17.868866], [81.654952, 17.869177], [81.655643, 17.87004], [81.656026, 17.870418], [81.656771, 17.871212], [81.656937, 17.871524], [81.657853, 17.872761], [81.658109, 17.873193], [81.658529, 17.874005], [81.65937, 17.875594], [81.659899, 17.876493], [81.660173, 17.876976], [81.660885, 17.878202], [81.661432, 17.879308], [81.661988, 17.880393], [81.662152, 17.880687], [81.66288, 17.881393], [81.663208, 17.881564], [81.663698, 17.881805], [81.664134, 17.882027], [81.664443, 17.882181], [81.664715, 17.882318], [81.665132, 17.88249], [81.666022, 17.882832], [81.666985, 17.883329], [81.667384, 17.883553], [81.667747, 17.883724], [81.668221, 17.88412], [81.668566, 17.884447], [81.669421, 17.885153], [81.669712, 17.885429], [81.669897, 17.885604], [81.669948, 17.885652], [81.670239, 17.885823], [81.670548, 17.886082], [81.670712, 17.886203], [81.670985, 17.886357], [81.671367, 17.886546], [81.67202, 17.88675], [81.672329, 17.88687], [81.672709, 17.887006], [81.673689, 17.887278], [81.674106, 17.887381], [81.674594, 17.887451], [81.675155, 17.887345], [81.675988, 17.887046], [81.676874, 17.88673], [81.677364, 17.886589], [81.67825, 17.886308], [81.679553, 17.885955], [81.680158, 17.885772], [81.680435, 17.88567], [81.681128, 17.885272], [81.681615, 17.885009], [81.682502, 17.884762], [81.682937, 17.884603], [81.683461, 17.88441], [81.684022, 17.884217], [81.684385, 17.884164], [81.684947, 17.884177], [81.685455, 17.884244], [81.685853, 17.88433], [81.686252, 17.884466], [81.686689, 17.884688], [81.687053, 17.885049], [81.687775, 17.885784], [81.687817, 17.885826], [81.68809, 17.886309], [81.68884, 17.887535], [81.689929, 17.889133], [81.69064, 17.89008], [81.691642, 17.891548], [81.692373, 17.892652], [81.693359, 17.894328], [81.693853, 17.89526], [81.694733, 17.897352], [81.69481, 17.897537], [81.695632, 17.898727], [81.696269, 17.899469], [81.697104, 17.900019], [81.697523, 17.90019], [81.698014, 17.900361], [81.698485, 17.900428], [81.698847, 17.900444], [81.699354, 17.900355], [81.699662, 17.900196], [81.700077, 17.899986], [81.700824, 17.899378], [81.701215, 17.898604], [81.701508, 17.898065], [81.701712, 17.897601], [81.701956, 17.896845], [81.702245, 17.895827], [81.702439, 17.894914], [81.702577, 17.89397], [81.702577, 17.893178], [81.70221, 17.892394], [81.701944, 17.891388], [81.701621, 17.890149], [81.701275, 17.889034], [81.701071, 17.888173], [81.701069, 17.887619], [81.701187, 17.887044], [81.701345, 17.886451], [81.701662, 17.885972], [81.70214, 17.885223], [81.702311, 17.884994], [81.702752, 17.884288], [81.702952, 17.884027], [81.703152, 17.883651], [81.703653, 17.882687], [81.704209, 17.881796], [81.704381, 17.881465], [81.70438, 17.881045], [81.704034, 17.880181], [81.703953, 17.87921], [81.704024, 17.878659], [81.704057, 17.878401], [81.704148, 17.877572], [81.704527, 17.876865], [81.704603, 17.876628], [81.704819, 17.876211], [81.705107, 17.875811], [81.705576, 17.875358], [81.705852, 17.875033], [81.706385, 17.874356], [81.706819, 17.87386], [81.707227, 17.873393], [81.707234, 17.873385], [81.70822, 17.87228], [81.709291, 17.871329], [81.709411, 17.871283], [81.709714, 17.871165], [81.710156, 17.87124], [81.710898, 17.871619], [81.711498, 17.871938], [81.711898, 17.872151], [81.7127, 17.872491], [81.71366, 17.872888], [81.714443, 17.873314], [81.715304, 17.873838], [81.716327, 17.874505], [81.717379, 17.875226], [81.718188, 17.875665], [81.718772, 17.876041], [81.719578, 17.876347], [81.720552, 17.876443], [81.721413, 17.876612], [81.722333, 17.877028], [81.72327, 17.877415], [81.724363, 17.877628], [81.725284, 17.878064], [81.726406, 17.878519], [81.727167, 17.87909], [81.72799, 17.879602], [81.728692, 17.880115], [81.730075, 17.881046], [81.730897, 17.88154], [81.73176, 17.882129], [81.732641, 17.882719], [81.733422, 17.883173], [81.734369, 17.883798], [81.73521, 17.884158], [81.735911, 17.884555], [81.736734, 17.885031], [81.737454, 17.885467], [81.738416, 17.885979], [81.739419, 17.886606], [81.740461, 17.887099], [81.741323, 17.887612], [81.742725, 17.888429], [81.743612, 17.888864], [81.744544, 17.889419], [81.745547, 17.889988], [81.746551, 17.890648], [81.74727, 17.891052], [81.747992, 17.89143], [81.748833, 17.891906], [81.749634, 17.892609], [81.749928, 17.892847], [81.750908, 17.893656], [81.751586, 17.894195], [81.75255, 17.894839], [81.75364, 17.895602], [81.754419, 17.89607], [81.755429, 17.896591], [81.756123, 17.897009], [81.757008, 17.897713], [81.758273, 17.898731], [81.759331, 17.899509], [81.759916, 17.899854], [81.760657, 17.900302], [81.761534, 17.900775], [81.761661, 17.90085], [81.761726, 17.90088], [81.761839, 17.900954], [81.762582, 17.901549], [81.763019, 17.901922], [81.76302, 17.901922], [81.763952, 17.901345], [81.764491, 17.901134], [81.764846, 17.901178], [81.765072, 17.901032], [81.765412, 17.900813], [81.76576, 17.90071], [81.766267, 17.900608], [81.766609, 17.900539], [81.766748, 17.900415], [81.767373, 17.899858], [81.768119, 17.899113], [81.769202, 17.898492], [81.769365, 17.898399], [81.770753, 17.89815], [81.771505, 17.897778], [81.771669, 17.897697], [81.772286, 17.897105], [81.772439, 17.896899], [81.772565, 17.896729], [81.772758, 17.896471], [81.772822, 17.896385], [81.773114, 17.895599], [81.773208, 17.894825], [81.773324, 17.89383], [81.773477, 17.892624], [81.773538, 17.891496], [81.773577, 17.889982], [81.77389, 17.888996], [81.773918, 17.888606], [81.773957, 17.888047], [81.774189, 17.886996], [81.774342, 17.88618], [81.774747, 17.885594], [81.775537, 17.88512], [81.775761, 17.884985], [81.776624, 17.884718], [81.776931, 17.884633], [81.777837, 17.88438], [81.779838, 17.884071], [81.780904, 17.883817], [81.781396, 17.883701], [81.781836, 17.883458], [81.782233, 17.883238], [81.782708, 17.882643], [81.78283, 17.882491], [81.783487, 17.88199], [81.783968, 17.881797], [81.784305, 17.881662], [81.785261, 17.880759], [81.786436, 17.879894], [81.786533, 17.879819], [81.787612, 17.878989], [81.788479, 17.878781], [81.788531, 17.878486], [81.788887, 17.878047], [81.788925, 17.877869], [81.789023, 17.877419], [81.789212, 17.8769], [81.789379, 17.876441], [81.789777, 17.875846], [81.790375, 17.875386], [81.79066, 17.875376], [81.791612, 17.875342], [81.792612, 17.875415], [81.793513, 17.87543], [81.794252, 17.875294], [81.794849, 17.874775], [81.795647, 17.874504], [81.796486, 17.874327], [81.797223, 17.873579], [81.797659, 17.873075], [81.797839, 17.872868], [81.798555, 17.87229], [81.799315, 17.872039], [81.799759, 17.872179], [81.800575, 17.872437], [81.800764, 17.872452], [81.801255, 17.872492], [81.801873, 17.872202], [81.80296, 17.8711], [81.803643, 17.870775], [81.803925, 17.870735], [81.804193, 17.870231], [81.804721, 17.869641], [81.805059, 17.869386], [81.805279, 17.869219], [81.805534, 17.869125], [81.805836, 17.869015], [81.805917, 17.868985], [81.806556, 17.868793], [81.806732, 17.86869], [81.80692, 17.868582], [81.80705, 17.868405], [81.80705, 17.868404], [81.807032, 17.868045], [81.806604, 17.867523], [81.805806, 17.866918], [81.805664, 17.866674], [81.805474, 17.866347], [81.805406, 17.866175], [81.805362, 17.866062], [81.805323, 17.865966], [81.805324, 17.865965], [81.805422, 17.865485], [81.805437, 17.865416], [81.805441, 17.865392], [81.805568, 17.865259], [81.805939, 17.864873], [81.806846, 17.86457], [81.80729, 17.864573], [81.807795, 17.864579], [81.807803, 17.864577], [81.808233, 17.86446], [81.80827, 17.86445], [81.808354, 17.864427], [81.808357, 17.864423], [81.808653, 17.863985], [81.808652, 17.863985], [81.808651, 17.863674], [81.80865, 17.863487], [81.808649, 17.863297], [81.808328, 17.862777], [81.808235, 17.862627], [81.807846, 17.862401], [81.807723, 17.862041], [81.807623, 17.861751], [81.807624, 17.861751], [81.807787, 17.861356], [81.808076, 17.861049], [81.808678, 17.860868], [81.809317, 17.860749], [81.809536, 17.860619], [81.810056, 17.860307], [81.810764, 17.859812], [81.811089, 17.859285], [81.811351, 17.859021], [81.811351, 17.85902], [81.811056, 17.858837], [81.810587, 17.858583], [81.809185, 17.857842], [81.808022, 17.857139], [81.80712, 17.856553], [81.806773, 17.856149], [81.806376, 17.855682], [81.805829, 17.855138], [81.805664, 17.854974], [81.80509, 17.854266], [81.804145, 17.853027], [81.803142, 17.852036], [81.802369, 17.851341], [81.801584, 17.850425], [81.801375, 17.850213], [81.800706, 17.849531], [81.800108, 17.849041], [81.799883, 17.848856], [81.799623, 17.848596], [81.79899, 17.847961], [81.798181, 17.847034], [81.797328, 17.846307], [81.796498, 17.845597], [81.796092, 17.845174], [81.795694, 17.844759], [81.795012, 17.844122], [81.794109, 17.843322], [81.793245, 17.842503], [81.793021, 17.842272], [81.792562, 17.841798], [81.7917, 17.841056], [81.791138, 17.84061], [81.790957, 17.840466], [81.790632, 17.840219], [81.790156, 17.839857], [81.789414, 17.839382], [81.789025, 17.839213], [81.788714, 17.839079], [81.788193, 17.839081], [81.787795, 17.839082], [81.786954, 17.839085], [81.786282, 17.839128], [81.785676, 17.839167], [81.784557, 17.839099], [81.784376, 17.839103], [81.783478, 17.839156], [81.78279, 17.839159], [81.782517, 17.83916], [81.781499, 17.839221], [81.780451, 17.839243], [81.77984, 17.839225], [81.779341, 17.83921], [81.778775, 17.839212], [81.7783, 17.839214], [81.777422, 17.839276], [81.776482, 17.839299], [81.775583, 17.839282], [81.774803, 17.839305], [81.773905, 17.839366], [81.773684, 17.83907], [81.773107, 17.838291], [81.772489, 17.837443], [81.771683, 17.836513], [81.771062, 17.835607], [81.770137, 17.834521], [81.769697, 17.8339], [81.769474, 17.833585], [81.769116, 17.833143], [81.76867, 17.83259], [81.768111, 17.831882], [81.767827, 17.831522], [81.767102, 17.830549], [81.766622, 17.829971], [81.76642, 17.829729], [81.765917, 17.829024], [81.765293, 17.828165], [81.765031, 17.827773], [81.764778, 17.827395], [81.764639, 17.827238], [81.763928, 17.82643], [81.763646, 17.82652], [81.763225, 17.826654], [81.762765, 17.8268], [81.761892, 17.827068], [81.761267, 17.827254], [81.760715, 17.827418], [81.760261, 17.827588], [81.759064, 17.82787], [81.75827, 17.828105], [81.757209, 17.828406], [81.75663, 17.828583], [81.75637, 17.828663], [81.756158, 17.828719], [81.755407, 17.82892], [81.755079, 17.829022], [81.75418, 17.8293], [81.753609, 17.829449], [81.752617, 17.829705], [81.752603, 17.829708], [81.751752, 17.829922], [81.751456, 17.83003], [81.750859, 17.830251], [81.749965, 17.830491], [81.749769, 17.830537], [81.749096, 17.830695], [81.748204, 17.83087], [81.748099, 17.83089], [81.747973, 17.83092], [81.747652, 17.830996], [81.746503, 17.831269], [81.746474, 17.831276], [81.7458, 17.831033], [81.745537, 17.830938], [81.745083, 17.830746], [81.744377, 17.830446], [81.743496, 17.830047], [81.742525, 17.829532], [81.741717, 17.829107], [81.740662, 17.828532], [81.739658, 17.828022], [81.738828, 17.827667], [81.737587, 17.827097], [81.736746, 17.826698], [81.7359, 17.826295], [81.735644, 17.826173], [81.734685, 17.825788], [81.733719, 17.825364], [81.73257, 17.824801], [81.731907, 17.824533], [81.731799, 17.824489], [81.730601, 17.823823], [81.729732, 17.823084], [81.729095, 17.822397], [81.72893, 17.822218], [81.728313, 17.821627], [81.727037, 17.820629], [81.726205, 17.819925], [81.725283, 17.819109], [81.72465, 17.818472], [81.723485, 17.817491], [81.722811, 17.816871], [81.722047, 17.81618], [81.721373, 17.815539], [81.721237, 17.815396], [81.720531, 17.814654], [81.71915, 17.813518], [81.718136, 17.812486], [81.717335, 17.811883], [81.716411, 17.811548], [81.715489, 17.811139], [81.714915, 17.810884], [81.71384, 17.81048], [81.712807, 17.810103], [81.71181, 17.809788], [81.711337, 17.808679], [81.711078, 17.807913], [81.710963, 17.807651], [81.710623, 17.806874], [81.710395, 17.80604], [81.710055, 17.805119], [81.709568, 17.803757], [81.708821, 17.801744], [81.708507, 17.800944], [81.707966, 17.799812], [81.707442, 17.798777], [81.706945, 17.797557], [81.706945, 17.797555], [81.706647, 17.795651], [81.706507, 17.794472], [81.70648, 17.793228], [81.706479, 17.793225], [81.70632, 17.792272], [81.706137, 17.790828], [81.706137, 17.790827], [81.705946, 17.790441], [81.70555, 17.789638], [81.705322, 17.789192], [81.704939, 17.78844], [81.704765, 17.788248], [81.704048, 17.78746], [81.702895, 17.786081], [81.701941, 17.785114], [81.70164, 17.784895], [81.701277, 17.78442], [81.700186, 17.783146], [81.699091, 17.782231], [81.698617, 17.781826], [81.698057, 17.781555], [81.696905, 17.78123], [81.69626, 17.780964], [81.695815, 17.780779], [81.695586, 17.780705], [81.694586, 17.780444], [81.693662, 17.780153], [81.692641, 17.779821], [81.691855, 17.77954], [81.690901, 17.779201], [81.690377, 17.779016], [81.690123, 17.778925], [81.689313, 17.778696], [81.688726, 17.778517], [81.687943, 17.778276], [81.687703, 17.778202], [81.68636, 17.777856], [81.685486, 17.777601], [81.683858, 17.777205], [81.682919, 17.7771], [81.681295, 17.776715], [81.680096, 17.7766], [81.678425, 17.776203], [81.678067, 17.77612], [81.67748, 17.775982], [81.676043, 17.775752], [81.675625, 17.775686], [81.674702, 17.775494], [81.674559, 17.775482], [81.673176, 17.775369], [81.672276, 17.775274], [81.671435, 17.775243], [81.670425, 17.775181], [81.669015, 17.775099], [81.667896, 17.77506], [81.667033, 17.775063], [81.666104, 17.775024], [81.665298, 17.774941], [81.664313, 17.774922], [81.663192, 17.774819], [81.662268, 17.774716], [81.661455, 17.774626], [81.660656, 17.774647], [81.66035, 17.774656], [81.658914, 17.774613], [81.657739, 17.774544], [81.657558, 17.774521], [81.657329, 17.774491], [81.656914, 17.774437], [81.656061, 17.774411], [81.65558, 17.774379], [81.654847, 17.77433], [81.653626, 17.774229], [81.65252, 17.774123], [81.651523, 17.774081], [81.650772, 17.774048], [81.649711, 17.774014], [81.648613, 17.773966], [81.647133, 17.773925], [81.646248, 17.773861], [81.645265, 17.773893], [81.643878, 17.773791], [81.642153, 17.773711], [81.640787, 17.773607], [81.639914, 17.773589], [81.638975, 17.773544], [81.637929, 17.773485], [81.637546, 17.773454], [81.636534, 17.773372], [81.635316, 17.773325], [81.63483, 17.773307], [81.633845, 17.77316], [81.633315, 17.77258], [81.632802, 17.772019], [81.632162, 17.771416], [81.631231, 17.770461], [81.630232, 17.769507], [81.629668, 17.769054], [81.629385, 17.768826], [81.628691, 17.768392], [81.628516, 17.768283], [81.627675, 17.767843], [81.627119, 17.767392], [81.626623, 17.76689], [81.626423, 17.766687], [81.626176, 17.76633], [81.625918, 17.765901], [81.625771, 17.765673], [81.624804, 17.764604], [81.624453, 17.764099], [81.624105, 17.7636], [81.623359, 17.762672], [81.623106, 17.762309], [81.622665, 17.761438], [81.622316, 17.760755], [81.622167, 17.760467], [81.621871, 17.759784], [81.621763, 17.759534], [81.621597, 17.759063], [81.621497, 17.758779], [81.621443, 17.758624], [81.620796, 17.757678], [81.620319, 17.757092], [81.620193, 17.756937], [81.61976, 17.756371], [81.619262, 17.755718], [81.618477, 17.754763], [81.618097, 17.754359], [81.617915, 17.754165], [81.617694, 17.753918], [81.617241, 17.753416], [81.616724, 17.752796], [81.616557, 17.752534], [81.616206, 17.751983], [81.615615, 17.750697], [81.615507, 17.750463], [81.615157, 17.750275], [81.614668, 17.750033], [81.613783, 17.749797], [81.613296, 17.749666], [81.612016, 17.749154], [81.611749, 17.749046], [81.611299, 17.748849], [81.610758, 17.748611], [81.610033, 17.748288], [81.609196, 17.747874], [81.608922, 17.747737], [81.607889, 17.747384], [81.607785, 17.747348], [81.606757, 17.746903], [81.605602, 17.74638], [81.604392, 17.745829], [81.603377, 17.74537], [81.602482, 17.744818], [81.601563, 17.744196], [81.601319, 17.744057], [81.600911, 17.743824], [81.600596, 17.743644], [81.600071, 17.743286], [81.599633, 17.742987], [81.599483, 17.742885], [81.59842, 17.742102], [81.597571, 17.741528], [81.5974, 17.741401], [81.596482, 17.740722], [81.595324, 17.739949], [81.594257, 17.739296], [81.593072, 17.738468], [81.592055, 17.737843], [81.591983, 17.737799], [81.591744, 17.737636], [81.591602, 17.737538], [81.590677, 17.736902], [81.590034, 17.736399], [81.589587, 17.73605], [81.58845, 17.735244], [81.58743, 17.734551], [81.586523, 17.733947], [81.585712, 17.733284], [81.585333, 17.733078], [81.584575, 17.732664], [81.583924, 17.732144], [81.583221, 17.731581], [81.58322, 17.731577], [81.582981, 17.730386], [81.582901, 17.729986], [81.582854, 17.729314], [81.582824, 17.728899], [81.582754, 17.728372], [81.582682, 17.727839], [81.582651, 17.727606], [81.582476, 17.725892], [81.582436, 17.725361], [81.582325, 17.723904], [81.582053, 17.721939], [81.582032, 17.721647], [81.581983, 17.720923], [81.581944, 17.720369], [81.581926, 17.720091], [81.581829, 17.719384], [81.58179, 17.719099], [81.58175, 17.718801], [81.581579, 17.717554], [81.581468, 17.716802], [81.581333, 17.715889], [81.581283, 17.71493], [81.581258, 17.714441], [81.581254, 17.714365], [81.581202, 17.713255], [81.581344, 17.712075], [81.58146, 17.710955], [81.581531, 17.710273], [81.581569, 17.710049], [81.581885, 17.708194], [81.582406, 17.704933], [81.582466, 17.704491], [81.582915, 17.701151], [81.583017, 17.700387], [81.583254, 17.698572], [81.583277, 17.698397], [81.583275, 17.698393], [81.583052, 17.697707], [81.582789, 17.696897], [81.582788, 17.696895], [81.582479, 17.695374], [81.582478, 17.69537], [81.582431, 17.695197], [81.582208, 17.694447], [81.581956, 17.693603], [81.581693, 17.693194], [81.581083, 17.692242], [81.579414, 17.690928], [81.5783, 17.689915], [81.577406, 17.689433], [81.577233, 17.689321], [81.576027, 17.688536], [81.575513, 17.688097], [81.574865, 17.687545], [81.574523, 17.686317], [81.574522, 17.686315], [81.574419, 17.685913], [81.574273, 17.684788], [81.574244, 17.684175], [81.574239, 17.684054], [81.574226, 17.683778], [81.574225, 17.683776], [81.574137, 17.68362], [81.573741, 17.682913], [81.573643, 17.682739], [81.57294, 17.681563], [81.572432, 17.681147], [81.571586, 17.68106], [81.570717, 17.680969], [81.569212, 17.681014], [81.567571, 17.680973], [81.567562, 17.680951], [81.566988, 17.67961], [81.56655, 17.678503], [81.56587, 17.677234], [81.565667, 17.676762], [81.565335, 17.675986], [81.564728, 17.674712], [81.56395, 17.673097], [81.563774, 17.672689], [81.563172, 17.671295], [81.562613, 17.669956], [81.562389, 17.66945], [81.562102, 17.668801], [81.56135, 17.668297], [81.560323, 17.667748], [81.560096, 17.667628], [81.559945, 17.667217], [81.559706, 17.66657], [81.55934, 17.665647], [81.558829, 17.664078], [81.558246, 17.662576], [81.557652, 17.660867], [81.556971, 17.659135], [81.556605, 17.658003], [81.555973, 17.656572], [81.555582, 17.655395], [81.55517, 17.654424], [81.554586, 17.653104], [81.554511, 17.652881], [81.554098, 17.651671], [81.553565, 17.65054], [81.553225, 17.649779], [81.552644, 17.649109], [81.552549, 17.648943], [81.552329, 17.648555], [81.552327, 17.64855], [81.552117, 17.647798], [81.552117, 17.647798], [81.551732, 17.647314], [81.551528, 17.647055], [81.550411, 17.645965], [81.549785, 17.645238], [81.549663, 17.645095], [81.549107, 17.644238], [81.549024, 17.643968], [81.548531, 17.642445], [81.548254, 17.642141], [81.547845, 17.642281], [81.547532, 17.642559], [81.547336, 17.642616], [81.546941, 17.642678], [81.546524, 17.642578], [81.546004, 17.642167], [81.545754, 17.641849], [81.545604, 17.641658], [81.54538, 17.641063], [81.54538, 17.641061], [81.545304, 17.640346], [81.545423, 17.639556], [81.545711, 17.638792], [81.545733, 17.638191], [81.545732, 17.638186], [81.545538, 17.637613], [81.545054, 17.636944], [81.544592, 17.636137], [81.54418, 17.63542], [81.543685, 17.635098], [81.543275, 17.635192], [81.542866, 17.635494], [81.542456, 17.635843], [81.542023, 17.636281], [81.541711, 17.636699], [81.541301, 17.63684], [81.54106, 17.63654], [81.540865, 17.636077], [81.54038, 17.635085], [81.539361, 17.633957], [81.539282, 17.633908], [81.539124, 17.63381], [81.538179, 17.633218], [81.537237, 17.632819], [81.537058, 17.632742], [81.536342, 17.632438], [81.535636, 17.631874], [81.535302, 17.631609], [81.534287, 17.630942], [81.533756, 17.630566], [81.533296, 17.630242], [81.533133, 17.630102], [81.532619, 17.629665], [81.532524, 17.629451], [81.53245, 17.629284], [81.532303, 17.62895], [81.532302, 17.628946], [81.532188, 17.628378], [81.532131, 17.628095], [81.531911, 17.627193], [81.531666, 17.626131], [81.531511, 17.625296], [81.531511, 17.625294], [81.531395, 17.625054], [81.531131, 17.624698], [81.530721, 17.624584], [81.529973, 17.62454], [81.52937, 17.624542], [81.528671, 17.624451], [81.528505, 17.624383], [81.527946, 17.624153], [81.527593, 17.623921], [81.527245, 17.623693], [81.526242, 17.622919], [81.525418, 17.622182], [81.524741, 17.621604], [81.524089, 17.621051], [81.523797, 17.620496], [81.523797, 17.620493], [81.523795, 17.619943], [81.524181, 17.619387], [81.524492, 17.618749], [81.524491, 17.618207], [81.524414, 17.617943], [81.524246, 17.617353], [81.524292, 17.616705], [81.524558, 17.616368], [81.524777, 17.616089], [81.525689, 17.615587], [81.526043, 17.615177], [81.526169, 17.615031], [81.526129, 17.614779], [81.52607, 17.614406], [81.526069, 17.614405], [81.525658, 17.613853], [81.525102, 17.613646], [81.524428, 17.613533], [81.524005, 17.613521], [81.523995, 17.61352], [81.523728, 17.613512], [81.523196, 17.613467], [81.522449, 17.613562], [81.521774, 17.61354], [81.521243, 17.613449], [81.521182, 17.613379], [81.520977, 17.613149], [81.520977, 17.613146], [81.520988, 17.612889], [81.520999, 17.612687], [81.521095, 17.612478], [81.521619, 17.612345], [81.522011, 17.612245], [81.52235, 17.612074], [81.52266, 17.611873], [81.523071, 17.611479], [81.523309, 17.610785], [81.523326, 17.610571], [81.523379, 17.609884], [81.523349, 17.608242], [81.523351, 17.608183], [81.523399, 17.607138], [81.523377, 17.606959], [81.523283, 17.606129], [81.523197, 17.605388], [81.523195, 17.605384], [81.522912, 17.604591], [81.522375, 17.604189], [81.521897, 17.604038], [81.521521, 17.60393], [81.520914, 17.603754], [81.520325, 17.603507], [81.519902, 17.60333], [81.518854, 17.602891], [81.518225, 17.602407], [81.51787, 17.601945], [81.517693, 17.601715], [81.517208, 17.601022], [81.516699, 17.600261], [81.516141, 17.599407], [81.516141, 17.599403], [81.516069, 17.598666], [81.51628, 17.598273], [81.516739, 17.597926], [81.517244, 17.597787], [81.517967, 17.597738], [81.518594, 17.597643], [81.519342, 17.597456], [81.51992, 17.597085], [81.520424, 17.596667], [81.521123, 17.596249], [81.52175, 17.596247], [81.522377, 17.596431], [81.522901, 17.596654], [81.523463, 17.596589], [81.523704, 17.596265], [81.523798, 17.595594], [81.523977, 17.59489], [81.524538, 17.594317], [81.524966, 17.593879], [81.525215, 17.593625], [81.525292, 17.593596], [81.52601, 17.593322], [81.526077, 17.593308], [81.526878, 17.593136], [81.527545, 17.592925], [81.527769, 17.592855], [81.528036, 17.59272], [81.528732, 17.592367], [81.529387, 17.591866], [81.529697, 17.591311], [81.52984, 17.590501], [81.529959, 17.589854], [81.530223, 17.58932], [81.530656, 17.589042], [81.531258, 17.588831], [81.531725, 17.588675], [81.532124, 17.588075], [81.53239, 17.587675], [81.532868, 17.586955], [81.533348, 17.586422], [81.53395, 17.585935], [81.53448, 17.585781], [81.535213, 17.585579], [81.53578, 17.585014], [81.536237, 17.584343], [81.536403, 17.58388], [81.536327, 17.583002], [81.536156, 17.582192], [81.53594, 17.581335], [81.53594, 17.581334], [81.535573, 17.580668], [81.535137, 17.580161], [81.534629, 17.579723], [81.534435, 17.579587], [81.534074, 17.579331], [81.533494, 17.579056], [81.532867, 17.578766], [81.532786, 17.578536], [81.53272, 17.578351], [81.53272, 17.57835], [81.532839, 17.577865], [81.53332, 17.577516], [81.533803, 17.577168], [81.534258, 17.576751], [81.534691, 17.57601], [81.53467, 17.575459], [81.534664, 17.575317], [81.534662, 17.575313], [81.534494, 17.574832], [81.534129, 17.574116], [81.533813, 17.573238], [81.533329, 17.572708], [81.532798, 17.572441], [81.532051, 17.572259], [81.531375, 17.572145], [81.530458, 17.571986], [81.529811, 17.571614], [81.529493, 17.571302], [81.52937, 17.57118], [81.529369, 17.571175], [81.529272, 17.570486], [81.52951, 17.569884], [81.529991, 17.569374], [81.530664, 17.56884], [81.531364, 17.5684], [81.531698, 17.567566], [81.531569, 17.566762], [81.531568, 17.56676], [81.531279, 17.566296], [81.531235, 17.566226], [81.530656, 17.565951], [81.529908, 17.565653], [81.528976, 17.565364], [81.528009, 17.564858], [81.526777, 17.564121], [81.526663, 17.563999], [81.526413, 17.563728], [81.526243, 17.563198], [81.526243, 17.563197], [81.526266, 17.562551], [81.526336, 17.561996], [81.526455, 17.561233], [81.5265, 17.56047], [81.52645, 17.559869], [81.526449, 17.559868], [81.526156, 17.559681], [81.526088, 17.559638], [81.525486, 17.559709], [81.524787, 17.559989], [81.52421, 17.560407], [81.52356, 17.561055], [81.522767, 17.561751], [81.522285, 17.5621], [81.521708, 17.562332], [81.521368, 17.562151], [81.52126, 17.562094], [81.520993, 17.561516], [81.520992, 17.561511], [81.520823, 17.560893], [81.520822, 17.560891], [81.520506, 17.559992], [81.519975, 17.5596], [81.519895, 17.559559], [81.519347, 17.559278], [81.518767, 17.558841], [81.518572, 17.558309], [81.518572, 17.558308], [81.518643, 17.557778], [81.51878, 17.55706], [81.518785, 17.557037], [81.518953, 17.556296], [81.519384, 17.555439], [81.519591, 17.554616], [81.519401, 17.553568], [81.5194, 17.553566], [81.518797, 17.552741], [81.517769, 17.551232], [81.517634, 17.551033], [81.516642, 17.549997], [81.515699, 17.548958], [81.515117, 17.547873], [81.514592, 17.546718], [81.514348, 17.545934], [81.513963, 17.54529], [81.513961, 17.545287], [81.513502, 17.545057], [81.512971, 17.544943], [81.51244, 17.544759], [81.512156, 17.544568], [81.512029, 17.544484], [81.511932, 17.544183], [81.511932, 17.544183], [81.512004, 17.543812], [81.512219, 17.543511], [81.512603, 17.542932], [81.513036, 17.542354], [81.513443, 17.541682], [81.513827, 17.540765], [81.513825, 17.540761], [81.513365, 17.53968], [81.51324, 17.539476], [81.512735, 17.538664], [81.512224, 17.537417], [81.512224, 17.537415], [81.512125, 17.536054], [81.512218, 17.535059], [81.512843, 17.534641], [81.513721, 17.534381], [81.513759, 17.53437], [81.514625, 17.533767], [81.514719, 17.532981], [81.514499, 17.531965], [81.514498, 17.53196], [81.514047, 17.53056], [81.513964, 17.5303], [81.513962, 17.530296], [81.513475, 17.528569], [81.513206, 17.52702], [81.513037, 17.525795], [81.513036, 17.525791], [81.512475, 17.524372], [81.512243, 17.523783], [81.511843, 17.522769], [81.511093, 17.521708], [81.510432, 17.520766], [81.510062, 17.520081], [81.509905, 17.519792], [81.509906, 17.51979], [81.509911, 17.519695], [81.509951, 17.519053], [81.510301, 17.51815], [81.510687, 17.517063], [81.511196, 17.515874], [81.511636, 17.51516], [81.512131, 17.514562], [81.512325, 17.514301], [81.512738, 17.513745], [81.513223, 17.513094], [81.513315, 17.512968], [81.514181, 17.511795], [81.514999, 17.510868], [81.515719, 17.509803], [81.516198, 17.508808], [81.516429, 17.508682], [81.517642, 17.508018], [81.518654, 17.507853], [81.522282, 17.507777], [81.522746, 17.507767], [81.523356, 17.507754], [81.523383, 17.507692], [81.523583, 17.507237], [81.523753, 17.506545], [81.523757, 17.506531], [81.524025, 17.505818], [81.524116, 17.505635], [81.52418, 17.505504], [81.524365, 17.505127], [81.524294, 17.504171], [81.524292, 17.504168], [81.52419, 17.503939], [81.523881, 17.503255], [81.523878, 17.50325], [81.523189, 17.502395], [81.522967, 17.502204], [81.522466, 17.501771], [81.522274, 17.501579], [81.521886, 17.501191], [81.521741, 17.501048], [81.521236, 17.500727], [81.520523, 17.500276], [81.520522, 17.500271], [81.520454, 17.499916], [81.520395, 17.499613], [81.520348, 17.499376], [81.520228, 17.498839], [81.520219, 17.498801], [81.520166, 17.498562], [81.520073, 17.497768], [81.519747, 17.496334], [81.519707, 17.496076], [81.519571, 17.495206], [81.519514, 17.494687], [81.519426, 17.49389], [81.519325, 17.493385], [81.519205, 17.492788], [81.51893, 17.491145], [81.518716, 17.490205], [81.518459, 17.489246], [81.518412, 17.489069], [81.51833, 17.488681], [81.518245, 17.488278], [81.518244, 17.488274], [81.517887, 17.48729], [81.517656, 17.486878], [81.517444, 17.486499], [81.51691, 17.485684], [81.516487, 17.485003], [81.516398, 17.484858], [81.516103, 17.484386], [81.515948, 17.484139], [81.515797, 17.484034], [81.515491, 17.483821], [81.51497, 17.483459], [81.51377, 17.483053], [81.51261, 17.482704], [81.511485, 17.48247], [81.511435, 17.482461], [81.510197, 17.482239], [81.509778, 17.482158], [81.508335, 17.481879], [81.508067, 17.481828], [81.507075, 17.481751], [81.506205, 17.481625], [81.505154, 17.481543], [81.50415, 17.481434], [81.504015, 17.48142], [81.503023, 17.481403], [81.502241, 17.481345], [81.501937, 17.481322], [81.501154, 17.481277], [81.500915, 17.481263], [81.499475, 17.48109], [81.498725, 17.480879], [81.498733, 17.480876], [81.498738, 17.480874], [81.498582, 17.480889], [81.498361, 17.48091], [81.498298, 17.480917], [81.498147, 17.480932], [81.498043, 17.480942], [81.498009, 17.480945], [81.497941, 17.480867], [81.497649, 17.480534], [81.497563, 17.480437], [81.497533, 17.480403], [81.497247, 17.480042], [81.497088, 17.479842], [81.497006, 17.479737], [81.496856, 17.479482], [81.496486, 17.47885], [81.49594, 17.478056], [81.495395, 17.477235], [81.494879, 17.476442], [81.495333, 17.475536], [81.495844, 17.474658], [81.496328, 17.473805], [81.496898, 17.472867], [81.497437, 17.471795], [81.498004, 17.470477], [81.498716, 17.469434], [81.499336, 17.468599], [81.499513, 17.468362], [81.500452, 17.466988], [81.500767, 17.466344], [81.500936, 17.465999], [81.501482, 17.465336], [81.502406, 17.464269], [81.502757, 17.463559], [81.502439, 17.46249], [81.502101, 17.461277], [81.502035, 17.461038], [81.501516, 17.459586], [81.501111, 17.458326], [81.500937, 17.457708], [81.500794, 17.457202], [81.500779, 17.457131], [81.500778, 17.457125], [81.500534, 17.45597], [81.500016, 17.455067], [81.499575, 17.454477], [81.499051, 17.453779], [81.498496, 17.45313], [81.497865, 17.452253], [81.497607, 17.451984], [81.497276, 17.45164], [81.496377, 17.450828], [81.49626, 17.450722], [81.495057, 17.449656], [81.494385, 17.448795], [81.494224, 17.448588], [81.493564, 17.447521], [81.492962, 17.446755], [81.492359, 17.445852], [81.491786, 17.444948], [81.49124, 17.443963], [81.490695, 17.443114], [81.490035, 17.442266], [81.489666, 17.441504], [81.489121, 17.440629], [81.489101, 17.44058], [81.488689, 17.439588], [81.488202, 17.43852], [81.488043, 17.437982], [81.487855, 17.43734], [81.487687, 17.436929], [81.48748, 17.436428], [81.487053, 17.435472], [81.486579, 17.434612], [81.48656, 17.434576], [81.485931, 17.434687], [81.485218, 17.434742], [81.484842, 17.434551], [81.484789, 17.434524], [81.484244, 17.433841], [81.483699, 17.432911], [81.483266, 17.431486], [81.482749, 17.430637], [81.482146, 17.429926], [81.48143, 17.429161], [81.480542, 17.42834], [81.479825, 17.427629], [81.479139, 17.426891], [81.478713, 17.426364], [81.478696, 17.426344], [81.477868, 17.426154], [81.476638, 17.426185], [81.475495, 17.425859], [81.47418, 17.425285], [81.473007, 17.424877], [81.472014, 17.424562], [81.471977, 17.42455], [81.471074, 17.423642], [81.470379, 17.422511], [81.469499, 17.421362], [81.468937, 17.420638], [81.468682, 17.419511], [81.468723, 17.418245], [81.468609, 17.416811], [81.468054, 17.415266], [81.467409, 17.41463], [81.467408, 17.414628], [81.466594, 17.414201], [81.465866, 17.414123], [81.464958, 17.414099], [81.464942, 17.414098], [81.464297, 17.413616], [81.463625, 17.41308], [81.462951, 17.412653], [81.462107, 17.4122], [81.462054, 17.412171], [81.461649, 17.412033], [81.460897, 17.411778], [81.460876, 17.411771], [81.460293, 17.41138], [81.459815, 17.410735], [81.459475, 17.409715], [81.459137, 17.408587], [81.458932, 17.407754], [81.458731, 17.40694], [81.458702, 17.406917], [81.458259, 17.406566], [81.458236, 17.406547], [81.457358, 17.40626], [81.457339, 17.406254], [81.456358, 17.405611], [81.455488, 17.404862], [81.454785, 17.404029], [81.45425, 17.40309], [81.454214, 17.403052], [81.453762, 17.40255], [81.453351, 17.402094], [81.452649, 17.401181], [81.452142, 17.400242], [81.451636, 17.399329], [81.451296, 17.398282], [81.451042, 17.397584], [81.45048, 17.396778], [81.450029, 17.395947], [81.449775, 17.395115], [81.449717, 17.393878], [81.449212, 17.393343], [81.448845, 17.392696], [81.448565, 17.392202], [81.448395, 17.391904], [81.447665, 17.390777], [81.447377, 17.390341], [81.447046, 17.389838], [81.446962, 17.389692], [81.446669, 17.389187], [81.446593, 17.389057], [81.446455, 17.388819], [81.445696, 17.387557], [81.445078, 17.386591], [81.444741, 17.386028], [81.44458, 17.385672], [81.444571, 17.385652], [81.443732, 17.38552], [81.442975, 17.385468], [81.442457, 17.38528], [81.442414, 17.385265], [81.441729, 17.38387], [81.440891, 17.382479], [81.440417, 17.381506], [81.440159, 17.380697], [81.439613, 17.37996], [81.439365, 17.379625], [81.439347, 17.379601], [81.438116, 17.379524], [81.436319, 17.379851], [81.435152, 17.379776], [81.435116, 17.379774], [81.434822, 17.379215], [81.434806, 17.379183], [81.43321, 17.379455], [81.432427, 17.379566], [81.430859, 17.379327], [81.429363, 17.379375], [81.428395, 17.379745], [81.42728, 17.380174], [81.426456, 17.380393], [81.426178, 17.380342], [81.42613, 17.380333], [81.426006, 17.379467], [81.425537, 17.378507], [81.424892, 17.377837], [81.42461, 17.377192], [81.424652, 17.376209], [81.424285, 17.375161], [81.4242, 17.375004], [81.423609, 17.373927], [81.423301, 17.373042], [81.423214, 17.372182], [81.423212, 17.371429], [81.423042, 17.370596], [81.423168, 17.369804], [81.423179, 17.369736], [81.423317, 17.368993], [81.423666, 17.368137], [81.423837, 17.367543], [81.423846, 17.367513], [81.422758, 17.367595], [81.421578, 17.367868], [81.420193, 17.368133], [81.420011, 17.368168], [81.418305, 17.368226], [81.417113, 17.368282], [81.41602, 17.368445], [81.415787, 17.368456], [81.414788, 17.368503], [81.413166, 17.368614], [81.410816, 17.368969], [81.40964, 17.368999], [81.408605, 17.369351], [81.407877, 17.369407], [81.407251, 17.369107], [81.407204, 17.369085], [81.406782, 17.368629], [81.406295, 17.368066], [81.406077, 17.367816], [81.405995, 17.367721], [81.405981, 17.367704], [81.405016, 17.367451], [81.403755, 17.367078], [81.402664, 17.366866], [81.401544, 17.366653], [81.40016, 17.366307], [81.399635, 17.366083], [81.399311, 17.365945], [81.397777, 17.365292], [81.39646, 17.364757], [81.395029, 17.364051], [81.39488, 17.363979], [81.394598, 17.363938], [81.394162, 17.363876], [81.393491, 17.363744], [81.392342, 17.363504], [81.391195, 17.363398], [81.390157, 17.36324], [81.389066, 17.362755], [81.388304, 17.362418], [81.387298, 17.362132], [81.386841, 17.362194], [81.386167, 17.362285], [81.385168, 17.362506], [81.385017, 17.362524], [81.382991, 17.362773], [81.381983, 17.363097], [81.380557, 17.363584], [81.379521, 17.363479], [81.378407, 17.364015], [81.377452, 17.364559], [81.376302, 17.364698], [81.375288, 17.364847], [81.37446, 17.365372], [81.373395, 17.365669], [81.37222, 17.365887], [81.37152, 17.366157], [81.370934, 17.366615], [81.369592, 17.367748], [81.368783, 17.36834], [81.368112, 17.368879], [81.367587, 17.369228], [81.36742, 17.36934], [81.365631, 17.369756], [81.365435, 17.369802], [81.363994, 17.370004], [81.362863, 17.370226], [81.361933, 17.370421], [81.361318, 17.370666], [81.360797, 17.370873], [81.360117, 17.3713], [81.358668, 17.37226], [81.357803, 17.373069], [81.356798, 17.374077], [81.356112, 17.374632], [81.355094, 17.375643], [81.354847, 17.375844], [81.354365, 17.376236], [81.353639, 17.376845], [81.353318, 17.377858], [81.353257, 17.378818], [81.352661, 17.379617], [81.35215, 17.380315], [81.351577, 17.380898], [81.350578, 17.381613], [81.349765, 17.381781], [81.349627, 17.38232], [81.349964, 17.383072], [81.350553, 17.384201], [81.351116, 17.385193], [81.351566, 17.386455], [81.351821, 17.387572], [81.35202, 17.38862], [81.352245, 17.389882], [81.352276, 17.390904], [81.352071, 17.391894], [81.352197, 17.392705], [81.352171, 17.393618], [81.351735, 17.39463], [81.351081, 17.395152], [81.350159, 17.395396], [81.348898, 17.395184], [81.347946, 17.395105], [81.346743, 17.395082], [81.345745, 17.395795], [81.344898, 17.396188], [81.344085, 17.396403], [81.343386, 17.396754], [81.342617, 17.397157], [81.342052, 17.397942], [81.341722, 17.398379], [81.341458, 17.398587], [81.340889, 17.398746], [81.340259, 17.398924], [81.339657, 17.398913], [81.339639, 17.398913], [81.339078, 17.398565], [81.338436, 17.398192], [81.338433, 17.39819], [81.337565, 17.397788], [81.336063, 17.397735], [81.335315, 17.398081], [81.334468, 17.398407], [81.333882, 17.398413], [81.333842, 17.398414], [81.333392, 17.397949], [81.333251, 17.397474], [81.332859, 17.397045], [81.33216, 17.396674], [81.332101, 17.396643], [81.331487, 17.39651], [81.330997, 17.3963], [81.330926, 17.396269], [81.330531, 17.395679], [81.330727, 17.394925], [81.331242, 17.394019], [81.331172, 17.393177], [81.330917, 17.392211], [81.330466, 17.390977], [81.330015, 17.389445], [81.329788, 17.388156], [81.329422, 17.387189], [81.329056, 17.385953], [81.32855, 17.384933], [81.327791, 17.383752], [81.327163, 17.383021], [81.326323, 17.382217], [81.32548, 17.38152], [81.324947, 17.38101], [81.324443, 17.380366], [81.324274, 17.379775], [81.3243, 17.378915], [81.324661, 17.378109], [81.324743, 17.377222], [81.324096, 17.376175], [81.323199, 17.375183], [81.322213, 17.374335], [81.321426, 17.373772], [81.320782, 17.373263], [81.320305, 17.372538], [81.319659, 17.371223], [81.318733, 17.370472], [81.317386, 17.369722], [81.316462, 17.369213], [81.315895, 17.368783], [81.315789, 17.368703], [81.315899, 17.367761], [81.316149, 17.366686], [81.316092, 17.3658], [81.315865, 17.364827], [81.315486, 17.364018], [81.314585, 17.363125], [81.313655, 17.36245], [81.312585, 17.36185], [81.311743, 17.3611], [81.311518, 17.360792], [81.311293, 17.360483], [81.311139, 17.359878], [81.310983, 17.359274], [81.310561, 17.358039], [81.309999, 17.356966], [81.309404, 17.355966], [81.308674, 17.354972], [81.307933, 17.353826], [81.307859, 17.353711], [81.307327, 17.352583], [81.306793, 17.351912], [81.306427, 17.351187], [81.306006, 17.35022], [81.305556, 17.349093], [81.305133, 17.348099], [81.304684, 17.346998], [81.304598, 17.346138], [81.304233, 17.345413], [81.303614, 17.344634], [81.303082, 17.343858], [81.302437, 17.343079], [81.301764, 17.342435], [81.301118, 17.341656], [81.300473, 17.340851], [81.299975, 17.340368], [81.299251, 17.339783], [81.299245, 17.339778], [81.298419, 17.339422], [81.298376, 17.339403], [81.29734, 17.338841], [81.296808, 17.338572], [81.296386, 17.337903], [81.295449, 17.336495], [81.294731, 17.335782], [81.293748, 17.334548], [81.292767, 17.333432], [81.29187, 17.332251], [81.291472, 17.331811], [81.29114, 17.331445], [81.290851, 17.331162], [81.290103, 17.330427], [81.289176, 17.329541], [81.288447, 17.328655], [81.287409, 17.327958], [81.286682, 17.327599], [81.286577, 17.327547], [81.286542, 17.32753], [81.285539, 17.327096], [81.284694, 17.326888], [81.283781, 17.326597], [81.283771, 17.326594], [81.283001, 17.326214], [81.282957, 17.326193], [81.2828, 17.32613], [81.282023, 17.325819], [81.281985, 17.325804], [81.281899, 17.325755], [81.280451, 17.324934], [81.279681, 17.324508], [81.278503, 17.323937], [81.277689, 17.323346], [81.276935, 17.322225], [81.276676, 17.321468], [81.276279, 17.3207], [81.276119, 17.320388], [81.275532, 17.319411], [81.275043, 17.318734], [81.274971, 17.318695], [81.273977, 17.318154], [81.273929, 17.318128], [81.272823, 17.317922], [81.271557, 17.318039], [81.269918, 17.318679], [81.268855, 17.319327], [81.268157, 17.319677], [81.267641, 17.319839], [81.267204, 17.319975], [81.266276, 17.320141], [81.266143, 17.320165], [81.265148, 17.320411], [81.264044, 17.320866], [81.263233, 17.321109], [81.262309, 17.321407], [81.26124, 17.321835], [81.260436, 17.322056], [81.259037, 17.322084], [81.258085, 17.321951], [81.25705, 17.322276], [81.256154, 17.322546], [81.25523, 17.322708], [81.25435, 17.323], [81.253972, 17.323086], [81.253134, 17.323277], [81.252014, 17.323682], [81.251092, 17.323978], [81.250139, 17.324195], [81.249132, 17.324519], [81.248293, 17.325004], [81.247623, 17.325705], [81.2467, 17.325894], [81.245519, 17.326134], [81.245497, 17.326138], [81.245273, 17.325972], [81.245188, 17.325738], [81.245048, 17.325354], [81.244795, 17.324522], [81.244413, 17.323535], [81.2444, 17.323501], [81.244047, 17.32352], [81.243913, 17.323527], [81.243393, 17.323557], [81.24308, 17.323564], [81.242331, 17.323584], [81.24121, 17.323747], [81.239868, 17.323964], [81.238993, 17.323891], [81.238921, 17.323885], [81.238975, 17.322863], [81.239099, 17.321831], [81.238866, 17.321235], [81.238862, 17.321226], [81.238234, 17.32102], [81.237628, 17.320823], [81.236846, 17.320825], [81.236286, 17.32104], [81.236007, 17.321257], [81.235362, 17.321123], [81.234911, 17.320967], [81.234747, 17.320909], [81.234124, 17.320854], [81.233851, 17.32083], [81.233535, 17.32083], [81.232759, 17.320831], [81.231724, 17.320995], [81.23066, 17.321211], [81.229709, 17.321267], [81.228813, 17.321375], [81.228406, 17.321302], [81.227918, 17.321215], [81.226687, 17.321324], [81.22592, 17.32151], [81.22568, 17.321568], [81.224679, 17.322026], [81.223614, 17.322028], [81.222467, 17.322272], [81.221859, 17.322097], [81.221628, 17.322031], [81.221451, 17.32208], [81.221314, 17.322117], [81.220657, 17.322302], [81.219591, 17.322596], [81.219217, 17.322761], [81.21919, 17.322772], [81.218298, 17.323164], [81.217376, 17.323542], [81.21634, 17.323759], [81.215054, 17.324272], [81.214886, 17.324322], [81.213878, 17.324623], [81.213039, 17.324972], [81.212146, 17.325377], [81.211655, 17.325622], [81.211334, 17.325782], [81.210409, 17.326133], [81.209773, 17.326321], [81.209091, 17.326239], [81.207812, 17.325706], [81.206804, 17.325466], [81.205907, 17.32532], [81.205825, 17.325307], [81.204481, 17.325281], [81.203333, 17.325202], [81.202129, 17.325123], [81.201976, 17.325126], [81.200982, 17.325152], [81.199975, 17.325019], [81.198996, 17.3251], [81.19866, 17.325093], [81.197932, 17.325076], [81.197105, 17.325144], [81.196936, 17.325158], [81.19548, 17.325133], [81.194361, 17.325106], [81.193045, 17.325082], [81.192482, 17.325083], [81.192093, 17.325084], [81.191328, 17.325025], [81.190248, 17.32511], [81.190219, 17.325112], [81.189741, 17.324764], [81.189416, 17.324081], [81.189293, 17.323824], [81.188788, 17.322884], [81.188254, 17.321971], [81.187889, 17.321165], [81.187691, 17.320305], [81.187355, 17.319419], [81.18713, 17.318317], [81.187016, 17.31727], [81.186847, 17.316432], [81.186596, 17.315492], [81.186368, 17.314552], [81.185697, 17.313879], [81.185164, 17.313262], [81.18452, 17.312617], [81.184111, 17.312108], [81.183874, 17.311812], [81.183369, 17.311087], [81.183289, 17.310818], [81.183089, 17.310147], [81.18281, 17.309511], [81.182725, 17.309315], [81.182246, 17.308266], [81.181742, 17.307198], [81.181291, 17.306258], [81.181209, 17.306066], [81.180842, 17.30521], [81.18045, 17.304056], [81.180197, 17.303062], [81.179999, 17.301933], [81.179829, 17.300697], [81.179716, 17.299728], [81.179703, 17.299417], [81.179684, 17.298975], [81.179448, 17.298071], [81.179287, 17.297025], [81.178978, 17.296165], [81.178725, 17.295171], [81.178444, 17.29407], [81.178433, 17.294036], [81.178162, 17.293157], [81.177937, 17.292217], [81.177799, 17.291701], [81.177685, 17.291276], [81.177595, 17.291069], [81.17732, 17.290439], [81.177208, 17.289579], [81.176892, 17.288799], [81.176871, 17.288745], [81.176785, 17.287912], [81.176421, 17.287134], [81.176299, 17.285876], [81.176284, 17.285081], [81.176249, 17.284043], [81.176471, 17.283209], [81.176499, 17.282618], [81.176917, 17.281972], [81.176935, 17.281946], [81.177281, 17.281461], [81.178088, 17.281137], [81.178426, 17.281002], [81.178559, 17.280524], [81.178648, 17.280196], [81.178816, 17.279357], [81.179186, 17.278346], [81.179177, 17.277261], [81.179064, 17.276455], [81.17884, 17.275541], [81.178746, 17.27495], [81.17867, 17.274466], [81.178306, 17.273365], [81.178107, 17.27245], [81.177853, 17.271429], [81.177824, 17.271317], [81.177966, 17.270631], [81.17823, 17.268677], [81.178232, 17.268665], [81.180541, 17.264315], [81.181457, 17.2628], [81.182797, 17.260587], [81.183978, 17.258257], [81.184891, 17.25691], [81.187633, 17.254682], [81.186227, 17.250803], [81.186279, 17.249665], [81.186115, 17.248113], [81.185427, 17.247707], [81.185415, 17.2477], [81.183524, 17.246947], [81.183475, 17.246927], [81.182343, 17.246204], [81.18175, 17.245326], [81.181155, 17.243981], [81.180453, 17.242792], [81.179983, 17.242245], [81.179698, 17.241914], [81.177704, 17.24052], [81.176841, 17.239434], [81.175923, 17.237884], [81.175436, 17.236073], [81.175213, 17.23541], [81.174462, 17.233177], [81.173713, 17.230621], [81.173705, 17.230592], [81.170823, 17.230913], [81.170809, 17.230911], [81.169797, 17.230934], [81.168772, 17.231036], [81.167633, 17.231142], [81.16663, 17.231144], [81.165308, 17.231239], [81.164179, 17.231293], [81.162928, 17.231353], [81.162206, 17.231378], [81.161921, 17.231388], [81.160467, 17.231204], [81.159328, 17.231061], [81.158481, 17.230913], [81.157524, 17.230687], [81.157352, 17.23067], [81.156461, 17.230581], [81.155621, 17.230393], [81.154614, 17.23018], [81.153747, 17.230101], [81.153699, 17.230092], [81.152964, 17.229967], [81.152651, 17.229905], [81.152152, 17.229807], [81.151385, 17.229701], [81.151173, 17.229672], [81.150053, 17.229593], [81.148738, 17.229461], [81.147844, 17.229354], [81.147652, 17.229319], [81.146528, 17.229114], [81.145214, 17.228901], [81.145214, 17.228901], [81.144401, 17.228553], [81.14348, 17.228097], [81.143477, 17.228096], [81.142527, 17.227695], [81.141686, 17.227443], [81.140903, 17.227283], [81.14012, 17.227095], [81.139167, 17.226882], [81.13894, 17.226853], [81.13791, 17.226721], [81.136958, 17.226507], [81.135978, 17.226294], [81.135609, 17.226236], [81.134439, 17.226053], [81.133922, 17.22588], [81.13388, 17.225865], [81.133439, 17.225599], [81.133143, 17.225421], [81.133124, 17.22541], [81.133087, 17.225397], [81.132257, 17.225115], [81.131194, 17.22509], [81.13013, 17.224795], [81.129286, 17.224926], [81.128596, 17.225033], [81.127636, 17.224861], [81.126746, 17.224932], [81.125794, 17.224746], [81.12506, 17.224594], [81.12476, 17.224531], [81.123416, 17.224372], [81.122417, 17.22461], [81.121896, 17.224612], [81.121095, 17.224617], [81.120031, 17.224591], [81.118912, 17.224458], [81.118714, 17.224434], [81.118113, 17.224366], [81.117754, 17.224324], [81.11669, 17.224111], [81.115516, 17.223949], [81.11437, 17.223682], [81.113222, 17.223603], [81.112893, 17.223561], [81.111963, 17.223443], [81.110788, 17.223364], [81.109752, 17.223364], [81.108752, 17.223177], [81.10868, 17.223164], [81.108467, 17.223124], [81.108213, 17.223067], [81.10729, 17.222856], [81.106525, 17.222788], [81.106087, 17.22275], [81.104688, 17.222482], [81.103849, 17.222375], [81.10281, 17.222313], [81.102058, 17.222162], [81.101759, 17.222096], [81.100156, 17.221735], [81.09913, 17.221415], [81.098952, 17.22136], [81.097945, 17.220984], [81.097162, 17.220796], [81.096295, 17.22061], [81.096269, 17.220604], [81.095568, 17.220451], [81.095316, 17.220396], [81.094419, 17.220128], [81.093441, 17.219914], [81.092293, 17.219673], [81.09123, 17.219431], [81.090139, 17.219109], [81.089367, 17.218855], [81.089323, 17.218841], [81.088219, 17.218233], [81.088202, 17.218224], [81.087167, 17.21785], [81.086187, 17.217474], [81.085404, 17.217313], [81.084565, 17.217341], [81.083726, 17.217235], [81.082784, 17.217079], [81.082747, 17.217073], [81.081739, 17.216375], [81.080536, 17.215651], [81.079774, 17.215154], [81.079752, 17.215141], [81.079101, 17.214947], [81.078956, 17.214926], [81.077825, 17.21525], [81.076294, 17.215688], [81.075703, 17.215857], [81.072259, 17.217516], [81.063165, 17.221612], [81.061173, 17.221821], [81.059344, 17.222753], [81.057299, 17.223842], [81.056384, 17.22436], [81.055126, 17.224797], [81.055039, 17.224827], [81.055115, 17.224345], [81.055146, 17.224154], [81.056005, 17.221877], [81.056165, 17.220273], [81.055571, 17.218359], [81.054385, 17.21598], [81.053253, 17.214532], [81.053119, 17.21433], [81.052228, 17.212981], [81.050126, 17.209206], [81.048515, 17.206942], [81.048313, 17.206582], [81.048301, 17.206559], [81.047683, 17.205378], [81.047095, 17.204932], [81.046229, 17.204421], [81.045725, 17.203992], [81.045108, 17.203482], [81.044492, 17.203024], [81.043988, 17.202541], [81.043374, 17.201923], [81.042806, 17.201572], [81.042662, 17.201483], [81.041739, 17.20108], [81.041488, 17.200247], [81.041089, 17.199301], [81.040899, 17.198849], [81.040227, 17.197748], [81.039995, 17.197457], [81.039415, 17.196728], [81.03866, 17.195733], [81.037875, 17.19482], [81.037036, 17.19388], [81.036251, 17.193074], [81.036239, 17.193061], [81.035764, 17.192589], [81.035473, 17.1923], [81.035468, 17.192295], [81.034321, 17.191893], [81.032882, 17.192005], [81.032374, 17.192228], [81.032336, 17.192244], [81.031876, 17.191653], [81.031833, 17.191599], [81.031617, 17.1914], [81.031078, 17.190901], [81.030454, 17.190428], [81.030405, 17.190391], [81.029837, 17.190601], [81.028906, 17.190934], [81.027771, 17.19117], [81.026924, 17.191495], [81.026017, 17.191725], [81.025199, 17.191867], [81.024398, 17.192147], [81.023195, 17.19241], [81.021965, 17.192786], [81.02066, 17.19332], [81.019505, 17.193595], [81.018274, 17.193784], [81.016876, 17.193946], [81.016385, 17.193987], [81.016357, 17.193989], [81.015925, 17.194027], [81.014526, 17.194134], [81.013491, 17.194135], [81.012567, 17.19419], [81.011729, 17.194056], [81.010532, 17.193926], [81.010498, 17.193922], [81.010101, 17.19368], [81.009345, 17.193117], [81.009131, 17.192733], [81.008925, 17.192364], [81.008264, 17.191805], [81.008226, 17.191773], [81.007135, 17.191827], [81.006073, 17.191586], [81.004954, 17.19121], [81.003862, 17.190996], [81.002604, 17.19062], [81.001289, 17.190299], [81.000058, 17.190217], [80.999399, 17.190129], [80.998459, 17.190003], [80.997671, 17.190276], [80.996865, 17.190703], [80.995771, 17.191072], [80.994245, 17.191794], [80.993145, 17.19213], [80.991811, 17.192673], [80.99072, 17.193157], [80.989593, 17.193531], [80.989141, 17.193681], [80.987799, 17.194223], [80.986849, 17.194708], [80.985253, 17.195218], [80.984004, 17.195589], [80.983128, 17.195945], [80.982179, 17.19596], [80.981906, 17.195965], [80.981003, 17.196188], [80.980509, 17.196662], [80.98008, 17.197075], [80.979379, 17.197508], [80.978995, 17.197745], [80.978609, 17.197983], [80.977126, 17.198602], [80.975701, 17.199329], [80.975337, 17.200297], [80.97433, 17.200566], [80.973436, 17.200618], [80.972454, 17.200673], [80.971588, 17.200566], [80.970551, 17.201129], [80.970498, 17.201158], [80.969854, 17.199976], [80.969128, 17.198927], [80.968484, 17.198525], [80.96759, 17.198182], [80.967503, 17.198149], [80.967387, 17.198854], [80.967321, 17.199249], [80.967282, 17.199493], [80.967337, 17.200406], [80.967368, 17.200572], [80.967505, 17.201294], [80.967924, 17.202691], [80.967114, 17.202986], [80.966362, 17.203142], [80.964938, 17.203293], [80.964174, 17.203357], [80.963958, 17.203375], [80.963897, 17.203376], [80.963059, 17.203395], [80.961992, 17.203629], [80.961059, 17.203782], [80.960604, 17.203858], [80.95954, 17.204291], [80.959198, 17.204504], [80.95842, 17.204989], [80.957554, 17.205608], [80.957208, 17.205789], [80.95652, 17.206146], [80.955875, 17.206765], [80.954713, 17.207787], [80.953994, 17.208355], [80.953071, 17.208819], [80.952435, 17.209603], [80.95196, 17.210275], [80.95115, 17.21135], [80.95075, 17.211693], [80.949651, 17.212634], [80.948771, 17.213447], [80.948348, 17.213613], [80.947882, 17.213797], [80.947622, 17.214074], [80.947419, 17.214289], [80.947351, 17.214361], [80.946904, 17.215087], [80.945672, 17.216243], [80.944638, 17.217033], [80.943436, 17.217572], [80.942262, 17.218352], [80.94117, 17.21889], [80.939828, 17.219427], [80.938177, 17.21975], [80.937114, 17.219723], [80.935855, 17.219831], [80.934653, 17.219885], [80.93359, 17.219832], [80.932627, 17.219805], [80.931536, 17.219886], [80.930585, 17.21994], [80.929706, 17.220055], [80.928212, 17.220335], [80.92748, 17.220396], [80.926389, 17.22037], [80.925216, 17.220344], [80.925186, 17.220343], [80.924174, 17.219806], [80.924124, 17.21978], [80.923647, 17.219671], [80.923046, 17.219842], [80.921978, 17.219807], [80.921941, 17.219806], [80.921242, 17.219404], [80.920731, 17.219146], [80.920655, 17.219108], [80.920364, 17.219108], [80.919984, 17.219108], [80.918961, 17.219573], [80.91892, 17.219591], [80.918249, 17.218973], [80.917577, 17.217952], [80.916991, 17.216903], [80.916347, 17.215532], [80.916095, 17.21427], [80.916262, 17.213033], [80.916206, 17.211878], [80.916067, 17.211098], [80.916251, 17.210297], [80.916906, 17.209867], [80.917269, 17.2089], [80.917285, 17.208771], [80.91733, 17.208404], [80.917381, 17.207986], [80.917494, 17.206911], [80.917633, 17.205513], [80.917649, 17.205344], [80.917745, 17.204304], [80.91794, 17.203335], [80.918443, 17.202501], [80.919144, 17.201534], [80.919507, 17.200701], [80.919619, 17.199809], [80.919423, 17.198787], [80.919115, 17.197685], [80.91864, 17.196665], [80.918304, 17.195616], [80.918153, 17.194672], [80.918131, 17.19388], [80.918109, 17.19309], [80.918108, 17.192498], [80.918108, 17.191827], [80.917942, 17.190886], [80.917923, 17.190192], [80.917913, 17.189838], [80.917998, 17.189493], [80.918772, 17.189388], [80.919697, 17.189291], [80.920374, 17.189197], [80.920821, 17.188632], [80.92138, 17.187746], [80.92194, 17.186671], [80.92271, 17.18608], [80.923473, 17.185638], [80.924101, 17.185093], [80.924877, 17.184439], [80.925157, 17.183875], [80.925236, 17.183458], [80.925297, 17.183149], [80.925285, 17.18304], [80.925101, 17.181349], [80.924961, 17.180032], [80.924848, 17.179193], [80.924681, 17.178118], [80.924373, 17.177231], [80.924401, 17.176263], [80.924178, 17.174945], [80.923981, 17.17379], [80.923897, 17.172231], [80.92384, 17.171263], [80.923819, 17.170909], [80.923786, 17.170377], [80.923763, 17.169813], [80.92373, 17.168979], [80.923953, 17.167824], [80.924373, 17.167071], [80.924206, 17.166507], [80.92384, 17.165914], [80.92331, 17.16535], [80.922834, 17.164705], [80.922862, 17.16382], [80.922806, 17.162502], [80.922837, 17.16201], [80.922863, 17.1616], [80.922583, 17.161006], [80.922585, 17.160255], [80.922834, 17.159609], [80.92317, 17.158883], [80.923537, 17.158051], [80.923853, 17.157332], [80.923868, 17.157297], [80.92298, 17.157329], [80.922975, 17.157329], [80.922024, 17.156948], [80.920597, 17.156061], [80.919899, 17.155497], [80.91905, 17.155043], [80.918941, 17.154984], [80.918445, 17.154718], [80.917039, 17.153961], [80.917017, 17.153949], [80.916566, 17.153808], [80.915732, 17.153546], [80.914419, 17.153463], [80.913214, 17.153386], [80.911845, 17.153439], [80.910923, 17.15344], [80.909775, 17.153386], [80.909576, 17.153421], [80.908296, 17.153646], [80.907817, 17.153729], [80.906868, 17.153896], [80.905552, 17.154165], [80.903763, 17.154434], [80.901778, 17.155052], [80.900377, 17.155379], [80.899132, 17.155885], [80.898028, 17.156222], [80.896671, 17.156638], [80.896324, 17.156719], [80.895049, 17.157014], [80.893365, 17.157471], [80.892446, 17.157647], [80.891916, 17.157748], [80.891526, 17.157806], [80.889429, 17.158125], [80.888475, 17.158177], [80.886667, 17.158337], [80.885704, 17.158674], [80.884852, 17.159204], [80.884114, 17.159631], [80.883136, 17.159981], [80.881989, 17.160384], [80.881051, 17.160755], [80.880477, 17.160991], [80.88045, 17.161002], [80.87978, 17.160544], [80.879304, 17.160249], [80.879305, 17.158959], [80.879194, 17.157857], [80.879215, 17.157484], [80.879223, 17.157354], [80.879277, 17.156405], [80.879363, 17.155597], [80.879445, 17.154819], [80.879333, 17.15361], [80.879081, 17.151971], [80.878719, 17.150435], [80.878579, 17.149574], [80.878399, 17.149005], [80.878397, 17.148998], [80.878272, 17.148607], [80.877909, 17.14702], [80.878049, 17.145729], [80.878218, 17.144546], [80.878133, 17.143229], [80.878049, 17.142154], [80.878133, 17.140655], [80.878219, 17.139338], [80.878274, 17.138424], [80.878359, 17.137671], [80.878457, 17.137226], [80.878554, 17.136785], [80.878958, 17.135873], [80.879532, 17.135173], [80.879645, 17.134151], [80.879365, 17.133547], [80.87917, 17.133129], [80.878361, 17.132306], [80.878164, 17.132107], [80.876822, 17.131086], [80.875905, 17.130344], [80.875334, 17.129831], [80.875038, 17.129565], [80.874059, 17.128705], [80.873349, 17.12839], [80.872718, 17.128111], [80.872662, 17.128086], [80.871966, 17.127945], [80.871599, 17.127872], [80.87049, 17.127515], [80.870425, 17.127494], [80.86979, 17.127177], [80.86967, 17.127118], [80.869306, 17.126956], [80.868943, 17.126257], [80.868803, 17.125586], [80.868499, 17.125182], [80.868217, 17.124807], [80.867979, 17.123615], [80.867965, 17.123549], [80.867965, 17.122554], [80.86805, 17.121559], [80.868539, 17.120161], [80.868809, 17.11966], [80.86908, 17.119156], [80.869325, 17.118699], [80.869457, 17.118514], [80.870119, 17.117581], [80.871239, 17.115941], [80.871424, 17.115704], [80.872665, 17.114114], [80.873546, 17.112764], [80.873615, 17.112658], [80.874259, 17.111691], [80.87493, 17.110454], [80.875377, 17.109567], [80.875572, 17.108706], [80.875967, 17.106961], [80.875996, 17.106818], [80.876205, 17.105836], [80.876217, 17.105776], [80.876161, 17.10454], [80.875743, 17.103287], [80.875155, 17.101648], [80.874596, 17.100384], [80.874205, 17.099336], [80.873786, 17.098503], [80.873651, 17.097723], [80.873759, 17.097026], [80.874014, 17.09613], [80.874626, 17.095601], [80.875072, 17.095171], [80.874374, 17.094187], [80.873815, 17.093434], [80.873201, 17.092628], [80.872894, 17.091956], [80.872726, 17.091094], [80.872222, 17.090154], [80.871637, 17.089159], [80.871189, 17.08846], [80.870573, 17.087922], [80.870266, 17.087116], [80.870166, 17.086721], [80.870043, 17.086235], [80.86979, 17.085733], [80.869624, 17.085401], [80.869541, 17.085202], [80.869289, 17.084595], [80.868786, 17.083709], [80.868535, 17.082956], [80.868115, 17.082365], [80.86792, 17.081747], [80.867756, 17.081038], [80.867747, 17.081001], [80.867529, 17.079972], [80.8682, 17.07922], [80.868466, 17.078541], [80.868536, 17.07836], [80.868452, 17.077526], [80.868899, 17.077202], [80.869306, 17.077121], [80.869843, 17.077014], [80.87096, 17.076788], [80.87205, 17.076452], [80.872534, 17.076209], [80.872837, 17.07561], [80.873593, 17.07511], [80.875189, 17.074301], [80.875281, 17.074228], [80.875636, 17.073943], [80.876028, 17.07363], [80.876644, 17.073065], [80.876812, 17.072017], [80.876812, 17.071593], [80.876813, 17.070727], [80.876813, 17.070673], [80.876803, 17.070371], [80.876797, 17.070182], [80.876794, 17.070073], [80.876791, 17.069976], [80.876789, 17.069904], [80.876786, 17.069834], [80.876785, 17.069809], [80.876598, 17.069748], [80.875616, 17.070205], [80.874565, 17.070435], [80.874357, 17.070421], [80.873896, 17.070389], [80.873419, 17.070022], [80.872798, 17.068551], [80.872156, 17.067857], [80.872034, 17.067725], [80.870975, 17.067634], [80.87041, 17.067587], [80.869741, 17.066438], [80.869407, 17.065519], [80.868882, 17.06529], [80.867926, 17.064095], [80.865777, 17.060373], [80.86401, 17.056285], [80.863103, 17.055917], [80.86221, 17.054939], [80.861384, 17.054034], [80.859106, 17.051811], [80.85866, 17.051376], [80.85853, 17.051249], [80.858088, 17.050817], [80.856751, 17.048429], [80.855796, 17.046223], [80.855376, 17.045924], [80.855008, 17.045663], [80.85379, 17.044798], [80.850422, 17.042552], [80.850209, 17.042409], [80.846723, 17.040388], [80.845587, 17.039687], [80.844866, 17.039242], [80.844861, 17.039239], [80.844673, 17.039499], [80.843236, 17.041489], [80.841564, 17.045211], [80.839033, 17.047012], [80.837887, 17.047828], [80.832728, 17.050722], [80.829719, 17.051686], [80.825325, 17.053109], [80.823039, 17.053413], [80.82222, 17.053522], [80.820511, 17.053738], [80.81859, 17.05398], [80.818132, 17.054041], [80.817956, 17.054064], [80.816744, 17.054222], [80.816488, 17.054256], [80.813914, 17.05445], [80.812859, 17.05453], [80.810614, 17.054713], [80.807987, 17.055815], [80.807012, 17.056194], [80.805742, 17.056687], [80.805585, 17.056744], [80.803831, 17.057376], [80.801968, 17.058707], [80.80117, 17.059293], [80.799271, 17.060684], [80.798146, 17.061508], [80.796687, 17.061806], [80.79585, 17.061977], [80.794324, 17.062288], [80.791958, 17.062894], [80.791915, 17.062905], [80.787159, 17.064123], [80.786956, 17.064112], [80.783751, 17.063926], [80.783148, 17.063891], [80.781476, 17.063983], [80.779947, 17.065131], [80.77818, 17.065497], [80.773187, 17.066185], [80.767337, 17.066456], [80.763563, 17.06673], [80.761329, 17.067671], [80.760762, 17.067909], [80.759311, 17.06852], [80.755202, 17.070539], [80.753243, 17.071181], [80.752288, 17.071272], [80.751141, 17.07242], [80.74989, 17.073793], [80.749803, 17.07389], [80.747748, 17.074945], [80.746553, 17.076599], [80.745851, 17.077272], [80.745597, 17.077517], [80.744896, 17.077188], [80.744343, 17.076928], [80.74383, 17.076688], [80.743211, 17.077004], [80.740772, 17.078249], [80.738512, 17.079239], [80.738049, 17.079441], [80.736998, 17.078705], [80.736043, 17.077694], [80.734852, 17.077595], [80.734372, 17.077555], [80.731649, 17.078059], [80.727562, 17.079023], [80.724006, 17.07934], [80.72073, 17.079887], [80.720333, 17.079953], [80.716887, 17.080529], [80.709626, 17.081856], [80.709179, 17.082107], [80.70801, 17.081814], [80.706797, 17.081449], [80.705145, 17.08095], [80.704647, 17.080873], [80.70442, 17.080935], [80.704181, 17.080795], [80.702186, 17.081319], [80.700693, 17.08171], [80.700577, 17.081746], [80.698401, 17.082419], [80.697875, 17.082582], [80.697875, 17.082582], [80.697636, 17.082213], [80.698183, 17.080975], [80.698186, 17.080969], [80.697685, 17.080882], [80.696586, 17.081432], [80.69606, 17.081339], [80.695205, 17.079508], [80.695202, 17.079502], [80.696158, 17.07863], [80.69635, 17.078032], [80.696347, 17.077974], [80.696281, 17.076614], [80.696257, 17.076111], [80.696256, 17.076102], [80.695768, 17.076441], [80.695396, 17.076699], [80.694537, 17.075274], [80.693828, 17.074496], [80.693827, 17.074495], [80.693433, 17.074063], [80.691944, 17.073814], [80.690959, 17.07368], [80.690082, 17.073908], [80.689227, 17.073984], [80.688152, 17.073696], [80.686174, 17.073315], [80.684372, 17.072944], [80.683231, 17.072762], [80.682933, 17.072738], [80.681453, 17.071955], [80.680115, 17.071954], [80.678396, 17.071539], [80.676343, 17.071078], [80.675055, 17.070112], [80.675054, 17.070111], [80.674341, 17.068919], [80.674339, 17.068916], [80.673053, 17.067561], [80.672812, 17.067307], [80.671092, 17.06781], [80.671091, 17.068959], [80.670834, 17.06955], [80.670612, 17.070061], [80.670142, 17.070095], [80.66937, 17.070152], [80.668682, 17.069567], [80.667748, 17.068772], [80.666793, 17.06822], [80.66634, 17.068049], [80.665286, 17.067651], [80.663198, 17.067925], [80.659376, 17.068362], [80.657883, 17.06857], [80.657352, 17.068726], [80.656714, 17.068669], [80.653561, 17.069493], [80.651411, 17.070363], [80.650922, 17.07068], [80.650833, 17.070738], [80.649642, 17.07151], [80.64965, 17.071622], [80.649676, 17.072032], [80.649736, 17.072935], [80.651592, 17.078724], [80.651927, 17.079632], [80.652127, 17.080174], [80.652672, 17.081648], [80.652773, 17.081921], [80.653069, 17.082723], [80.654337, 17.085844], [80.654974, 17.087411], [80.654976, 17.087413], [80.656624, 17.088919], [80.656835, 17.089113], [80.657124, 17.088962], [80.657847, 17.089135], [80.658477, 17.089174], [80.658984, 17.089265], [80.659176, 17.089299], [80.660308, 17.08974], [80.66142, 17.090174], [80.661422, 17.090178], [80.662564, 17.092197], [80.662566, 17.092198], [80.663614, 17.093346], [80.664404, 17.093526], [80.664545, 17.093625], [80.666374, 17.094465], [80.66686, 17.094618], [80.667624, 17.095372], [80.667625, 17.095374], [80.668566, 17.097328], [80.668864, 17.097946], [80.668968, 17.098199], [80.669493, 17.099482], [80.669673, 17.099922], [80.669863, 17.101576], [80.667087, 17.103764], [80.666262, 17.104415], [80.665847, 17.104742], [80.665313, 17.104991], [80.664249, 17.105489], [80.663983, 17.105613], [80.662289, 17.1061], [80.662071, 17.106163], [80.659968, 17.107216], [80.659466, 17.107493], [80.658469, 17.108043], [80.657721, 17.108455], [80.655666, 17.109509], [80.654185, 17.109921], [80.65366, 17.110407], [80.652641, 17.11052], [80.651147, 17.11069], [80.650682, 17.110821], [80.650314, 17.11079], [80.648998, 17.111161], [80.647877, 17.111477], [80.647828, 17.111511], [80.646538, 17.112431], [80.64453, 17.113862], [80.644341, 17.113985], [80.644145, 17.114112], [80.643788, 17.114345], [80.643021, 17.114844], [80.641968, 17.11553], [80.640657, 17.116384], [80.642183, 17.120517], [80.642247, 17.120692], [80.642371, 17.121026], [80.643028, 17.122708], [80.6433, 17.123404], [80.64361, 17.124197], [80.643325, 17.124307], [80.642892, 17.124472], [80.640168, 17.125251], [80.63888, 17.125992], [80.638495, 17.126213], [80.637762, 17.126809], [80.63663, 17.127727], [80.63609, 17.128331], [80.63594, 17.128344], [80.635398, 17.12839], [80.634303, 17.128599], [80.63239, 17.128961], [80.632381, 17.128962], [80.630327, 17.129257], [80.629084, 17.129416], [80.627762, 17.129564], [80.627392, 17.129605], [80.626248, 17.12944], [80.625173, 17.129217], [80.62489, 17.129222], [80.624068, 17.129238], [80.62363, 17.129311], [80.623152, 17.12939], [80.622605, 17.129327], [80.622295, 17.129364], [80.621419, 17.128958], [80.621005, 17.128766], [80.620101, 17.128208], [80.619812, 17.12803], [80.619286, 17.128258], [80.619201, 17.128308], [80.618543, 17.128697], [80.618043, 17.128992], [80.618424, 17.129773], [80.617931, 17.130201], [80.616941, 17.131058], [80.614741, 17.132433], [80.61384, 17.132718], [80.610392, 17.133807], [80.607188, 17.135134], [80.606677, 17.135263], [80.606084, 17.135411], [80.606056, 17.135418], [80.606031, 17.135425], [80.605181, 17.135637], [80.604224, 17.136876], [80.602787, 17.139356], [80.600969, 17.140961], [80.599343, 17.141969], [80.598195, 17.142979], [80.596663, 17.144861], [80.595134, 17.145409], [80.591452, 17.147013], [80.5882, 17.148571], [80.58557, 17.14999], [80.583083, 17.151273], [80.580454, 17.152649], [80.579756, 17.152959], [80.579116, 17.153243], [80.579115, 17.153244], [80.578593, 17.151984], [80.578258, 17.151175], [80.577982, 17.150727], [80.577496, 17.149936], [80.577495, 17.149934], [80.576684, 17.14952], [80.576683, 17.149519], [80.575443, 17.14791], [80.575443, 17.14791], [80.574635, 17.147131], [80.573299, 17.145842], [80.573296, 17.145839], [80.570959, 17.143217], [80.569004, 17.140182], [80.566382, 17.13678], [80.566382, 17.136779], [80.564519, 17.135208], [80.563328, 17.134202], [80.561974, 17.132991], [80.561462, 17.132533], [80.561458, 17.13253], [80.560827, 17.132504], [80.559493, 17.132387], [80.55806, 17.132519], [80.556964, 17.132633], [80.555769, 17.132784], [80.555064, 17.13295], [80.554061, 17.133131], [80.553417, 17.133372], [80.552961, 17.133543], [80.552961, 17.133543], [80.551533, 17.132211], [80.55153, 17.132209], [80.549638, 17.131709], [80.549177, 17.131588], [80.548904, 17.131516], [80.548903, 17.131516], [80.547711, 17.13009], [80.544897, 17.127283], [80.544325, 17.126088], [80.543564, 17.124987], [80.543563, 17.124984], [80.543469, 17.124967], [80.54256, 17.124798], [80.541837, 17.124664], [80.541318, 17.124567], [80.540274, 17.124808], [80.539744, 17.124931], [80.539741, 17.124932], [80.539695, 17.123371], [80.539695, 17.123371], [80.537929, 17.122356], [80.535448, 17.121342], [80.535447, 17.121342], [80.53397, 17.119963], [80.533968, 17.119961], [80.528096, 17.117931], [80.528095, 17.117931], [80.527574, 17.117565], [80.52757, 17.117562], [80.527114, 17.117608], [80.526232, 17.117698], [80.525684, 17.117852], [80.523795, 17.118383], [80.519385, 17.119751], [80.518968, 17.11988], [80.516576, 17.120622], [80.515171, 17.120988], [80.513962, 17.121303], [80.513425, 17.121442], [80.513421, 17.121443], [80.513475, 17.118274], [80.513219, 17.111438], [80.512863, 17.110421], [80.512643, 17.109792], [80.512298, 17.108808], [80.510154, 17.105772], [80.509961, 17.105449], [80.508711, 17.103344], [80.50682, 17.100162], [80.504359, 17.095568], [80.504012, 17.09492], [80.502731, 17.08991], [80.506271, 17.087619], [80.509109, 17.085843], [80.509712, 17.085466], [80.509858, 17.085374], [80.50767, 17.080271], [80.506101, 17.075995], [80.503731, 17.066482], [80.503661, 17.066441], [80.502912, 17.065997], [80.500773, 17.06473], [80.49769, 17.063239], [80.496956, 17.06284], [80.495095, 17.061826], [80.493046, 17.059296], [80.491888, 17.056538], [80.491715, 17.056124], [80.491499, 17.055415], [80.490409, 17.051826], [80.490409, 17.051825], [80.489981, 17.051777], [80.489466, 17.051719], [80.488619, 17.05169], [80.488318, 17.051676], [80.48765, 17.051644], [80.486079, 17.051557], [80.485697, 17.051572], [80.485255, 17.05159], [80.484972, 17.051602], [80.483695, 17.051479], [80.482401, 17.051477], [80.481426, 17.051456], [80.480471, 17.051465], [80.479476, 17.051317], [80.478381, 17.051182], [80.47681, 17.050911], [80.475935, 17.050737], [80.474402, 17.050504], [80.47285, 17.050406], [80.471878, 17.050232], [80.471876, 17.050231], [80.471036, 17.049978], [80.471032, 17.049977], [80.47062, 17.050066], [80.470617, 17.050066], [80.470236, 17.049284], [80.468287, 17.045146], [80.467149, 17.041285], [80.467116, 17.041159], [80.465395, 17.034665], [80.463793, 17.030402], [80.463792, 17.0304], [80.462248, 17.031038], [80.461839, 17.031109], [80.460232, 17.031698], [80.459256, 17.032097], [80.4583, 17.032556], [80.457453, 17.03324], [80.457095, 17.033443], [80.456744, 17.03364], [80.455608, 17.034281], [80.454534, 17.03452], [80.45318, 17.034881], [80.451886, 17.03528], [80.449955, 17.035717], [80.44874, 17.035734], [80.447566, 17.035769], [80.446532, 17.035705], [80.445456, 17.035971], [80.44458, 17.036237], [80.443704, 17.036408], [80.442927, 17.036656], [80.442151, 17.036845], [80.441135, 17.037207], [80.439422, 17.037491], [80.438805, 17.037654], [80.438803, 17.037654], [80.438172, 17.037461], [80.438169, 17.03746], [80.437991, 17.03792], [80.437832, 17.038332], [80.436297, 17.041729], [80.435337, 17.04361], [80.434959, 17.045298], [80.434957, 17.045307], [80.43471, 17.046412], [80.434506, 17.046894], [80.434505, 17.046894], [80.433366, 17.049579], [80.432216, 17.051047], [80.432154, 17.051346], [80.431733, 17.053388], [80.430916, 17.055684], [80.429486, 17.057784], [80.429479, 17.057794], [80.428863, 17.058482], [80.427824, 17.059643], [80.426735, 17.06086], [80.426606, 17.061003], [80.424789, 17.061873], [80.424675, 17.062105], [80.424021, 17.063433], [80.422932, 17.065656], [80.422581, 17.06637], [80.422296, 17.066666], [80.42081, 17.068204], [80.418798, 17.070865], [80.417074, 17.072928], [80.416688, 17.074076], [80.416936, 17.074695], [80.417591, 17.076329], [80.418015, 17.078856], [80.417821, 17.082083], [80.417816, 17.082165], [80.417467, 17.084827], [80.416943, 17.087675], [80.417322, 17.089238], [80.418368, 17.091399], [80.4186, 17.092073], [80.4186, 17.092073], [80.418338, 17.092059], [80.417911, 17.092036], [80.417727, 17.092049], [80.41637, 17.091902], [80.416104, 17.091921], [80.415275, 17.091977], [80.4141, 17.092173], [80.413278, 17.092382], [80.412827, 17.092496], [80.412825, 17.092496], [80.412371, 17.092503], [80.411824, 17.092512], [80.411821, 17.092512], [80.411741, 17.092499], [80.411435, 17.092448], [80.411164, 17.09237], [80.410906, 17.092296], [80.41082, 17.092272], [80.410698, 17.092237], [80.410472, 17.092259], [80.409965, 17.092114], [80.409673, 17.092253], [80.409672, 17.092253], [80.408642, 17.091636], [80.4083, 17.091374], [80.408053, 17.091051], [80.40767, 17.09055], [80.407478, 17.088476], [80.407456, 17.088234], [80.40739, 17.087519], [80.40739, 17.087516], [80.407207, 17.087563], [80.406305, 17.08779], [80.405769, 17.087925], [80.405765, 17.087926], [80.404143, 17.086912], [80.404501, 17.084458], [80.404532, 17.084248], [80.404153, 17.083008], [80.402866, 17.081902], [80.402865, 17.081901], [80.401385, 17.082082], [80.400231, 17.082302], [80.399954, 17.082354], [80.399951, 17.082355], [80.399188, 17.081893], [80.399028, 17.081739], [80.398069, 17.080812], [80.397615, 17.080374], [80.39585, 17.079359], [80.392415, 17.077698], [80.391315, 17.076708], [80.391033, 17.076454], [80.389875, 17.074791], [80.389462, 17.074199], [80.388604, 17.073417], [80.388593, 17.0734], [80.388033, 17.072588], [80.386463, 17.070241], [80.38446, 17.068675], [80.384463, 17.067572], [80.386139, 17.066106], [80.387815, 17.064181], [80.388198, 17.063895], [80.388601, 17.063596], [80.389968, 17.062578], [80.390929, 17.060558], [80.391672, 17.058966], [80.39218, 17.057877], [80.392321, 17.057575], [80.392325, 17.057576], [80.392664, 17.057623], [80.393324, 17.057716], [80.393323, 17.057715], [80.393254, 17.057489], [80.393039, 17.056796], [80.392896, 17.056347], [80.392625, 17.055501], [80.392613, 17.055462], [80.392641, 17.055449], [80.393999, 17.054822], [80.393858, 17.053904], [80.393863, 17.053904], [80.394393, 17.053916], [80.394394, 17.053916], [80.395846, 17.053359], [80.396345, 17.053197], [80.396996, 17.052986], [80.397395, 17.052855], [80.397685, 17.051293], [80.397375, 17.049897], [80.397307, 17.049592], [80.39626, 17.04835], [80.395596, 17.046373], [80.39579, 17.04527], [80.395509, 17.042928], [80.395753, 17.040814], [80.395095, 17.036218], [80.396726, 17.035018], [80.396961, 17.034845], [80.397059, 17.034798], [80.398778, 17.033976], [80.400022, 17.032968], [80.399214, 17.031313], [80.399836, 17.030762], [80.400344, 17.030682], [80.400783, 17.030331], [80.401828, 17.029887], [80.402687, 17.029741], [80.404044, 17.028659], [80.406389, 17.026458], [80.406352, 17.025739], [80.406304, 17.024783], [80.406298, 17.024666], [80.406306, 17.021129], [80.406266, 17.018051], [80.406009, 17.015948], [80.405985, 17.015753], [80.404888, 17.014923], [80.400691, 17.01326], [80.399451, 17.012431], [80.397876, 17.012059], [80.393773, 17.010672], [80.39024, 17.010296], [80.388428, 17.009649], [80.386759, 17.008451], [80.386333, 17.007071], [80.386329, 17.007048], [80.386184, 17.006154], [80.385862, 17.004176], [80.383198, 17.000495], [80.381291, 16.999204], [80.379817, 16.997041], [80.377251, 16.991936], [80.373634, 16.987287], [80.371584, 16.986133], [80.370011, 16.984981], [80.369014, 16.983095], [80.36749, 16.9813], [80.36692, 16.980517], [80.366217, 16.980691], [80.36563, 16.980835], [80.364301, 16.977846], [80.364152, 16.977466], [80.363542, 16.975915], [80.364739, 16.974723], [80.364741, 16.974723], [80.365221, 16.97483], [80.365788, 16.974956], [80.366599, 16.975325], [80.366602, 16.975323], [80.366868, 16.975173], [80.36687, 16.975174], [80.36704, 16.97521], [80.367278, 16.975261], [80.367625, 16.97527], [80.368297, 16.975287], [80.369431, 16.975156], [80.370307, 16.975024], [80.371342, 16.974817], [80.372278, 16.974665], [80.373532, 16.974438], [80.375472, 16.974019], [80.375721, 16.973965], [80.376479, 16.973828], [80.376704, 16.973788], [80.376964, 16.973741], [80.377194, 16.9737], [80.377897, 16.973564], [80.378405, 16.973466], [80.378468, 16.973454], [80.378471, 16.973453], [80.380321, 16.972902], [80.380324, 16.972901], [80.381287, 16.972679], [80.381288, 16.972679], [80.382457, 16.971962], [80.386711, 16.970273], [80.387383, 16.969995], [80.390247, 16.96881], [80.39025, 16.96881], [80.391027, 16.968746], [80.39103, 16.968745], [80.39181, 16.968519], [80.392706, 16.968195], [80.393741, 16.967891], [80.395174, 16.967474], [80.396568, 16.967036], [80.398052, 16.966552], [80.398141, 16.966523], [80.399932, 16.965972], [80.401485, 16.965459], [80.40223, 16.965238], [80.402959, 16.965021], [80.40467, 16.964508], [80.406224, 16.963995], [80.406227, 16.963995], [80.407776, 16.963787], [80.409647, 16.963597], [80.411278, 16.963389], [80.411281, 16.963388], [80.413248, 16.963011], [80.413252, 16.96301], [80.41504, 16.962728], [80.416552, 16.962425], [80.418005, 16.962102], [80.419418, 16.961818], [80.420751, 16.961534], [80.420754, 16.961534], [80.422055, 16.961407], [80.422483, 16.961366], [80.422485, 16.961365], [80.423438, 16.961195], [80.42517, 16.960854], [80.42694, 16.960609], [80.427876, 16.960477], [80.428831, 16.960115], [80.429492, 16.959942], [80.429847, 16.959849], [80.430901, 16.959564], [80.431997, 16.959164], [80.433171, 16.95886], [80.434266, 16.958537], [80.435759, 16.957909], [80.436994, 16.957564], [80.438168, 16.957086], [80.439522, 16.956724], [80.440995, 16.956422], [80.442786, 16.956157], [80.443233, 16.956081], [80.444019, 16.955949], [80.445305, 16.955834], [80.445311, 16.955834], [80.445691, 16.9558], [80.44588, 16.955774], [80.446825, 16.955648], [80.447563, 16.955467], [80.447708, 16.95515], [80.448972, 16.954531], [80.449666, 16.954192], [80.449858, 16.954098], [80.450119, 16.953935], [80.452726, 16.952312], [80.456788, 16.950207], [80.458416, 16.949208], [80.460373, 16.948008], [80.463959, 16.945213], [80.467018, 16.942876], [80.468763, 16.941458], [80.469218, 16.941089], [80.47156, 16.939071], [80.475625, 16.935633], [80.47897, 16.933664], [80.481359, 16.932382], [80.482415, 16.931715], [80.482742, 16.931507], [80.483462, 16.931053], [80.483909, 16.931055], [80.484214, 16.930975], [80.484959, 16.930782], [80.486461, 16.930553], [80.487311, 16.930353], [80.48776, 16.929912], [80.491201, 16.927805], [80.492729, 16.927303], [80.49273, 16.927304], [80.49281, 16.927777], [80.49287, 16.92813], [80.492627, 16.930886], [80.492289, 16.932816], [80.492362, 16.934944], [80.492379, 16.935434], [80.492851, 16.938146], [80.493373, 16.939985], [80.493512, 16.941777], [80.493652, 16.943844], [80.494268, 16.94605], [80.494078, 16.947811], [80.494025, 16.948301], [80.494262, 16.94922], [80.494451, 16.950278], [80.495831, 16.952577], [80.496399, 16.954599], [80.496877, 16.954831], [80.497221, 16.954997], [80.497448, 16.955107], [80.497735, 16.955245], [80.497979, 16.955327], [80.499261, 16.955753], [80.500975, 16.95601], [80.501123, 16.956032], [80.5037, 16.956404], [80.5037, 16.956404], [80.504129, 16.956865], [80.504131, 16.956864], [80.504612, 16.956679], [80.504737, 16.956631], [80.505562, 16.956316], [80.507281, 16.955676], [80.509575, 16.954714], [80.510958, 16.954092], [80.511916, 16.953662], [80.513826, 16.953022], [80.516501, 16.951785], [80.519607, 16.950321], [80.522282, 16.949085], [80.522285, 16.949087], [80.522426, 16.949174], [80.522427, 16.949173], [80.522608, 16.949093], [80.523142, 16.948994], [80.523667, 16.948536], [80.524671, 16.948124], [80.524897, 16.948175], [80.525185, 16.948013], [80.525688, 16.947927], [80.525689, 16.947928], [80.526206, 16.949137], [80.526952, 16.950842], [80.527252, 16.951529], [80.528066, 16.953702], [80.52825, 16.954195], [80.529558, 16.957357], [80.530151, 16.958792], [80.530819, 16.959023], [80.531582, 16.959391], [80.532676, 16.961828], [80.532679, 16.961826], [80.532694, 16.961815], [80.532789, 16.961806], [80.532967, 16.961806], [80.533145, 16.961766], [80.533146, 16.961768], [80.533146, 16.961769], [80.533149, 16.961768], [80.53348, 16.961642], [80.535069, 16.961038], [80.536145, 16.960654], [80.537439, 16.960116], [80.539209, 16.959476], [80.539813, 16.959166], [80.541071, 16.95872], [80.542172, 16.958283], [80.543193, 16.957872], [80.544171, 16.957379], [80.545361, 16.956958], [80.54606, 16.956705], [80.546816, 16.956154], [80.548393, 16.955146], [80.551737, 16.953128], [80.557137, 16.949737], [80.557912, 16.949209], [80.561438, 16.946803], [80.565356, 16.944465], [80.565513, 16.944318], [80.567033, 16.942895], [80.567316, 16.942631], [80.568685, 16.941844], [80.569466, 16.941394], [80.569968, 16.94141], [80.570569, 16.941141], [80.571026, 16.940936], [80.57109, 16.940799], [80.573955, 16.939838], [80.574288, 16.939058], [80.57448, 16.938608], [80.574292, 16.938323], [80.574818, 16.93768], [80.575342, 16.93791], [80.575343, 16.937911], [80.575405, 16.938418], [80.57551, 16.938526], [80.575628, 16.938646], [80.575629, 16.938645], [80.575759, 16.938468], [80.57606, 16.938061], [80.576169, 16.937913], [80.576011, 16.937544], [80.576632, 16.937407], [80.576633, 16.937409], [80.576965, 16.937866], [80.577114, 16.938155], [80.577155, 16.938234], [80.577157, 16.938233], [80.577374, 16.938095], [80.577586, 16.93796], [80.57878, 16.937318], [80.579167, 16.937456], [80.579686, 16.937641], [80.579905, 16.937268], [80.580117, 16.936907], [80.580443, 16.936355], [80.580792, 16.935768], [80.581314, 16.934887], [80.580742, 16.933783], [80.580678, 16.933579], [80.58041, 16.932726], [80.581031, 16.932405], [80.581605, 16.9319], [80.581463, 16.930981], [80.582561, 16.930156], [80.583374, 16.929238], [80.584616, 16.928688], [80.585033, 16.928716], [80.586048, 16.928782], [80.586063, 16.928779], [80.587002, 16.928625], [80.587432, 16.928554], [80.58877, 16.928051], [80.588955, 16.927921], [80.590012, 16.92718], [80.590252, 16.926261], [80.589967, 16.925434], [80.590636, 16.924332], [80.591019, 16.923506], [80.591544, 16.923577], [80.592403, 16.923691], [80.592404, 16.923692], [80.592593, 16.924656], [80.592596, 16.924656], [80.593417, 16.924481], [80.593882, 16.924382], [80.594434, 16.924383], [80.595123, 16.924384], [80.595791, 16.924339], [80.596317, 16.92388], [80.596174, 16.923237], [80.596692, 16.922574], [80.597179, 16.921952], [80.597996, 16.921851], [80.599089, 16.920759], [80.599473, 16.919611], [80.600332, 16.919429], [80.600813, 16.919198], [80.601478, 16.918879], [80.601435, 16.91881], [80.601349, 16.918672], [80.601335, 16.918649], [80.601192, 16.918419], [80.600287, 16.917178], [80.59819, 16.915658], [80.597827, 16.915319], [80.597353, 16.914875], [80.596569, 16.91414], [80.594853, 16.912851], [80.593901, 16.911289], [80.592996, 16.909403], [80.592717, 16.908782], [80.591902, 16.906967], [80.591141, 16.906187], [80.59114, 16.906186], [80.590332, 16.906134], [80.588944, 16.906045], [80.587707, 16.905676], [80.587704, 16.905676], [80.587037, 16.905168], [80.586008, 16.90377], [80.585989, 16.903744], [80.585993, 16.903733], [80.586277, 16.902916], [80.586708, 16.901768], [80.587281, 16.901493], [80.587284, 16.901495], [80.587517, 16.90165], [80.587518, 16.901649], [80.587896, 16.901526], [80.589065, 16.901496], [80.589395, 16.901133], [80.589525, 16.900991], [80.590241, 16.900809], [80.590244, 16.90081], [80.590556, 16.900985], [80.590556, 16.900984], [80.591141, 16.900747], [80.592447, 16.900689], [80.59258, 16.900536], [80.59332, 16.899438], [80.593632, 16.898975], [80.594446, 16.896771], [80.594495, 16.895715], [80.593918, 16.89519], [80.593685, 16.894978], [80.594261, 16.892774], [80.594745, 16.890921], [80.595268, 16.888916], [80.595209, 16.886295], [80.595179, 16.884965], [80.594944, 16.88476], [80.594225, 16.884136], [80.593034, 16.883032], [80.593034, 16.883032], [80.59167, 16.882559], [80.590733, 16.882234], [80.589289, 16.881915], [80.589123, 16.881878], [80.585312, 16.881946], [80.584808, 16.881955], [80.584351, 16.881963], [80.583558, 16.881798], [80.583015, 16.881686], [80.583015, 16.881686], [80.582003, 16.881306], [80.581301, 16.881041], [80.581298, 16.88104], [80.580694, 16.880924], [80.579921, 16.880774], [80.578676, 16.880531], [80.578675, 16.880531], [80.576624, 16.87961], [80.575199, 16.878163], [80.574766, 16.877723], [80.574446, 16.877305], [80.573146, 16.875608], [80.571574, 16.874319], [80.570812, 16.873216], [80.570508, 16.872801], [80.569764, 16.87179], [80.56805, 16.869673], [80.567813, 16.8688], [80.568196, 16.868112], [80.568246, 16.866779], [80.56858, 16.866137], [80.569434, 16.864434], [80.569777, 16.86375], [80.570738, 16.859432], [80.570573, 16.857998], [80.570267, 16.855343], [80.56932, 16.851114], [80.569516, 16.84776], [80.568661, 16.845141], [80.5669, 16.842105], [80.566576, 16.841554], [80.564141, 16.837415], [80.56332, 16.835283], [80.56279, 16.833906], [80.562478, 16.833094], [80.563676, 16.829695], [80.564001, 16.828593], [80.564299, 16.827583], [80.564929, 16.827395], [80.565005, 16.827372], [80.565302, 16.826802], [80.565632, 16.826736], [80.566057, 16.82665], [80.566733, 16.826632], [80.567946, 16.826596], [80.567948, 16.826596], [80.568275, 16.826636], [80.56888, 16.826711], [80.570033, 16.82679], [80.570791, 16.826722], [80.571306, 16.826676], [80.572174, 16.826546], [80.573175, 16.826507], [80.574089, 16.826566], [80.574924, 16.82659], [80.575417, 16.825807], [80.576134, 16.824797], [80.576136, 16.823328], [80.576805, 16.822777], [80.576807, 16.821392], [80.576808, 16.821123], [80.577176, 16.820887], [80.577819, 16.820473], [80.578575, 16.819747], [80.579494, 16.819273], [80.579816, 16.819106], [80.580296, 16.817406], [80.580679, 16.81635], [80.582303, 16.814928], [80.583545, 16.813781], [80.583975, 16.812863], [80.584371, 16.812933], [80.5845, 16.812956], [80.584501, 16.812955], [80.585455, 16.81236], [80.586076, 16.811763], [80.586317, 16.810155], [80.586842, 16.809651], [80.587321, 16.808732], [80.58861, 16.80832], [80.589326, 16.807402], [80.590072, 16.807635], [80.590423, 16.80722], [80.590855, 16.806026], [80.591762, 16.805522], [80.592335, 16.80442], [80.593148, 16.803411], [80.593579, 16.802354], [80.595775, 16.8013], [80.596724, 16.801558], [80.596976, 16.801545], [80.597002, 16.801544], [80.597003, 16.801543], [80.597311, 16.801247], [80.597492, 16.801073], [80.598351, 16.800615], [80.598878, 16.799421], [80.600023, 16.798963], [80.601693, 16.798367], [80.603363, 16.79791], [80.60386, 16.797882], [80.604937, 16.797821], [80.605893, 16.796443], [80.607183, 16.795389], [80.607946, 16.79539], [80.608654, 16.795196], [80.609013, 16.795098], [80.609705, 16.79491], [80.611286, 16.794107], [80.611662, 16.79368], [80.611664, 16.793678], [80.611647, 16.793675], [80.611643, 16.793674], [80.611289, 16.793602], [80.611287, 16.793602], [80.610333, 16.793233], [80.609942, 16.792911], [80.609941, 16.792911], [80.609571, 16.79291], [80.608617, 16.793047], [80.608378, 16.793322], [80.608949, 16.794058], [80.608738, 16.794235], [80.608567, 16.79438], [80.608178, 16.794295], [80.607712, 16.794195], [80.607709, 16.794194], [80.607297, 16.793816], [80.607296, 16.793815], [80.606337, 16.793863], [80.605782, 16.79389], [80.603954, 16.793849], [80.602701, 16.793828], [80.601688, 16.793827], [80.601688, 16.793827], [80.60086, 16.793631], [80.600856, 16.79363], [80.60065, 16.793726], [80.60065, 16.793726], [80.599744, 16.793494], [80.598696, 16.79285], [80.598221, 16.792667], [80.598219, 16.792666], [80.596884, 16.792756], [80.596884, 16.792756], [80.596073, 16.792572], [80.595456, 16.790779], [80.593741, 16.789444], [80.592262, 16.789121], [80.592264, 16.788017], [80.591263, 16.787328], [80.590745, 16.787249], [80.590613, 16.787229], [80.59061, 16.787228], [80.589797, 16.787104], [80.589737, 16.787095], [80.588118, 16.785715], [80.587737, 16.784795], [80.586975, 16.784152], [80.586308, 16.783829], [80.585773, 16.783406], [80.585489, 16.783181], [80.585262, 16.783002], [80.58526, 16.783001], [80.584114, 16.783505], [80.58364, 16.783549], [80.583637, 16.783549], [80.58321, 16.782767], [80.582162, 16.781296], [80.581416, 16.78102], [80.581161, 16.780927], [80.580304, 16.780099], [80.579498, 16.779943], [80.579245, 16.779893], [80.578873, 16.779821], [80.578551, 16.779776], [80.577872, 16.779681], [80.57711, 16.779406], [80.576586, 16.778715], [80.576063, 16.777704], [80.575065, 16.775635], [80.57352, 16.772241], [80.573496, 16.772187], [80.572163, 16.770807], [80.570305, 16.769333], [80.569162, 16.768597], [80.569161, 16.768597], [80.568065, 16.768687], [80.56762, 16.769515], [80.566902, 16.769621], [80.565888, 16.769793], [80.565642, 16.769859], [80.565639, 16.76986], [80.565488, 16.769787], [80.565487, 16.769786], [80.564533, 16.769876], [80.563293, 16.770426], [80.56167, 16.771067], [80.560525, 16.771295], [80.559723, 16.771352], [80.558617, 16.77143], [80.557757, 16.772348], [80.554799, 16.773262], [80.552126, 16.774315], [80.551159, 16.774958], [80.550205, 16.775113], [80.549109, 16.775185], [80.549105, 16.775185], [80.548435, 16.77509], [80.547378, 16.775109], [80.547375, 16.775109], [80.546316, 16.775265], [80.546314, 16.775265], [80.5453, 16.775238], [80.545299, 16.775238], [80.543538, 16.775412], [80.542732, 16.775497], [80.541229, 16.775655], [80.541225, 16.775656], [80.54028, 16.775535], [80.539908, 16.775486], [80.539633, 16.775449], [80.539247, 16.775399], [80.538234, 16.775378], [80.536968, 16.77533], [80.535789, 16.775374], [80.534741, 16.775437], [80.533711, 16.775342], [80.533622, 16.775349], [80.533485, 16.775359], [80.532604, 16.775429], [80.531185, 16.775461], [80.52982, 16.775407], [80.529401, 16.775353], [80.527988, 16.775174], [80.527801, 16.775195], [80.527039, 16.77501], [80.526658, 16.774642], [80.525961, 16.774641], [80.52577, 16.77464], [80.524989, 16.774639], [80.524229, 16.77473], [80.524225, 16.77473], [80.523926, 16.774935], [80.523926, 16.774936], [80.522808, 16.774993], [80.521999, 16.775056], [80.519767, 16.775288], [80.519194, 16.775347], [80.518602, 16.775392], [80.518139, 16.775426], [80.518015, 16.775446], [80.516766, 16.775654], [80.515596, 16.775685], [80.515354, 16.775634], [80.515353, 16.775634], [80.514162, 16.776043], [80.513492, 16.776274], [80.512062, 16.776653], [80.510056, 16.777187], [80.50859, 16.777554], [80.508052, 16.777689], [80.505905, 16.778191], [80.504283, 16.778601], [80.503551, 16.778993], [80.5018, 16.77993], [80.500676, 16.780766], [80.49946, 16.781671], [80.498267, 16.782175], [80.496504, 16.78263], [80.496501, 16.782631], [80.49369, 16.782901], [80.493686, 16.782901], [80.492491, 16.784324], [80.490578, 16.787169], [80.489502, 16.788256], [80.489198, 16.788564], [80.48874, 16.789026], [80.488555, 16.789212], [80.487854, 16.789921], [80.484988, 16.791845], [80.484988, 16.791845], [80.482097, 16.792576], [80.481743, 16.792666], [80.480868, 16.792847], [80.47793, 16.793454], [80.477767, 16.793488], [80.477435, 16.793556], [80.477173, 16.79361], [80.476883, 16.793669], [80.47645, 16.793758], [80.476447, 16.793759], [80.476123, 16.794007], [80.476122, 16.794007], [80.475471, 16.794136], [80.474545, 16.794224], [80.474477, 16.79423], [80.473779, 16.794262], [80.472847, 16.794304], [80.472134, 16.794372], [80.471675, 16.794416], [80.47064, 16.794491], [80.469448, 16.794699], [80.469058, 16.794733], [80.468593, 16.794774], [80.467972, 16.794843], [80.467579, 16.794888], [80.466048, 16.794923], [80.465197, 16.794987], [80.464047, 16.79493], [80.464043, 16.794929], [80.463751, 16.797815], [80.46366, 16.799255], [80.463603, 16.800157], [80.463571, 16.800589], [80.463523, 16.801241], [80.463308, 16.804154], [80.463521, 16.805944], [80.463581, 16.806452], [80.463777, 16.808106], [80.464628, 16.811507], [80.46537, 16.814416], [80.465906, 16.816518], [80.465858, 16.816715], [80.465617, 16.817713], [80.46447, 16.819135], [80.464038, 16.820145], [80.464038, 16.820145], [80.462974, 16.820009], [80.462945, 16.820005], [80.462941, 16.820005], [80.461192, 16.81959], [80.460987, 16.819541], [80.460986, 16.819541], [80.46027, 16.819724], [80.458841, 16.820454], [80.458838, 16.820456], [80.45838, 16.820429], [80.458029, 16.820409], [80.458027, 16.820409], [80.457645, 16.820812], [80.457412, 16.821058], [80.456592, 16.821922], [80.45546, 16.822044], [80.45536, 16.822054], [80.454495, 16.822147], [80.454493, 16.822147], [80.452488, 16.822787], [80.450864, 16.823978], [80.449668, 16.825261], [80.448424, 16.826913], [80.446753, 16.827829], [80.444108, 16.829057], [80.443601, 16.829293], [80.441404, 16.830253], [80.44064, 16.830665], [80.440013, 16.833925], [80.440013, 16.833925], [80.438832, 16.83382], [80.438689, 16.833807], [80.438207, 16.833764], [80.43792, 16.833739], [80.437914, 16.833738], [80.436767, 16.834424], [80.434378, 16.836304], [80.432802, 16.837127], [80.431178, 16.837722], [80.430999, 16.837943], [80.430997, 16.837945], [80.429855, 16.837961], [80.428967, 16.838008], [80.428709, 16.838007], [80.428473, 16.838018], [80.428469, 16.838018], [80.428338, 16.838033], [80.42831, 16.838037], [80.42823, 16.838041], [80.428002, 16.838054], [80.428003, 16.838093], [80.428003, 16.838096], [80.428022, 16.838944], [80.428194, 16.846463], [80.428194, 16.846463], [80.426631, 16.846961], [80.426627, 16.846963], [80.426248, 16.849835], [80.426248, 16.849835], [80.425805, 16.84997], [80.422963, 16.850834], [80.416696, 16.85161], [80.414011, 16.85182], [80.412821, 16.852032], [80.412817, 16.852033], [80.412443, 16.852535], [80.411994, 16.853395], [80.411993, 16.853396], [80.410211, 16.853788], [80.409111, 16.854029], [80.406174, 16.854675], [80.406172, 16.854676], [80.40318, 16.856052], [80.397686, 16.858577], [80.394824, 16.859893], [80.394822, 16.859894], [80.391761, 16.861036], [80.385938, 16.863177], [80.384822, 16.863604], [80.384818, 16.863606], [80.384219, 16.864466], [80.383324, 16.865253], [80.383322, 16.865254], [80.382651, 16.865396], [80.382427, 16.865324], [80.382054, 16.865251], [80.382055, 16.864964], [80.381833, 16.864389], [80.380938, 16.864243], [80.379968, 16.864241], [80.379149, 16.863808], [80.378405, 16.862944], [80.378407, 16.862082], [80.37938, 16.860792], [80.379455, 16.860505], [80.379903, 16.86029], [80.380204, 16.859429], [80.380188, 16.859371], [80.379982, 16.858639], [80.379983, 16.858208], [80.380656, 16.857635], [80.381163, 16.857365], [80.382, 16.856919], [80.381778, 16.856201], [80.381483, 16.855194], [80.37962, 16.8544], [80.378726, 16.853823], [80.378428, 16.853679], [80.378205, 16.853463], [80.378206, 16.853032], [80.379476, 16.852317], [80.380298, 16.851744], [80.380301, 16.851743], [80.384926, 16.850247], [80.385897, 16.849818], [80.388359, 16.849393], [80.392537, 16.848899], [80.402232, 16.849208], [80.406111, 16.849145], [80.407007, 16.848932], [80.407009, 16.84893], [80.407238, 16.848821], [80.407305, 16.848789], [80.40732, 16.848698], [80.407608, 16.846994], [80.406873, 16.842539], [80.405704, 16.838385], [80.404621, 16.834538], [80.404284, 16.83334], [80.404165, 16.833167], [80.40369, 16.832476], [80.402647, 16.832115], [80.402646, 16.832115], [80.402511, 16.832137], [80.400931, 16.832398], [80.40093, 16.832398], [80.400058, 16.832841], [80.399234, 16.833103], [80.39859, 16.833245], [80.398472, 16.833271], [80.398339, 16.8333], [80.398308, 16.833307], [80.398303, 16.833308], [80.39773, 16.832893], [80.397445, 16.83234], [80.396589, 16.830751], [80.395805, 16.829163], [80.39423, 16.828745], [80.391938, 16.82874], [80.391345, 16.828739], [80.390791, 16.828737], [80.390147, 16.828529], [80.389908, 16.828103], [80.389719, 16.827769], [80.389221, 16.826457], [80.388666, 16.825112], [80.388651, 16.825076], [80.388577, 16.825061], [80.388366, 16.82502], [80.387937, 16.824937], [80.387935, 16.824936], [80.386788, 16.825485], [80.38678, 16.825487], [80.386419, 16.825544], [80.386082, 16.825597], [80.385934, 16.825621], [80.385928, 16.825622], [80.385517, 16.825502], [80.385212, 16.825413], [80.385094, 16.825233], [80.384356, 16.8241], [80.384143, 16.823065], [80.384578, 16.821065], [80.385076, 16.818497], [80.385086, 16.818444], [80.385047, 16.818332], [80.384659, 16.817201], [80.383659, 16.816164], [80.382442, 16.815816], [80.381693, 16.816015], [80.381155, 16.816157], [80.381152, 16.816158], [80.380002, 16.817535], [80.379262, 16.818244], [80.378853, 16.818637], [80.377991, 16.819739], [80.377936, 16.819793], [80.377593, 16.820136], [80.376339, 16.821391], [80.37562, 16.822355], [80.375043, 16.823802], [80.37461, 16.825319], [80.373169, 16.828559], [80.373093, 16.830283], [80.373733, 16.831941], [80.376019, 16.834706], [80.376214, 16.83493], [80.378305, 16.837333], [80.37909, 16.83837], [80.379301, 16.840026], [80.37944, 16.841474], [80.379441, 16.841475], [80.378806, 16.841657], [80.378724, 16.84168], [80.377791, 16.842023], [80.377389, 16.841805], [80.376003, 16.841053], [80.373498, 16.840012], [80.372498, 16.84001], [80.372495, 16.84001], [80.372239, 16.840378], [80.372171, 16.840476], [80.37217, 16.840477], [80.37192, 16.840837], [80.371844, 16.842492], [80.371839, 16.844217], [80.372123, 16.845322], [80.37255, 16.846427], [80.372704, 16.847842], [80.37276, 16.848359], [80.373111, 16.851119], [80.372894, 16.852084], [80.372894, 16.852085], [80.372712, 16.852136], [80.372519, 16.85219], [80.372067, 16.852317], [80.371675, 16.852427], [80.37093, 16.852604], [80.369382, 16.852973], [80.369381, 16.852973], [80.367587, 16.854073], [80.365721, 16.855173], [80.364394, 16.855447], [80.364072, 16.855514], [80.363823, 16.855584], [80.361422, 16.856265], [80.361419, 16.856266], [80.359904, 16.856419], [80.359754, 16.856434], [80.357406, 16.85667], [80.354825, 16.857147], [80.352823, 16.857693], [80.352818, 16.857694], [80.350164, 16.85886], [80.350164, 16.85886], [80.350149, 16.858865], [80.347728, 16.859613], [80.347726, 16.859613], [80.345289, 16.859952], [80.341276, 16.860149], [80.340277, 16.860353], [80.340272, 16.860354], [80.3403, 16.860466], [80.340957, 16.863091], [80.340981, 16.863184], [80.342261, 16.866568], [80.342974, 16.86795], [80.343031, 16.868586], [80.343322, 16.871814], [80.343414, 16.872385], [80.343745, 16.874436], [80.343745, 16.874437], [80.343058, 16.874703], [80.340732, 16.875602], [80.338651, 16.876701], [80.335928, 16.876763], [80.333278, 16.876411], [80.33127, 16.877027], [80.327756, 16.877984], [80.324745, 16.878528], [80.322022, 16.878866], [80.322021, 16.878866], [80.321911, 16.87895], [80.321303, 16.879416], [80.321223, 16.880089], [80.321, 16.88028], [80.321437, 16.883147], [80.321628, 16.884296], [80.321665, 16.88452], [80.321946, 16.88621], [80.322475, 16.889145], [80.323334, 16.893119], [80.323398, 16.893417], [80.323728, 16.896637], [80.324331, 16.901387], [80.324203, 16.903032], [80.324151, 16.903696], [80.324075, 16.903923], [80.323549, 16.905488], [80.323123, 16.906755], [80.320581, 16.910427], [80.318903, 16.912818], [80.318902, 16.912819], [80.317663, 16.913183], [80.317659, 16.913184], [80.317036, 16.913964], [80.315886, 16.915249], [80.314469, 16.916379], [80.314467, 16.916381], [80.312427, 16.917048], [80.312384, 16.917062], [80.312381, 16.917063], [80.31195, 16.917407], [80.311974, 16.917531], [80.312374, 16.919616], [80.312378, 16.919651], [80.312723, 16.922997], [80.312713, 16.923864], [80.312628, 16.931069], [80.312585, 16.932283], [80.312316, 16.93983], [80.312598, 16.941694], [80.312975, 16.942079], [80.313884, 16.943008], [80.314809, 16.945425], [80.31501, 16.946503], [80.315374, 16.948462], [80.315374, 16.948462], [80.314761, 16.948704], [80.313441, 16.949222], [80.311717, 16.949901], [80.311714, 16.949902], [80.308555, 16.951756], [80.305973, 16.953127], [80.30597, 16.953129], [80.304176, 16.953883], [80.302675, 16.954154], [80.30267, 16.954155], [80.302796, 16.954549], [80.302868, 16.954774], [80.304139, 16.958736], [80.30473, 16.960577], [80.305716, 16.96672], [80.306628, 16.973552], [80.306628, 16.973552], [80.306135, 16.973717], [80.30411, 16.974394], [80.299667, 16.975879], [80.297658, 16.976564], [80.292428, 16.976894], [80.292423, 16.976894], [80.29242, 16.976925], [80.292356, 16.977547], [80.292355, 16.977549], [80.292343, 16.97755], [80.291964, 16.977579], [80.291959, 16.977579], [80.29205, 16.978867], [80.290081, 16.981784], [80.290439, 16.983278], [80.292664, 16.992556], [80.292816, 16.993243], [80.29323, 16.99511], [80.293227, 16.996145], [80.292649, 16.996777], [80.292637, 16.99684], [80.291556, 16.998024], [80.287986, 17.001932], [80.286594, 17.003952], [80.283717, 17.007162], [80.283245, 17.007549], [80.283244, 17.00755], [80.282365, 17.007844], [80.281295, 17.008046], [80.28093, 17.008116], [80.279713, 17.007422], [80.277925, 17.005968], [80.276564, 17.005344], [80.275417, 17.005202], [80.273696, 17.005267], [80.272048, 17.004917], [80.269541, 17.004151], [80.268039, 17.002974], [80.266178, 17.001796], [80.265396, 16.999862], [80.264327, 16.997582], [80.263503, 16.997725], [80.255724, 16.999074], [80.255718, 16.999075], [80.255801, 16.999467], [80.255977, 17.000298], [80.256142, 17.001075], [80.256142, 17.001077], [80.255384, 17.001257], [80.253846, 17.001622], [80.252602, 17.001601], [80.249042, 17.001539], [80.248362, 17.001733], [80.247607, 17.001949], [80.24445, 17.002491], [80.239506, 17.003028], [80.239501, 17.003028], [80.239466, 17.003384], [80.239279, 17.005305], [80.238904, 17.005587], [80.238691, 17.005748], [80.23869, 17.005749], [80.238341, 17.005928], [80.23681, 17.006713], [80.236809, 17.006713], [80.235434, 17.007513], [80.234029, 17.008625], [80.233976, 17.008667], [80.233339, 17.009172], [80.231962, 17.010488], [80.231892, 17.01056], [80.231659, 17.01089], [80.229269, 17.013222], [80.228405, 17.014322], [80.228351, 17.014643], [80.228351, 17.014644], [80.226424, 17.015424], [80.226036, 17.015582], [80.225259, 17.015809], [80.223949, 17.013426], [80.223716, 17.013002], [80.223361, 17.012357], [80.220985, 17.00879], [80.219673, 17.008556], [80.217583, 17.008722], [80.217512, 17.008745], [80.214391, 17.009744], [80.211369, 17.010712], [80.207963, 17.011735], [80.206249, 17.012703], [80.205333, 17.01322], [80.205332, 17.01322], [80.204793, 17.013678], [80.204652, 17.014014], [80.204071, 17.015399], [80.20387, 17.015611], [80.203022, 17.016507], [80.202933, 17.016601], [80.2003, 17.01866], [80.200259, 17.019007], [80.199808, 17.022908], [80.199409, 17.023703], [80.199171, 17.024178], [80.199147, 17.024227], [80.199144, 17.024265], [80.199021, 17.025949], [80.198719, 17.026296], [80.197823, 17.027324], [80.197883, 17.027405], [80.198892, 17.028763], [80.199485, 17.029856], [80.199598, 17.031751], [80.202806, 17.036413], [80.203018, 17.036871], [80.203339, 17.037563], [80.203633, 17.039], [80.203633, 17.039], [80.203409, 17.039138], [80.203067, 17.039349], [80.203005, 17.039388], [80.195502, 17.044024], [80.195497, 17.044028], [80.194544, 17.043278], [80.194252, 17.042802], [80.193238, 17.041149], [80.192767, 17.039195], [80.192596, 17.03707], [80.192004, 17.035632], [80.191469, 17.034769], [80.190938, 17.033102], [80.190997, 17.030702], [80.191007, 17.030288], [80.190959, 17.027015], [80.186383, 17.0212], [80.184783, 17.021469], [80.184717, 17.02148], [80.184711, 17.021481], [80.183994, 17.021479], [80.183101, 17.020844], [80.182326, 17.020784], [80.181551, 17.020495], [80.180836, 17.020148], [80.18012, 17.019973], [80.179849, 17.019885], [80.179404, 17.019741], [80.179321, 17.019605], [80.178455, 17.018188], [80.177385, 17.016863], [80.176433, 17.01686], [80.17643, 17.01686], [80.175598, 17.017371], [80.175593, 17.017374], [80.174399, 17.017198], [80.173206, 17.017079], [80.172489, 17.017192], [80.171176, 17.017245], [80.169984, 17.016781], [80.169585, 17.01667], [80.169149, 17.016549], [80.168678, 17.014882], [80.167617, 17.010973], [80.167211, 17.007871], [80.166562, 17.005629], [80.166406, 17.005615], [80.160416, 17.005092], [80.156389, 17.007119], [80.156111, 17.007259], [80.154859, 17.006911], [80.153904, 17.006907], [80.152708, 17.007478], [80.152599, 17.007289], [80.151421, 17.005252], [80.151344, 17.005118], [80.149261, 17.003503], [80.148548, 17.002994], [80.146999, 17.001888], [80.147252, 17.001406], [80.14736, 17.0012], [80.147302, 17.000568], [80.145637, 16.998954], [80.144211, 16.997111], [80.143146, 16.994638], [80.142382, 16.991477], [80.142028, 16.990557], [80.140536, 16.99038], [80.137906, 16.991462], [80.134622, 16.991795], [80.131339, 16.991956], [80.129787, 16.992123], [80.128058, 16.991715], [80.125553, 16.991304], [80.122688, 16.991408], [80.121792, 16.991405], [80.121715, 16.989584], [80.121628, 16.987557], [80.121067, 16.987555], [80.119659, 16.98755], [80.117495, 16.987464], [80.116496, 16.987424], [80.114587, 16.987187], [80.112559, 16.98695], [80.110767, 16.987346], [80.109515, 16.987571], [80.109513, 16.987571], [80.108797, 16.988426], [80.108793, 16.98843], [80.107657, 16.988943], [80.106224, 16.989167], [80.104431, 16.989907], [80.103116, 16.990305], [80.099595, 16.990234], [80.097149, 16.989996], [80.096439, 16.988615], [80.095789, 16.986832], [80.095401, 16.98497], [80.095262, 16.984303], [80.095516, 16.980514], [80.095407, 16.977872], [80.094995, 16.97632], [80.093759, 16.971951], [80.09276, 16.968272], [80.090789, 16.968211], [80.088523, 16.968141], [80.087567, 16.968367], [80.085115, 16.969794], [80.081296, 16.96978], [80.079206, 16.970174], [80.075926, 16.970227], [80.073476, 16.970267], [80.070971, 16.970143], [80.063567, 16.971091], [80.063569, 16.970689], [80.058035, 16.970948], [80.05773, 16.971042], [80.0569, 16.971474], [80.056613, 16.971495], [80.056646, 16.970874], [80.056768, 16.969815], [80.056935, 16.968554], [80.0571, 16.967735], [80.057635, 16.966311], [80.058099, 16.96474], [80.058116, 16.964204], [80.058015, 16.963709], [80.057738, 16.963087], [80.057388, 16.962591], [80.056773, 16.962052], [80.056152, 16.961615], [80.055478, 16.961231], [80.054569, 16.960861], [80.054188, 16.960662], [80.053544, 16.960108], [80.052945, 16.959386], [80.052537, 16.958622], [80.052443, 16.958371], [80.052087, 16.95742], [80.051502, 16.956351], [80.051067, 16.955177], [80.050499, 16.954003], [80.049959, 16.95292], [80.049303, 16.951548], [80.048794, 16.950459], [80.048561, 16.949879], [80.048476, 16.949215], [80.04842, 16.948593], [80.048486, 16.947427], [80.048576, 16.946947], [80.048931, 16.946216], [80.048932, 16.946214], [80.049287, 16.945608], [80.049656, 16.945031], [80.050332, 16.944266], [80.050809, 16.943774], [80.050837, 16.943745], [80.051639, 16.942178], [80.051934, 16.941316], [80.051935, 16.941314], [80.051961, 16.940187], [80.05182, 16.938608], [80.051469, 16.93752], [80.051096, 16.936694], [80.050554, 16.936027], [80.049867, 16.93526], [80.04903, 16.934484], [80.048301, 16.933576], [80.048011, 16.932991], [80.047281, 16.932263], [80.046698, 16.931617], [80.046581, 16.931505], [80.046008, 16.93096], [80.04509, 16.930292], [80.044568, 16.929907], [80.044048, 16.929181], [80.043613, 16.928153], [80.042952, 16.925869], [80.042247, 16.92407], [80.041668, 16.922477], [80.041277, 16.920946], [80.040905, 16.919637], [80.040614, 16.919313], [80.040426, 16.919252], [80.040091, 16.919495], [80.039683, 16.919683], [80.038387, 16.920281], [80.037828, 16.920407], [80.035001, 16.919676], [80.031974, 16.919051], [80.028547, 16.918526], [80.025665, 16.917844], [80.023595, 16.916941], [80.02272, 16.916605], [80.022081, 16.916679], [80.020512, 16.917031], [80.017321, 16.91712], [80.017163, 16.916941], [80.01677, 16.915533], [80.016614, 16.914791], [80.01683, 16.913871], [80.016734, 16.911698], [80.016533, 16.910948], [80.016289, 16.910034], [80.015656, 16.908072], [80.014525, 16.905409], [80.013424, 16.901902], [80.012452, 16.898691], [80.011539, 16.894878], [80.010748, 16.892528], [80.010271, 16.891082], [80.009803, 16.889661], [80.008909, 16.887535], [80.007908, 16.885588], [80.006636, 16.883676], [80.006058, 16.882293], [80.005032, 16.879886], [80.004964, 16.879742], [80.004716, 16.87922], [80.004586, 16.878554], [80.004859, 16.876571], [80.004916, 16.875651], [80.004707, 16.874857], [80.003624, 16.873498], [80.00262, 16.872113], [80.002305, 16.871089], [80.00223, 16.870219], [80.002452, 16.867933], [80.002803, 16.866809], [80.003584, 16.864358], [80.003729, 16.861896], [80.003829, 16.861563], [80.003837, 16.861538], [80.003842, 16.861535], [80.003997, 16.861437], [80.006151, 16.861062], [80.00695, 16.860733], [80.009615, 16.858954], [80.012615, 16.856959], [80.015305, 16.855615], [80.016051, 16.855158], [80.01717, 16.854243], [80.017918, 16.853631], [80.018184, 16.853505], [80.01845, 16.853506], [80.020015, 16.8541], [80.020441, 16.854051], [80.024085, 16.85317], [80.027023, 16.852463], [80.028885, 16.852138], [80.031409, 16.852122], [80.03473, 16.85234], [80.043593, 16.852962], [80.046246, 16.852973], [80.046465, 16.852974], [80.046543, 16.852974], [80.046543, 16.852969], [80.046678, 16.845976], [80.046407, 16.840887], [80.046185, 16.836884], [80.046267, 16.836117], [80.047392, 16.834076], [80.048657, 16.832291], [80.048675, 16.832266], [80.050115, 16.830942], [80.050124, 16.830936], [80.050191, 16.830889], [80.053473, 16.828577], [80.056013, 16.827295], [80.058675, 16.825899], [80.062004, 16.824122], [80.065882, 16.822738], [80.068877, 16.822093], [80.070172, 16.821891], [80.070241, 16.82188], [80.070241, 16.821874], [80.070437, 16.820204], [80.070705, 16.819367], [80.071123, 16.818907], [80.0712, 16.818823], [80.071204, 16.818821], [80.072186, 16.818389], [80.072654, 16.818191], [80.072802, 16.818128], [80.072869, 16.8181], [80.072946, 16.8177], [80.072946, 16.8177], [80.072647, 16.816788], [80.072256, 16.816168], [80.071968, 16.81571], [80.071028, 16.813885], [80.070167, 16.81155], [80.069796, 16.809691], [80.069796, 16.809691], [80.069796, 16.80969], [80.069886, 16.806019], [80.070051, 16.802886], [80.069838, 16.799387], [80.069433, 16.796507], [80.069433, 16.796507], [80.068084, 16.792401], [80.066852, 16.788023], [80.064674, 16.783679], [80.063887, 16.781854], [80.063339, 16.780962], [80.061702, 16.778295], [80.058894, 16.774256], [80.058729, 16.77402], [80.056806, 16.771179], [80.054926, 16.768038], [80.054288, 16.766651], [80.054029, 16.765229], [80.054029, 16.765228], [80.054039, 16.76286], [80.054831, 16.757433], [80.054885, 16.756405], [80.055274, 16.754422], [80.055498, 16.753198], [80.055552, 16.750875], [80.055562, 16.748384], [80.055562, 16.748384], [80.054915, 16.745889], [80.05383, 16.743267], [80.052698, 16.741573], [80.049334, 16.738815], [80.045791, 16.73677], [80.043086, 16.73448], [80.040693, 16.732562], [80.038435, 16.730459], [80.036455, 16.728003], [80.035026, 16.72555], [80.033962, 16.723422], [80.032421, 16.717975], [80.032128, 16.71708], [80.031725, 16.715848], [80.031685, 16.715812], [80.030139, 16.714397], [80.028658, 16.713554], [80.026458, 16.712277], [80.024349, 16.711207], [80.022351, 16.710548], [80.022178, 16.710491], [80.019087, 16.709829], [80.016638, 16.709525], [80.014281, 16.709279], [80.010931, 16.709428], [80.008542, 16.709507], [80.006462, 16.708761], [80.004567, 16.707927], [80.000386, 16.704519], [79.99846, 16.702542], [79.997693, 16.702181], [79.996904, 16.701246], [79.996023, 16.70004], [79.995373, 16.699151], [79.99466, 16.697859], [79.994, 16.69578], [79.992606, 16.692692], [79.992352, 16.692131], [79.991764, 16.690744], [79.991051, 16.689452], [79.99024, 16.687826], [79.989674, 16.686964], [79.98911, 16.685045], [79.988008, 16.682152], [79.986384, 16.678788], [79.98464, 16.675201], [79.983141, 16.672426], [79.981835, 16.670066], [79.980263, 16.666956], [79.979281, 16.66478], [79.978073, 16.662782], [79.976643, 16.661082], [79.976055, 16.660411], [79.974671, 16.65883], [79.974448, 16.658544], [79.973337, 16.657116], [79.971442, 16.654196], [79.969399, 16.651156], [79.967253, 16.648389], [79.965851, 16.646235], [79.964668, 16.644726], [79.963483, 16.643671], [79.962831, 16.643129], [79.960928, 16.642047], [79.958753, 16.640915], [79.958146, 16.640657], [79.955587, 16.639565], [79.953152, 16.638616], [79.95251, 16.638112], [79.952116, 16.637633], [79.951526, 16.636628], [79.950661, 16.636146], [79.949251, 16.635544], [79.947618, 16.634987], [79.944327, 16.634114], [79.940749, 16.633402], [79.937928, 16.632554], [79.937613, 16.632466], [79.935231, 16.631802], [79.933449, 16.631437], [79.931368, 16.631284], [79.929227, 16.631345], [79.9265, 16.631524], [79.922906, 16.631866], [79.9207, 16.632023], [79.917684, 16.632299], [79.915874, 16.632553], [79.914114, 16.632712], [79.912079, 16.6333], [79.911741, 16.633422], [79.909994, 16.634054], [79.908454, 16.634763], [79.90741, 16.635355], [79.90609, 16.636662], [79.904595, 16.638422], [79.903316, 16.639865], [79.901821, 16.641529], [79.900004, 16.643144], [79.89871, 16.644379], [79.896536, 16.646436], [79.895166, 16.647791], [79.894093, 16.649313], [79.893218, 16.650837], [79.892965, 16.651437], [79.892729, 16.651817], [79.892148, 16.65275], [79.890816, 16.656207], [79.889615, 16.659834], [79.889074, 16.662956], [79.888843, 16.665278], [79.888471, 16.669584], [79.888424, 16.672198], [79.888411, 16.672878], [79.888239, 16.674152], [79.888202, 16.67443], [79.888139, 16.674607], [79.887612, 16.675774], [79.887209, 16.677109], [79.886897, 16.679792], [79.88671, 16.682489], [79.886503, 16.684278], [79.885949, 16.685898], [79.88522, 16.687604], [79.884369, 16.68927], [79.883377, 16.690872], [79.883219, 16.691127], [79.881088, 16.693905], [79.879966, 16.695236], [79.878968, 16.696425], [79.878321, 16.696971], [79.877401, 16.697563], [79.875737, 16.6982], [79.875134, 16.698445], [79.874048, 16.698884], [79.871664, 16.699828], [79.867083, 16.701554], [79.864177, 16.702758], [79.860526, 16.704077], [79.85815, 16.705], [79.855073, 16.705701], [79.853436, 16.705956], [79.852196, 16.706045], [79.850411, 16.705965], [79.849297, 16.705769], [79.847837, 16.705165], [79.845984, 16.704106], [79.844402, 16.703239], [79.841277, 16.701399], [79.840398, 16.700817], [79.839029, 16.699909], [79.836236, 16.698272], [79.833957, 16.697108], [79.831262, 16.695877], [79.829063, 16.694578], [79.829013, 16.694557], [79.82696, 16.693684], [79.824569, 16.692787], [79.822614, 16.692228], [79.821352, 16.691864], [79.820187, 16.691762], [79.818873, 16.691827], [79.817087, 16.692081], [79.815845, 16.692552], [79.814578, 16.693166], [79.813235, 16.693995], [79.811816, 16.69511], [79.809939, 16.697215], [79.80839, 16.699379], [79.806269, 16.70197], [79.802794, 16.706309], [79.800202, 16.709017], [79.79893, 16.710443], [79.798158, 16.711638], [79.797797, 16.712197], [79.79697, 16.713768], [79.796138, 16.716461], [79.794499, 16.720735], [79.793315, 16.724046], [79.792764, 16.725142], [79.792215, 16.725807], [79.79084, 16.727075], [79.789021, 16.728736], [79.787652, 16.729708], [79.786401, 16.730293], [79.785986, 16.730487], [79.783603, 16.731048], [79.780909, 16.731414], [79.778032, 16.731519], [79.776099, 16.731509], [79.774142, 16.731236], [79.772012, 16.730724], [79.771676, 16.730574], [79.770108, 16.729878], [79.768378, 16.728891], [79.765336, 16.727562], [79.759633, 16.725355], [79.755477, 16.723781], [79.751345, 16.722375], [79.751239, 16.72234], [79.748513, 16.721422], [79.748076, 16.721275], [79.746364, 16.720633], [79.74531, 16.720077], [79.744056, 16.719327], [79.743229, 16.718827], [79.742576, 16.718053], [79.741778, 16.71688], [79.74076, 16.715003], [79.740082, 16.713595], [79.738953, 16.710974], [79.737902, 16.709134], [79.735971, 16.706728], [79.734269, 16.704351], [79.732563, 16.70215], [79.731404, 16.699914], [79.729847, 16.697097], [79.728343, 16.695134], [79.726862, 16.693604], [79.725611, 16.692414], [79.7243, 16.691691], [79.722703, 16.691021], [79.721049, 16.690352], [79.72093, 16.690333], [79.718865, 16.690006], [79.717264, 16.68986], [79.714921, 16.689765], [79.712947, 16.689836], [79.711974, 16.689996], [79.711286, 16.690323], [79.710369, 16.690786], [79.709952, 16.690906], [79.709338, 16.691083], [79.707162, 16.691512], [79.703375, 16.691577], [79.700545, 16.691561], [79.6988, 16.691717], [79.695423, 16.692276], [79.692088, 16.693006], [79.690257, 16.693298], [79.687994, 16.693974], [79.687414, 16.694194], [79.686275, 16.694625], [79.684186, 16.694889], [79.682014, 16.694739], [79.680574, 16.694396], [79.678521, 16.693421], [79.675841, 16.692167], [79.675332, 16.691926], [79.673247, 16.690941], [79.671679, 16.690189], [79.669995, 16.689656], [79.667739, 16.689203], [79.664961, 16.688411], [79.662965, 16.687602], [79.661285, 16.686463], [79.659839, 16.685241], [79.658789, 16.684062], [79.658039, 16.683086], [79.657876, 16.682874], [79.656706, 16.68084], [79.654901, 16.67797], [79.65484, 16.677873], [79.653987, 16.676866], [79.652765, 16.674813], [79.650722, 16.672241], [79.649616, 16.67083], [79.649236, 16.670545], [79.648506, 16.669998], [79.648438, 16.669965], [79.646483, 16.669022], [79.644773, 16.668131], [79.643373, 16.666938], [79.642993, 16.666444], [79.641938, 16.665398], [79.640206, 16.663682], [79.637238, 16.661807], [79.635096, 16.661034], [79.634741, 16.660983], [79.632951, 16.660726], [79.632264, 16.660793], [79.630298, 16.660985], [79.629161, 16.661201], [79.626412, 16.661983], [79.62438, 16.662384], [79.621103, 16.663636], [79.618897, 16.664422], [79.61666, 16.66551], [79.614104, 16.667367], [79.61068, 16.669228], [79.610155, 16.669508], [79.607668, 16.670835], [79.604944, 16.672112], [79.601719, 16.673113], [79.599515, 16.673513], [79.598429, 16.673424], [79.596803, 16.672919], [79.595036, 16.672082], [79.593527, 16.671164], [79.591649, 16.669832], [79.590542, 16.668641], [79.589009, 16.666925], [79.587958, 16.665311], [79.586992, 16.663708], [79.586742, 16.663294], [79.585273, 16.660697], [79.584367, 16.659342], [79.58429, 16.659262], [79.583166, 16.658081], [79.58098, 16.655783], [79.579276, 16.653983], [79.577538, 16.651919], [79.576658, 16.651005], [79.576039, 16.650562], [79.575973, 16.65046], [79.574825, 16.649525], [79.574405, 16.649183], [79.571259, 16.647812], [79.56826, 16.646673], [79.567982, 16.646567], [79.565548, 16.645641], [79.565365, 16.645531], [79.561774, 16.643967], [79.559353, 16.64263], [79.556249, 16.640849], [79.55342, 16.639093], [79.548913, 16.636907], [79.546194, 16.635359], [79.544289, 16.633856], [79.543019, 16.633417], [79.542786, 16.633337], [79.540183, 16.632771], [79.538882, 16.632292], [79.537909, 16.631658], [79.53484, 16.631317], [79.530685, 16.631252], [79.527426, 16.63131], [79.525307, 16.631414], [79.523674, 16.631914], [79.522689, 16.632276], [79.52053, 16.633071], [79.515649, 16.634656], [79.512138, 16.635811], [79.50814, 16.636688], [79.506102, 16.636832], [79.50313, 16.636577], [79.50126, 16.635976], [79.499139, 16.635109], [79.498748, 16.635012], [79.498233, 16.634885], [79.496558, 16.63447], [79.495531, 16.634152], [79.494682, 16.633722], [79.49325, 16.632637], [79.492392, 16.631739], [79.491425, 16.630582], [79.489122, 16.627907], [79.486732, 16.62523], [79.484203, 16.623566], [79.482893, 16.623178], [79.481143, 16.622659], [79.478311, 16.622377], [79.477072, 16.622253], [79.472735, 16.622224], [79.468044, 16.622784], [79.464265, 16.623261], [79.464229, 16.623266], [79.464176, 16.623266], [79.461903, 16.623278], [79.460725, 16.623285], [79.460087, 16.62328], [79.457702, 16.623265], [79.456555, 16.62297], [79.455518, 16.622514], [79.452731, 16.621816], [79.450004, 16.621005], [79.44972, 16.620895], [79.447777, 16.620141], [79.446313, 16.619452], [79.445144, 16.618651], [79.443123, 16.61707], [79.44227, 16.616411], [79.441458, 16.615785], [79.440524, 16.614816], [79.439857, 16.613708], [79.438935, 16.611097], [79.437928, 16.60826], [79.437273, 16.606612], [79.436947, 16.60579], [79.435936, 16.603042], [79.435138, 16.599697], [79.434553, 16.59522], [79.434011, 16.593009], [79.433747, 16.592111], [79.433283, 16.591344], [79.432029, 16.589977], [79.430716, 16.588807], [79.428382, 16.586612], [79.42692, 16.585582], [79.426469, 16.585298], [79.422649, 16.582778], [79.420688, 16.581455], [79.4186, 16.58041], [79.41855, 16.580385], [79.417501, 16.58004], [79.415443, 16.580025], [79.413254, 16.579968], [79.410405, 16.580202], [79.408828, 16.580318], [79.407601, 16.580351], [79.403266, 16.580321], [79.402192, 16.58038], [79.401121, 16.580438], [79.399579, 16.5804], [79.396493, 16.580435], [79.393981, 16.58056], [79.391598, 16.581025], [79.391438, 16.581055], [79.389392, 16.581434], [79.387746, 16.581564], [79.385423, 16.581717], [79.382996, 16.582014], [79.380671, 16.58262], [79.379551, 16.583009], [79.37817, 16.583084], [79.376232, 16.5829], [79.373591, 16.582457], [79.369514, 16.581664], [79.367882, 16.581504], [79.359734, 16.580057], [79.355784, 16.57928], [79.355055, 16.579137], [79.352558, 16.579161], [79.350455, 16.579357], [79.348787, 16.57981], [79.34768, 16.580176], [79.347162, 16.580347], [79.345534, 16.581391], [79.344678, 16.582006], [79.343728, 16.582688], [79.341317, 16.583008], [79.340505, 16.583002], [79.340121, 16.582949], [79.339068, 16.582804], [79.336722, 16.582221], [79.335252, 16.581554], [79.333508, 16.580711], [79.33335, 16.580635], [79.331565, 16.579716], [79.329915, 16.578567], [79.32854, 16.577792], [79.326812, 16.5771], [79.324202, 16.576572], [79.322295, 16.576161], [79.321092, 16.575983], [79.319919, 16.575691], [79.316004, 16.574894], [79.313949, 16.57471], [79.312508, 16.574897], [79.311244, 16.575002], [79.310713, 16.575046], [79.310627, 16.575053], [79.309541, 16.57496], [79.308925, 16.574757], [79.307843, 16.574098], [79.306324, 16.573096], [79.30434, 16.571383], [79.301975, 16.56906], [79.299616, 16.566466], [79.298449, 16.565353], [79.297298, 16.564714], [79.29522, 16.563651], [79.293259, 16.562759], [79.29197, 16.562353], [79.289272, 16.561795], [79.287218, 16.561525], [79.284944, 16.561138], [79.283505, 16.561099], [79.281712, 16.561198], [79.280066, 16.561328], [79.278624, 16.5616], [79.276946, 16.562125], [79.274528, 16.563183], [79.271946, 16.564367], [79.270029, 16.565286], [79.269321, 16.565734], [79.268436, 16.566124], [79.267759, 16.56626], [79.265848, 16.5665], [79.264435, 16.566801], [79.263434, 16.567105], [79.262258, 16.567294], [79.260934, 16.567482], [79.259759, 16.567473], [79.259597, 16.567434], [79.258674, 16.56721], [79.256948, 16.566291], [79.255428, 16.564739], [79.253974, 16.562916], [79.252587, 16.560075], [79.25216, 16.558329], [79.251624, 16.555607], [79.251515, 16.554615], [79.251515, 16.554615], [79.251447, 16.552124], [79.251447, 16.552124], [79.251447, 16.552124], [79.251136, 16.550621], [79.250471, 16.549156], [79.249428, 16.547393], [79.249198, 16.546797], [79.249198, 16.546797], [79.249234, 16.546061], [79.249666, 16.543545], [79.249673, 16.54221], [79.249888, 16.54171], [79.250155, 16.54109], [79.250135, 16.540784], [79.250075, 16.539864], [79.250075, 16.539864], [79.249345, 16.537879], [79.248698, 16.536147], [79.247994, 16.534628], [79.246736, 16.53299], [79.24589, 16.531948], [79.244878, 16.531037], [79.244, 16.530472], [79.242683, 16.529851], [79.241335, 16.529469], [79.239487, 16.529156], [79.236295, 16.528521], [79.2321, 16.52758], [79.230726, 16.527091], [79.229547, 16.526338], [79.228315, 16.525319], [79.22679, 16.523156], [79.225341, 16.52137], [79.223956, 16.518942], [79.223035, 16.517022], [79.222061, 16.514836], [79.220489, 16.511358], [79.219675, 16.509811], [79.218976, 16.50768], [79.218201, 16.504805], [79.217267, 16.501827], [79.216742, 16.500465], [79.216742, 16.500465], [79.216771, 16.499652], [79.216738, 16.498367], [79.216738, 16.498367], [79.216738, 16.498367], [79.216528, 16.496887], [79.216174, 16.493985], [79.215834, 16.492162], [79.215164, 16.489787], [79.215052, 16.489331], [79.21467, 16.48777], [79.214507, 16.486035], [79.214507, 16.486034], [79.214563, 16.484686], [79.214819, 16.48324], [79.215015, 16.482562], [79.21514, 16.48213], [79.215842, 16.480529], [79.216475, 16.479185], [79.217442, 16.477779], [79.218302, 16.47669], [79.219063, 16.475726], [79.220586, 16.474239], [79.222934, 16.472309], [79.225343, 16.469277], [79.228145, 16.46613], [79.231673, 16.462267], [79.233175, 16.460587], [79.233468, 16.460075], [79.23347, 16.459755], [79.23347, 16.459754], [79.23341, 16.459653], [79.233164, 16.459238], [79.232613, 16.458763], [79.23104, 16.458215], [79.228464, 16.457548], [79.225538, 16.456905], [79.2226, 16.456279], [79.220696, 16.455621], [79.219443, 16.455194], [79.218703, 16.454942], [79.217466, 16.454183], [79.216206, 16.453466], [79.215094, 16.452563], [79.213508, 16.451116], [79.212497, 16.449867], [79.211949, 16.448963], [79.211559, 16.447825], [79.21126, 16.446452], [79.211032, 16.444475], [79.2109, 16.441635], [79.2109, 16.441635], [79.210727, 16.4384], [79.210727, 16.4384], [79.210729, 16.435481], [79.210729, 16.435481], [79.210729, 16.43548], [79.210457, 16.433465], [79.210084, 16.430202], [79.209851, 16.426204], [79.209851, 16.426204], [79.20981, 16.423121], [79.20981, 16.42312], [79.209858, 16.420102], [79.209858, 16.420102], [79.209797, 16.416791], [79.209797, 16.416791], [79.209707, 16.414263], [79.209707, 16.414263], [79.209653, 16.410139], [79.209653, 16.410139], [79.209613, 16.407055], [79.209613, 16.407055], [79.209391, 16.404383], [79.209109, 16.400934], [79.209035, 16.396556], [79.209035, 16.396556], [79.208746, 16.393963], [79.208351, 16.390647], [79.207997, 16.387882], [79.207689, 16.384853], [79.207689, 16.384853], [79.207814, 16.383163], [79.208071, 16.381687], [79.208361, 16.380467], [79.208408, 16.380371], [79.208908, 16.379342], [79.210191, 16.377247], [79.211415, 16.375512], [79.211749, 16.375121], [79.212144, 16.37482], [79.212384, 16.374382], [79.212404, 16.373822], [79.212404, 16.373822], [79.212404, 16.373822], [79.212401, 16.373796], [79.21218, 16.371867], [79.212057, 16.366457], [79.212057, 16.366456], [79.211938, 16.365786], [79.211007, 16.364268], [79.210457, 16.363153], [79.210189, 16.361732], [79.210127, 16.360141], [79.210127, 16.360141], [79.210127, 16.360141], [79.210268, 16.358404], [79.210481, 16.356961], [79.21083, 16.356204], [79.211294, 16.355022], [79.212922, 16.352046], [79.215106, 16.349564], [79.218254, 16.347468], [79.221696, 16.345705], [79.222316, 16.34504], [79.222829, 16.344374], [79.223343, 16.343528], [79.224045, 16.342658], [79.226863, 16.341082], [79.229333, 16.33953], [79.232935, 16.337382], [79.233716, 16.336538], [79.234069, 16.335819], [79.234263, 16.334996], [79.234245, 16.333991], [79.234245, 16.333991], [79.23392, 16.3281], [79.233959, 16.323268], [79.233959, 16.323267], [79.233807, 16.322235], [79.232891, 16.32009], [79.231604, 16.317202], [79.231211, 16.316246], [79.231085, 16.315343], [79.23115, 16.313952], [79.23115, 16.313952], [79.231356, 16.311635], [79.231356, 16.311635], [79.231421, 16.307088], [79.231421, 16.307088], [79.230926, 16.302317], [79.230828, 16.298227], [79.230758, 16.29699], [79.230758, 16.296989], [79.230844, 16.296243], [79.231066, 16.295291], [79.231181, 16.294287], [79.231181, 16.294287], [79.230785, 16.290482], [79.230613, 16.285482], [79.23027, 16.281757], [79.230196, 16.28106], [79.229169, 16.279352], [79.22761, 16.27733], [79.225993, 16.274956], [79.224837, 16.272679], [79.224498, 16.271723], [79.224318, 16.270872], [79.224318, 16.270872], [79.224431, 16.270177], [79.224731, 16.269458], [79.225032, 16.268481], [79.225068, 16.267451], [79.225068, 16.267451], [79.224556, 16.264518], [79.224285, 16.261733], [79.224003, 16.260314], [79.223852, 16.259256], [79.223913, 16.258329], [79.223913, 16.258329], [79.223964, 16.255321], [79.223964, 16.255321], [79.223482, 16.252153], [79.223232, 16.250087], [79.222375, 16.246037], [79.222427, 16.242168], [79.222501, 16.238621], [79.222081, 16.235839], [79.221167, 16.233951], [79.219352, 16.231672], [79.216402, 16.229142], [79.214632, 16.227682], [79.214632, 16.227682], [79.213009, 16.226344], [79.209968, 16.224174], [79.208522, 16.223398], [79.20601, 16.222502], [79.202913, 16.221819], [79.200519, 16.221247], [79.1985, 16.220509], [79.194744, 16.218666], [79.191848, 16.217645], [79.189177, 16.217021], [79.185641, 16.216228], [79.182764, 16.215504], [79.179103, 16.213924], [79.175371, 16.212832], [79.17443, 16.212676], [79.173363, 16.212352], [79.16983, 16.211507], [79.165609, 16.210656], [79.161493, 16.21001], [79.159859, 16.210121], [79.1595, 16.21009], [79.157826, 16.210353], [79.15674, 16.210754], [79.155142, 16.211133], [79.151059, 16.212632], [79.146973, 16.214539], [79.143515, 16.217166], [79.14224, 16.218435], [79.139063, 16.22094], [79.135227, 16.223362], [79.133125, 16.22464], [79.131042, 16.226259], [79.127562, 16.22941], [79.126648, 16.230048], [79.124203, 16.231661], [79.122238, 16.232718], [79.120334, 16.232855], [79.117588, 16.232577], [79.113844, 16.231678], [79.110682, 16.23063], [79.108108, 16.228873], [79.105699, 16.226351], [79.103971, 16.224549], [79.102179, 16.223972], [79.099273, 16.223948], [79.097259, 16.224493], [79.094237, 16.225642], [79.093588, 16.225948], [79.093176, 16.226074], [79.090436, 16.227347], [79.086945, 16.229665], [79.085672, 16.230506], [79.084041, 16.230968], [79.082349, 16.231005], [79.081031, 16.230688], [79.079661, 16.230267], [79.078291, 16.229796], [79.076821, 16.228712], [79.074768, 16.227775], [79.073343, 16.227508], [79.071441, 16.22744], [79.069955, 16.228194], [79.067191, 16.229906], [79.064742, 16.231774], [79.060427, 16.235465], [79.058995, 16.236433], [79.057849, 16.237118], [79.056204, 16.238045], [79.054193, 16.238878], [79.052251, 16.239434], [79.049145, 16.23979], [79.047375, 16.239967], [79.046449, 16.240129], [79.045547, 16.240164], [79.043741, 16.240318], [79.0405, 16.240864], [79.037752, 16.241546], [79.03632, 16.241704], [79.034689, 16.242008], [79.032968, 16.242482], [79.032846, 16.242515], [79.030655, 16.242867], [79.028272, 16.243306], [79.025261, 16.243127], [79.021933, 16.242893], [79.018603, 16.242864], [79.015434, 16.242683], [79.013095, 16.242385], [79.011104, 16.241687], [79.009024, 16.240564], [79.007835, 16.239544], [79.005922, 16.236829], [79.004624, 16.234418], [79.00322, 16.231904], [79.001393, 16.229539], [79.000267, 16.227563], [79.00026, 16.227543], [79.000173, 16.227296], [79.000161, 16.227275], [78.999366, 16.225895], [78.998462, 16.224839], [78.998024, 16.224328], [78.99461, 16.220339], [78.993448, 16.218797], [78.993365, 16.218687], [78.990852, 16.215352], [78.988026, 16.212468], [78.985712, 16.211273], [78.983179, 16.210841], [78.981278, 16.210671], [78.9789, 16.21065], [78.976944, 16.210735], [78.975227, 16.210956], [78.975194, 16.210968], [78.974131, 16.211288], [78.973502, 16.211386], [78.972639, 16.21134], [78.969801, 16.211641], [78.966001, 16.211147], [78.961732, 16.209934], [78.957571, 16.208518], [78.952522, 16.20597], [78.947574, 16.203934], [78.944097, 16.202881], [78.939558, 16.202329], [78.934973, 16.20101], [78.930865, 16.199645], [78.927552, 16.19798], [78.923559, 16.195595], [78.920409, 16.193523], [78.917519, 16.191914], [78.914888, 16.190715], [78.91281, 16.189492], [78.912145, 16.189236], [78.910541, 16.18799], [78.908587, 16.186798], [78.907929, 16.186115], [78.906896, 16.185187], [78.906044, 16.184173], [78.905195, 16.182951], [78.904453, 16.181644], [78.904449, 16.181627], [78.904089, 16.180226], [78.90399, 16.179375], [78.90413, 16.177989], [78.904966, 16.175153], [78.905631, 16.173656], [78.906785, 16.171343], [78.908458, 16.169278], [78.909923, 16.16668], [78.910956, 16.16395], [78.911472, 16.162887], [78.912766, 16.159067], [78.913108, 16.15731], [78.913739, 16.155322], [78.914138, 16.153054], [78.914683, 16.150864], [78.915279, 16.148737], [78.916045, 16.147547], [78.917793, 16.145389], [78.919624, 16.143706], [78.921188, 16.142063], [78.922096, 16.141013], [78.923204, 16.139758], [78.92399, 16.138309], [78.924256, 16.137208], [78.924594, 16.13572], [78.924754, 16.134022], [78.924541, 16.131957], [78.924352, 16.130641], [78.924334, 16.130603], [78.923297, 16.128412], [78.92329, 16.128394], [78.922817, 16.127118], [78.922212, 16.125489], [78.921971, 16.124297], [78.92159, 16.122889], [78.921589, 16.122875], [78.921588, 16.122854], [78.921582, 16.122755], [78.92122, 16.121806], [78.920844, 16.120119], [78.92065, 16.117093], [78.920649, 16.117076], [78.921314, 16.112303], [78.921912, 16.10867], [78.922159, 16.106391], [78.922189, 16.106235], [78.922111, 16.104715], [78.921991, 16.10409], [78.921533, 16.103236], [78.921494, 16.103207], [78.920642, 16.102568], [78.918664, 16.101024], [78.916714, 16.099802], [78.915501, 16.09901], [78.913767, 16.098283], [78.911745, 16.097605], [78.909321, 16.096863], [78.906747, 16.095694], [78.905676, 16.095129], [78.905107, 16.094535], [78.904238, 16.093538], [78.902425, 16.091649], [78.901069, 16.09036], [78.899677, 16.089463], [78.898858, 16.088866], [78.898557, 16.088447], [78.898096, 16.087853], [78.897581, 16.08731], [78.895574, 16.085987], [78.894591, 16.085545], [78.893642, 16.085258], [78.892442, 16.085004], [78.891618, 16.084858], [78.890648, 16.084884], [78.889769, 16.08491], [78.889292, 16.085068], [78.88921, 16.085095], [78.888901, 16.085543], [78.88879, 16.086021], [78.889078, 16.089346], [78.889077, 16.089359], [78.888799, 16.092083], [78.887789, 16.09609], [78.886522, 16.100458], [78.88551, 16.102911], [78.884364, 16.105928], [78.882681, 16.109033], [78.881796, 16.11122], [78.88091, 16.113622], [78.880687, 16.114296], [78.880236, 16.115658], [78.879814, 16.116932], [78.87905, 16.119786], [78.878445, 16.122702], [78.878107, 16.124103], [78.87773, 16.127664], [78.87773, 16.127676], [78.877729, 16.127689], [78.877752, 16.128904], [78.877639, 16.129564], [78.877353, 16.131233], [78.8772, 16.132091], [78.876892, 16.134203], [78.8762, 16.136753], [78.875366, 16.139415], [78.87446, 16.141617], [78.87419, 16.14211], [78.8736, 16.143187], [78.872746, 16.144185], [78.872004, 16.144819], [78.871119, 16.145331], [78.869187, 16.146388], [78.866662, 16.147168], [78.863089, 16.148059], [78.859923, 16.148636], [78.856031, 16.149155], [78.853553, 16.149218], [78.851111, 16.149195], [78.849064, 16.149175], [78.847188, 16.149086], [78.844196, 16.148398], [78.843602, 16.148273], [78.841097, 16.147744], [78.837952, 16.146895], [78.836018, 16.14646], [78.83507, 16.14607], [78.834427, 16.145769], [78.83416, 16.145489], [78.833648, 16.144669], [78.833153, 16.143901], [78.832929, 16.143015], [78.832829, 16.142175], [78.832986, 16.139134], [78.832986, 16.139129], [78.833224, 16.136964], [78.833458, 16.135128], [78.833966, 16.133078], [78.834864, 16.129532], [78.835574, 16.126998], [78.836387, 16.124751], [78.836782, 16.123203], [78.837618, 16.120541], [78.838034, 16.118612], [78.838926, 16.115707], [78.839296, 16.112912], [78.839508, 16.111335], [78.83951, 16.111319], [78.839421, 16.109585], [78.839591, 16.108611], [78.840217, 16.107056], [78.840603, 16.104675], [78.841478, 16.101649], [78.841984, 16.097843], [78.842271, 16.094378], [78.842271, 16.094365], [78.842369, 16.090137], [78.842092, 16.087343], [78.8416, 16.084499], [78.841053, 16.081893], [78.840148, 16.078997], [78.838954, 16.076488], [78.837954, 16.073901], [78.837092, 16.072124], [78.836548, 16.070957], [78.836411, 16.070772], [78.835557, 16.069613], [78.833565, 16.067555], [78.831488, 16.065298], [78.829008, 16.063163], [78.827675, 16.061971], [78.826823, 16.061009], [78.82663, 16.060597], [78.825822, 16.058866], [78.825571, 16.058435], [78.823616, 16.055071], [78.823207, 16.054504], [78.820732, 16.051072], [78.819182, 16.049263], [78.816799, 16.047194], [78.816246, 16.046807], [78.815801, 16.046508], [78.815301, 16.046208], [78.814247, 16.045782], [78.81156, 16.044763], [78.807782, 16.043245], [78.804718, 16.041117], [78.801808, 16.039367], [78.800687, 16.038506], [78.800118, 16.037998], [78.799712, 16.0373], [78.799678, 16.03722], [78.799113, 16.035914], [78.798912, 16.035599], [78.797542, 16.033454], [78.796484, 16.031565], [78.796483, 16.031562], [78.796222, 16.03092], [78.79589, 16.030033], [78.795702, 16.029785], [78.79504, 16.028911], [78.793601, 16.027545], [78.792158, 16.02591], [78.790663, 16.024681], [78.789145, 16.023956], [78.787163, 16.023104], [78.785175, 16.021986], [78.783996, 16.021524], [78.782672, 16.021112], [78.78158, 16.02091], [78.780684, 16.020797], [78.779248, 16.020783], [78.77776, 16.020716], [78.77603, 16.020435], [78.774384, 16.020003], [78.772326, 16.019427], [78.771003, 16.018981], [78.769216, 16.018321], [78.767994, 16.017681], [78.766526, 16.017354], [78.765416, 16.01717], [78.763621, 16.017152], [78.761089, 16.017334], [78.758178, 16.017704], [78.756184, 16.017709], [78.754447, 16.017518], [78.752866, 16.017301], [78.750213, 16.016605], [78.749234, 16.016102], [78.749151, 16.015942], [78.748032, 16.015455], [78.74634, 16.014155], [78.744082, 16.012665], [78.742016, 16.010903], [78.740417, 16.009879], [78.738335, 16.009583], [78.736437, 16.009839], [78.734723, 16.010646], [78.731475, 16.012996], [78.729077, 16.015721], [78.726772, 16.018539], [78.725432, 16.019808], [78.723238, 16.021069], [78.71915, 16.022311], [78.714491, 16.023729], [78.711161, 16.024978], [78.708044, 16.025548], [78.706345, 16.026233], [78.705532, 16.026579], [78.704742, 16.026627], [78.701451, 16.026989], [78.700293, 16.027145], [78.700029, 16.027204], [78.699424, 16.02734], [78.697604, 16.028122], [78.695649, 16.02894], [78.693385, 16.029773], [78.68813, 16.032], [78.684045, 16.033764], [78.682401, 16.034305], [78.681782, 16.034541], [78.681296, 16.034908], [78.680332, 16.036249], [78.679469, 16.037655], [78.67792, 16.04004], [78.67682, 16.041436], [78.675062, 16.043503], [78.673304, 16.045664], [78.672221, 16.047337], [78.671273, 16.049412], [78.67048, 16.051275], [78.669537, 16.05281], [78.668556, 16.054439], [78.666427, 16.05693], [78.664041, 16.059597], [78.661679, 16.062235], [78.65826, 16.065859], [78.656524, 16.067684], [78.655705, 16.068569], [78.653503, 16.070102], [78.651504, 16.07131], [78.650803, 16.071954], [78.650591, 16.072444], [78.650586, 16.072455], [78.650571, 16.075481], [78.650613, 16.07862], [78.65042, 16.079089], [78.647509, 16.08048], [78.645357, 16.081612], [78.643168, 16.082519], [78.640546, 16.08369], [78.63768, 16.084907], [78.634788, 16.086092], [78.632815, 16.086723], [78.630805, 16.087186], [78.627799, 16.08781], [78.624827, 16.08817], [78.622667, 16.088277], [78.620295, 16.088345], [78.619274, 16.088278], [78.618391, 16.087952], [78.61665, 16.087652], [78.614359, 16.087479], [78.613028, 16.087502], [78.611911, 16.08749], [78.610812, 16.087478], [78.610023, 16.087395], [78.609216, 16.087145], [78.606039, 16.085953], [78.60341, 16.085012], [78.602258, 16.084572], [78.601437, 16.083949], [78.600348, 16.083024], [78.59901, 16.081529], [78.597912, 16.07986], [78.596828, 16.078564], [78.596126, 16.077372], [78.59554, 16.07636], [78.594702, 16.073856], [78.593864, 16.07129], [78.593277, 16.070315], [78.592175, 16.068944], [78.590496, 16.067147], [78.588648, 16.065303], [78.588078, 16.064608], [78.587755, 16.064232], [78.587315, 16.06391], [78.586607, 16.06353], [78.584258, 16.062623], [78.58289, 16.062131], [78.58175, 16.060978], [78.580527, 16.059823], [78.579027, 16.058931], [78.576681, 16.057553], [78.575235, 16.056282], [78.573492, 16.05499], [78.570687, 16.052942], [78.566743, 16.051219], [78.565598, 16.050517], [78.564047, 16.049279], [78.562611, 16.047592], [78.560564, 16.046102], [78.559531, 16.045136], [78.55647, 16.043881], [78.554817, 16.043382], [78.553392, 16.043101], [78.55172, 16.042844], [78.550705, 16.0427], [78.549525, 16.042661], [78.547572, 16.042931], [78.544038, 16.043746], [78.543019, 16.044027], [78.540807, 16.045303], [78.538125, 16.046759], [78.535988, 16.047885], [78.534026, 16.048952], [78.532338, 16.049994], [78.530763, 16.050773], [78.529248, 16.051181], [78.526737, 16.052188], [78.524655, 16.053388], [78.524307, 16.053552], [78.523385, 16.053984], [78.522556, 16.0544], [78.521647, 16.054655], [78.520766, 16.054831], [78.519727, 16.054939], [78.519611, 16.054951], [78.518619, 16.055178], [78.51776, 16.055569], [78.517006, 16.055912], [78.515964, 16.056256], [78.515297, 16.056476], [78.513311, 16.057197], [78.510558, 16.057671], [78.50888, 16.057917], [78.507915, 16.058225], [78.506507, 16.058846], [78.502657, 16.060118], [78.498909, 16.061264], [78.496617, 16.062163], [78.49506, 16.062977], [78.493477, 16.063682], [78.492494, 16.06412], [78.489876, 16.064789], [78.486345, 16.066568], [78.485398, 16.067081], [78.483364, 16.06769], [78.479751, 16.068903], [78.477161, 16.069397], [78.474543, 16.069649], [78.473296, 16.06977], [78.471062, 16.070293], [78.469543, 16.070661], [78.46668, 16.07126], [78.464436, 16.072144], [78.462207, 16.072975], [78.461871, 16.073101], [78.460176, 16.073497], [78.459085, 16.073475], [78.458583, 16.073465], [78.454227, 16.073523], [78.450351, 16.073494], [78.445079, 16.073384], [78.443784, 16.073357], [78.440422, 16.07301], [78.438144, 16.072722], [78.435815, 16.072726], [78.43339, 16.073132], [78.432207, 16.073319], [78.431232, 16.073462], [78.430543, 16.073701], [78.42987, 16.073909], [78.428433, 16.074046], [78.425084, 16.073961], [78.421974, 16.074221], [78.419769, 16.074488], [78.416748, 16.074961], [78.413921, 16.075252], [78.41143, 16.075393], [78.409933, 16.075735], [78.409183, 16.075907], [78.407954, 16.07597], [78.407139, 16.076022], [78.407056, 16.076002], [78.406137, 16.075779], [78.404882, 16.07541], [78.404524, 16.075242], [78.402148, 16.074124], [78.400773, 16.073121], [78.399007, 16.071786], [78.397833, 16.070899], [78.395007, 16.069256], [78.393469, 16.068452], [78.39029, 16.067567], [78.387552, 16.066573], [78.386317, 16.065818], [78.385334, 16.065314], [78.382758, 16.063372], [78.381268, 16.06219], [78.379107, 16.060254], [78.376913, 16.057998], [78.376235, 16.057342], [78.375592, 16.056487], [78.375262, 16.056082], [78.375029, 16.055556], [78.374765, 16.055029], [78.374308, 16.054592], [78.373486, 16.053966], [78.3714, 16.053316], [78.370924, 16.053095], [78.370659, 16.052645], [78.370283, 16.052085], [78.369779, 16.051571], [78.369431, 16.051336], [78.368815, 16.050897], [78.368198, 16.050473], [78.36677, 16.048622], [78.365961, 16.04762], [78.365222, 16.04723], [78.365185, 16.047211], [78.364646, 16.046973], [78.364089, 16.046812], [78.362958, 16.046691], [78.361825, 16.046739], [78.35874, 16.047242], [78.355836, 16.047889], [78.353582, 16.048263], [78.35195, 16.048722], [78.350273, 16.048887], [78.348843, 16.048883], [78.347282, 16.048649], [78.345946, 16.048386], [78.344609, 16.048124], [78.343782, 16.047929], [78.342749, 16.047624], [78.342086, 16.047076], [78.34125, 16.046388], [78.340646, 16.045647], [78.339076, 16.043671], [78.338399, 16.042924], [78.337988, 16.042657], [78.337369, 16.042433], [78.336685, 16.042317], [78.335967, 16.042309], [78.334563, 16.042369], [78.333973, 16.0423], [78.333306, 16.042123], [78.331537, 16.041433], [78.3302, 16.04117], [78.328253, 16.040052], [78.327525, 16.039566], [78.327037, 16.039067], [78.325721, 16.037279], [78.324524, 16.035666], [78.323585, 16.034267], [78.322834, 16.033118], [78.322784, 16.033001], [78.322246, 16.031754], [78.321986, 16.030789], [78.321884, 16.030064], [78.321861, 16.029354], [78.322054, 16.028001], [78.322748, 16.024962], [78.323028, 16.021775], [78.323023, 16.020896], [78.322589, 16.019882], [78.322026, 16.019058], [78.32029, 16.01743], [78.317051, 16.01511], [78.315604, 16.014268], [78.313466, 16.013133], [78.311591, 16.012571], [78.309984, 16.01232], [78.306613, 16.011955], [78.305356, 16.011786], [78.304478, 16.01179], [78.302817, 16.012017], [78.301169, 16.012444], [78.29776, 16.013997], [78.294581, 16.015608], [78.291885, 16.017117], [78.291717, 16.017211], [78.289499, 16.018478], [78.284408, 16.02186], [78.281291, 16.02361], [78.278601, 16.025093], [78.276867, 16.025966], [78.276306, 16.026133], [78.273777, 16.026883], [78.270986, 16.027408], [78.268891, 16.027829], [78.2679, 16.028001], [78.266225, 16.027981], [78.265191, 16.027783], [78.263919, 16.027459], [78.261207, 16.025953], [78.26029, 16.025402], [78.259711, 16.024548], [78.25856, 16.022283], [78.257577, 16.020349], [78.256301, 16.017944], [78.255552, 16.016555], [78.255542, 16.01653], [78.255305, 16.015936], [78.255107, 16.015224], [78.255103, 16.014361], [78.255292, 16.013316], [78.255495, 16.01244], [78.256135, 16.011045], [78.257238, 16.008743], [78.257269, 16.008678], [78.258151, 16.007132], [78.259072, 16.005133], [78.259446, 16.003349], [78.259535, 16.001617], [78.259636, 16.00085], [78.259726, 15.998994], [78.259655, 15.997432], [78.259458, 15.995608], [78.259162, 15.993313], [78.258632, 15.990932], [78.258006, 15.989086], [78.257132, 15.987029], [78.255848, 15.984684], [78.254673, 15.982711], [78.254211, 15.981783], [78.253594, 15.980544], [78.25288, 15.979205], [78.252089, 15.97698], [78.251724, 15.976056], [78.251396, 15.975209], [78.251217, 15.973941], [78.251171, 15.973437], [78.251269, 15.972934], [78.251408, 15.972306], [78.251679, 15.971517], [78.251879, 15.970165], [78.252258, 15.969124], [78.252383, 15.967527], [78.252408, 15.965719], [78.252407, 15.965693], [78.252389, 15.964171], [78.252232, 15.962323], [78.252327, 15.960008], [78.252282, 15.959104], [78.25224, 15.956706], [78.252265, 15.954859], [78.252517, 15.952637], [78.252603, 15.95037], [78.252554, 15.949867], [78.252827, 15.947509], [78.253023, 15.94534], [78.253184, 15.942992], [78.253229, 15.940937], [78.252972, 15.939373], [78.252666, 15.938341], [78.252652, 15.938292], [78.252277, 15.937157], [78.251524, 15.93598], [78.250803, 15.93523], [78.250067, 15.934671], [78.249114, 15.934161], [78.248219, 15.933556], [78.248219, 15.933556], [78.247643, 15.933179], [78.246189, 15.932226], [78.243704, 15.930717], [78.239928, 15.928823], [78.23653, 15.927127], [78.234515, 15.9263], [78.233119, 15.925727], [78.230088, 15.924501], [78.227402, 15.923629], [78.22377, 15.922777], [78.22072, 15.922063], [78.2167, 15.921348], [78.213132, 15.920686], [78.208618, 15.919999], [78.205973, 15.919651], [78.204441, 15.919325], [78.203628, 15.918895], [78.202588, 15.918253], [78.202054, 15.917676], [78.20146, 15.917086], [78.199408, 15.916536], [78.197255, 15.91597], [78.194274, 15.915489], [78.19213, 15.914738], [78.192063, 15.914715], [78.188454, 15.913481], [78.186869, 15.912732], [78.185103, 15.911522], [78.183022, 15.909504], [78.181938, 15.90841], [78.180778, 15.906043], [78.17968, 15.903517], [78.179707, 15.903276], [78.182865, 15.900497], [78.184813, 15.898545], [78.185749, 15.897729], [78.187409, 15.896284], [78.190046, 15.893878], [78.190047, 15.893874], [78.190057, 15.893865], [78.190109, 15.893574], [78.188844, 15.890754], [78.188689, 15.890406], [78.18757, 15.887897], [78.186949, 15.88645], [78.186774, 15.886075], [78.185489, 15.884894], [78.183116, 15.882866], [78.180256, 15.880605], [78.177908, 15.878817], [78.177174, 15.878486], [78.176925, 15.878215], [78.176834, 15.877864], [78.176646, 15.875754], [78.176669, 15.873139], [78.176588, 15.87114], [78.176522, 15.870662], [78.176105, 15.869993], [78.175709, 15.869359], [78.175487, 15.86889], [78.175308, 15.866948], [78.175306, 15.864514], [78.175473, 15.862051], [78.175536, 15.859822], [78.175543, 15.859583], [78.175413, 15.859383], [78.175356, 15.859361], [78.173626, 15.858682], [78.17356, 15.858648], [78.171546, 15.857608], [78.169853, 15.856907], [78.167013, 15.855916], [78.16571, 15.855618], [78.16234, 15.855552], [78.160855, 15.855405], [78.158452, 15.855001], [78.158101, 15.855171], [78.157405, 15.855838], [78.157103, 15.855962], [78.156043, 15.855983], [78.153385, 15.855774], [78.15143, 15.855551], [78.148843, 15.855413], [78.146988, 15.855506], [78.146216, 15.855589], [78.144491, 15.855379], [78.141434, 15.855316], [78.140531, 15.855281], [78.140203, 15.855463], [78.139309, 15.856035], [78.138956, 15.856264], [78.137896, 15.856331], [78.136657, 15.856222], [78.135961, 15.856062], [78.134183, 15.854898], [78.133827, 15.854733], [78.131595, 15.853706], [78.131297, 15.853551], [78.130331, 15.851979], [78.130393, 15.851919], [78.131933, 15.85041], [78.131935, 15.850408], [78.132868, 15.84899], [78.133556, 15.847951], [78.133896, 15.84703], [78.134609, 15.845094], [78.134763, 15.843585], [78.134964, 15.840397], [78.134752, 15.838852], [78.134607, 15.838487], [78.13431, 15.83774], [78.134203, 15.837634], [78.134071, 15.837609], [78.133574, 15.8378], [78.131976, 15.838466], [78.131536, 15.838751], [78.130725, 15.839277], [78.130447, 15.839355], [78.130014, 15.839279], [78.128769, 15.838821], [78.127271, 15.838647], [78.124459, 15.838273], [78.124075, 15.838151], [78.123474, 15.838097], [78.12168, 15.838471], [78.119522, 15.838653], [78.119189, 15.838346], [78.11721, 15.838658], [78.114032, 15.839013], [78.111423, 15.839643], [78.111049, 15.838776], [78.108764, 15.838665], [78.104724, 15.838683], [78.102413, 15.838641], [78.10163, 15.838619], [78.10079, 15.838127], [78.099607, 15.837483], [78.09926, 15.83735], [78.098983, 15.837311], [78.097342, 15.837627], [78.092666, 15.839167], [78.091591, 15.839557], [78.089544, 15.840301], [78.086697, 15.841262], [78.083939, 15.842268], [78.083925, 15.842273], [78.084216, 15.843375], [78.084234, 15.843442], [78.085075, 15.845865], [78.085226, 15.846299], [78.08286, 15.846757], [78.082796, 15.84677], [78.07945, 15.847541], [78.076941, 15.848225], [78.075686, 15.848441], [78.075336, 15.84853], [78.07502, 15.8487], [78.075017, 15.848706], [78.074374, 15.850101], [78.074364, 15.850107], [78.074362, 15.850112], [78.071752, 15.851688], [78.071739, 15.851696], [78.071923, 15.853091], [78.072329, 15.855991], [78.072811, 15.858341], [78.071788, 15.858511], [78.071789, 15.85852], [78.071903, 15.859694], [78.072241, 15.862225], [78.072227, 15.86223], [78.071805, 15.862371], [78.071806, 15.862377], [78.071792, 15.862382], [78.071888, 15.863166], [78.069496, 15.863555], [78.067395, 15.863958], [78.067391, 15.863967], [78.067294, 15.864236], [78.067208, 15.864387], [78.067201, 15.864388], [78.066037, 15.864627], [78.065664, 15.864564], [78.065401, 15.864479], [78.065348, 15.864497], [78.064427, 15.864807], [78.061454, 15.865606], [78.058169, 15.866778], [78.056377, 15.867511], [78.056372, 15.867519], [78.056364, 15.867522], [78.056228, 15.86773], [78.056272, 15.868045], [78.056325, 15.868546], [78.05621, 15.869879], [78.056182, 15.870302], [78.056179, 15.870344], [78.056306, 15.870719], [78.056609, 15.871274], [78.056658, 15.871364], [78.056762, 15.871656], [78.056695, 15.872909], [78.056674, 15.876062], [78.055174, 15.875754], [78.051214, 15.875975], [78.047153, 15.876212], [78.04715, 15.876222], [78.047139, 15.876222], [78.046921, 15.877163], [78.046643, 15.882293], [78.046488, 15.88634], [78.046184, 15.892955], [78.045793, 15.899914], [78.045591, 15.905539], [78.042677, 15.906243], [78.036262, 15.907659], [78.034566, 15.908131], [78.032281, 15.908767], [78.03193, 15.906591], [78.031604, 15.904214], [78.029986, 15.904474], [78.029782, 15.904355], [78.029736, 15.904006], [78.029239, 15.903933], [78.027234, 15.903691], [78.025775, 15.903754], [78.023698, 15.898411], [78.023456, 15.897788], [78.021946, 15.89392], [78.019818, 15.889129], [78.01891, 15.886485], [78.017084, 15.882212], [78.016206, 15.879899], [78.015644, 15.878398], [78.01543, 15.877764], [78.015196, 15.877313], [78.014841, 15.876993], [78.01433, 15.87643], [78.013224, 15.874573], [78.011583, 15.871537], [78.010083, 15.86843], [78.009308, 15.866811], [78.009216, 15.866617], [78.008983, 15.866082], [78.008966, 15.86586], [78.008925, 15.865318], [78.009061, 15.864241], [78.009079, 15.86303], [78.008149, 15.863233], [78.007795, 15.863387], [78.005242, 15.864493], [78.002574, 15.86544], [78.000191, 15.866188], [77.998411, 15.866616], [77.996717, 15.867406], [77.995728, 15.867989], [77.995723, 15.867993], [77.994444, 15.869171], [77.992601, 15.870597], [77.992595, 15.8706], [77.991103, 15.871403], [77.991093, 15.871411], [77.991088, 15.871413], [77.989, 15.872964], [77.987185, 15.874389], [77.984861, 15.876684], [77.982263, 15.878939], [77.980056, 15.880855], [77.977758, 15.882788], [77.976399, 15.883641], [77.974417, 15.884404], [77.972001, 15.884737], [77.970583, 15.88488], [77.968957, 15.884804], [77.966706, 15.884448], [77.965899, 15.884368], [77.962812, 15.88461], [77.959766, 15.884853], [77.959106, 15.884884], [77.956866, 15.88499], [77.954285, 15.885077], [77.950833, 15.885327], [77.948874, 15.885449], [77.947612, 15.885459], [77.945737, 15.885243], [77.944061, 15.884813], [77.94244, 15.884452], [77.941078, 15.884135], [77.938962, 15.884078], [77.937923, 15.8842], [77.93591, 15.884768], [77.933563, 15.885367], [77.933391, 15.885411], [77.930648, 15.88645], [77.927714, 15.88771], [77.924679, 15.889119], [77.921481, 15.890693], [77.918869, 15.89189], [77.91665, 15.892665], [77.91504, 15.893469], [77.913133, 15.894418], [77.913127, 15.894422], [77.913116, 15.894427], [77.910951, 15.895726], [77.90854, 15.897218], [77.906517, 15.898423], [77.90402, 15.899885], [77.900364, 15.901932], [77.897135, 15.903526], [77.893634, 15.90509], [77.89179, 15.905963], [77.890591, 15.906475], [77.88955, 15.906731], [77.886688, 15.906854], [77.883134, 15.906817], [77.881439, 15.906738], [77.880262, 15.906681], [77.879341, 15.906424], [77.877604, 15.905383], [77.87701, 15.904778], [77.876364, 15.903915], [77.87524, 15.902888], [77.873968, 15.901731], [77.872492, 15.900084], [77.870787, 15.898602], [77.869117, 15.896803], [77.86826, 15.895713], [77.867895, 15.895258], [77.866595, 15.893642], [77.865718, 15.892328], [77.865057, 15.891266], [77.863977, 15.889502], [77.863683, 15.889018], [77.863047, 15.887971], [77.862076, 15.886975], [77.861235, 15.886014], [77.860235, 15.885458], [77.858938, 15.884951], [77.857874, 15.884591], [77.85663, 15.884343], [77.855399, 15.884163], [77.853943, 15.883993], [77.853105, 15.883805], [77.852332, 15.883521], [77.851396, 15.883264], [77.850697, 15.883159], [77.849562, 15.883129], [77.84743, 15.883207], [77.846812, 15.883239], [77.845771, 15.883508], [77.845754, 15.883516], [77.843251, 15.884657], [77.843239, 15.884663], [77.840768, 15.88572], [77.839754, 15.886003], [77.83873, 15.886016], [77.83818, 15.885941], [77.837176, 15.885615], [77.835903, 15.885102], [77.834138, 15.884392], [77.831362, 15.883085], [77.828267, 15.881942], [77.825842, 15.88104], [77.82317, 15.880142], [77.821177, 15.879422], [77.818928, 15.878901], [77.817885, 15.878733], [77.815688, 15.878512], [77.814219, 15.878287], [77.813285, 15.877989], [77.810903, 15.877006], [77.807196, 15.876012], [77.805338, 15.875579], [77.804708, 15.875529], [77.803966, 15.875477], [77.802786, 15.875596], [77.800949, 15.876072], [77.797446, 15.876889], [77.794723, 15.877477], [77.792432, 15.877836], [77.791351, 15.87797], [77.7895, 15.877877], [77.788689, 15.877836], [77.785797, 15.877647], [77.78392, 15.877566], [77.783051, 15.87754], [77.782489, 15.877613], [77.782475, 15.877619], [77.781938, 15.877862], [77.78103, 15.878554], [77.779734, 15.87989], [77.7784, 15.88153], [77.77578, 15.8832], [77.77225, 15.88527], [77.769919, 15.886388], [77.769771, 15.886446], [77.768452, 15.886963], [77.768448, 15.886963], [77.767145, 15.887133], [77.765498, 15.887177], [77.764574, 15.887123], [77.763862, 15.886909], [77.76229, 15.886127], [77.761692, 15.885806], [77.760462, 15.885612], [77.75896, 15.885605], [77.756635, 15.885768], [77.752761, 15.885876], [77.749745, 15.886351], [77.748975, 15.886311], [77.748364, 15.886302], [77.746318, 15.886905], [77.744253, 15.887344], [77.744238, 15.887349], [77.74279, 15.887871], [77.742771, 15.887877], [77.742769, 15.887878], [77.741123, 15.888395], [77.741102, 15.888401], [77.739432, 15.889164], [77.738256, 15.889921], [77.736983, 15.890838], [77.733456, 15.894021], [77.731247, 15.89522], [77.729281, 15.895946], [77.72751, 15.896395], [77.725701, 15.896748], [77.723376, 15.896854], [77.721785, 15.896721], [77.719046, 15.896494], [77.71665, 15.896205], [77.714314, 15.895804], [77.713533, 15.895525], [77.712621, 15.895272], [77.711201, 15.894358], [77.710836, 15.894088], [77.710367, 15.893741], [77.708521, 15.892757], [77.706688, 15.891815], [77.705618, 15.891002], [77.702654, 15.888975], [77.700075, 15.887388], [77.69766, 15.885966], [77.696015, 15.885153], [77.695249, 15.884846], [77.694511, 15.884568], [77.6938, 15.884459], [77.690699, 15.884637], [77.687461, 15.884602], [77.685068, 15.884452], [77.684801, 15.884435], [77.682837, 15.88442], [77.681773, 15.884558], [77.681758, 15.884563], [77.681752, 15.884564], [77.680889, 15.884832], [77.678506, 15.885857], [77.677889, 15.886082], [77.676762, 15.886219], [77.673095, 15.886248], [77.671937, 15.886301], [77.67083, 15.886382], [77.668742, 15.886857], [77.666862, 15.887068], [77.664273, 15.887028], [77.6629, 15.886867], [77.661928, 15.886684], [77.661377, 15.886591], [77.660578, 15.886508], [77.66001, 15.886584], [77.659992, 15.886589], [77.65887, 15.88689], [77.658858, 15.886893], [77.658848, 15.886896], [77.657757, 15.887128], [77.657738, 15.887132], [77.655924, 15.887779], [77.653221, 15.888995], [77.65045, 15.890275], [77.647512, 15.891687], [77.643731, 15.893871], [77.642768, 15.894428], [77.640371, 15.895568], [77.638764, 15.895965], [77.637914, 15.896304], [77.637459, 15.896593], [77.637371, 15.896667], [77.637164, 15.896841], [77.636824, 15.897146], [77.636201, 15.897853], [77.635383, 15.89898], [77.633848, 15.901144], [77.631669, 15.903355], [77.629435, 15.905628], [77.626992, 15.907961], [77.625298, 15.910059], [77.623242, 15.911766], [77.620598, 15.914145], [77.618753, 15.915348], [77.615378, 15.917069], [77.613202, 15.918428], [77.612602, 15.91863], [77.611796, 15.918822], [77.611613, 15.918824], [77.61081, 15.918835], [77.609852, 15.918693], [77.607914, 15.917974], [77.605502, 15.916938], [77.603625, 15.916009], [77.601338, 15.914728], [77.600078, 15.913992], [77.599854, 15.913861], [77.59832, 15.913317], [77.59671, 15.913025], [77.596318, 15.912968], [77.595622, 15.912867], [77.593336, 15.912973], [77.592118, 15.91318], [77.59211, 15.913181], [77.592094, 15.913184], [77.591554, 15.913302], [77.59113, 15.913408], [77.589679, 15.914019], [77.58815, 15.914994], [77.586856, 15.915818], [77.5858, 15.916294], [77.585015, 15.916767], [77.583095, 15.918482], [77.582565, 15.918839], [77.582065, 15.919141], [77.581407, 15.919356], [77.580914, 15.91947], [77.579412, 15.919504], [77.576445, 15.919458], [77.572661, 15.919483], [77.571292, 15.919546], [77.569547, 15.919774], [77.565756, 15.920249], [77.564898, 15.92025], [77.562456, 15.920085], [77.560134, 15.920133], [77.559201, 15.920231], [77.558269, 15.920259], [77.557263, 15.920383], [77.556346, 15.920425], [77.553513, 15.92017], [77.552221, 15.920208], [77.550766, 15.920227], [77.548712, 15.920392], [77.546919, 15.920575], [77.546912, 15.920577], [77.545223, 15.921069], [77.543362, 15.921723], [77.543232, 15.921769], [77.541817, 15.922014], [77.54181, 15.922014], [77.541791, 15.922018], [77.539668, 15.922214], [77.539208, 15.922248], [77.539202, 15.922249], [77.538676, 15.922339], [77.538001, 15.922708], [77.537473, 15.922911], [77.537409, 15.922943], [77.536725, 15.923279], [77.535153, 15.924196], [77.534432, 15.924663], [77.533151, 15.925099], [77.530742, 15.925582], [77.52933, 15.925837], [77.52692, 15.925953], [77.524567, 15.926087], [77.521987, 15.926327], [77.519408, 15.926568], [77.517541, 15.926819], [77.515412, 15.927345], [77.514461, 15.927594], [77.513163, 15.928142], [77.513162, 15.928142], [77.513848, 15.930505], [77.514249, 15.932823], [77.514965, 15.93599], [77.515858, 15.939684], [77.516471, 15.942459], [77.517054, 15.944961], [77.517464, 15.947804], [77.517648, 15.949944], [77.517671, 15.950146], [77.518, 15.952963], [77.518269, 15.955496], [77.51847, 15.958814], [77.518761, 15.961132], [77.519207, 15.964028], [77.519401, 15.966666], [77.519491, 15.967454], [77.519545, 15.967927], [77.51644, 15.967764], [77.515819, 15.967732], [77.515661, 15.967723], [77.515699, 15.967875], [77.515864, 15.968525], [77.515744, 15.969073], [77.515327, 15.969899], [77.51506, 15.970462], [77.514831, 15.97099], [77.514204, 15.972159], [77.513942, 15.972456], [77.513553, 15.97268], [77.513125, 15.973063], [77.512844, 15.973413], [77.512581, 15.973781], [77.512206, 15.974254], [77.51113, 15.975911], [77.511014, 15.97606], [77.510774, 15.976367], [77.510438, 15.97668], [77.510476, 15.976902], [77.510648, 15.977901], [77.511089, 15.980466], [77.510151, 15.98101], [77.509422, 15.981433], [77.50971, 15.983896], [77.509727, 15.984102], [77.510045, 15.987908], [77.510484, 15.991261], [77.510923, 15.994547], [77.511225, 15.99731], [77.511533, 15.998627], [77.511841, 15.999961], [77.512014, 16.000584], [77.512575, 16.00159], [77.514188, 16.00875], [77.514233, 16.008947], [77.510398, 16.009917], [77.509159, 16.01023], [77.506435, 16.011161], [77.504517, 16.011942], [77.504482, 16.015812], [77.504431, 16.018843], [77.502589, 16.019382], [77.502304, 16.02292], [77.50209, 16.02344], [77.501746, 16.023922], [77.500398, 16.026264], [77.499156, 16.027697], [77.498759, 16.027962], [77.497442, 16.028554], [77.497411, 16.029258], [77.49731, 16.029689], [77.497025, 16.030009], [77.496078, 16.030832], [77.49539, 16.031741], [77.4951, 16.032314], [77.494959, 16.032925], [77.494361, 16.034893], [77.493762, 16.034938], [77.493611, 16.035026], [77.493572, 16.035133], [77.49385, 16.035246], [77.494072, 16.035376], [77.494236, 16.035613], [77.494232, 16.035884], [77.494124, 16.036712], [77.494256, 16.038844], [77.494511, 16.040374], [77.49481, 16.041462], [77.495093, 16.042387], [77.495292, 16.042769], [77.495752, 16.043173], [77.497085, 16.044086], [77.497248, 16.044395], [77.497306, 16.046454], [77.496778, 16.046734], [77.497264, 16.048935], [77.497864, 16.052085], [77.498782, 16.051955], [77.499487, 16.054465], [77.496776, 16.055685], [77.497666, 16.058289], [77.497907, 16.058419], [77.498244, 16.05837], [77.498523, 16.058429], [77.4987, 16.059027], [77.499472, 16.061945], [77.499585, 16.061929], [77.502609, 16.059865], [77.502776, 16.059922], [77.502865, 16.060176], [77.503283, 16.063052], [77.503887, 16.065238], [77.504275, 16.067645], [77.504934, 16.070733], [77.505654, 16.07448], [77.50668, 16.078946], [77.506773, 16.079465], [77.506919, 16.080277], [77.506818, 16.080726], [77.506493, 16.081172], [77.506114, 16.081491], [77.505456, 16.081751], [77.504542, 16.082133], [77.503292, 16.082655], [77.499855, 16.08427], [77.497968, 16.085341], [77.496232, 16.086378], [77.495734, 16.085991], [77.494088, 16.087228], [77.495176, 16.08913], [77.496023, 16.092031], [77.497081, 16.09574], [77.497926, 16.098804], [77.498922, 16.101827], [77.500815, 16.106965], [77.501071, 16.10733], [77.501518, 16.107409], [77.501655, 16.107428], [77.503126, 16.107627], [77.50385, 16.107909], [77.503881, 16.107924], [77.504369, 16.108152], [77.505123, 16.10885], [77.505808, 16.109204], [77.507128, 16.10964], [77.508669, 16.11017], [77.509061, 16.110194], [77.510375, 16.10989], [77.512016, 16.108942], [77.512614, 16.108933], [77.513006, 16.108975], [77.513192, 16.109032], [77.513207, 16.109249], [77.512941, 16.109534], [77.512252, 16.110461], [77.511538, 16.111086], [77.510535, 16.111847], [77.510549, 16.112118], [77.510837, 16.112736], [77.510777, 16.112987], [77.510419, 16.113162], [77.508633, 16.113765], [77.507154, 16.11434], [77.50714, 16.114345], [77.50693, 16.114649], [77.506583, 16.115275], [77.506092, 16.115574], [77.505603, 16.11571], [77.50545, 16.115961], [77.505371, 16.116212], [77.504955, 16.116476], [77.502523, 16.117773], [77.502217, 16.118183], [77.502117, 16.118525], [77.501846, 16.119883], [77.501577, 16.120312], [77.501141, 16.120684], [77.500687, 16.121002], [77.500292, 16.121194], [77.499784, 16.121366], [77.499242, 16.121394], [77.498701, 16.121331], [77.496919, 16.120266], [77.496118, 16.119837], [77.494791, 16.119659], [77.494616, 16.120552], [77.49431, 16.121523], [77.493181, 16.122016], [77.492166, 16.122157], [77.492098, 16.122167], [77.491189, 16.121953], [77.489763, 16.121386], [77.489718, 16.122383], [77.489855, 16.123155], [77.490167, 16.124277], [77.490679, 16.125953], [77.491228, 16.128034], [77.491205, 16.129045], [77.491182, 16.133651], [77.490617, 16.135801], [77.49061, 16.137674], [77.490648, 16.139307], [77.490823, 16.141826], [77.490823, 16.143011], [77.491106, 16.146554], [77.491685, 16.14758], [77.492059, 16.14824], [77.491952, 16.149341], [77.490999, 16.149839], [77.490747, 16.150638], [77.490831, 16.152721], [77.490839, 16.154834], [77.490842, 16.155091], [77.490884, 16.158822], [77.490236, 16.160442], [77.489557, 16.160865], [77.488595, 16.161478], [77.487047, 16.16233], [77.486299, 16.162637], [77.486249, 16.162706], [77.485689, 16.163486], [77.485747, 16.164132], [77.485788, 16.164581], [77.486048, 16.164901], [77.486367, 16.165292], [77.48662, 16.166218], [77.486757, 16.16699], [77.487161, 16.169159], [77.487565, 16.170328], [77.487912, 16.170666], [77.488252, 16.170998], [77.488512, 16.171954], [77.488924, 16.173883], [77.489404, 16.175731], [77.489854, 16.177671], [77.489763, 16.179807], [77.489892, 16.181591], [77.490144, 16.182573], [77.490386, 16.183149], [77.490785, 16.184103], [77.491632, 16.185958], [77.492508, 16.187848], [77.493783, 16.189989], [77.494669, 16.191513], [77.49598, 16.192815], [77.496866, 16.194193], [77.497094, 16.194549], [77.498011, 16.196292], [77.498758, 16.198009], [77.49923, 16.19851], [77.499431, 16.19871], [77.499542, 16.199007], [77.499552, 16.199331], [77.499546, 16.199636], [77.499545, 16.199739], [77.499595, 16.20019], [77.499689, 16.20155], [77.499902, 16.202722], [77.499822, 16.203143], [77.499435, 16.204465], [77.499483, 16.205057], [77.499616, 16.205777], [77.499548, 16.207231], [77.499478, 16.207906], [77.499366, 16.208481], [77.499168, 16.208957], [77.498883, 16.209417], [77.498592, 16.210003], [77.498514, 16.210308], [77.498509, 16.210643], [77.498619, 16.210965], [77.499084, 16.211614], [77.499445, 16.212535], [77.499649, 16.2141], [77.499807, 16.215069], [77.499772, 16.21624], [77.499771, 16.216292], [77.499761, 16.216895], [77.499921, 16.21855], [77.500085, 16.219069], [77.500447, 16.219911], [77.501502, 16.222544], [77.501904, 16.223113], [77.502419, 16.223842], [77.502647, 16.224027], [77.502936, 16.224059], [77.503242, 16.223897], [77.505822, 16.222914], [77.507317, 16.22252], [77.509841, 16.221946], [77.510942, 16.221727], [77.511982, 16.221771], [77.512641, 16.222102], [77.513363, 16.222449], [77.513982, 16.222557], [77.514473, 16.222578], [77.514805, 16.222611], [77.515034, 16.222727], [77.515261, 16.222953], [77.515712, 16.223774], [77.51591, 16.224028], [77.515976, 16.224433], [77.515936, 16.225046], [77.515901, 16.225475], [77.515791, 16.226801], [77.51568, 16.229081], [77.515517, 16.229273], [77.514963, 16.229599], [77.514786, 16.229792], [77.514695, 16.230069], [77.51466, 16.230431], [77.514553, 16.230764], [77.514405, 16.230985], [77.514099, 16.231147], [77.513633, 16.231335], [77.512308, 16.231585], [77.511643, 16.23163], [77.510904, 16.231716], [77.510384, 16.231736], [77.509662, 16.231697], [77.507984, 16.231405], [77.507017, 16.231362], [77.505934, 16.231303], [77.505228, 16.231208], [77.504811, 16.231103], [77.504362, 16.231166], [77.503941, 16.231299], [77.503607, 16.231405], [77.503187, 16.231412], [77.502613, 16.231194], [77.501116, 16.230497], [77.499868, 16.229975], [77.499076, 16.229865], [77.497626, 16.230423], [77.497016, 16.231383], [77.496779, 16.234187], [77.49655, 16.23747], [77.496848, 16.241234], [77.497077, 16.244517], [77.497145, 16.247961], [77.496479, 16.248907], [77.496127, 16.249407], [77.494683, 16.250627], [77.493588, 16.251263], [77.493124, 16.251387], [77.492002, 16.251685], [77.491647, 16.253166], [77.490765, 16.254966], [77.490618, 16.25547], [77.490861, 16.255683], [77.494372, 16.257125], [77.495284, 16.257434], [77.495544, 16.257523], [77.495987, 16.257828], [77.497388, 16.259182], [77.498919, 16.260662], [77.499563, 16.261414], [77.499811, 16.261635], [77.500482, 16.261927], [77.50132, 16.262465], [77.502747, 16.264388], [77.503908, 16.266234], [77.50473, 16.267762], [77.504918, 16.268404], [77.504952, 16.268763], [77.504786, 16.269169], [77.504522, 16.270648], [77.504405, 16.27202], [77.504267, 16.27313], [77.504019, 16.27365], [77.503996, 16.274225], [77.504337, 16.275989], [77.504622, 16.276339], [77.504833, 16.276394], [77.507622, 16.275708], [77.509776, 16.275244], [77.5102, 16.275263], [77.512145, 16.276151], [77.512445, 16.276398], [77.513067, 16.277321], [77.513184, 16.277463], [77.513698, 16.27765], [77.513564, 16.278505], [77.514437, 16.278583], [77.516519, 16.278898], [77.517339, 16.278988], [77.51779, 16.278957], [77.518203, 16.278836], [77.518722, 16.278678], [77.520443, 16.278769], [77.520972, 16.278777], [77.521412, 16.278656], [77.52184, 16.278496], [77.522198, 16.278362], [77.524688, 16.277169], [77.526452, 16.276289], [77.52692, 16.276015], [77.527358, 16.275945], [77.527829, 16.275988], [77.529149, 16.276108], [77.529389, 16.27601], [77.529228, 16.274169], [77.529189, 16.273718], [77.529233, 16.273489], [77.529657, 16.273434], [77.529936, 16.273398], [77.530229, 16.273338], [77.530457, 16.272431], [77.530698, 16.272319], [77.532564, 16.272387], [77.533423, 16.270982], [77.535085, 16.268432], [77.536148, 16.267439], [77.536465, 16.267302], [77.536749, 16.26718], [77.537244, 16.26922], [77.537421, 16.269735], [77.537637, 16.270288], [77.537792, 16.271384], [77.538161, 16.271492], [77.538583, 16.273173], [77.538805, 16.274935], [77.538878, 16.277697], [77.539108, 16.278973], [77.539204, 16.279576], [77.539721, 16.281923], [77.540207, 16.283103], [77.540518, 16.285102], [77.540535, 16.285665], [77.540565, 16.286215], [77.54072, 16.286448], [77.54163, 16.287671], [77.542516, 16.288554], [77.543136, 16.289484], [77.544001, 16.290815], [77.544712, 16.292047], [77.544947, 16.292243], [77.546343, 16.292763], [77.546842, 16.293027], [77.5473, 16.293341], [77.547966, 16.293926], [77.54879, 16.294527], [77.549418, 16.29501], [77.550661, 16.295471], [77.551395, 16.295943], [77.551616, 16.296189], [77.551729, 16.296562], [77.551842, 16.296883], [77.551927, 16.296984], [77.552102, 16.297194], [77.552703, 16.297689], [77.553151, 16.297824], [77.553705, 16.297974], [77.554393, 16.298307], [77.554657, 16.298388], [77.555001, 16.298406], [77.555505, 16.298389], [77.555796, 16.298431], [77.556216, 16.29863], [77.556611, 16.298815], [77.557003, 16.29909], [77.557409, 16.29939], [77.55779, 16.299575], [77.558856, 16.300026], [77.559911, 16.300764], [77.560262, 16.301153], [77.560564, 16.301324], [77.560973, 16.301433], [77.561487, 16.301582], [77.561803, 16.301714], [77.56217, 16.301937], [77.56267, 16.302137], [77.563316, 16.302326], [77.563779, 16.302384], [77.564202, 16.302442], [77.56445, 16.302612], [77.56486, 16.302683], [77.565178, 16.302662], [77.565591, 16.302566], [77.565961, 16.302572], [77.566291, 16.302667], [77.566659, 16.302851], [77.568158, 16.303935], [77.568421, 16.304042], [77.56866, 16.304046], [77.570107, 16.303033], [77.571289, 16.302079], [77.572847, 16.300813], [77.574214, 16.29923], [77.575596, 16.297654], [77.57574, 16.297489], [77.576306, 16.296705], [77.576503, 16.296432], [77.578134, 16.294757], [77.57946, 16.293883], [77.580819, 16.292889], [77.581288, 16.292577], [77.58162, 16.292482], [77.581754, 16.292443], [77.58231, 16.292465], [77.583583, 16.292779], [77.584218, 16.292866], [77.584629, 16.292808], [77.585271, 16.292448], [77.585815, 16.292379], [77.587811, 16.292679], [77.590022, 16.292982], [77.59067, 16.293043], [77.59132, 16.29299], [77.592818, 16.292936], [77.595154, 16.293356], [77.595784, 16.293469], [77.595999, 16.293513], [77.597342, 16.293787], [77.596536, 16.294465], [77.594959, 16.295878], [77.59395, 16.296796], [77.59315, 16.297757], [77.593136, 16.297773], [77.592948, 16.298049], [77.592878, 16.298152], [77.592452, 16.299859], [77.592196, 16.300954], [77.591863, 16.301823], [77.591692, 16.302524], [77.591628, 16.303162], [77.591722, 16.304705], [77.59177, 16.305], [77.592408, 16.306505], [77.593024, 16.307678], [77.59346, 16.308588], [77.593731, 16.309153], [77.593854, 16.309705], [77.594099, 16.310923], [77.594442, 16.312661], [77.594846, 16.314662], [77.595068, 16.316513], [77.595169, 16.317653], [77.595105, 16.318316], [77.594976, 16.318877], [77.594742, 16.319423], [77.594391, 16.320599], [77.594157, 16.321119], [77.593951, 16.321551], [77.593571, 16.322107], [77.593364, 16.322362], [77.593111, 16.322675], [77.592688, 16.32325], [77.592429, 16.32368], [77.592183, 16.324098], [77.591925, 16.324491], [77.591708, 16.324807], [77.591506, 16.32497], [77.591107, 16.325104], [77.590518, 16.325453], [77.590099, 16.325905], [77.589751, 16.326374], [77.589836, 16.32694], [77.590446, 16.32889], [77.590532, 16.329402], [77.590466, 16.329984], [77.590076, 16.330688], [77.589652, 16.33121], [77.588901, 16.332073], [77.588364, 16.332611], [77.587957, 16.333224], [77.587795, 16.333859], [77.587863, 16.334399], [77.588156, 16.33495], [77.588192, 16.334989], [77.588656, 16.335486], [77.589943, 16.336453], [77.590354, 16.336733], [77.590725, 16.337176], [77.590979, 16.337799], [77.591273, 16.338278], [77.591683, 16.338594], [77.592224, 16.338985], [77.592843, 16.339231], [77.593613, 16.339516], [77.594211, 16.33989], [77.595178, 16.341044], [77.59536, 16.341484], [77.595465, 16.341978], [77.595208, 16.342666], [77.594467, 16.343884], [77.594451, 16.343911], [77.594067, 16.344252], [77.593575, 16.344317], [77.592895, 16.344343], [77.590705, 16.344309], [77.58781, 16.343934], [77.586432, 16.343913], [77.585887, 16.343813], [77.58534, 16.343714], [77.584047, 16.343074], [77.583428, 16.342828], [77.582564, 16.342577], [77.581808, 16.342584], [77.580618, 16.342602], [77.579206, 16.342343], [77.578137, 16.342122], [77.577671, 16.342026], [77.57483, 16.341435], [77.573925, 16.341312], [77.57298, 16.34137], [77.57239, 16.341652], [77.571633, 16.342226], [77.57086, 16.342813], [77.569954, 16.343426], [77.569495, 16.343728], [77.568695, 16.344135], [77.567784, 16.344412], [77.566778, 16.344706], [77.565678, 16.34498], [77.564579, 16.3452], [77.562757, 16.345773], [77.558726, 16.348171], [77.558363, 16.348387], [77.557735, 16.348723], [77.556826, 16.348873], [77.555803, 16.349021], [77.554281, 16.349671], [77.552915, 16.35086], [77.552729, 16.351135], [77.551366, 16.35315], [77.547873, 16.356165], [77.546917, 16.35686], [77.54621, 16.357359], [77.545622, 16.357496], [77.544598, 16.357735], [77.541622, 16.357985], [77.540488, 16.357985], [77.539825, 16.358102], [77.539026, 16.358454], [77.537401, 16.359631], [77.536696, 16.360295], [77.534921, 16.361967], [77.533842, 16.362923], [77.533381, 16.363353], [77.532867, 16.363582], [77.532165, 16.363753], [77.531576, 16.363981], [77.530981, 16.364554], [77.530594, 16.365113], [77.53026, 16.365855], [77.529879, 16.367142], [77.529185, 16.368942], [77.528799, 16.369483], [77.527178, 16.371498], [77.526112, 16.373066], [77.525216, 16.374499], [77.524845, 16.375092], [77.524324, 16.375703], [77.523693, 16.376167], [77.523584, 16.376226], [77.523245, 16.376411], [77.52314, 16.376468], [77.521947, 16.376668], [77.520197, 16.376257], [77.518924, 16.375581], [77.518078, 16.375349], [77.517287, 16.375209], [77.515973, 16.375246], [77.514742, 16.375445], [77.514074, 16.375799], [77.513369, 16.376189], [77.512741, 16.376434], [77.511776, 16.376582], [77.510678, 16.376693], [77.509769, 16.376824], [77.508269, 16.377274], [77.507821, 16.377468], [77.506187, 16.378178], [77.504933, 16.378596], [77.504153, 16.378929], [77.503072, 16.379204], [77.502351, 16.379356], [77.501478, 16.379634], [77.500482, 16.380438], [77.499279, 16.381155], [77.498096, 16.381681], [77.497368, 16.381996], [77.495733, 16.382471], [77.495419, 16.382527], [77.494594, 16.382673], [77.493662, 16.383029], [77.493137, 16.383325], [77.491815, 16.384023], [77.491043, 16.384294], [77.489956, 16.384429], [77.488444, 16.38434], [77.485308, 16.383679], [77.482735, 16.383551], [77.481812, 16.383362], [77.481002, 16.383218], [77.480147, 16.382987], [77.478604, 16.382134], [77.476661, 16.381257], [77.476654, 16.381253], [77.474798, 16.380787], [77.474054, 16.380666], [77.473083, 16.38065], [77.471656, 16.380889], [77.469239, 16.380894], [77.466349, 16.380825], [77.463696, 16.380717], [77.459558, 16.380736], [77.459472, 16.380736], [77.454047, 16.380932], [77.450168, 16.381086], [77.448451, 16.381123], [77.447574, 16.380913], [77.446516, 16.380678], [77.44629, 16.380712], [77.445866, 16.380776], [77.445338, 16.380855], [77.444276, 16.380925], [77.442428, 16.380656], [77.440897, 16.380413], [77.439952, 16.38018], [77.439192, 16.37971], [77.438566, 16.379116], [77.437096, 16.377724], [77.433917, 16.37484], [77.433144, 16.373804], [77.432417, 16.372768], [77.431513, 16.371108], [77.430961, 16.370402], [77.430474, 16.369828], [77.429849, 16.369404], [77.428974, 16.369041], [77.426976, 16.368355], [77.42581, 16.367857], [77.425092, 16.367605], [77.424309, 16.367179], [77.423571, 16.366753], [77.422223, 16.366339], [77.420633, 16.366308], [77.419662, 16.366314], [77.418985, 16.366303], [77.418079, 16.366441], [77.416946, 16.36664], [77.415971, 16.366864], [77.415108, 16.367133], [77.414296, 16.367098], [77.413482, 16.367128], [77.412118, 16.367651], [77.410068, 16.368018], [77.407024, 16.368992], [77.402476, 16.370769], [77.399599, 16.371952], [77.398549, 16.372588], [77.397454, 16.37318], [77.395946, 16.374158], [77.393804, 16.37586], [77.39377, 16.375887], [77.393378, 16.376338], [77.392622, 16.376957], [77.391412, 16.377656], [77.388867, 16.37928], [77.38841, 16.379617], [77.387014, 16.380644], [77.383663, 16.383617], [77.381707, 16.385033], [77.379637, 16.385826], [77.378275, 16.386218], [77.377435, 16.386465], [77.37719, 16.386486], [77.376372, 16.386557], [77.374011, 16.386352], [77.373891, 16.386341], [77.372694, 16.386343], [77.36984, 16.385512], [77.368396, 16.38505], [77.366372, 16.384516], [77.362724, 16.383889], [77.359689, 16.383665], [77.357365, 16.383561], [77.355199, 16.383416], [77.35409, 16.38355], [77.351442, 16.383833], [77.349865, 16.384338], [77.348211, 16.384615], [77.347026, 16.385227], [77.345927, 16.386059], [77.344829, 16.386803], [77.343974, 16.38755], [77.343728, 16.387765], [77.341748, 16.389823], [77.340109, 16.39157], [77.339373, 16.392299], [77.338662, 16.392875], [77.337953, 16.393386], [77.337107, 16.393939], [77.3351, 16.395016], [77.331908, 16.396276], [77.330614, 16.396625], [77.329138, 16.397058], [77.327848, 16.39721], [77.324513, 16.397418], [77.323224, 16.397527], [77.321688, 16.397523], [77.320041, 16.39743], [77.318318, 16.397401], [77.317986, 16.397395], [77.315915, 16.397689], [77.314416, 16.398143], [77.312761, 16.398442], [77.311287, 16.398766], [77.308535, 16.399809], [77.304861, 16.401434], [77.30363, 16.402045], [77.303011, 16.402536], [77.300404, 16.4043], [77.297439, 16.40659], [77.296844, 16.407016], [77.296021, 16.407569], [77.295134, 16.407859], [77.294364, 16.407998], [77.292711, 16.408232], [77.291743, 16.408407], [77.289855, 16.40875], [77.28744, 16.409072], [77.286823, 16.410242], [77.28561, 16.411435], [77.28396, 16.413003], [77.282575, 16.414512], [77.281305, 16.41616], [77.281178, 16.416324], [77.280597, 16.417335], [77.280041, 16.418794], [77.279787, 16.420003], [77.279148, 16.422177], [77.278704, 16.422904], [77.277959, 16.423849], [77.277316, 16.424636], [77.276542, 16.425294], [77.275032, 16.426417], [77.27411, 16.427285], [77.273193, 16.428148], [77.272001, 16.42927], [77.270423, 16.430457], [77.26924, 16.431777], [77.268405, 16.433663], [77.267442, 16.435658], [77.266141, 16.437998], [77.265232, 16.441526], [77.265211, 16.441606], [77.265015, 16.443294], [77.264829, 16.444376], [77.264644, 16.445491], [77.26433, 16.446347], [77.264273, 16.446486], [77.264018, 16.447108], [77.263878, 16.447894], [77.263393, 16.449613], [77.26228, 16.451713], [77.261458, 16.453413], [77.25966, 16.454958], [77.25708, 16.457005], [77.255895, 16.457946], [77.251897, 16.460555], [77.251613, 16.46074], [77.248661, 16.46265], [77.248547, 16.462723], [77.244244, 16.465264], [77.243215, 16.46602], [77.241186, 16.466566], [77.240163, 16.467325], [77.236898, 16.469208], [77.237859, 16.471364], [77.23863, 16.473126], [77.239255, 16.474382], [77.239606, 16.475089], [77.241201, 16.476088], [77.242002, 16.476492], [77.245016, 16.477326], [77.246206, 16.478125], [77.248524, 16.478549], [77.250082, 16.478471], [77.250466, 16.478346], [77.251527, 16.475601], [77.252052, 16.475267], [77.252763, 16.475174], [77.258106, 16.475002], [77.260311, 16.4751], [77.261952, 16.475173], [77.269103, 16.475268], [77.276809, 16.475347], [77.277874, 16.475312], [77.278884, 16.475356], [77.279971, 16.475611], [77.280947, 16.475996], [77.282826, 16.476265], [77.286006, 16.476542], [77.288594, 16.476767], [77.293823, 16.477434], [77.294402, 16.480155], [77.294709, 16.481292], [77.297524, 16.48596], [77.29952, 16.488836], [77.299676, 16.48926], [77.299134, 16.492152], [77.29889, 16.493457], [77.297973, 16.496402], [77.302899, 16.495748], [77.303672, 16.495653], [77.308371, 16.495077], [77.313079, 16.494419], [77.314064, 16.494304], [77.314806, 16.494027], [77.319069, 16.491426], [77.322658, 16.489223], [77.323566, 16.488817], [77.323906, 16.488138], [77.324061, 16.487115], [77.324283, 16.486908], [77.324757, 16.486793], [77.327122, 16.486217], [77.328386, 16.48579], [77.329399, 16.485623], [77.33019, 16.485663], [77.334164, 16.486308], [77.339305, 16.487394], [77.341848, 16.487994], [77.342665, 16.488087], [77.343214, 16.487938], [77.343819, 16.487658], [77.344395, 16.48751], [77.346259, 16.48862], [77.345702, 16.490842], [77.345701, 16.490848], [77.346, 16.490879], [77.347638, 16.490906], [77.350363, 16.491215], [77.35137, 16.491363], [77.351919, 16.491214], [77.352267, 16.490911], [77.354205, 16.48922], [77.354949, 16.488838], [77.355415, 16.488714], [77.356206, 16.48878], [77.357403, 16.488984], [77.358574, 16.489135], [77.362065, 16.489377], [77.364745, 16.489079], [77.3656, 16.489011], [77.368573, 16.488774], [77.369118, 16.488809], [77.369387, 16.48905], [77.36956, 16.490053], [77.369723, 16.491993], [77.370194, 16.497609], [77.370222, 16.499109], [77.370371, 16.499927], [77.370526, 16.500404], [77.371354, 16.501614], [77.371938, 16.50386], [77.372291, 16.504751], [77.372364, 16.505236], [77.372342, 16.50721], [77.372513, 16.509899], [77.372657, 16.510228], [77.372911, 16.510428], [77.3733, 16.510683], [77.374611, 16.511738], [77.376648, 16.513453], [77.377677, 16.514333], [77.37949, 16.515396], [77.380626, 16.515969], [77.381165, 16.516188], [77.382179, 16.5164], [77.382653, 16.516461], [77.382761, 16.516475], [77.383991, 16.51651], [77.384971, 16.516538], [77.387386, 16.516578], [77.389604, 16.516669], [77.390174, 16.516652], [77.390673, 16.516791], [77.391078, 16.516955], [77.391533, 16.517276], [77.392463, 16.518403], [77.393666, 16.51943], [77.39443, 16.519978], [77.39537, 16.520504], [77.397588, 16.521356], [77.398315, 16.521682], [77.398801, 16.521808], [77.399356, 16.521856], [77.399928, 16.521774], [77.400592, 16.521785], [77.401428, 16.522073], [77.402432, 16.522103], [77.403219, 16.522116], [77.405592, 16.521735], [77.408014, 16.521369], [77.409195, 16.521362], [77.41008, 16.521154], [77.412055, 16.520412], [77.414516, 16.51938], [77.416302, 16.518847], [77.416648, 16.520029], [77.416811, 16.520432], [77.417389, 16.521859], [77.417889, 16.522882], [77.41799, 16.523302], [77.417902, 16.523719], [77.417475, 16.524412], [77.417231, 16.524807], [77.416979, 16.525287], [77.416685, 16.525805], [77.416866, 16.527125], [77.417119, 16.528947], [77.41745, 16.531758], [77.417841, 16.534197], [77.418064, 16.536237], [77.418557, 16.539056], [77.418903, 16.540298], [77.41882, 16.541893], [77.418818, 16.545117], [77.418532, 16.546734], [77.418297, 16.546953], [77.418302, 16.547489], [77.417879, 16.547613], [77.417972, 16.548704], [77.418024, 16.549309], [77.417858, 16.54945], [77.417274, 16.54948], [77.41703, 16.549528], [77.416416, 16.549649], [77.415084, 16.549784], [77.413937, 16.54974], [77.411784, 16.549495], [77.410861, 16.54952], [77.410465, 16.549657], [77.410213, 16.550098], [77.410047, 16.550278], [77.409422, 16.55032], [77.409311, 16.550436], [77.409193, 16.550983], [77.409083, 16.55106], [77.406569, 16.551267], [77.404456, 16.551567], [77.403733, 16.55179], [77.403662, 16.551985], [77.403783, 16.552798], [77.404054, 16.554398], [77.404048, 16.554725], [77.403924, 16.554814], [77.402685, 16.555029], [77.402302, 16.555206], [77.401249, 16.555712], [77.399988, 16.556119], [77.399781, 16.556299], [77.39933, 16.559548], [77.399246, 16.559742], [77.398317, 16.55993], [77.398152, 16.560045], [77.397594, 16.563227], [77.397347, 16.56472], [77.39714, 16.564938], [77.396488, 16.564967], [77.39256, 16.564523], [77.392449, 16.564691], [77.392492, 16.567696], [77.392565, 16.570456], [77.39282, 16.57063], [77.395172, 16.570394], [77.395607, 16.570323], [77.395949, 16.570198], [77.397824, 16.568812], [77.398276, 16.568545], [77.398864, 16.568332], [77.39934, 16.568261], [77.399365, 16.568262], [77.39991, 16.568271], [77.400316, 16.56833], [77.400934, 16.568706], [77.402042, 16.569923], [77.403085, 16.571614], [77.403376, 16.572227], [77.403386, 16.572247], [77.403614, 16.572421], [77.403752, 16.572433], [77.404169, 16.572469], [77.407227, 16.572218], [77.410379, 16.571692], [77.411127, 16.571599], [77.411647, 16.571373], [77.412733, 16.570579], [77.414894, 16.568439], [77.415196, 16.568274], [77.415467, 16.568252], [77.417326, 16.568282], [77.419588, 16.568568], [77.42191, 16.568869], [77.422795, 16.569109], [77.423449, 16.569286], [77.423812, 16.569502], [77.424779, 16.570864], [77.425691, 16.572265], [77.426833, 16.573128], [77.427129, 16.57329], [77.427481, 16.573361], [77.428133, 16.573319], [77.428513, 16.573299], [77.428714, 16.573433], [77.429332, 16.574568], [77.429937, 16.576547], [77.430386, 16.578084], [77.430503, 16.578361], [77.431416, 16.579697], [77.433163, 16.581747], [77.435803, 16.584444], [77.437797, 16.58642], [77.439141, 16.587933], [77.439452, 16.588029], [77.441464, 16.587826], [77.444392, 16.587703], [77.447031, 16.587327], [77.449467, 16.586987], [77.45172, 16.58645], [77.451995, 16.586385], [77.452002, 16.586383], [77.451276, 16.587173], [77.450788, 16.58851], [77.450762, 16.590004], [77.452428, 16.592273], [77.453639, 16.593937], [77.45485, 16.5956], [77.455909, 16.597112], [77.457603, 16.597737], [77.459455, 16.598215], [77.460687, 16.598684], [77.462236, 16.598709], [77.462679, 16.59868], [77.462901, 16.599097], [77.463812, 16.599995], [77.464052, 16.600235], [77.464282, 16.600291], [77.466606, 16.600079], [77.467244, 16.600103], [77.467377, 16.600275], [77.466801, 16.602175], [77.466877, 16.602477], [77.467182, 16.602887], [77.46754, 16.603403], [77.467873, 16.604619], [77.46815, 16.605068], [77.468173, 16.60533], [77.467946, 16.605889], [77.467824, 16.606242], [77.467775, 16.606383], [77.467809, 16.607561], [77.468033, 16.610214], [77.468002, 16.610448], [77.467715, 16.610575], [77.464655, 16.610852], [77.460246, 16.61115], [77.458482, 16.611108], [77.458262, 16.611275], [77.458118, 16.61173], [77.457904, 16.612328], [77.457715, 16.612958], [77.455784, 16.614679], [77.454253, 16.61593], [77.45396, 16.616383], [77.453681, 16.616784], [77.453781, 16.617269], [77.453916, 16.618095], [77.454393, 16.618796], [77.45456, 16.619322], [77.454583, 16.620452], [77.45462, 16.620658], [77.454694, 16.621069], [77.454996, 16.621649], [77.455391, 16.622486], [77.455774, 16.62308], [77.455814, 16.623129], [77.456519, 16.624008], [77.457643, 16.624941], [77.458526, 16.625701], [77.46005, 16.626449], [77.460642, 16.626746], [77.46114, 16.62699], [77.461814, 16.627288], [77.463465, 16.627844], [77.463801, 16.628046], [77.463997, 16.628467], [77.464165, 16.628993], [77.464269, 16.630799], [77.464381, 16.631429], [77.464372, 16.632822], [77.464432, 16.633255], [77.464725, 16.633573], [77.465088, 16.633788], [77.466353, 16.634463], [77.466891, 16.634746], [77.467212, 16.635], [77.467613, 16.635372], [77.468278, 16.636319], [77.468421, 16.636674], [77.468509, 16.63712], [77.468649, 16.637646], [77.468714, 16.637771], [77.469122, 16.638555], [77.469549, 16.639007], [77.47, 16.639603], [77.470397, 16.640361], [77.470658, 16.640954], [77.470716, 16.641491], [77.47076, 16.642119], [77.470747, 16.643641], [77.47085, 16.644009], [77.471033, 16.644391], [77.47126, 16.644643], [77.472038, 16.645192], [77.472989, 16.645926], [77.473878, 16.646508], [77.474007, 16.646928], [77.474052, 16.647465], [77.474, 16.648092], [77.473766, 16.649119], [77.472953, 16.649556], [77.472527, 16.649824], [77.472387, 16.650097], [77.472395, 16.650384], [77.472755, 16.652306], [77.47275, 16.652341], [77.472693, 16.652763], [77.472417, 16.652968], [77.47194, 16.653117], [77.471381, 16.653213], [77.470687, 16.653333], [77.469869, 16.653529], [77.468794, 16.653629], [77.467885, 16.653641], [77.466027, 16.65402], [77.464652, 16.654234], [77.463328, 16.65467], [77.463015, 16.654691], [77.462853, 16.654649], [77.462486, 16.653633], [77.461912, 16.652264], [77.461715, 16.651881], [77.46168, 16.651835], [77.46149, 16.65159], [77.460941, 16.651137], [77.460408, 16.650869], [77.460187, 16.650758], [77.45962, 16.650579], [77.459246, 16.650536], [77.458956, 16.650503], [77.458462, 16.650646], [77.457674, 16.650712], [77.457391, 16.650589], [77.457179, 16.650285], [77.457091, 16.649865], [77.457121, 16.648743], [77.45713, 16.648401], [77.457121, 16.6481], [77.456991, 16.647785], [77.456684, 16.647492], [77.455592, 16.646881], [77.455183, 16.646726], [77.455052, 16.646676], [77.454339, 16.646298], [77.453963, 16.646013], [77.452109, 16.644609], [77.450666, 16.643304], [77.450331, 16.64305], [77.449846, 16.642794], [77.449144, 16.642612], [77.447444, 16.641996], [77.446647, 16.641479], [77.445394, 16.640151], [77.44491, 16.639855], [77.44464, 16.639759], [77.444382, 16.639794], [77.444149, 16.639921], [77.443542, 16.640435], [77.442699, 16.640973], [77.44226, 16.641228], [77.441715, 16.641363], [77.441035, 16.641391], [77.44048, 16.641343], [77.439923, 16.64136], [77.439349, 16.641534], [77.438464, 16.641702], [77.437797, 16.641796], [77.434739, 16.641698], [77.434397, 16.64185], [77.434107, 16.643198], [77.434086, 16.643296], [77.434135, 16.643447], [77.434164, 16.643533], [77.435191, 16.644556], [77.435367, 16.644612], [77.435941, 16.644359], [77.43669, 16.644228], [77.437205, 16.644328], [77.437771, 16.644572], [77.438201, 16.644801], [77.438572, 16.645548], [77.438579, 16.645888], [77.438425, 16.646147], [77.437514, 16.64689], [77.437434, 16.646955], [77.437226, 16.6472], [77.437153, 16.64746], [77.437147, 16.647853], [77.437018, 16.648217], [77.436459, 16.649073], [77.436006, 16.64938], [77.43561, 16.649517], [77.435141, 16.649915], [77.434836, 16.650276], [77.434029, 16.651209], [77.43371, 16.65157], [77.433327, 16.65176], [77.432766, 16.652], [77.432697, 16.652197], [77.432666, 16.652286], [77.432578, 16.65269], [77.432557, 16.653095], [77.432566, 16.654084], [77.432468, 16.654265], [77.43214, 16.654364], [77.431745, 16.654436], [77.431457, 16.654589], [77.431209, 16.65482], [77.431015, 16.655052], [77.430639, 16.655609], [77.430397, 16.656206], [77.430184, 16.656752], [77.428357, 16.656803], [77.427691, 16.656818], [77.425877, 16.657286], [77.424227, 16.65773], [77.423402, 16.657942], [77.421383, 16.65846], [77.419761, 16.658839], [77.419296, 16.659028], [77.419102, 16.65926], [77.419163, 16.660438], [77.419255, 16.661605], [77.419342, 16.662698], [77.419228, 16.665338], [77.419062, 16.667291], [77.419042, 16.667527], [77.418862, 16.66925], [77.418939, 16.669539], [77.419074, 16.66958], [77.420152, 16.669284], [77.421246, 16.669005], [77.42232, 16.668731], [77.422962, 16.668558], [77.425229, 16.668582], [77.426139, 16.6689], [77.426652, 16.669104], [77.42714, 16.669164], [77.42775, 16.669174], [77.428252, 16.669196], [77.428701, 16.669177], [77.429312, 16.669147], [77.430702, 16.669654], [77.433366, 16.670655], [77.435273, 16.671078], [77.436166, 16.671236], [77.436844, 16.6713], [77.439181, 16.670788], [77.439668, 16.670701], [77.442273, 16.670237], [77.442544, 16.67028], [77.442622, 16.670452], [77.442702, 16.672925], [77.442779, 16.673161], [77.443513, 16.674736], [77.44418, 16.676185], [77.444432, 16.676529], [77.446112, 16.67703], [77.446382, 16.677074], [77.446567, 16.677365], [77.446685, 16.677641], [77.446706, 16.677995], [77.446796, 16.678297], [77.446996, 16.678483], [77.447221, 16.678853], [77.447855, 16.680111], [77.448066, 16.680208], [77.448609, 16.68018], [77.452469, 16.679645], [77.455318, 16.67943], [77.457646, 16.678684], [77.459434, 16.67821], [77.461355, 16.677942], [77.4632, 16.677581], [77.463821, 16.677479], [77.464052, 16.677539], [77.464204, 16.677727], [77.465022, 16.67966], [77.465339, 16.680318], [77.466287, 16.681488], [77.467367, 16.682859], [77.467877, 16.683508], [77.468979, 16.685048], [77.469484, 16.686295], [77.469981, 16.687524], [77.470244, 16.687975], [77.470099, 16.688532], [77.469765, 16.688806], [77.469663, 16.689122], [77.469691, 16.689756], [77.469796, 16.690391], [77.469559, 16.69172], [77.469449, 16.692464], [77.469595, 16.692951], [77.469976, 16.69384], [77.470005, 16.693908], [77.470305, 16.695712], [77.470295, 16.696309], [77.470115, 16.69666], [77.47001, 16.697124], [77.470324, 16.698005], [77.470386, 16.698919], [77.470239, 16.699551], [77.470155, 16.699959], [77.469922, 16.699974], [77.469803, 16.700177], [77.469701, 16.700455], [77.469789, 16.70096], [77.469855, 16.701632], [77.469822, 16.702438], [77.469811, 16.703053], [77.470122, 16.704083], [77.470285, 16.70472], [77.470279, 16.705111], [77.47021, 16.705901], [77.470202, 16.706348], [77.470293, 16.706722], [77.470542, 16.706857], [77.470967, 16.706882], [77.471296, 16.706887], [77.471584, 16.707041], [77.471694, 16.707397], [77.471744, 16.707864], [77.471714, 16.708478], [77.471515, 16.709891], [77.471282, 16.711109], [77.471291, 16.711724], [77.471355, 16.71249], [77.471615, 16.71309], [77.47186, 16.713504], [77.472182, 16.713919], [77.473054, 16.715058], [77.473338, 16.715398], [77.473701, 16.715683], [77.474044, 16.715969], [77.47425, 16.7164], [77.474346, 16.717384], [77.474234, 16.717533], [77.474215, 16.717544], [77.474075, 16.717624], [77.472674, 16.718138], [77.470502, 16.718923], [77.469173, 16.719461], [77.468783, 16.719595], [77.467855, 16.719662], [77.466416, 16.719649], [77.466124, 16.719646], [77.46571, 16.719768], [77.465458, 16.719671], [77.465353, 16.719436], [77.465196, 16.719433], [77.464156, 16.720034], [77.463975, 16.72002], [77.463315, 16.718995], [77.463159, 16.718899], [77.461961, 16.719568], [77.461753, 16.719704], [77.461379, 16.719617], [77.459411, 16.717379], [77.459284, 16.717235], [77.458601, 16.716792], [77.458252, 16.71667], [77.457827, 16.716733], [77.457255, 16.716922], [77.456063, 16.71794], [77.455322, 16.718428], [77.454136, 16.71921], [77.452541, 16.720396], [77.452275, 16.720404], [77.451872, 16.719919], [77.451569, 16.719926], [77.451142, 16.720129], [77.450519, 16.720399], [77.449615, 16.720517], [77.44907, 16.720532], [77.448537, 16.720593], [77.448097, 16.720796], [77.447754, 16.721058], [77.447066, 16.721595], [77.446833, 16.721766], [77.446579, 16.721774], [77.446509, 16.721633], [77.446108, 16.720173], [77.445979, 16.719949], [77.445688, 16.719956], [77.44548, 16.720069], [77.445055, 16.720156], [77.444913, 16.719979], [77.444719, 16.718589], [77.44451, 16.717361], [77.444415, 16.717278], [77.443029, 16.717471], [77.442692, 16.717518], [77.442437, 16.717561], [77.442269, 16.717477], [77.442085, 16.716727], [77.441826, 16.715666], [77.441386, 16.713852], [77.440082, 16.714332], [77.439963, 16.713538], [77.439873, 16.713128], [77.439661, 16.712799], [77.439248, 16.712572], [77.439044, 16.712441], [77.438549, 16.712375], [77.438124, 16.712473], [77.437709, 16.712629], [77.437282, 16.712844], [77.436471, 16.713542], [77.435173, 16.715059], [77.434805, 16.715656], [77.433326, 16.718053], [77.432345, 16.718096], [77.430704, 16.718141], [77.428511, 16.718234], [77.428418, 16.7173], [77.427873, 16.717314], [77.427291, 16.719438], [77.426233, 16.721782], [77.426156, 16.722037], [77.426176, 16.723646], [77.426306, 16.72387], [77.426439, 16.723872], [77.428212, 16.723516], [77.428577, 16.723464], [77.429037, 16.723425], [77.429399, 16.723489], [77.430744, 16.723874], [77.430932, 16.72401], [77.431048, 16.724261], [77.431092, 16.724727], [77.431082, 16.725292], [77.431074, 16.725773], [77.430739, 16.726925], [77.430579, 16.727189], [77.430163, 16.727282], [77.429028, 16.727097], [77.428489, 16.727304], [77.427895, 16.72771], [77.427543, 16.728103], [77.42731, 16.728631], [77.427249, 16.729128], [77.427303, 16.730026], [77.427487, 16.730345], [77.427932, 16.730535], [77.428101, 16.73072], [77.428511, 16.731973], [77.428737, 16.733879], [77.428802, 16.734096], [77.429144, 16.734268], [77.429554, 16.734524], [77.429843, 16.734761], [77.42996, 16.735012], [77.429935, 16.735427], [77.429966, 16.735643], [77.430706, 16.735755], [77.431779, 16.735877], [77.432034, 16.73608], [77.432337, 16.736517], [77.432801, 16.737604], [77.43361, 16.7377], [77.434269, 16.74023], [77.43558, 16.744263], [77.435916, 16.744718], [77.436135, 16.74484], [77.437022, 16.747293], [77.437754, 16.749498], [77.437756, 16.7495], [77.439147, 16.75212], [77.440145, 16.757967], [77.440277, 16.758442], [77.44073, 16.759499], [77.442778, 16.762774], [77.442931, 16.763407], [77.442805, 16.763901], [77.442179, 16.764971], [77.439609, 16.768522], [77.439461, 16.76897], [77.439523, 16.7721], [77.439351, 16.77257], [77.43838, 16.773252], [77.437786, 16.773828], [77.437659, 16.774366], [77.437665, 16.77674], [77.437668, 16.777895], [77.437683, 16.782398], [77.437671, 16.783141], [77.438309, 16.785596], [77.439446, 16.788789], [77.439561, 16.788903], [77.440867, 16.786448], [77.441153, 16.786182], [77.443714, 16.785526], [77.447884, 16.784392], [77.449909, 16.783637], [77.450615, 16.783423], [77.451364, 16.783368], [77.451855, 16.783376], [77.452344, 16.783519], [77.453254, 16.783623], [77.45651, 16.782794], [77.460203, 16.781592], [77.460815, 16.781355], [77.463228, 16.781191], [77.465522, 16.78107], [77.46606, 16.781079], [77.467541, 16.780652], [77.470908, 16.781065], [77.471145, 16.781094], [77.474531, 16.781441], [77.474465, 16.782543], [77.474384, 16.783195], [77.474512, 16.783872], [77.474916, 16.784892], [77.475526, 16.786154], [77.476342, 16.787698], [77.476245, 16.787899], [77.475632, 16.788137], [77.473448, 16.788687], [77.473341, 16.789451], [77.473354, 16.790059], [77.473463, 16.790489], [77.474189, 16.791829], [77.474368, 16.792282], [77.474369, 16.792287], [77.474542, 16.793013], [77.474516, 16.794515], [77.474209, 16.797536], [77.474209, 16.799979], [77.474056, 16.802675], [77.474048, 16.803125], [77.47376, 16.803339], [77.473725, 16.803365], [77.471437, 16.804269], [77.468372, 16.805419], [77.466233, 16.806304], [77.465571, 16.806518], [77.465501, 16.806844], [77.46625, 16.808962], [77.466202, 16.809329], [77.465346, 16.810889], [77.464719, 16.811533], [77.463677, 16.812447], [77.462686, 16.81327], [77.463567, 16.813877], [77.462479, 16.814166], [77.462199, 16.814386], [77.462315, 16.816289], [77.462708, 16.819457], [77.462893, 16.822281], [77.462987, 16.822978], [77.462893, 16.823528], [77.462433, 16.824298], [77.460467, 16.826188], [77.460118, 16.826444], [77.457942, 16.82804], [77.4577, 16.828527], [77.456913, 16.831049], [77.457518, 16.831713], [77.457566, 16.831773], [77.458293, 16.83266], [77.460411, 16.834268], [77.460573, 16.8347], [77.460069, 16.837401], [77.459964, 16.837961], [77.459977, 16.838472], [77.460712, 16.84016], [77.461064, 16.842016], [77.46127, 16.842408], [77.462698, 16.844618], [77.463025, 16.845339], [77.463295, 16.847093], [77.463789, 16.850474], [77.463925, 16.851191], [77.463913, 16.851907], [77.463214, 16.854178], [77.462647, 16.856213], [77.462397, 16.85717], [77.462141, 16.860938], [77.461685, 16.865162], [77.461674, 16.865261], [77.461358, 16.868032], [77.460947, 16.870948], [77.460442, 16.874163], [77.460308, 16.874569], [77.459838, 16.874685], [77.459931, 16.875614], [77.459965, 16.875954], [77.460361, 16.878863], [77.46034, 16.881295], [77.460307, 16.883469], [77.460493, 16.885257], [77.459661, 16.885471], [77.457539, 16.885725], [77.456944, 16.885821], [77.456035, 16.885967], [77.456126, 16.886424], [77.456381, 16.888201], [77.456443, 16.888632], [77.456881, 16.889616], [77.45749, 16.890917], [77.457993, 16.892633], [77.458196, 16.893453], [77.458235, 16.894662], [77.457742, 16.895774], [77.457375, 16.89649], [77.457441, 16.897212], [77.457423, 16.898237], [77.45737, 16.899034], [77.45722, 16.899715], [77.457037, 16.900035], [77.456398, 16.900282], [77.457251, 16.905764], [77.45773, 16.909941], [77.457722, 16.910416], [77.457561, 16.910603], [77.457025, 16.910765], [77.456372, 16.910869], [77.455795, 16.911106], [77.454722, 16.911564], [77.454694, 16.911667], [77.453812, 16.91503], [77.453907, 16.915222], [77.458222, 16.916076], [77.458604, 16.916276], [77.458633, 16.916291], [77.458638, 16.91631], [77.459153, 16.918179], [77.459461, 16.918621], [77.460013, 16.918668], [77.461454, 16.918672], [77.462186, 16.91857], [77.462344, 16.918511], [77.462723, 16.91837], [77.463943, 16.917402], [77.465482, 16.916762], [77.466118, 16.916487], [77.466472, 16.916588], [77.466705, 16.91682], [77.466913, 16.917336], [77.4672, 16.917834], [77.468677, 16.919225], [77.469121, 16.919763], [77.469407, 16.92048], [77.469512, 16.921241], [77.469523, 16.921649], [77.469595, 16.924451], [77.469277, 16.928767], [77.464135, 16.930469], [77.464225, 16.930764], [77.465225, 16.934033], [77.466781, 16.938823], [77.466875, 16.93909], [77.468085, 16.939907], [77.468201, 16.94008], [77.467998, 16.941287], [77.46783, 16.941835], [77.467528, 16.94221], [77.465028, 16.944049], [77.464883, 16.944427], [77.464925, 16.945519], [77.464877, 16.945993], [77.46501, 16.946298], [77.466123, 16.947019], [77.466394, 16.947346], [77.466986, 16.949615], [77.467035, 16.950242], [77.466312, 16.950914], [77.466189, 16.951178], [77.466104, 16.955157], [77.466057, 16.955612], [77.465771, 16.95612], [77.465248, 16.9567], [77.465201, 16.957155], [77.465894, 16.959311], [77.466189, 16.959392], [77.468789, 16.958579], [77.469521, 16.95835], [77.472184, 16.957514], [77.47474, 16.961797], [77.475869, 16.963847], [77.476545, 16.965286], [77.477911, 16.9682], [77.478314, 16.968833], [77.478997, 16.969356], [77.48099, 16.970783], [77.481337, 16.971263], [77.481734, 16.972295], [77.481899, 16.974223], [77.481954, 16.977907], [77.482279, 16.980872], [77.482292, 16.980992], [77.48256, 16.984838], [77.482721, 16.986846], [77.482709, 16.98754], [77.482593, 16.988147], [77.482529, 16.988772], [77.482048, 16.990119], [77.480649, 16.992325], [77.479058, 16.99477], [77.478876, 16.995123], [77.478888, 16.995444], [77.47948, 16.996841], [77.481418, 16.998945], [77.483171, 17.001132], [77.484547, 17.002274], [77.485465, 17.003103], [77.487076, 17.004385], [77.490802, 17.004493], [77.491631, 17.004555], [77.492172, 17.004613], [77.492693, 17.004833], [77.492976, 17.005114], [77.493534, 17.006496], [77.493847, 17.007022], [77.494283, 17.007306], [77.494722, 17.007378], [77.495213, 17.007419], [77.495787, 17.007526], [77.496308, 17.007746], [77.497041, 17.008474], [77.498202, 17.010259], [77.498503, 17.010525], [77.502026, 17.010548], [77.502552, 17.01054], [77.50282, 17.010691], [77.502949, 17.011068], [77.503074, 17.011705], [77.502992, 17.012567], [77.503009, 17.013535], [77.503164, 17.014417], [77.503206, 17.014939], [77.503045, 17.015425], [77.50278, 17.016039], [77.502548, 17.016752], [77.502299, 17.017432], [77.502154, 17.017962], [77.50201, 17.018486], [77.501568, 17.019495], [77.501186, 17.020059], [77.500754, 17.020524], [77.499426, 17.021733], [77.498854, 17.022457], [77.498423, 17.022923], [77.497938, 17.023518], [77.497624, 17.024034], [77.497243, 17.025388], [77.496006, 17.027339], [77.495609, 17.028771], [77.495682, 17.030418], [77.495837, 17.033344], [77.49605, 17.035693], [77.496458, 17.037708], [77.49638, 17.03831], [77.496419, 17.039955], [77.496582, 17.041315], [77.49732, 17.04377], [77.495914, 17.044423], [77.491639, 17.046668], [77.48988, 17.047582], [77.488458, 17.04832], [77.488134, 17.050383], [77.490355, 17.051314], [77.490282, 17.051655], [77.490035, 17.052221], [77.489754, 17.05277], [77.489059, 17.053567], [77.487114, 17.055344], [77.486896, 17.057181], [77.485606, 17.058127], [77.484743, 17.059025], [77.483811, 17.060004], [77.483238, 17.061697], [77.482654, 17.065108], [77.482388, 17.065788], [77.481614, 17.067217], [77.480455, 17.069577], [77.479939, 17.071777], [77.479317, 17.073428], [77.481725, 17.075577], [77.482122, 17.076154], [77.482301, 17.07658], [77.482198, 17.077621], [77.481478, 17.080085], [77.480776, 17.08016], [77.477759, 17.080144], [77.477116, 17.080318], [77.477078, 17.080329], [77.476223, 17.080771], [77.473178, 17.083377], [77.470237, 17.085568], [77.467814, 17.08723], [77.467225, 17.088002], [77.466997, 17.088438], [77.466886, 17.088958], [77.466824, 17.089625], [77.466139, 17.091014], [77.464711, 17.093003], [77.463407, 17.094871], [77.463409, 17.095709], [77.46363, 17.097593], [77.463912, 17.100904], [77.463899, 17.101636], [77.463304, 17.102702], [77.463896, 17.103878], [77.464089, 17.104533], [77.46398, 17.104954], [77.463855, 17.105278], [77.464505, 17.106654], [77.464507, 17.106655], [77.464846, 17.107378], [77.465067, 17.10784], [77.465105, 17.108572], [77.464144, 17.110826], [77.462988, 17.110624], [77.459463, 17.110003], [77.459356, 17.110136], [77.457941, 17.111853], [77.455965, 17.112356], [77.455637, 17.113081], [77.45561, 17.113142], [77.45458, 17.115747], [77.453169, 17.115858], [77.452818, 17.115885], [77.451941, 17.115953], [77.451838, 17.11595], [77.450022, 17.11587], [77.449621, 17.11585], [77.448416, 17.116957], [77.448301, 17.117044], [77.446592, 17.118341], [77.446131, 17.118597], [77.44562, 17.118719], [77.445169, 17.118685], [77.445063, 17.118677], [77.444033, 17.11799], [77.442438, 17.117231], [77.441732, 17.117445], [77.440748, 17.117743], [77.440596, 17.117788], [77.439901, 17.117735], [77.438818, 17.117647], [77.437838, 17.116503], [77.436407, 17.115713], [77.435793, 17.115957], [77.432405, 17.1173], [77.428591, 17.118296], [77.424753, 17.119429], [77.417437, 17.122458], [77.411295, 17.124319], [77.41036, 17.124498], [77.410055, 17.124556], [77.406786, 17.125189], [77.405287, 17.129259], [77.404078, 17.133112], [77.403936, 17.133562], [77.402433, 17.134142], [77.396025, 17.136518], [77.391962, 17.138212], [77.38788, 17.139486], [77.384809, 17.140558], [77.383928, 17.140543], [77.379988, 17.140463], [77.377695, 17.140604], [77.377703, 17.140722], [77.37781, 17.142931], [77.378469, 17.143053], [77.378298, 17.144991], [77.378477, 17.146517], [77.378984, 17.148512], [77.37874, 17.149843], [77.37813, 17.153147], [77.376928, 17.153368], [77.375399, 17.153654], [77.375227, 17.153685], [77.371645, 17.15402], [77.369272, 17.154329], [77.36825, 17.154596], [77.36735, 17.154833], [77.366774, 17.155054], [77.366159, 17.155554], [77.365862, 17.156141], [77.36585, 17.156652], [77.366407, 17.157747], [77.366693, 17.158609], [77.366751, 17.159388], [77.366003, 17.159796], [77.365549, 17.159964], [77.365248, 17.159914], [77.365156, 17.159899], [77.364111, 17.159304], [77.363535, 17.159365], [77.363333, 17.159689], [77.363234, 17.160116], [77.363195, 17.160521], [77.363482, 17.161398], [77.363699, 17.161894], [77.363768, 17.162447], [77.363699, 17.162786], [77.362829, 17.16408], [77.362825, 17.164312], [77.363245, 17.165304], [77.3641, 17.16651], [77.365335, 17.167818], [77.36622, 17.169092], [77.366503, 17.169447], [77.366571, 17.169825], [77.366575, 17.170435], [77.366098, 17.172609], [77.366678, 17.173025], [77.367098, 17.173338], [77.367453, 17.173662], [77.367777, 17.174147], [77.368101, 17.174574], [77.369444, 17.175753], [77.36965, 17.176046], [77.369837, 17.176615], [77.370386, 17.178091], [77.371016, 17.17919], [77.371679, 17.181139], [77.372, 17.182814], [77.370386, 17.184786], [77.369562, 17.186079], [77.369421, 17.186453], [77.369459, 17.186888], [77.37031, 17.188223], [77.370604, 17.188723], [77.371199, 17.190252], [77.372042, 17.190584], [77.373163, 17.191156], [77.373457, 17.19338], [77.37372, 17.194872], [77.372129, 17.195921], [77.372667, 17.196249], [77.374609, 17.196745], [77.375814, 17.197187], [77.376329, 17.197283], [77.37681, 17.19729], [77.378702, 17.197165], [77.37937, 17.197172], [77.379805, 17.197283], [77.380583, 17.197718], [77.381109, 17.197927], [77.381498, 17.197947], [77.381594, 17.19795], [77.382032, 17.197783], [77.38273, 17.197462], [77.383379, 17.197165], [77.383955, 17.197145], [77.384481, 17.197241], [77.385023, 17.197439], [77.385233, 17.197481], [77.385477, 17.197535], [77.38587, 17.197351], [77.38624, 17.19705], [77.38648, 17.196749], [77.38658, 17.196623], [77.386961, 17.196367], [77.387445, 17.19639], [77.388823, 17.196802], [77.389273, 17.196825], [77.389406, 17.196791], [77.389608, 17.196741], [77.390078, 17.196604], [77.390375, 17.196451], [77.390505, 17.196379], [77.390917, 17.196257], [77.391386, 17.196177], [77.391577, 17.196169], [77.391916, 17.196157], [77.392282, 17.196047], [77.392588, 17.195776], [77.392969, 17.195314], [77.393251, 17.194971], [77.393633, 17.194818], [77.393761, 17.194851], [77.394051, 17.193642], [77.394054, 17.193641], [77.394053, 17.193644], [77.393763, 17.194853], [77.393873, 17.19488], [77.394125, 17.195177], [77.394285, 17.195642], [77.39456, 17.197206], [77.394518, 17.197805], [77.394419, 17.199194], [77.394529, 17.199675], [77.395044, 17.201284], [77.396051, 17.204378], [77.396601, 17.205603], [77.396624, 17.206068], [77.396582, 17.206648], [77.396658, 17.207823], [77.397028, 17.208296], [77.397455, 17.208868], [77.397791, 17.209822], [77.398172, 17.210424], [77.398413, 17.210672], [77.398771, 17.210783], [77.398962, 17.210783], [77.399256, 17.210791], [77.399622, 17.210695], [77.399778, 17.210585], [77.399973, 17.210451], [77.400309, 17.210226], [77.400705, 17.2101], [77.400946, 17.210176], [77.401419, 17.210352], [77.40156, 17.210405], [77.401957, 17.210295], [77.40214, 17.210188], [77.402216, 17.210142], [77.402628, 17.20999], [77.403082, 17.209925], [77.403429, 17.209959], [77.403563, 17.210119], [77.403513, 17.210321], [77.40288, 17.210943], [77.40201, 17.212194], [77.40447, 17.212576], [77.402006, 17.212198], [77.401838, 17.212477], [77.402025, 17.213934], [77.402052, 17.214178], [77.401896, 17.214323], [77.401472, 17.21443], [77.400965, 17.214403], [77.397799, 17.214228], [77.395365, 17.214174], [77.393873, 17.214369], [77.391417, 17.214956], [77.388628, 17.215593], [77.388624, 17.215651], [77.388617, 17.216112], [77.386126, 17.21694], [77.383955, 17.217897], [77.383429, 17.218019], [77.383219, 17.218069], [77.383112, 17.21813], [77.382715, 17.218351], [77.381987, 17.219198], [77.380922, 17.220816], [77.3799, 17.222578], [77.380003, 17.222849], [77.382711, 17.224443], [77.386724, 17.226942], [77.389738, 17.228315], [77.391932, 17.229818], [77.394876, 17.231825], [77.397947, 17.233633], [77.399664, 17.234514], [77.40148, 17.235453], [77.40214, 17.235731], [77.402849, 17.235888], [77.403559, 17.236086], [77.404284, 17.23641], [77.404837, 17.236853], [77.406172, 17.238428], [77.40719, 17.240641], [77.407545, 17.24114], [77.407885, 17.241415], [77.408293, 17.241549], [77.408602, 17.241552], [77.408812, 17.241556], [77.409285, 17.24148], [77.410002, 17.241121], [77.411196, 17.238142], [77.41131, 17.237852], [77.413263, 17.237764], [77.413285, 17.237739], [77.413263, 17.237765], [77.414486, 17.237711], [77.420431, 17.237828], [77.420386, 17.237953], [77.420482, 17.238658], [77.420475, 17.240272], [77.420482, 17.243714], [77.421092, 17.245958], [77.421481, 17.24739], [77.422429, 17.251015], [77.423861, 17.254155], [77.425182, 17.256778], [77.425573, 17.257167], [77.426091, 17.257517], [77.427338, 17.25802], [77.430877, 17.259283], [77.433486, 17.260176], [77.435789, 17.26142], [77.437212, 17.262689], [77.438748, 17.265036], [77.440764, 17.268305], [77.440769, 17.268313], [77.44261, 17.271041], [77.443147, 17.271492], [77.443584, 17.27162], [77.444106, 17.271749], [77.444941, 17.271883], [77.447351, 17.271801], [77.449402, 17.271894], [77.449525, 17.271906], [77.449541, 17.271908], [77.449904, 17.271943], [77.450508, 17.272133], [77.451088, 17.272505], [77.451558, 17.273155], [77.452185, 17.274452], [77.452749, 17.275836], [77.453109, 17.276826], [77.453579, 17.277477], [77.454076, 17.277827], [77.455917, 17.278367], [77.456793, 17.278562], [77.457664, 17.279059], [77.458012, 17.279507], [77.458357, 17.280176], [77.458534, 17.280822], [77.458411, 17.281866], [77.457783, 17.283042], [77.456621, 17.28472], [77.455782, 17.286334], [77.456174, 17.286778], [77.455782, 17.286337], [77.455214, 17.287432], [77.454721, 17.288088], [77.453924, 17.288393], [77.452856, 17.288809], [77.45014, 17.28961], [77.446943, 17.2904], [77.44525, 17.290903], [77.443388, 17.291414], [77.442133, 17.291761], [77.441931, 17.291803], [77.439272, 17.292356], [77.437635, 17.292711], [77.437639, 17.292761], [77.437822, 17.294012], [77.438166, 17.295824], [77.439119, 17.296324], [77.439661, 17.29772], [77.440161, 17.299116], [77.440077, 17.300238], [77.44021, 17.301317], [77.443041, 17.3011], [77.443319, 17.303156], [77.444063, 17.303015], [77.44446, 17.30411], [77.444841, 17.304033], [77.445417, 17.305651], [77.445681, 17.307467], [77.448034, 17.307081], [77.448183, 17.30818], [77.448053, 17.309683], [77.448473, 17.309671], [77.449636, 17.31381], [77.450319, 17.315706], [77.451162, 17.317812], [77.451815, 17.317762], [77.451719, 17.318441], [77.451761, 17.319571], [77.452047, 17.321184], [77.451754, 17.321257], [77.451895, 17.322737], [77.452261, 17.324594], [77.452391, 17.327358], [77.45239, 17.327359], [77.452408, 17.327725], [77.452413, 17.327852], [77.452913, 17.32805], [77.453341, 17.329926], [77.454117, 17.329879], [77.454285, 17.331088], [77.455332, 17.331124], [77.455927, 17.33425], [77.4565, 17.33636], [77.456737, 17.338395], [77.457088, 17.339915], [77.457241, 17.340782], [77.457332, 17.341588], [77.457339, 17.3419], [77.457342, 17.3419], [77.457342, 17.341903], [77.457346, 17.342093], [77.457071, 17.342859], [77.457037, 17.343287], [77.457155, 17.344145], [77.45714, 17.3449], [77.457205, 17.345724], [77.457083, 17.346022], [77.457048, 17.346323], [77.457148, 17.346727], [77.457209, 17.347082], [77.45719, 17.347433], [77.457052, 17.347734], [77.456972, 17.348379], [77.456915, 17.348742], [77.456728, 17.348978], [77.456549, 17.349363], [77.455969, 17.350348], [77.455359, 17.351328], [77.454805, 17.352148], [77.454447, 17.352507], [77.453974, 17.352686], [77.45347, 17.352831], [77.453352, 17.352846], [77.452513, 17.352953], [77.451147, 17.353045], [77.451231, 17.353212], [77.45149, 17.353754], [77.451735, 17.354818], [77.451971, 17.357386], [77.452265, 17.359728], [77.451326, 17.359644], [77.45109, 17.359621], [77.451097, 17.360037], [77.451151, 17.36249], [77.451063, 17.364595], [77.451979, 17.365705], [77.45225, 17.366175], [77.452688, 17.366755], [77.452791, 17.367224], [77.452852, 17.367903], [77.452845, 17.368353], [77.452726, 17.368761], [77.452379, 17.36939], [77.452314, 17.369894], [77.452436, 17.370291], [77.452562, 17.370615], [77.452574, 17.370974], [77.452337, 17.371649], [77.452257, 17.37208], [77.452284, 17.37274], [77.452421, 17.373335], [77.452562, 17.373819], [77.452818, 17.374239], [77.457685, 17.37385], [77.461, 17.373644], [77.461088, 17.373636], [77.464289, 17.372435], [77.464388, 17.372396], [77.467421, 17.371908], [77.46977, 17.371603], [77.473139, 17.371336], [77.476072, 17.371202], [77.477823, 17.371073], [77.478861, 17.370996], [77.478582, 17.370829], [77.478083, 17.370588], [77.477808, 17.370207], [77.477484, 17.369665], [77.477186, 17.369429], [77.476946, 17.369299], [77.476557, 17.36915], [77.475943, 17.369085], [77.475645, 17.368864], [77.475561, 17.368471], [77.475817, 17.367739], [77.476034, 17.367041], [77.476244, 17.366739], [77.47653, 17.366404], [77.476778, 17.366064], [77.476786, 17.365705], [77.476736, 17.365385], [77.476667, 17.364954], [77.476583, 17.364504], [77.476419, 17.364161], [77.476061, 17.364038], [77.475824, 17.363729], [77.475737, 17.363405], [77.475672, 17.362848], [77.475737, 17.362257], [77.475912, 17.36194], [77.476728, 17.361334], [77.477015, 17.360964], [77.477171, 17.36059], [77.477442, 17.360163], [77.477652, 17.359968], [77.478083, 17.359797], [77.478533, 17.359606], [77.478781, 17.359377], [77.478853, 17.358431], [77.478952, 17.358126], [77.479235, 17.358023], [77.479288, 17.358004], [77.479609, 17.357885], [77.479986, 17.357607], [77.480574, 17.357519], [77.48097, 17.35729], [77.481459, 17.357084], [77.481951, 17.357016], [77.482038, 17.357004], [77.482546, 17.356886], [77.482794, 17.356604], [77.482912, 17.356318], [77.48313, 17.35607], [77.483156, 17.356035], [77.483496, 17.355844], [77.484056, 17.355818], [77.484598, 17.355951], [77.484911, 17.356207], [77.48535, 17.357008], [77.485628, 17.357244], [77.486036, 17.357325], [77.486464, 17.35742], [77.486742, 17.357641], [77.486792, 17.357893], [77.486799, 17.358591], [77.486944, 17.35895], [77.4872, 17.359186], [77.487551, 17.359339], [77.488241, 17.359579], [77.488836, 17.359625], [77.489267, 17.359579], [77.489496, 17.35948], [77.48966, 17.359407], [77.490168, 17.359236], [77.491762, 17.359262], [77.492193, 17.359179], [77.492605, 17.359041], [77.493059, 17.35885], [77.493433, 17.358824], [77.493898, 17.3589], [77.494287, 17.358995], [77.494776, 17.359003], [77.495085, 17.358931], [77.49526, 17.358889], [77.495638, 17.358713], [77.495733, 17.358679], [77.496279, 17.358473], [77.49684, 17.358301], [77.4974, 17.358259], [77.498423, 17.35832], [77.498579, 17.358332], [77.499136, 17.358126], [77.499308, 17.358049], [77.499586, 17.357916], [77.499945, 17.357809], [77.500433, 17.357752], [77.500944, 17.357874], [77.501375, 17.357958], [77.501837, 17.357927], [77.501898, 17.357904], [77.502195, 17.357794], [77.502695, 17.357813], [77.503508, 17.358217], [77.50387, 17.358553], [77.504351, 17.358889], [77.504744, 17.359087], [77.50598, 17.359423], [77.506227, 17.359499], [77.506361, 17.359541], [77.506514, 17.359533], [77.506731, 17.359522], [77.507032, 17.359591], [77.507254, 17.3598], [77.507292, 17.359835], [77.507696, 17.360006], [77.507883, 17.359999], [77.50812, 17.359987], [77.508581, 17.359945], [77.509039, 17.36009], [77.509325, 17.360243], [77.509604, 17.360392], [77.510103, 17.360453], [77.510477, 17.360342], [77.510817, 17.360277], [77.510847, 17.360273], [77.511122, 17.360403], [77.51119, 17.360495], [77.511248, 17.360571], [77.511244, 17.360849], [77.511332, 17.361155], [77.511568, 17.361208], [77.511911, 17.361124], [77.512304, 17.360991], [77.512377, 17.360968], [77.513033, 17.360991], [77.513235, 17.361029], [77.513895, 17.361155], [77.514421, 17.361128], [77.514791, 17.361017], [77.514822, 17.361013], [77.515177, 17.360937], [77.515699, 17.361071], [77.51613, 17.36128], [77.516939, 17.361715], [77.517488, 17.362009], [77.518011, 17.362169], [77.518145, 17.362192], [77.518538, 17.362253], [77.518618, 17.36228], [77.51871, 17.361983], [77.518618, 17.362279], [77.519193, 17.362465], [77.519781, 17.362714], [77.520199, 17.362974], [77.521517, 17.363985], [77.522012, 17.364309], [77.522456, 17.364505], [77.52281, 17.364625], [77.523205, 17.364656], [77.523639, 17.364675], [77.524047, 17.36472], [77.524268, 17.364875], [77.524791, 17.365383], [77.526434, 17.367178], [77.52818, 17.369364], [77.529793, 17.371336], [77.530017, 17.371632], [77.530024, 17.371632], [77.530025, 17.371633], [77.53002, 17.371634], [77.530027, 17.371645], [77.530088, 17.37253], [77.530321, 17.375387], [77.53216, 17.375643], [77.532446, 17.375826], [77.532774, 17.376791], [77.533075, 17.378393], [77.533335, 17.380018], [77.533293, 17.381002], [77.533133, 17.381201], [77.532721, 17.381285], [77.532141, 17.381201], [77.531511, 17.381113], [77.530203, 17.38069], [77.529913, 17.380671], [77.529814, 17.380713], [77.528387, 17.381304], [77.526045, 17.382402], [77.52643, 17.384443], [77.524912, 17.385393], [77.525179, 17.386015], [77.525316, 17.386435], [77.525194, 17.386889], [77.524103, 17.386915], [77.524412, 17.388742], [77.525438, 17.389044], [77.528448, 17.393335], [77.531981, 17.397497], [77.5323, 17.39784], [77.532299, 17.39784], [77.535053, 17.40081], [77.537195, 17.402635], [77.537412, 17.403033], [77.537539, 17.403835], [77.537995, 17.405392], [77.538045, 17.405911], [77.537951, 17.406619], [77.537697, 17.407512], [77.537427, 17.407883], [77.538582, 17.408302], [77.537428, 17.407885], [77.537325, 17.408026], [77.536909, 17.408266], [77.536188, 17.408525], [77.535574, 17.408663], [77.533354, 17.408854], [77.530413, 17.408716], [77.530096, 17.408667], [77.529364, 17.408903], [77.526468, 17.409918], [77.523245, 17.411112], [77.517336, 17.4135], [77.514219, 17.414656], [77.514166, 17.422316], [77.512987, 17.431448], [77.516447, 17.433386], [77.521666, 17.43659], [77.524916, 17.438452], [77.529573, 17.441275], [77.532637, 17.44311], [77.533438, 17.443369], [77.536993, 17.444239], [77.537783, 17.444433], [77.541494, 17.442919], [77.541811, 17.442789], [77.544924, 17.441317], [77.548365, 17.439894], [77.55282, 17.437803], [77.552999, 17.437792], [77.553228, 17.437777], [77.554636, 17.437895], [77.557768, 17.438158], [77.558313, 17.438208], [77.561583, 17.438513], [77.561888, 17.438517], [77.563402, 17.437887], [77.566298, 17.436472], [77.569376, 17.434996], [77.572824, 17.433176], [77.575357, 17.431963], [77.576296, 17.431513], [77.576338, 17.43413], [77.576143, 17.436689], [77.575819, 17.440554], [77.575506, 17.445971], [77.57551, 17.446775], [77.576139, 17.452059], [77.576559, 17.456854], [77.576738, 17.456873], [77.577021, 17.456907], [77.577448, 17.45677], [77.577787, 17.456553], [77.577948, 17.45645], [77.578497, 17.456228], [77.579203, 17.456041], [77.580122, 17.456106], [77.580641, 17.456171], [77.580889, 17.456198], [77.581381, 17.456141], [77.581865, 17.455904], [77.582533, 17.455702], [77.583403, 17.455667], [77.584154, 17.455595], [77.584826, 17.455278], [77.585428, 17.454863], [77.586649, 17.45368], [77.587156, 17.453016], [77.587744, 17.452635], [77.588377, 17.452383], [77.589201, 17.452066], [77.590006, 17.451803], [77.590746, 17.451406], [77.592367, 17.450705], [77.593107, 17.450407], [77.593637, 17.450216], [77.594339, 17.450083], [77.594908, 17.449877], [77.596277, 17.448828], [77.596796, 17.448462], [77.597433, 17.447897], [77.597834, 17.447462], [77.598181, 17.447058], [77.598459, 17.446882], [77.599005, 17.44681], [77.6005, 17.44663], [77.601267, 17.446577], [77.601732, 17.446421], [77.604109, 17.444902], [77.60457, 17.444845], [77.605574, 17.445005], [77.608229, 17.44552], [77.611906, 17.446238], [77.613997, 17.446749], [77.614828, 17.446951], [77.614752, 17.449656], [77.614729, 17.449926], [77.614618, 17.451437], [77.614458, 17.454012], [77.61437, 17.455042], [77.614645, 17.457056], [77.614672, 17.458632], [77.614412, 17.459715], [77.614264, 17.460497], [77.614187, 17.461088], [77.614225, 17.461756], [77.614367, 17.462626], [77.614492, 17.464304], [77.614428, 17.465086], [77.61426, 17.465803], [77.613993, 17.46649], [77.613504, 17.467276], [77.613359, 17.467615], [77.613443, 17.467878], [77.61371, 17.468245], [77.614023, 17.46892], [77.614267, 17.469576], [77.614756, 17.470926], [77.614859, 17.471891], [77.615118, 17.472731], [77.615549, 17.47349], [77.616037, 17.473978], [77.616541, 17.474264], [77.616598, 17.474298], [77.617258, 17.474485], [77.61801, 17.474466], [77.620447, 17.474028], [77.621351, 17.473913], [77.624048, 17.473886], [77.627367, 17.473871], [77.632227, 17.473913], [77.634714, 17.474031], [77.636709, 17.474539], [77.637274, 17.474566], [77.637735, 17.474504], [77.638163, 17.474268], [77.638269, 17.474241], [77.638575, 17.474176], [77.639017, 17.47436], [77.639303, 17.474611], [77.639482, 17.475073], [77.639727, 17.475763], [77.64028, 17.476629], [77.640619, 17.476892], [77.640684, 17.476946], [77.641035, 17.477209], [77.641108, 17.477262], [77.641733, 17.477484], [77.644186, 17.47793], [77.644762, 17.478037], [77.645216, 17.478354], [77.645536, 17.478792], [77.646524, 17.482119], [77.647036, 17.484041], [77.647417, 17.485815], [77.647875, 17.487082], [77.648172, 17.488794], [77.648348, 17.490465], [77.648394, 17.49283], [77.648085, 17.496031], [77.648211, 17.496672], [77.649038, 17.498476], [77.649668, 17.499681], [77.650034, 17.500128], [77.652674, 17.502653], [77.653917, 17.504087], [77.655481, 17.505949], [77.655725, 17.506243], [77.656126, 17.506704], [77.657381, 17.5072], [77.657362, 17.506445], [77.657026, 17.504919], [77.655912, 17.502035], [77.655199, 17.499712], [77.654829, 17.497366], [77.654806, 17.496744], [77.654676, 17.496317], [77.653955, 17.495398], [77.653791, 17.494967], [77.653872, 17.494349], [77.653826, 17.493937], [77.6537, 17.493479], [77.65357, 17.493017], [77.653593, 17.492529], [77.653723, 17.491926], [77.653772, 17.491041], [77.65336, 17.488234], [77.652796, 17.483744], [77.655878, 17.48419], [77.657759, 17.481913], [77.660788, 17.481279], [77.664045, 17.480753], [77.665373, 17.480562], [77.667097, 17.480143], [77.670424, 17.479273], [77.671236, 17.479097], [77.671999, 17.478991], [77.673273, 17.479128], [77.676935, 17.479445], [77.677771, 17.479292], [77.678362, 17.479113], [77.678957, 17.478815], [77.679602, 17.478422], [77.680094, 17.478266], [77.680586, 17.478251], [77.681273, 17.478235], [77.681936, 17.478083], [77.685427, 17.476927], [77.6873, 17.476511], [77.688467, 17.476477], [77.688467, 17.476474], [77.688505, 17.476473], [77.68931, 17.476446], [77.689524, 17.477015], [77.689692, 17.478685], [77.689749, 17.479769], [77.689833, 17.48057], [77.689821, 17.481417], [77.689829, 17.482336], [77.690088, 17.483107], [77.690294, 17.483957], [77.690214, 17.484476], [77.689932, 17.485128], [77.689703, 17.485739], [77.689669, 17.486277], [77.689699, 17.48736], [77.689562, 17.488207], [77.688978, 17.489244], [77.688601, 17.489943], [77.688517, 17.49053], [77.688654, 17.491072], [77.688967, 17.491503], [77.690767, 17.493998], [77.692301, 17.496595], [77.692678, 17.497496], [77.692865, 17.498228], [77.692854, 17.498888], [77.692797, 17.49943], [77.692305, 17.500681], [77.692228, 17.501402], [77.692076, 17.501772], [77.69206, 17.50181], [77.691133, 17.503099], [77.690302, 17.504797], [77.689554, 17.506521], [77.689413, 17.507185], [77.689135, 17.508512], [77.688978, 17.509207], [77.68894, 17.509386], [77.688803, 17.510561], [77.688646, 17.510771], [77.687628, 17.511683], [77.687048, 17.512308], [77.686804, 17.512514], [77.686804, 17.512513], [77.687047, 17.512306], [77.686735, 17.511842], [77.686306, 17.511242], [77.685877, 17.510681], [77.685546, 17.510178], [77.685254, 17.509714], [77.684878, 17.509498], [77.684405, 17.509147], [77.68401, 17.50893], [77.683415, 17.508692], [77.682657, 17.508699], [77.681977, 17.508823], [77.681358, 17.508852], [77.680935, 17.508877], [77.680579, 17.508898], [77.679537, 17.509227], [77.679153, 17.509489], [77.679154, 17.509493], [77.677088, 17.510312], [77.676614, 17.510305], [77.675894, 17.510079], [77.675277, 17.509686], [77.674764, 17.509033], [77.674226, 17.509209], [77.673769, 17.509389], [77.673599, 17.509415], [77.673309, 17.509459], [77.670735, 17.510703], [77.668123, 17.51185], [77.667369, 17.512815], [77.666757, 17.513667], [77.666613, 17.51427], [77.666607, 17.514297], [77.666498, 17.514447], [77.666403, 17.514581], [77.66638, 17.514655], [77.666343, 17.51472], [77.666211, 17.515149], [77.666205, 17.515532], [77.666196, 17.516106], [77.666188, 17.516584], [77.666129, 17.516834], [77.666054, 17.517156], [77.665874, 17.517489], [77.664724, 17.519178], [77.664213, 17.519928], [77.664036, 17.520069], [77.663562, 17.520086], [77.663385, 17.520227], [77.662708, 17.521069], [77.66207, 17.521861], [77.662048, 17.521889], [77.661733, 17.522708], [77.661427, 17.52311], [77.661076, 17.523249], [77.660727, 17.523267], [77.660427, 17.523311], [77.659954, 17.523232], [77.659582, 17.52313], [77.659047, 17.522808], [77.65889, 17.522713], [77.658269, 17.522584], [77.657772, 17.522457], [77.657423, 17.522476], [77.657048, 17.522518], [77.656873, 17.522574], [77.656622, 17.522655], [77.6562, 17.522529], [77.655577, 17.522472], [77.655228, 17.522514], [77.654726, 17.522674], [77.654024, 17.522903], [77.6535, 17.522919], [77.65282, 17.522806], [77.652232, 17.522708], [77.652008, 17.522715], [77.651858, 17.522719], [77.651683, 17.522724], [77.650957, 17.522881], [77.650608, 17.522875], [77.649922, 17.522719], [77.649425, 17.522606], [77.649142, 17.522542], [77.648719, 17.522536], [77.648443, 17.522603], [77.647887, 17.522817], [77.647665, 17.522903], [77.647167, 17.522895], [77.64667, 17.522744], [77.646149, 17.522616], [77.64575, 17.522587], [77.644552, 17.522688], [77.642898, 17.523141], [77.642471, 17.52335], [77.642066, 17.523727], [77.641863, 17.523891], [77.641085, 17.524142], [77.639482, 17.524621], [77.639313, 17.525517], [77.638815, 17.525617], [77.638828, 17.525555], [77.638273, 17.525657], [77.637156, 17.525885], [77.636201, 17.525901], [77.635342, 17.525632], [77.63491, 17.525434], [77.634247, 17.525311], [77.633094, 17.525045], [77.63143, 17.52435], [77.630953, 17.524208], [77.630807, 17.524627], [77.630796, 17.524659], [77.630776, 17.524668], [77.630613, 17.525113], [77.62757, 17.523964], [77.627547, 17.523908], [77.627148, 17.523902], [77.626567, 17.524046], [77.625323, 17.524486], [77.624679, 17.524802], [77.624057, 17.525022], [77.62374, 17.525107], [77.623316, 17.525221], [77.62277, 17.525672], [77.622757, 17.52582], [77.622745, 17.525959], [77.622581, 17.526225], [77.62235, 17.526372], [77.622291, 17.52642], [77.622286, 17.528092], [77.622334, 17.528068], [77.622278, 17.528104], [77.622125, 17.52844], [77.621762, 17.52866], [77.621279, 17.528984], [77.621227, 17.529017], [77.621108, 17.529094], [77.621028, 17.529115], [77.620947, 17.529155], [77.62036, 17.530786], [77.619228, 17.52962], [77.618911, 17.529293], [77.618617, 17.529232], [77.618289, 17.529425], [77.617959, 17.529788], [77.617567, 17.530319], [77.617523, 17.530383], [77.617295, 17.530711], [77.616935, 17.531073], [77.616816, 17.531122], [77.616689, 17.531174], [77.615867, 17.53151], [77.615658, 17.531648], [77.615618, 17.5317], [77.615146, 17.532319], [77.614728, 17.532624], [77.614253, 17.532786], [77.614056, 17.532804], [77.61344, 17.532844], [77.612994, 17.532864], [77.612797, 17.532959], [77.612646, 17.533091], [77.612531, 17.53333], [77.612065, 17.534535], [77.611847, 17.534755], [77.611511, 17.53495], [77.610705, 17.533932], [77.61004, 17.53342], [77.6093, 17.532942], [77.608854, 17.532756], [77.608405, 17.532749], [77.607919, 17.532741], [77.607358, 17.532733], [77.606762, 17.532616], [77.606423, 17.532718], [77.605538, 17.533262], [77.604836, 17.534131], [77.604088, 17.534597], [77.603464, 17.535185], [77.602786, 17.535498], [77.602484, 17.535637], [77.601961, 17.535629], [77.601213, 17.535617], [77.600798, 17.53579], [77.600235, 17.535889], [77.599781, 17.53591], [77.599636, 17.535916], [77.598814, 17.535868], [77.597885, 17.535495], [77.597441, 17.535236], [77.596958, 17.535014], [77.596204, 17.534328], [77.59493, 17.536805], [77.594991, 17.543728], [77.595039, 17.54911], [77.596013, 17.552896], [77.596757, 17.553801], [77.593716, 17.563774], [77.593389, 17.564697], [77.592465, 17.56474], [77.58862, 17.564917], [77.587465, 17.560197], [77.581443, 17.560069], [77.579902, 17.559591], [77.572599, 17.557329], [77.571072, 17.556817], [77.5705, 17.556713], [77.569875, 17.556799], [77.568677, 17.556828], [77.567382, 17.55676], [77.566886, 17.556561], [77.566403, 17.556227], [77.566319, 17.556169], [77.565724, 17.555945], [77.565127, 17.55584], [77.564556, 17.555687], [77.562822, 17.553942], [77.562268, 17.553484], [77.56189, 17.553323], [77.561606, 17.553177], [77.560414, 17.552848], [77.559469, 17.552665], [77.558372, 17.552672], [77.556943, 17.553105], [77.554961, 17.553792], [77.554059, 17.554041], [77.553136, 17.554002], [77.551875, 17.553361], [77.551226, 17.55284], [77.550042, 17.551891], [77.545091, 17.563678], [77.54224, 17.568515], [77.538018, 17.574458], [77.53722, 17.57574], [77.535328, 17.575719], [77.53433, 17.575708], [77.532937, 17.575693], [77.530802, 17.575669], [77.52798, 17.575638], [77.525941, 17.572762], [77.524523, 17.570763], [77.524556, 17.570788], [77.521369, 17.565661], [77.520402, 17.564587], [77.520318, 17.564504], [77.520309, 17.564484], [77.520065, 17.563942], [77.519368, 17.563121], [77.518978, 17.562663], [77.518682, 17.56237], [77.518481, 17.56206], [77.518476, 17.56209], [77.518478, 17.562068], [77.516031, 17.559303], [77.515629, 17.556786], [77.51537, 17.555163], [77.515022, 17.552764], [77.513442, 17.550347], [77.511541, 17.548212], [77.511463, 17.548121], [77.507676, 17.543751], [77.506842, 17.542788], [77.50656, 17.542462], [77.506254, 17.542377], [77.505694, 17.542502], [77.505017, 17.542973], [77.504614, 17.543347], [77.504535, 17.54342], [77.504113, 17.543628], [77.503066, 17.544069], [77.502399, 17.54435], [77.501528, 17.544684], [77.500851, 17.545128], [77.500286, 17.545574], [77.499886, 17.546103], [77.499599, 17.54658], [77.499423, 17.547086], [77.499353, 17.547888], [77.499494, 17.549469], [77.499418, 17.550645], [77.499183, 17.551283], [77.499093, 17.551656], [77.4995, 17.553711], [77.500017, 17.556327], [77.499324, 17.556595], [77.498764, 17.557018], [77.498223, 17.557622], [77.497521, 17.558424], [77.497424, 17.559057], [77.497181, 17.559363], [77.497074, 17.560118], [77.497077, 17.560961], [77.497065, 17.560983], [77.49704, 17.561031], [77.496476, 17.561705], [77.496304, 17.562287], [77.496049, 17.562601], [77.496016, 17.562643], [77.495518, 17.563158], [77.495518, 17.563164], [77.495339, 17.564831], [77.494942, 17.567735], [77.494938, 17.567763], [77.494931, 17.567817], [77.494925, 17.568159], [77.494843, 17.568256], [77.494791, 17.568319], [77.494096, 17.568308], [77.492781, 17.568233], [77.490345, 17.567834], [77.487044, 17.567475], [77.486467, 17.567325], [77.486449, 17.567321], [77.485641, 17.567111], [77.485521, 17.567039], [77.485324, 17.566961], [77.484767, 17.566592], [77.483676, 17.566629], [77.482202, 17.566997], [77.482186, 17.567002], [77.481968, 17.566956], [77.481865, 17.566938], [77.480797, 17.566702], [77.480726, 17.56668], [77.479956, 17.566624], [77.479309, 17.566388], [77.479027, 17.566455], [77.478861, 17.566688], [77.478675, 17.567065], [77.478181, 17.568508], [77.477963, 17.56898], [77.477358, 17.570292], [77.475859, 17.571513], [77.474408, 17.572112], [77.471931, 17.571588], [77.47173, 17.57276], [77.471284, 17.573548], [77.469897, 17.574597], [77.468268, 17.575964], [77.463941, 17.579596], [77.463755, 17.579752], [77.462189, 17.580694], [77.460835, 17.580612], [77.460696, 17.580604], [77.460641, 17.5806], [77.459647, 17.579755], [77.456653, 17.582017], [77.456288, 17.582293], [77.45233, 17.581988], [77.450415, 17.582268], [77.446724, 17.583177], [77.445315, 17.58343], [77.445163, 17.583428], [77.444773, 17.583491], [77.443108, 17.583948], [77.444832, 17.584217], [77.445535, 17.585265], [77.445545, 17.585274], [77.445564, 17.586144], [77.445305, 17.587014], [77.445288, 17.587076], [77.445015, 17.588094], [77.444809, 17.588921], [77.444714, 17.589559], [77.444403, 17.590224], [77.444172, 17.591146], [77.444093, 17.591463], [77.444402, 17.592332], [77.445161, 17.593196], [77.44624, 17.594425], [77.446234, 17.594508], [77.446517, 17.595027], [77.446931, 17.596105], [77.446558, 17.596881], [77.446519, 17.596962], [77.446637, 17.597168], [77.446472, 17.597618], [77.446457, 17.598482], [77.446763, 17.599523], [77.446671, 17.600662], [77.445994, 17.602275], [77.445987, 17.604729], [77.446004, 17.605828], [77.445961, 17.606034], [77.445824, 17.606917], [77.445924, 17.607845], [77.445742, 17.60816], [77.44571, 17.608215], [77.445581, 17.608909], [77.445511, 17.609283], [77.449587, 17.609107], [77.449465, 17.609865], [77.449897, 17.61198], [77.450324, 17.614371], [77.450834, 17.618146], [77.451664, 17.62189], [77.451803, 17.622516], [77.452345, 17.624494], [77.455174, 17.629689], [77.456249, 17.6319], [77.456461, 17.632336], [77.456051, 17.633159], [77.456642, 17.634093], [77.456647, 17.634101], [77.456502, 17.634148], [77.455986, 17.63435], [77.455276, 17.634897], [77.454992, 17.635309], [77.453253, 17.636242], [77.452785, 17.636493], [77.453155, 17.637263], [77.453237, 17.637433], [77.452949, 17.639502], [77.452915, 17.639567], [77.452613, 17.640153], [77.451225, 17.643276], [77.450345, 17.644126], [77.450506, 17.646999], [77.450702, 17.65049], [77.450376, 17.650623], [77.44882, 17.650943], [77.44924, 17.657896], [77.449613, 17.659215], [77.450447, 17.660991], [77.452217, 17.66489], [77.452619, 17.666659], [77.453221, 17.669329], [77.454565, 17.672876], [77.45508, 17.673628], [77.455163, 17.673749], [77.455367, 17.674133], [77.455725, 17.674622], [77.455227, 17.675244], [77.454988, 17.675543], [77.454975, 17.675543], [77.454326, 17.676258], [77.454244, 17.677441], [77.45423, 17.677639], [77.454444, 17.67982], [77.4544, 17.682376], [77.454594, 17.683623], [77.454221, 17.686416], [77.455549, 17.688822], [77.454893, 17.689261], [77.453737, 17.68938], [77.45383, 17.690246], [77.452809, 17.690886], [77.452509, 17.691572], [77.452962, 17.694551], [77.455444, 17.694868], [77.456654, 17.695785], [77.457344, 17.695963], [77.45852, 17.696265], [77.458798, 17.696856], [77.458914, 17.698482], [77.459622, 17.699254], [77.461307, 17.699799], [77.465538, 17.702305], [77.465624, 17.702356], [77.465855, 17.702471], [77.466736, 17.702685], [77.468027, 17.70312], [77.468682, 17.702751], [77.470407, 17.703055], [77.472445, 17.703275], [77.473034, 17.703338], [77.474132, 17.704496], [77.478079, 17.705561], [77.478986, 17.705265], [77.479283, 17.704786], [77.480446, 17.704217], [77.482017, 17.70514], [77.483005, 17.706365], [77.483626, 17.705891], [77.484706, 17.706012], [77.484649, 17.707221], [77.485499, 17.708063], [77.485514, 17.709308], [77.486306, 17.709355], [77.486796, 17.708153], [77.489323, 17.707951], [77.490116, 17.707964], [77.491342, 17.707983], [77.491882, 17.707992], [77.492854, 17.708111], [77.493635, 17.70878], [77.494235, 17.70955], [77.494797, 17.710388], [77.495484, 17.711866], [77.495472, 17.711906], [77.495491, 17.711954], [77.495585, 17.712106], [77.495982, 17.712756], [77.49633, 17.713488], [77.496642, 17.714253], [77.496921, 17.71481], [77.496948, 17.714835], [77.4974, 17.715252], [77.497486, 17.715476], [77.497911, 17.715897], [77.498486, 17.716044], [77.499156, 17.715999], [77.499553, 17.716182], [77.501333, 17.716874], [77.501969, 17.716962], [77.502743, 17.716974], [77.503849, 17.716588], [77.504234, 17.716321], [77.504701, 17.716016], [77.505205, 17.71592], [77.505936, 17.716023], [77.506663, 17.71636], [77.50759, 17.716947], [77.507861, 17.716977], [77.508394, 17.716764], [77.509076, 17.716541], [77.509511, 17.716535], [77.509847, 17.716709], [77.510101, 17.716973], [77.510202, 17.717378], [77.510109, 17.718053], [77.509959, 17.718897], [77.510033, 17.719353], [77.5103, 17.719631], [77.511113, 17.720502], [77.512032, 17.721277], [77.512103, 17.721337], [77.512308, 17.721373], [77.51259, 17.721423], [77.51293, 17.721402], [77.513545, 17.721191], [77.51453, 17.720725], [77.515071, 17.720449], [77.515907, 17.720369], [77.517082, 17.720726], [77.517483, 17.721123], [77.517933, 17.722548], [77.518587, 17.724041], [77.518949, 17.724307], [77.519882, 17.72453], [77.521126, 17.724784], [77.521511, 17.725323], [77.521823, 17.726109], [77.522076, 17.726399], [77.522141, 17.726428], [77.522292, 17.726494], [77.522917, 17.726425], [77.523394, 17.726316], [77.52408, 17.725897], [77.524861, 17.72548], [77.525403, 17.725554], [77.52628, 17.725854], [77.526971, 17.725968], [77.527529, 17.725899], [77.527911, 17.725762], [77.528321, 17.725586], [77.528798, 17.72549], [77.529339, 17.725615], [77.529809, 17.725896], [77.529992, 17.726367], [77.530291, 17.727113], [77.530397, 17.728039], [77.530715, 17.728538], [77.531049, 17.728817], [77.531481, 17.729006], [77.532009, 17.729066], [77.532378, 17.728942], [77.533312, 17.728319], [77.534144, 17.728071], [77.53489, 17.728122], [77.535837, 17.72828], [77.536984, 17.728701], [77.537523, 17.728931], [77.537918, 17.728898], [77.53852, 17.728595], [77.539191, 17.728254], [77.539721, 17.728211], [77.540585, 17.728536], [77.542038, 17.729275], [77.542608, 17.729284], [77.543604, 17.729039], [77.544262, 17.72862], [77.545037, 17.72776], [77.545331, 17.727411], [77.545643, 17.727275], [77.54616, 17.727231], [77.546481, 17.72747], [77.546894, 17.727932], [77.546939, 17.728373], [77.546987, 17.728857], [77.547034, 17.730094], [77.546746, 17.731078], [77.546461, 17.731868], [77.546451, 17.732466], [77.546498, 17.732909], [77.546747, 17.733433], [77.547415, 17.733876], [77.547593, 17.733993], [77.548519, 17.734619], [77.548664, 17.734855], [77.54866, 17.735077], [77.548615, 17.735349], [77.548732, 17.735663], [77.548972, 17.735888], [77.549413, 17.736311], [77.550074, 17.736595], [77.550734, 17.736891], [77.551154, 17.736911], [77.55162, 17.736697], [77.552059, 17.736404], [77.552335, 17.736287], [77.55262, 17.736166], [77.552902, 17.736157], [77.553177, 17.736149], [77.553701, 17.736456], [77.554075, 17.7368], [77.554738, 17.736954], [77.555389, 17.737016], [77.556579, 17.737268], [77.556848, 17.737426], [77.557103, 17.737576], [77.557569, 17.738116], [77.557836, 17.738433], [77.557965, 17.738825], [77.5579, 17.739449], [77.557713, 17.74007], [77.557788, 17.740475], [77.55792, 17.740698], [77.558229, 17.740872], [77.558618, 17.741138], [77.558854, 17.741662], [77.559026, 17.741925], [77.559228, 17.742032], [77.55951, 17.742193], [77.559612, 17.742288], [77.559724, 17.742391], [77.560279, 17.742491], [77.560711, 17.742628], [77.561369, 17.743028], [77.562071, 17.74408], [77.5625, 17.745219], [77.562926, 17.745707], [77.563452, 17.745936], [77.564058, 17.746219], [77.564514, 17.746564], [77.564574, 17.746725], [77.564709, 17.747087], [77.564849, 17.747623], [77.565019, 17.748029], [77.565231, 17.748305], [77.565486, 17.748478], [77.566775, 17.74855], [77.568055, 17.748825], [77.568669, 17.748957], [77.568979, 17.749118], [77.568995, 17.74973], [77.568715, 17.751052], [77.568323, 17.752595], [77.567649, 17.757071], [77.567344, 17.759098], [77.567454, 17.759815], [77.567713, 17.760561], [77.567995, 17.761022], [77.568427, 17.761729], [77.568654, 17.762107], [77.568955, 17.762609], [77.569075, 17.763509], [77.569112, 17.764111], [77.569218, 17.765844], [77.569254, 17.766694], [77.569263, 17.766908], [77.5684, 17.766963], [77.568019, 17.766988], [77.566992, 17.767055], [77.566149, 17.767133], [77.564823, 17.766513], [77.56425, 17.766244], [77.562796, 17.765695], [77.562131, 17.765444], [77.561606, 17.765215], [77.561032, 17.76462], [77.560366, 17.763816], [77.560041, 17.763785], [77.559267, 17.763773], [77.557092, 17.763909], [77.554804, 17.764341], [77.552883, 17.765535], [77.551043, 17.766742], [77.550699, 17.766961], [77.54978, 17.767545], [77.549546, 17.767694], [77.548572, 17.767408], [77.548236, 17.76731], [77.546492, 17.770732], [77.545792, 17.771793], [77.545644, 17.772018], [77.544196, 17.773283], [77.543579, 17.773546], [77.542376, 17.774057], [77.542158, 17.774149], [77.540901, 17.774508], [77.539907, 17.774791], [77.540123, 17.776046], [77.54032, 17.777195], [77.540376, 17.777524], [77.540516, 17.778105], [77.539998, 17.778347], [77.539829, 17.778426], [77.539698, 17.778487], [77.539653, 17.778508], [77.538771, 17.779306], [77.538536, 17.779518], [77.537872, 17.780275], [77.537203, 17.780486], [77.537088, 17.780455], [77.536743, 17.780362], [77.536422, 17.780058], [77.536224, 17.779742], [77.536207, 17.779117], [77.536, 17.778529], [77.535731, 17.778368], [77.53538, 17.778246], [77.534797, 17.778185], [77.534143, 17.778331], [77.533607, 17.778712], [77.533465, 17.778795], [77.533237, 17.778928], [77.532598, 17.77897], [77.532341, 17.778888], [77.531839, 17.778867], [77.531575, 17.779201], [77.531312, 17.779535], [77.53119, 17.779596], [77.530805, 17.779788], [77.530231, 17.78], [77.529976, 17.780113], [77.529834, 17.780176], [77.529573, 17.78038], [77.529135, 17.780581], [77.528777, 17.780875], [77.528307, 17.780957], [77.528153, 17.780826], [77.528143, 17.780818], [77.52755, 17.780309], [77.527264, 17.780383], [77.527083, 17.78064], [77.52718, 17.781331], [77.527229, 17.781456], [77.527187, 17.781682], [77.526818, 17.781859], [77.526733, 17.781853], [77.525095, 17.781741], [77.52526, 17.782446], [77.525498, 17.782827], [77.525901, 17.78308], [77.526181, 17.783371], [77.526405, 17.783756], [77.52698, 17.78474], [77.527111, 17.785021], [77.527248, 17.785313], [77.525197, 17.786237], [77.525044, 17.786306], [77.524273, 17.786125], [77.524058, 17.785724], [77.523781, 17.785208], [77.523471, 17.784629], [77.522658, 17.7845], [77.522404, 17.784065], [77.521484, 17.782491], [77.520889, 17.781532], [77.51967, 17.782124], [77.518098, 17.782763], [77.516387, 17.782762], [77.515361, 17.782355], [77.514167, 17.782337], [77.512751, 17.782522], [77.512301, 17.782659], [77.511237, 17.783735], [77.510584, 17.784544], [77.509642, 17.784854], [77.507848, 17.785408], [77.506452, 17.785598], [77.506644, 17.786277], [77.507494, 17.788138], [77.509126, 17.788034], [77.509917, 17.790805], [77.510189, 17.791758], [77.510518, 17.793169], [77.5106, 17.793515], [77.511029, 17.795329], [77.511138, 17.795793], [77.511677, 17.797036], [77.515021, 17.804169], [77.515063, 17.805761], [77.517322, 17.806494], [77.517996, 17.807203], [77.519255, 17.808825], [77.519385, 17.808653], [77.519274, 17.808813], [77.519362, 17.808908], [77.520393, 17.810023], [77.522012, 17.811419], [77.522959, 17.811866], [77.523197, 17.811895], [77.523203, 17.81186], [77.526213, 17.813264], [77.527129, 17.813691], [77.528134, 17.813258], [77.529081, 17.813414], [77.529186, 17.813412], [77.529092, 17.814272], [77.529354, 17.815977], [77.529334, 17.817195], [77.529324, 17.817753], [77.529207, 17.818716], [77.529205, 17.818714], [77.52878, 17.820625], [77.528004, 17.824461], [77.527991, 17.824459], [77.527926, 17.825118], [77.52779, 17.826892], [77.528423, 17.82708], [77.528349, 17.828323], [77.531438, 17.829006], [77.534027, 17.829452], [77.539652, 17.829037], [77.539652, 17.829039], [77.541852, 17.828877], [77.543733, 17.828159], [77.544221, 17.828659], [77.544318, 17.828758], [77.546226, 17.82874], [77.546701, 17.828736], [77.547203, 17.828193], [77.547324, 17.827811], [77.547419, 17.827512], [77.548136, 17.825257], [77.548283, 17.824596], [77.548562, 17.823347], [77.548578, 17.823275], [77.548735, 17.822572], [77.54906, 17.820394], [77.54903, 17.819744], [77.549817, 17.819887], [77.554148, 17.82067], [77.554203, 17.821064], [77.555036, 17.823379], [77.555164, 17.823734], [77.556956, 17.828246], [77.558891, 17.834039], [77.55938, 17.835344], [77.560522, 17.838391], [77.560883, 17.838995], [77.562424, 17.840788], [77.563812, 17.842403], [77.563809, 17.842404], [77.563822, 17.842415], [77.563835, 17.842429], [77.563838, 17.842427], [77.567471, 17.845304], [77.565975, 17.849114], [77.565124, 17.850852], [77.56493, 17.851357], [77.567857, 17.851607], [77.568185, 17.851635], [77.569428, 17.851679], [77.569609, 17.856424], [77.570078, 17.859709], [77.569821, 17.86315], [77.569578, 17.864189], [77.570042, 17.867784], [77.57364, 17.869251], [77.574686, 17.871613], [77.574897, 17.872084], [77.5749, 17.87209], [77.575775, 17.874049], [77.575803, 17.874856], [77.576301, 17.875729], [77.577199, 17.874858], [77.578256, 17.874173], [77.578445, 17.874051], [77.579867, 17.873635], [77.580427, 17.873472], [77.580545, 17.873727], [77.580922, 17.874541], [77.58099, 17.875408], [77.580982, 17.87586], [77.582476, 17.876217], [77.583186, 17.8767], [77.583264, 17.876787], [77.58365, 17.877219], [77.584913, 17.876629], [77.58492, 17.876609], [77.588142, 17.875403], [77.59037, 17.874569], [77.59502, 17.872565], [77.595216, 17.872572], [77.596606, 17.872619], [77.596632, 17.872592], [77.596883, 17.872688], [77.597567, 17.873004], [77.598229, 17.873039], [77.598733, 17.872999], [77.59873, 17.873174], [77.599151, 17.873383], [77.599461, 17.873896], [77.599661, 17.874609], [77.599887, 17.875324], [77.600258, 17.875355], [77.599834, 17.875348], [77.60022, 17.877638], [77.600197, 17.879009], [77.600342, 17.879823], [77.600401, 17.880803], [77.599061, 17.880944], [77.596706, 17.881192], [77.595789, 17.881289], [77.595691, 17.881682], [77.59521, 17.882384], [77.594434, 17.883491], [77.594259, 17.88374], [77.593744, 17.884418], [77.593312, 17.884919], [77.593281, 17.885198], [77.593561, 17.885424], [77.593559, 17.885426], [77.593276, 17.885207], [77.592511, 17.886362], [77.592164, 17.886725], [77.591652, 17.887365], [77.591103, 17.88826], [77.590439, 17.889002], [77.589844, 17.889756], [77.589294, 17.890615], [77.588761, 17.891232], [77.588178, 17.891925], [77.586831, 17.893137], [77.586045, 17.893919], [77.586447, 17.896325], [77.586113, 17.896669], [77.585114, 17.897518], [77.585096, 17.899438], [77.585139, 17.902134], [77.585164, 17.904205], [77.585589, 17.905347], [77.585665, 17.905666], [77.585922, 17.906742], [77.586334, 17.90865], [77.588059, 17.908279], [77.590411, 17.907662], [77.591611, 17.906773], [77.594271, 17.905482], [77.594784, 17.905278], [77.598719, 17.90765], [77.600137, 17.908505], [77.60233, 17.909827], [77.615667, 17.917864], [77.620401, 17.920717], [77.620365, 17.921774], [77.621012, 17.924124], [77.621095, 17.924597], [77.621756, 17.926447], [77.621798, 17.927159], [77.621891, 17.927922], [77.621905, 17.928658], [77.621833, 17.928813], [77.621914, 17.929272], [77.622057, 17.929357], [77.622051, 17.929447], [77.622037, 17.930335], [77.621887, 17.931374], [77.62177, 17.932032], [77.621752, 17.932573], [77.621746, 17.932591], [77.621558, 17.932652], [77.620258, 17.935552], [77.61965, 17.936907], [77.618837, 17.939449], [77.619452, 17.939884], [77.61968, 17.940483], [77.619727, 17.941193], [77.62016, 17.94188], [77.62118, 17.942946], [77.622007, 17.94388], [77.622402, 17.944326], [77.6225, 17.944496], [77.622978, 17.945328], [77.624755, 17.945412], [77.626179, 17.945348], [77.626253, 17.945362], [77.631321, 17.946277], [77.63164, 17.946335], [77.63243, 17.946477], [77.632467, 17.946484], [77.632698, 17.950522], [77.632818, 17.952599], [77.632924, 17.955587], [77.631457, 17.955983], [77.630259, 17.956759], [77.629022, 17.958045], [77.627974, 17.958682], [77.626296, 17.958977], [77.624582, 17.959425], [77.626478, 17.961298], [77.629781, 17.9641], [77.633079, 17.967271], [77.633123, 17.965743], [77.633284, 17.960209], [77.634009, 17.959885], [77.634597, 17.95969], [77.635259, 17.959133], [77.635128, 17.958695], [77.634978, 17.958192], [77.635016, 17.957682], [77.635292, 17.957119], [77.635887, 17.955199], [77.636556, 17.954187], [77.636918, 17.953796], [77.637179, 17.952381], [77.637248, 17.95229], [77.638843, 17.952122], [77.640864, 17.951784], [77.640858, 17.951985], [77.640806, 17.953542], [77.641098, 17.953802], [77.643173, 17.952442], [77.643765, 17.952055], [77.64477, 17.95166], [77.646271, 17.951071], [77.648696, 17.950131], [77.648999, 17.950014], [77.649582, 17.949788], [77.649582, 17.951604], [77.649403, 17.957077], [77.649546, 17.959178], [77.650498, 17.96081], [77.650825, 17.961298], [77.651232, 17.961907], [77.651931, 17.962952], [77.652205, 17.963361], [77.652757, 17.964035], [77.653571, 17.965027], [77.655142, 17.96681], [77.655353, 17.967206], [77.65566, 17.967782], [77.65576, 17.96889], [77.655475, 17.969992], [77.654656, 17.971115], [77.652253, 17.973036], [77.651103, 17.974494], [77.649827, 17.976319], [77.64872, 17.978771], [77.648373, 17.980042], [77.648237, 17.981061], [77.649181, 17.983147], [77.651085, 17.986381], [77.651651, 17.987979], [77.651886, 17.989247], [77.651951, 17.9896], [77.651781, 17.990903], [77.651876, 17.992323], [77.652145, 17.994029], [77.651894, 17.994848], [77.650171, 17.997282], [77.649648, 17.99802], [77.649026, 17.998492], [77.648327, 17.999021], [77.647078, 17.99923], [77.645869, 17.998814], [77.643838, 17.997961], [77.639862, 17.996312], [77.639708, 17.996283], [77.638355, 17.996034], [77.634735, 17.996178], [77.631499, 17.996441], [77.62857, 17.996503], [77.628384, 17.996507], [77.626679, 17.997417], [77.625433, 17.999051], [77.624105, 18.000669], [77.624117, 18.001719], [77.622109, 18.004464], [77.622013, 18.004541], [77.621901, 18.0047], [77.621266, 18.005591], [77.620912, 18.005953], [77.620391, 18.006485], [77.618689, 18.007197], [77.618598, 18.007218], [77.618571, 18.007218], [77.618535, 18.007226], [77.616341, 18.007729], [77.615813, 18.007812], [77.613546, 18.008168], [77.612855, 18.008271], [77.611466, 18.008477], [77.609027, 18.009289], [77.607645, 18.010008], [77.60713, 18.010681], [77.607112, 18.011758], [77.607572, 18.014376], [77.607923, 18.016452], [77.608004, 18.016936], [77.60799, 18.017831], [77.607705, 18.018832], [77.60662, 18.019893], [77.606019, 18.020366], [77.604621, 18.020629], [77.604078, 18.020575], [77.602253, 18.020394], [77.601694, 18.020102], [77.601093, 18.018816], [77.600111, 18.017212], [77.600086, 18.017172], [77.599244, 18.015865], [77.598199, 18.014544], [77.597821, 18.014252], [77.596589, 18.0133], [77.595318, 18.012613], [77.594914, 18.012394], [77.592788, 18.01188], [77.590981, 18.011767], [77.589195, 18.012136], [77.588499, 18.012429], [77.586734, 18.013914], [77.585416, 18.016447], [77.584721, 18.018157], [77.584686, 18.018166], [77.584487, 18.01895], [77.584473, 18.019787], [77.584429, 18.020827], [77.584402, 18.0224], [77.584023, 18.024425], [77.583927, 18.025598], [77.583598, 18.027626], [77.583464, 18.028503], [77.582521, 18.029936], [77.582015, 18.0306], [77.581837, 18.030774], [77.581405, 18.031115], [77.579749, 18.032531], [77.579199, 18.032685], [77.578418, 18.032903], [77.57811, 18.032989], [77.57641, 18.033115], [77.57621, 18.033129], [77.575582, 18.03298], [77.574556, 18.032735], [77.573013, 18.032796], [77.571732, 18.033076], [77.571554, 18.033114], [77.568453, 18.034145], [77.565143, 18.035228], [77.561599, 18.036109], [77.56018, 18.036257], [77.558509, 18.03643], [77.556375, 18.036369], [77.555867, 18.036281], [77.554654, 18.036071], [77.554039, 18.035964], [77.553764, 18.036414], [77.553776, 18.036419], [77.554413, 18.036698], [77.554379, 18.03669], [77.553759, 18.036555], [77.553743, 18.037491], [77.5537, 18.038285], [77.553551, 18.038452], [77.553126, 18.038929], [77.55269, 18.043631], [77.552532, 18.045684], [77.55231, 18.048562], [77.552231, 18.049985], [77.552195, 18.050636], [77.552181, 18.050886], [77.55048, 18.051222], [77.550441, 18.05123], [77.549989, 18.051319], [77.549652, 18.051386], [77.549815, 18.053881], [77.549864, 18.054623], [77.549203, 18.0547], [77.548884, 18.054693], [77.54857, 18.055681], [77.547882, 18.056068], [77.548251, 18.060499], [77.548724, 18.065869], [77.552027, 18.065211], [77.552754, 18.065059], [77.555355, 18.064517], [77.556968, 18.064181], [77.557542, 18.064154], [77.557575, 18.064152], [77.55769, 18.06455], [77.557691, 18.064557], [77.557758, 18.065262], [77.557839, 18.066761], [77.55821, 18.068151], [77.558213, 18.068162], [77.558328, 18.06887], [77.558984, 18.069517], [77.559568, 18.070065], [77.559699, 18.070425], [77.559766, 18.070607], [77.559802, 18.071151], [77.559861, 18.072027], [77.560004, 18.072313], [77.561117, 18.073153], [77.562846, 18.0744], [77.565596, 18.076627], [77.566244, 18.076926], [77.567568, 18.077537], [77.569631, 18.078521], [77.569633, 18.078567], [77.571227, 18.078465], [77.574203, 18.078206], [77.57482, 18.078226], [77.575662, 18.078254], [77.576048, 18.07826], [77.576496, 18.078672], [77.578282, 18.079972], [77.582746, 18.082291], [77.582753, 18.08228], [77.584155, 18.082902], [77.584771, 18.082557], [77.585601, 18.082113], [77.585863, 18.081287], [77.585881, 18.081229], [77.585854, 18.081086], [77.585907, 18.081261], [77.585614, 18.082107], [77.591781, 18.08455], [77.59479, 18.085839], [77.594773, 18.085857], [77.595218, 18.086194], [77.596195, 18.086488], [77.597275, 18.087175], [77.597284, 18.087213], [77.597498, 18.088068], [77.597819, 18.089355], [77.598148, 18.091873], [77.598866, 18.093381], [77.598926, 18.094575], [77.599055, 18.096404], [77.599039, 18.097343], [77.599026, 18.098079], [77.599053, 18.09808], [77.599322, 18.099479], [77.600813, 18.102319], [77.601412, 18.104587], [77.601532, 18.105376], [77.601492, 18.106137], [77.601516, 18.106142], [77.601429, 18.107282], [77.601354, 18.107812], [77.600926, 18.11085], [77.600959, 18.110857], [77.600651, 18.11361], [77.600307, 18.116701], [77.59976, 18.119256], [77.599728, 18.119392], [77.599503, 18.120344], [77.599388, 18.120875], [77.599247, 18.12138], [77.599213, 18.121811], [77.598999, 18.122168], [77.598732, 18.122545], [77.59789, 18.123036], [77.597263, 18.12381], [77.596646, 18.126018], [77.595773, 18.128112], [77.595763, 18.128103], [77.595269, 18.129111], [77.594783, 18.131159], [77.594529, 18.133667], [77.594618, 18.134709], [77.594624, 18.13471], [77.594614, 18.135274], [77.594639, 18.137885], [77.594602, 18.14007], [77.595051, 18.142833], [77.595161, 18.143448], [77.595156, 18.143478], [77.595102, 18.143802], [77.595143, 18.144513], [77.595758, 18.147416], [77.596625, 18.153285], [77.596855, 18.154843], [77.596943, 18.155083], [77.597175, 18.15587], [77.59714, 18.155863], [77.597161, 18.15637], [77.595803, 18.15599], [77.593691, 18.155762], [77.59181, 18.156027], [77.590463, 18.156952], [77.590152, 18.157057], [77.586654, 18.158231], [77.584234, 18.159863], [77.583889, 18.160079], [77.583129, 18.160977], [77.582397, 18.161867], [77.581871, 18.162527], [77.581615, 18.162994], [77.580733, 18.16442], [77.580442, 18.16517], [77.579983, 18.166352], [77.579474, 18.168174], [77.579178, 18.169161], [77.579062, 18.169577], [77.578923, 18.170072], [77.578642, 18.17108], [77.578056, 18.171393], [77.578037, 18.171402], [77.577661, 18.171651], [77.57721, 18.172371], [77.576673, 18.17343], [77.575491, 18.17414], [77.574888, 18.175263], [77.574875, 18.175336], [77.574652, 18.176584], [77.574623, 18.176746], [77.573577, 18.179665], [77.572912, 18.181256], [77.572067, 18.184064], [77.572248, 18.185172], [77.57235, 18.186203], [77.572398, 18.186837], [77.572448, 18.187501], [77.571856, 18.189474], [77.57132, 18.190495], [77.571103, 18.191634], [77.571017, 18.191931], [77.570848, 18.1925], [77.570282, 18.192911], [77.569597, 18.19332], [77.568073, 18.19383], [77.567026, 18.194424], [77.566348, 18.194413], [77.565391, 18.194398], [77.565061, 18.194427], [77.5644, 18.194485], [77.563784, 18.195117], [77.563821, 18.195134], [77.563782, 18.195217], [77.563675, 18.195445], [77.563607, 18.196332], [77.563596, 18.196966], [77.563632, 18.197982], [77.563645, 18.198819], [77.563628, 18.199784], [77.563694, 18.200412], [77.563743, 18.200877], [77.56386, 18.201767], [77.564292, 18.202941], [77.564916, 18.203737], [77.565671, 18.204586], [77.567451, 18.204537], [77.568965, 18.204535], [77.57048, 18.204457], [77.571705, 18.204248], [77.573203, 18.20356], [77.574598, 18.202694], [77.575029, 18.202345], [77.575014, 18.202274], [77.57503, 18.20232], [77.575088, 18.202427], [77.575776, 18.203702], [77.576546, 18.205287], [77.576745, 18.206077], [77.576913, 18.206394], [77.577004, 18.206599], [77.579036, 18.210715], [77.579842, 18.212611], [77.579875, 18.212685], [77.580155, 18.213285], [77.580386, 18.213771], [77.580401, 18.213793], [77.582511, 18.216925], [77.585242, 18.220292], [77.585249, 18.220299], [77.585394, 18.22045], [77.585181, 18.220798], [77.584581, 18.221703], [77.583924, 18.222083], [77.583428, 18.22237], [77.582692, 18.223501], [77.581929, 18.224631], [77.581915, 18.224652], [77.581913, 18.224651], [77.58171, 18.224876], [77.581699, 18.225524], [77.581761, 18.226554], [77.581703, 18.227305], [77.581585, 18.227597], [77.580703, 18.227781], [77.580213, 18.228459], [77.58016, 18.229221], [77.580462, 18.230293], [77.580605, 18.231248], [77.580222, 18.232653], [77.578796, 18.234461], [77.578578, 18.234741], [77.578383, 18.234956], [77.577895, 18.235532], [77.577197, 18.236376], [77.57719, 18.236384], [77.577182, 18.236391], [77.575223, 18.238104], [77.573528, 18.239372], [77.572849, 18.24025], [77.572858, 18.241316], [77.573003, 18.242181], [77.572983, 18.243323], [77.573164, 18.244972], [77.573167, 18.245], [77.573328, 18.245683], [77.573341, 18.245739], [77.573405, 18.245798], [77.574933, 18.247594], [77.574998, 18.248252], [77.575482, 18.249502], [77.57624, 18.250225], [77.577564, 18.250245], [77.577789, 18.250862], [77.577841, 18.250942], [77.578315, 18.251669], [77.578689, 18.25259], [77.579071, 18.253408], [77.579445, 18.254247], [77.579735, 18.255169], [77.580048, 18.255942], [77.580121, 18.256101], [77.580154, 18.256172], [77.580414, 18.256736], [77.58047, 18.256805], [77.580971, 18.257426], [77.581581, 18.258313], [77.582275, 18.258946], [77.584259, 18.26068], [77.585607, 18.261158], [77.586455, 18.261189], [77.587028, 18.261466], [77.588112, 18.261741], [77.589035, 18.261844], [77.590409, 18.261845], [77.591476, 18.261994], [77.591837, 18.262041], [77.592105, 18.262077], [77.592221, 18.262089], [77.593446, 18.263101], [77.594521, 18.263955], [77.594932, 18.264462], [77.594928, 18.264465], [77.595657, 18.265779], [77.596788, 18.267818], [77.596819, 18.267873], [77.596821, 18.267878], [77.597673, 18.270804], [77.598397, 18.272008], [77.59879, 18.272318], [77.598858, 18.272415], [77.599075, 18.272792], [77.599694, 18.273472], [77.600258, 18.274046], [77.600377, 18.274147], [77.600238, 18.274224], [77.60061, 18.274788], [77.600704, 18.27497], [77.600965, 18.275459], [77.601171, 18.275846], [77.601411, 18.276843], [77.601645, 18.27735], [77.60215, 18.277807], [77.602546, 18.27799], [77.602999, 18.27812], [77.603924, 18.278229], [77.604563, 18.278293], [77.605016, 18.278518], [77.60561, 18.279602], [77.605892, 18.280654], [77.605491, 18.280701], [77.605278, 18.280727], [77.604612, 18.280845], [77.603235, 18.28109], [77.601371, 18.281416], [77.60015, 18.281515], [77.598764, 18.281835], [77.597745, 18.281996], [77.595874, 18.282293], [77.595658, 18.282327], [77.595649, 18.282317], [77.59562, 18.282332], [77.593256, 18.282639], [77.590849, 18.283098], [77.586749, 18.283876], [77.585739, 18.284139], [77.583771, 18.284448], [77.581868, 18.284803], [77.580366, 18.285919], [77.578836, 18.286663], [77.578033, 18.287188], [77.576394, 18.288169], [77.576217, 18.288376], [77.575413, 18.289317], [77.574865, 18.290029], [77.574493, 18.290488], [77.573675, 18.292093], [77.573624, 18.29217], [77.573377, 18.292406], [77.573336, 18.29242], [77.572996, 18.292536], [77.572666, 18.292531], [77.572038, 18.292521], [77.571533, 18.292285], [77.571125, 18.291678], [77.5709, 18.290789], [77.570231, 18.289692], [77.569445, 18.288394], [77.568892, 18.287442], [77.56822, 18.286517], [77.567331, 18.285989], [77.565526, 18.284789], [77.564247, 18.28434], [77.563174, 18.284066], [77.562764, 18.28401], [77.56212, 18.284119], [77.561654, 18.284197], [77.561231, 18.284496], [77.559021, 18.286057], [77.55704, 18.287573], [77.556571, 18.288109], [77.556003, 18.288758], [77.555194, 18.289641], [77.554677, 18.290002], [77.55432, 18.290251], [77.55183, 18.291266], [77.551962, 18.291666], [77.552343, 18.292817], [77.552706, 18.294309], [77.553054, 18.296744], [77.553723, 18.29787], [77.554555, 18.298254], [77.557515, 18.300158], [77.562836, 18.304042], [77.565673, 18.306115], [77.569275, 18.307286], [77.570794, 18.307953], [77.571442, 18.308237], [77.571927, 18.308424], [77.572046, 18.308661], [77.572086, 18.309148], [77.572128, 18.309652], [77.57128, 18.314565], [77.571126, 18.316401], [77.57106, 18.316797], [77.570986, 18.317251], [77.570905, 18.317741], [77.570545, 18.317975], [77.569794, 18.318462], [77.569166, 18.318867], [77.569003, 18.318972], [77.568046, 18.319489], [77.565797, 18.320702], [77.56567, 18.320816], [77.564199, 18.321785], [77.56386, 18.322277], [77.563668, 18.322554], [77.563633, 18.322739], [77.563623, 18.322789], [77.56356, 18.323118], [77.563127, 18.323889], [77.561634, 18.326105], [77.560315, 18.328016], [77.559863, 18.32867], [77.559623, 18.329101], [77.558979, 18.330258], [77.558508, 18.330801], [77.558345, 18.33099], [77.558192, 18.331166], [77.558136, 18.331179], [77.55616, 18.331653], [77.55577, 18.331764], [77.555693, 18.331786], [77.554751, 18.332053], [77.553591, 18.332383], [77.551842, 18.332879], [77.55073, 18.333195], [77.545961, 18.334366], [77.545533, 18.334498], [77.544405, 18.334847], [77.544389, 18.334852], [77.543754, 18.335048], [77.54366, 18.335076], [77.542392, 18.335449], [77.540043, 18.336141], [77.539555, 18.336284], [77.536817, 18.337174], [77.535221, 18.337662], [77.531454, 18.33863], [77.52925, 18.339479], [77.527975, 18.3405], [77.527021, 18.341271], [77.526387, 18.341782], [77.525976, 18.342114], [77.52592, 18.342164], [77.525742, 18.342323], [77.525314, 18.342706], [77.524494, 18.343439], [77.523851, 18.344154], [77.523027, 18.345292], [77.522922, 18.345689], [77.522581, 18.346972], [77.522531, 18.347292], [77.522217, 18.349917], [77.522045, 18.351229], [77.521911, 18.352027], [77.521819, 18.352316], [77.521721, 18.352625], [77.521081, 18.355044], [77.520668, 18.356439], [77.520654, 18.357267], [77.521319, 18.358621], [77.521794, 18.359337], [77.521932, 18.359545], [77.522599, 18.360785], [77.523148, 18.361636], [77.523474, 18.362142], [77.524263, 18.363269], [77.524721, 18.36563], [77.525203, 18.368114], [77.525226, 18.368229], [77.525556, 18.369921], [77.525754, 18.372353], [77.527261, 18.373463], [77.529122, 18.37495], [77.531069, 18.376638], [77.53185, 18.377339], [77.531968, 18.377444], [77.532691, 18.378093], [77.534083, 18.378972], [77.535357, 18.379735], [77.535913, 18.38027], [77.535922, 18.380278], [77.536565, 18.380897], [77.536668, 18.381122], [77.536814, 18.381441], [77.536882, 18.381588], [77.536894, 18.381683], [77.537041, 18.382819], [77.53716, 18.383448], [77.537295, 18.38378], [77.537756, 18.384417], [77.538244, 18.384904], [77.539114, 18.385772], [77.53997, 18.386235], [77.540407, 18.386392], [77.540987, 18.386476], [77.541492, 18.386334], [77.542361, 18.385972], [77.542994, 18.385727], [77.543464, 18.38578], [77.543917, 18.385892], [77.543951, 18.385929], [77.545151, 18.38723], [77.545749, 18.388064], [77.546058, 18.388369], [77.547174, 18.388326], [77.551725, 18.388502], [77.551749, 18.38861], [77.551768, 18.388697], [77.551833, 18.38922], [77.552086, 18.391251], [77.552091, 18.391294], [77.552169, 18.391912], [77.552271, 18.393198], [77.552337, 18.394028], [77.552481, 18.395808], [77.552519, 18.39628], [77.552726, 18.398891], [77.552753, 18.399147], [77.552915, 18.400839], [77.552939, 18.401098], [77.553233, 18.402464], [77.553327, 18.402903], [77.553347, 18.402994], [77.554749, 18.407333], [77.554912, 18.408014], [77.555189, 18.409169], [77.556397, 18.413895], [77.556854, 18.416585], [77.556947, 18.417667], [77.556972, 18.417952], [77.556926, 18.418805], [77.55663, 18.419117], [77.555453, 18.419532], [77.555118, 18.41961], [77.553198, 18.420056], [77.552189, 18.420291], [77.549197, 18.420724], [77.546848, 18.421278], [77.545587, 18.421508], [77.544713, 18.421736], [77.542971, 18.422191], [77.542335, 18.422358], [77.539955, 18.42298], [77.53972, 18.423038], [77.53699, 18.423713], [77.537528, 18.42531], [77.537533, 18.425424], [77.537551, 18.425835], [77.535879, 18.426447], [77.535533, 18.426521], [77.534583, 18.426764], [77.534471, 18.426924], [77.530475, 18.427937], [77.52841, 18.428571], [77.528433, 18.432739], [77.528434, 18.434273], [77.528435, 18.435333], [77.52833, 18.43782], [77.528166, 18.438237], [77.527749, 18.438725], [77.527886, 18.438997], [77.527851, 18.439206], [77.527846, 18.439461], [77.527824, 18.439851], [77.527707, 18.440239], [77.527608, 18.440552], [77.527648, 18.440957], [77.527691, 18.441258], [77.527732, 18.441543], [77.527849, 18.442109], [77.527863, 18.442175], [77.528396, 18.443158], [77.528669, 18.443099], [77.529247, 18.442976], [77.530868, 18.442762], [77.532943, 18.442674], [77.532961, 18.4427], [77.533341, 18.44328], [77.534102, 18.443816], [77.53423, 18.443841], [77.536591, 18.444305], [77.53866, 18.444562], [77.539404, 18.444259], [77.541035, 18.444374], [77.541478, 18.444201], [77.544405, 18.443857], [77.546831, 18.44346], [77.548166, 18.442773], [77.548955, 18.442368], [77.551442, 18.441463], [77.552601, 18.440876], [77.553654, 18.440342], [77.553326, 18.439773], [77.553227, 18.439601], [77.553681, 18.439484], [77.554268, 18.439332], [77.556941, 18.438264], [77.557897, 18.437819], [77.559997, 18.436842], [77.560629, 18.43685], [77.56067, 18.436973], [77.561556, 18.436956], [77.564142, 18.436907], [77.564316, 18.436991], [77.564614, 18.437136], [77.564933, 18.437292], [77.564937, 18.437294], [77.56586, 18.437788], [77.566867, 18.438328], [77.56777, 18.438796], [77.568237, 18.439039], [77.569088, 18.442575], [77.569263, 18.442526], [77.571487, 18.441907], [77.574108, 18.44143], [77.574337, 18.441511], [77.575521, 18.441929], [77.576214, 18.442185], [77.581068, 18.443974], [77.582315, 18.444314], [77.58361, 18.444667], [77.583693, 18.444861], [77.584066, 18.445729], [77.58435, 18.446009], [77.584428, 18.446086], [77.585097, 18.446364], [77.58537, 18.446477], [77.585939, 18.448295], [77.586, 18.448489], [77.586169, 18.449027], [77.584709, 18.449318], [77.582975, 18.449556], [77.583595, 18.451827], [77.584389, 18.454653], [77.583961, 18.455074], [77.583786, 18.455565], [77.583631, 18.455923], [77.582097, 18.456326], [77.582087, 18.456329], [77.579319, 18.457138], [77.576729, 18.457701], [77.575329, 18.458006], [77.574298, 18.458217], [77.571183, 18.458721], [77.569736, 18.458699], [77.567304, 18.459239], [77.567301, 18.459458], [77.5673, 18.459465], [77.567237, 18.459458], [77.566617, 18.45938], [77.566085, 18.459498], [77.565666, 18.459591], [77.56549, 18.459599], [77.564085, 18.459667], [77.564066, 18.459918], [77.564066, 18.460716], [77.564066, 18.460772], [77.561485, 18.460602], [77.560595, 18.460543], [77.559267, 18.460505], [77.559188, 18.460503], [77.558264, 18.460477], [77.555243, 18.460257], [77.552161, 18.46001], [77.550757, 18.459989], [77.550259, 18.462364], [77.549927, 18.463945], [77.549847, 18.465552], [77.548303, 18.466508], [77.548407, 18.467712], [77.548457, 18.468294], [77.548833, 18.468287], [77.552171, 18.468226], [77.556727, 18.468121], [77.558961, 18.46823], [77.560516, 18.468305], [77.560988, 18.469971], [77.561398, 18.469919], [77.562597, 18.469769], [77.565922, 18.469343], [77.568768, 18.469349], [77.568852, 18.469349], [77.56996, 18.469351], [77.572055, 18.469355], [77.572823, 18.469423], [77.572829, 18.469476], [77.573013, 18.471059], [77.57337, 18.473972], [77.573677, 18.476414], [77.573841, 18.47787], [77.574953, 18.478164], [77.575073, 18.478816], [77.5753, 18.481672], [77.575488, 18.482561], [77.575871, 18.484796], [77.576265, 18.48638], [77.576661, 18.486316], [77.580994, 18.485609], [77.580994, 18.485609], [77.582414, 18.485217], [77.582596, 18.485259], [77.582679, 18.485246], [77.585797, 18.484741], [77.586741, 18.484686], [77.587993, 18.484687], [77.588628, 18.484687], [77.589327, 18.484605], [77.590823, 18.48443], [77.59181, 18.48437], [77.592276, 18.484342], [77.592225, 18.483858], [77.592232, 18.481766], [77.592266, 18.481642], [77.592362, 18.481289], [77.59251, 18.480745], [77.593235, 18.479081], [77.593785, 18.477428], [77.594135, 18.476451], [77.594587, 18.476416], [77.594684, 18.476408], [77.595505, 18.476447], [77.598599, 18.476308], [77.603017, 18.476403], [77.603019, 18.476466], [77.603055, 18.477504], [77.603468, 18.483098], [77.604749, 18.485588], [77.605707, 18.487599], [77.606116, 18.488746], [77.605636, 18.489459], [77.604599, 18.490915], [77.604464, 18.491103], [77.603531, 18.492491], [77.603448, 18.492713], [77.603819, 18.493344], [77.604099, 18.494572], [77.604351, 18.495276], [77.604588, 18.495941], [77.604595, 18.495961], [77.604153, 18.495936], [77.600877, 18.495753], [77.600611, 18.495807], [77.595741, 18.49572], [77.594269, 18.495749], [77.594162, 18.497497], [77.593232, 18.497892], [77.591821, 18.499012], [77.59156, 18.499241], [77.591109, 18.499634], [77.588732, 18.501744], [77.588701, 18.501802], [77.588504, 18.501928], [77.587998, 18.502253], [77.587781, 18.502498], [77.587153, 18.502862], [77.586201, 18.503802], [77.586375, 18.506572], [77.586558, 18.508845], [77.58694, 18.510079], [77.588091, 18.512814], [77.588195, 18.512844], [77.590045, 18.513365], [77.591316, 18.513749], [77.591909, 18.513927], [77.594064, 18.514916], [77.59738, 18.515723], [77.597366, 18.515952], [77.597291, 18.517174], [77.598549, 18.518364], [77.598648, 18.518458], [77.598929, 18.518725], [77.599286, 18.519092], [77.599634, 18.519451], [77.599773, 18.519594], [77.600013, 18.520019], [77.600098, 18.52038], [77.600232, 18.520953], [77.600299, 18.521575], [77.600375, 18.521717], [77.600551, 18.52205], [77.600509, 18.522273], [77.600408, 18.522384], [77.600374, 18.522422], [77.60031, 18.522493], [77.599678, 18.522955], [77.599613, 18.523045], [77.599318, 18.523458], [77.599197, 18.523717], [77.599062, 18.524025], [77.599146, 18.524411], [77.5994, 18.524811], [77.599495, 18.524944], [77.599556, 18.525029], [77.599679, 18.5252], [77.599912, 18.525319], [77.600105, 18.525418], [77.600605, 18.52586], [77.600845, 18.526248], [77.600849, 18.526287], [77.600879, 18.526571], [77.600688, 18.527077], [77.600934, 18.526991], [77.600998, 18.526968], [77.600933, 18.526995], [77.600674, 18.527104], [77.600453, 18.527536], [77.599161, 18.527977], [77.598742, 18.528071], [77.598388, 18.528259], [77.597735, 18.528503], [77.597486, 18.529212], [77.597472, 18.529252], [77.597455, 18.5293], [77.597196, 18.529898], [77.596887, 18.530075], [77.5962, 18.530047], [77.595708, 18.529784], [77.595592, 18.529606], [77.595168, 18.528956], [77.594927, 18.528496], [77.594109, 18.527707], [77.594006, 18.527607], [77.592519, 18.526236], [77.591476, 18.525783], [77.59115, 18.525869], [77.591105, 18.526305], [77.591133, 18.526587], [77.591166, 18.526916], [77.591285, 18.528094], [77.591895, 18.530436], [77.592343, 18.532175], [77.592994, 18.53326], [77.593041, 18.533299], [77.594765, 18.534727], [77.595633, 18.535396], [77.595635, 18.535414], [77.595802, 18.536711], [77.596214, 18.538339], [77.595936, 18.538936], [77.595178, 18.53969], [77.596221, 18.545884], [77.596375, 18.546962], [77.596611, 18.548788], [77.596771, 18.548821], [77.600858, 18.549655], [77.604786, 18.550134], [77.60785, 18.549743], [77.610316, 18.549689], [77.610393, 18.548956], [77.610481, 18.548953], [77.610749, 18.54432], [77.611502, 18.544286], [77.611787, 18.544273], [77.612853, 18.544224], [77.612854, 18.544436], [77.612863, 18.545901], [77.613385, 18.548952], [77.613534, 18.548943], [77.616388, 18.548761], [77.616308, 18.548917], [77.615791, 18.549924], [77.615425, 18.550671], [77.615642, 18.550674], [77.618226, 18.550713], [77.620055, 18.55086], [77.624378, 18.551628], [77.626099, 18.551699], [77.627083, 18.551803], [77.627631, 18.552284], [77.627793, 18.552426], [77.628146, 18.552835], [77.628315, 18.553031], [77.62829, 18.553598], [77.629659, 18.553459], [77.629701, 18.553455], [77.629693, 18.553389], [77.629649, 18.553049], [77.629571, 18.552796], [77.629527, 18.552168], [77.629521, 18.552079], [77.629517, 18.552075], [77.62937, 18.551898], [77.629163, 18.55165], [77.628961, 18.551409], [77.628876, 18.551308], [77.628453, 18.550868], [77.628307, 18.550717], [77.628036, 18.5491], [77.62791, 18.548203], [77.628028, 18.547727], [77.628822, 18.546913], [77.629501, 18.546226], [77.629603, 18.546086], [77.631515, 18.545175], [77.631949, 18.544963], [77.632523, 18.544685], [77.633147, 18.544328], [77.634198, 18.543726], [77.634345, 18.543958], [77.635236, 18.545372], [77.636227, 18.546925], [77.636399, 18.547308], [77.638658, 18.552336], [77.639745, 18.554711], [77.639806, 18.554723], [77.640338, 18.554825], [77.641975, 18.555253], [77.646034, 18.554926], [77.648227, 18.554854], [77.648198, 18.554637], [77.648175, 18.554179], [77.648116, 18.553001], [77.648105, 18.552777], [77.65172, 18.551861], [77.651803, 18.551852], [77.652346, 18.551705], [77.652396, 18.551692], [77.652377, 18.551627], [77.651633, 18.549037], [77.651598, 18.548915], [77.651451, 18.548472], [77.650218, 18.543785], [77.650161, 18.543531], [77.650095, 18.543233], [77.649788, 18.541859], [77.649551, 18.541019], [77.646642, 18.539946], [77.646415, 18.539308], [77.646272, 18.538931], [77.646222, 18.538798], [77.646208, 18.53876], [77.647012, 18.538546], [77.647042, 18.538538], [77.647355, 18.538302], [77.648329, 18.537592], [77.649147, 18.536446], [77.649414, 18.535841], [77.649446, 18.535631], [77.649736, 18.53498], [77.650081, 18.534205], [77.650166, 18.534014], [77.650286, 18.533835], [77.650733, 18.533167], [77.651037, 18.532712], [77.651251, 18.532539], [77.652351, 18.531648], [77.652613, 18.531363], [77.65435, 18.530835], [77.655472, 18.530852], [77.656538, 18.530815], [77.65754, 18.531284], [77.658547, 18.531433], [77.659724, 18.531505], [77.661293, 18.531635], [77.66227, 18.531944], [77.662413, 18.53214], [77.662587, 18.532379], [77.663209, 18.533231], [77.663257, 18.533297], [77.664132, 18.534674], [77.664987, 18.53557], [77.666435, 18.536207], [77.668991, 18.537717], [77.671252, 18.539062], [77.671713, 18.539336], [77.673268, 18.540529], [77.673949, 18.541051], [77.675093, 18.541928], [77.678565, 18.544013], [77.681799, 18.545185], [77.683567, 18.545131], [77.686721, 18.544402], [77.688038, 18.544475], [77.689203, 18.545295], [77.689673, 18.545698], [77.691333, 18.547119], [77.694052, 18.548952], [77.69603, 18.550916], [77.696978, 18.551858], [77.699053, 18.553655], [77.702031, 18.555117], [77.704328, 18.555338], [77.708104, 18.555983], [77.711373, 18.556285], [77.711549, 18.556301], [77.711848, 18.556222], [77.713183, 18.55587], [77.71348, 18.555763], [77.715636, 18.554981], [77.716395, 18.554706], [77.718225, 18.554043], [77.718432, 18.553968], [77.718874, 18.553904], [77.721131, 18.553579], [77.72232, 18.553442], [77.723005, 18.553364], [77.724223, 18.553223], [77.725883, 18.553727], [77.726313, 18.553865], [77.728384, 18.554664], [77.730809, 18.555487], [77.733479, 18.55597], [77.733515, 18.555977], [77.73873, 18.556694], [77.739008, 18.556732], [77.737689, 18.562957], [77.737499, 18.563742], [77.738804, 18.564511], [77.739054, 18.56609], [77.739913, 18.567697], [77.740254, 18.568489], [77.740386, 18.570104], [77.740665, 18.57354], [77.740692, 18.573758], [77.740839, 18.574949], [77.741402, 18.575369], [77.742103, 18.575811], [77.742688, 18.576119], [77.743674, 18.577146], [77.745222, 18.579963], [77.74654, 18.583583], [77.746663, 18.584541], [77.74843, 18.585917], [77.749164, 18.586734], [77.749197, 18.587147], [77.74919, 18.587597], [77.749239, 18.587745], [77.749396, 18.588219], [77.749605, 18.588653], [77.749987, 18.589371], [77.750021, 18.589709], [77.749936, 18.590085], [77.749852, 18.590457], [77.749683, 18.591148], [77.749535, 18.591821], [77.749456, 18.593076], [77.749355, 18.594481], [77.749098, 18.59572], [77.749014, 18.596126], [77.748478, 18.598875], [77.748435, 18.599274], [77.748224, 18.601234], [77.748232, 18.601965], [77.748153, 18.603183], [77.747998, 18.603512], [77.747767, 18.604003], [77.747288, 18.604389], [77.746552, 18.60496], [77.746191, 18.605367], [77.745982, 18.606152], [77.746058, 18.607503], [77.746462, 18.609328], [77.746272, 18.611388], [77.746215, 18.612193], [77.746161, 18.612976], [77.746144, 18.613223], [77.746324, 18.614276], [77.746393, 18.614877], [77.746413, 18.614976], [77.746539, 18.615573], [77.746311, 18.616264], [77.745981, 18.617271], [77.745892, 18.617908], [77.745767, 18.618318], [77.745724, 18.61858], [77.745777, 18.618918], [77.745871, 18.619201], [77.746081, 18.61956], [77.746234, 18.619844], [77.746264, 18.620426], [77.746177, 18.620968], [77.74603, 18.621529], [77.745702, 18.622349], [77.745085, 18.624028], [77.743293, 18.627958], [77.742492, 18.629302], [77.741472, 18.630841], [77.74033, 18.63234], [77.738921, 18.634307], [77.73777, 18.636184], [77.736442, 18.638059], [77.735894, 18.639347], [77.735563, 18.640127], [77.735713, 18.640328], [77.735473, 18.640531], [77.735299, 18.640658], [77.735156, 18.640946], [77.734758, 18.641222], [77.734124, 18.641519], [77.732394, 18.64265], [77.731752, 18.643465], [77.731066, 18.644524], [77.730898, 18.645197], [77.730888, 18.645778], [77.73094, 18.646266], [77.731087, 18.646887], [77.731258, 18.647283], [77.731272, 18.647583], [77.731307, 18.647903], [77.731145, 18.648144], [77.730965, 18.648329], [77.730899, 18.648759], [77.730911, 18.649247], [77.731406, 18.651467], [77.731545, 18.652631], [77.731394, 18.653473], [77.730869, 18.654309], [77.730602, 18.654999], [77.730575, 18.65543], [77.73057, 18.655786], [77.730681, 18.656219], [77.730951, 18.65656], [77.73134, 18.65681], [77.731712, 18.656989], [77.732023, 18.657139], [77.732753, 18.657316], [77.733258, 18.657438], [77.734409, 18.658036], [77.735202, 18.658873], [77.735836, 18.659782], [77.736022, 18.660479], [77.736167, 18.661231], [77.735998, 18.661959], [77.73581, 18.662423], [77.735208, 18.66341], [77.734748, 18.663854], [77.734149, 18.66404], [77.734115, 18.664051], [77.733637, 18.664067], [77.733348, 18.664077], [77.732797, 18.66419], [77.732578, 18.664235], [77.732024, 18.664414], [77.731877, 18.664533], [77.731004, 18.665487], [77.73058, 18.666118], [77.730394, 18.666678], [77.730391, 18.666891], [77.730387, 18.66709], [77.730677, 18.667451], [77.731662, 18.668553], [77.732085, 18.669035], [77.734695, 18.67201], [77.735695, 18.673468], [77.736718, 18.674537], [77.737533, 18.675389], [77.737747, 18.675577], [77.73827, 18.676037], [77.739393, 18.677141], [77.740269, 18.677772], [77.740588, 18.677851], [77.740915, 18.677932], [77.741781, 18.677926], [77.742393, 18.677803], [77.742911, 18.677873], [77.743021, 18.677888], [77.743548, 18.678158], [77.743877, 18.678481], [77.744066, 18.679009], [77.744057, 18.679534], [77.743929, 18.680132], [77.743879, 18.680844], [77.743889, 18.681407], [77.744258, 18.681712], [77.74457, 18.681872], [77.744785, 18.681982], [77.74555, 18.682143], [77.746554, 18.68212], [77.747478, 18.682134], [77.748363, 18.682166], [77.748602, 18.682253], [77.74895, 18.68238], [77.74924, 18.682685], [77.749485, 18.683344], [77.749466, 18.683636], [77.749433, 18.684131], [77.749421, 18.684862], [77.74961, 18.68539], [77.749862, 18.685581], [77.750831, 18.686814], [77.751162, 18.687236], [77.751171, 18.687248], [77.751174, 18.68725], [77.751178, 18.687261], [77.751762, 18.68859], [77.75216, 18.689533], [77.75217, 18.69009], [77.75217, 18.690115], [77.75208, 18.690845], [77.751696, 18.691514], [77.751415, 18.691829], [77.751092, 18.692368], [77.751041, 18.693061], [77.750914, 18.69364], [77.750715, 18.694032], [77.750508, 18.694441], [77.750362, 18.694926], [77.750374, 18.695432], [77.750525, 18.69581], [77.750657, 18.695958], [77.750684, 18.695988], [77.751201, 18.69657], [77.75221, 18.697503], [77.75235, 18.697849], [77.752778, 18.698899], [77.752953, 18.700214], [77.75337, 18.701195], [77.753492, 18.701315], [77.753893, 18.701709], [77.755038, 18.702757], [77.755625, 18.703182], [77.755638, 18.703192], [77.75565, 18.703201], [77.755777, 18.703292], [77.756212, 18.703783], [77.756738, 18.704376], [77.757091, 18.704774], [77.757168, 18.704841], [77.75744, 18.705078], [77.758469, 18.705975], [77.759033, 18.706396], [77.759482, 18.706601], [77.760263, 18.706957], [77.761067, 18.707157], [77.762387, 18.707026], [77.764615, 18.706758], [77.766136, 18.706424], [77.766688, 18.706325], [77.767103, 18.70625], [77.767202, 18.706194], [77.767581, 18.705977], [77.768097, 18.705571], [77.768383, 18.704956], [77.768996, 18.703484], [77.769806, 18.702052], [77.770384, 18.701573], [77.771018, 18.701319], [77.771822, 18.701219], [77.772946, 18.701366], [77.772888, 18.700602], [77.772339, 18.698426], [77.772366, 18.698394], [77.772212, 18.697047], [77.771986, 18.695877], [77.771933, 18.695322], [77.77191, 18.694884], [77.771916, 18.694504], [77.772198, 18.6941], [77.772235, 18.693663], [77.772241, 18.693287], [77.771863, 18.692053], [77.771528, 18.690035], [77.771449, 18.689187], [77.772121, 18.688762], [77.772532, 18.688503], [77.774322, 18.687566], [77.774401, 18.68756], [77.775421, 18.687003], [77.776097, 18.686689], [77.776027, 18.686248], [77.776764, 18.686113], [77.776837, 18.685414], [77.778133, 18.685154], [77.782468, 18.68406], [77.787041, 18.682905], [77.787122, 18.683122], [77.788243, 18.686132], [77.788921, 18.687951], [77.789149, 18.687789], [77.789726, 18.687379], [77.790036, 18.687946], [77.790113, 18.688085], [77.789358, 18.689358], [77.789091, 18.690939], [77.789087, 18.690959], [77.789195, 18.691894], [77.789195, 18.691926], [77.789221, 18.694112], [77.789475, 18.695458], [77.789659, 18.695529], [77.790023, 18.69567], [77.790754, 18.695943], [77.791365, 18.69601], [77.791407, 18.696015], [77.79274, 18.696176], [77.793839, 18.696425], [77.794426, 18.697043], [77.794682, 18.697312], [77.795369, 18.698373], [77.795477, 18.699048], [77.795481, 18.699074], [77.795561, 18.699805], [77.795339, 18.702224], [77.795654, 18.703629], [77.796068, 18.704568], [77.796368, 18.704863], [77.79658, 18.705072], [77.797641, 18.705787], [77.799068, 18.706537], [77.800042, 18.706901], [77.800488, 18.707349], [77.800512, 18.707389], [77.800549, 18.707437], [77.801198, 18.708274], [77.80158, 18.708811], [77.801797, 18.709116], [77.801876, 18.709257], [77.802611, 18.710569], [77.802983, 18.711603], [77.803364, 18.712126], [77.803707, 18.712596], [77.803998, 18.713374], [77.804038, 18.713546], [77.804121, 18.713904], [77.804157, 18.714062], [77.804248, 18.714453], [77.804244, 18.715241], [77.804242, 18.715585], [77.803887, 18.716551], [77.803891, 18.717094], [77.803948, 18.718089], [77.803957, 18.71906], [77.803908, 18.72062], [77.803858, 18.723774], [77.803657, 18.725031], [77.803687, 18.726176], [77.803925, 18.727219], [77.804028, 18.727356], [77.804117, 18.727474], [77.804591, 18.728107], [77.804963, 18.728582], [77.805637, 18.72944], [77.806736, 18.730507], [77.807922, 18.731495], [77.80936, 18.733399], [77.810076, 18.734767], [77.810107, 18.734826], [77.810549, 18.73567], [77.810916, 18.736242], [77.81092, 18.736248], [77.811623, 18.737343], [77.811769, 18.737571], [77.81196, 18.738021], [77.812681, 18.739721], [77.812845, 18.740106], [77.812977, 18.740613], [77.813554, 18.742832], [77.814043, 18.744168], [77.814175, 18.744511], [77.814393, 18.745074], [77.81524, 18.746761], [77.815428, 18.747135], [77.815535, 18.747461], [77.816157, 18.749353], [77.816277, 18.749683], [77.81646, 18.750189], [77.816668, 18.750628], [77.816941, 18.751201], [77.818371, 18.753653], [77.818654, 18.754138], [77.818769, 18.75434], [77.819847, 18.756229], [77.820024, 18.756538], [77.821554, 18.759745], [77.821838, 18.76034], [77.822033, 18.760829], [77.822525, 18.76206], [77.824054, 18.765895], [77.824255, 18.766371], [77.824382, 18.766673], [77.824768, 18.76759], [77.82671, 18.769655], [77.826822, 18.769827], [77.827352, 18.770643], [77.827647, 18.771842], [77.827662, 18.771901], [77.827645, 18.773004], [77.827633, 18.773742], [77.827512, 18.776208], [77.82751, 18.776326], [77.8275, 18.776992], [77.828993, 18.778815], [77.829719, 18.779765], [77.830114, 18.780458], [77.830439, 18.781029], [77.830954, 18.782329], [77.831222, 18.783922], [77.83133, 18.784567], [77.831362, 18.784857], [77.831438, 18.785548], [77.831578, 18.786087], [77.831632, 18.786295], [77.832053, 18.788299], [77.832189, 18.789539], [77.832233, 18.789947], [77.833442, 18.79157], [77.834082, 18.792328], [77.834282, 18.792534], [77.834691, 18.792956], [77.835464, 18.793754], [77.837171, 18.795656], [77.837819, 18.796377], [77.83785, 18.796412], [77.837853, 18.796418], [77.838203, 18.797085], [77.838236, 18.797148], [77.838409, 18.797478], [77.838395, 18.798378], [77.838312, 18.79888], [77.83826, 18.799195], [77.838243, 18.799294], [77.838213, 18.799473], [77.838081, 18.800634], [77.838071, 18.800724], [77.838173, 18.802097], [77.838314, 18.803588], [77.838475, 18.804208], [77.838508, 18.804335], [77.839271, 18.805521], [77.840607, 18.806304], [77.840983, 18.806524], [77.841219, 18.806585], [77.84549, 18.807685], [77.846888, 18.807704], [77.848735, 18.807965], [77.851345, 18.809412], [77.852082, 18.809658], [77.853107, 18.809868], [77.853547, 18.809874], [77.853718, 18.809877], [77.853847, 18.809878], [77.855701, 18.809748], [77.857395, 18.809184], [77.857396, 18.809184], [77.857396, 18.809184], [77.858078, 18.80925], [77.858341, 18.809276], [77.859769, 18.810001], [77.860897, 18.81112], [77.861511, 18.812041], [77.861738, 18.812437], [77.861909, 18.812735], [77.862498, 18.813267], [77.864661, 18.814629], [77.867054, 18.816368], [77.869845, 18.818801], [77.870483, 18.819154], [77.871266, 18.819375], [77.871971, 18.819459], [77.872759, 18.819321], [77.873546, 18.819212], [77.874413, 18.81906], [77.87564, 18.818972], [77.877529, 18.818744], [77.878237, 18.818655], [77.88074, 18.81834], [77.882349, 18.818695], [77.883911, 18.81907], [77.885181, 18.819677], [77.88612, 18.820319], [77.887263, 18.821081], [77.887456, 18.821132], [77.887761, 18.821213], [77.888044, 18.821288], [77.88953, 18.821191], [77.890318, 18.820927], [77.890977, 18.821015], [77.891722, 18.821203], [77.891963, 18.821264], [77.892037, 18.821304], [77.892945, 18.821788], [77.894875, 18.822365], [77.895081, 18.822482], [77.895853, 18.822919], [77.898147, 18.824217], [77.898317, 18.824275], [77.899781, 18.824772], [77.900199, 18.824914], [77.902825, 18.825814], [77.903827, 18.826425], [77.904011, 18.826538], [77.904088, 18.826604], [77.90482, 18.827232], [77.905454, 18.827394], [77.905894, 18.827506], [77.906026, 18.827545], [77.907287, 18.827909], [77.907455, 18.827921], [77.909931, 18.827876], [77.910186, 18.827876], [77.912545, 18.827877], [77.91286, 18.827877], [77.915287, 18.827276], [77.917368, 18.826761], [77.918119, 18.826575], [77.918565, 18.826455], [77.920209, 18.826015], [77.926486, 18.824333], [77.930076, 18.823422], [77.931331, 18.823103], [77.932395, 18.823016], [77.93257, 18.823002], [77.934721, 18.823496], [77.935119, 18.823587], [77.938858, 18.824581], [77.939348, 18.824818], [77.940701, 18.82547], [77.943204, 18.826369], [77.943888, 18.826782], [77.945534, 18.827775], [77.946913, 18.829326], [77.946989, 18.829503], [77.947215, 18.830028], [77.947711, 18.831183], [77.948092, 18.833425], [77.94812, 18.834174], [77.947903, 18.837589], [77.947663, 18.839824], [77.947637, 18.841592], [77.947739, 18.843047], [77.947982, 18.84439], [77.94632, 18.844695], [77.945241, 18.844892], [77.945244, 18.844926], [77.945245, 18.84493], [77.944659, 18.845014], [77.943869, 18.845092], [77.943376, 18.84514], [77.941929, 18.845319], [77.940056, 18.845549], [77.939443, 18.845607], [77.93637, 18.845896], [77.936171, 18.845972], [77.934098, 18.846113], [77.934184, 18.847047], [77.934122, 18.847811], [77.934111, 18.848528], [77.934276, 18.849247], [77.935233, 18.850718], [77.935977, 18.852027], [77.936365, 18.85271], [77.936332, 18.852716], [77.936339, 18.852726], [77.936505, 18.852983], [77.929831, 18.854349], [77.929806, 18.854354], [77.929815, 18.854377], [77.928343, 18.854735], [77.928582, 18.855551], [77.92897, 18.856489], [77.929175, 18.85783], [77.929312, 18.85966], [77.927986, 18.860106], [77.927048, 18.860513], [77.925801, 18.861045], [77.925781, 18.861054], [77.925749, 18.861063], [77.9244, 18.861437], [77.924011, 18.861439], [77.92377, 18.861652], [77.922963, 18.86188], [77.921908, 18.861914], [77.921597, 18.861918], [77.920125, 18.861937], [77.917713, 18.862023], [77.916463, 18.862023], [77.916007, 18.862022], [77.915986, 18.862035], [77.915978, 18.86204], [77.914555, 18.862108], [77.913518, 18.862157], [77.913577, 18.863209], [77.913586, 18.863294], [77.913636, 18.864199], [77.913637, 18.864214], [77.913566, 18.864165], [77.913423, 18.864067], [77.912306, 18.863731], [77.911989, 18.863618], [77.912023, 18.865221], [77.912032, 18.865618], [77.912027, 18.865619], [77.91203, 18.865865], [77.910588, 18.866211], [77.910241, 18.866295], [77.909264, 18.866347], [77.908457, 18.86639], [77.906922, 18.866584], [77.905615, 18.866661], [77.904533, 18.866814], [77.904096, 18.866848], [77.904116, 18.866954], [77.90376, 18.866999], [77.90345, 18.867038], [77.902869, 18.867127], [77.902594, 18.867169], [77.902619, 18.868867], [77.902527, 18.869941], [77.902259, 18.871037], [77.902218, 18.872088], [77.90225, 18.873284], [77.902433, 18.874481], [77.902566, 18.875583], [77.902851, 18.878359], [77.902985, 18.878886], [77.903538, 18.881046], [77.903395, 18.88158], [77.903379, 18.881638], [77.903378, 18.881642], [77.903374, 18.881928], [77.903375, 18.881942], [77.903079, 18.881956], [77.902217, 18.881996], [77.901835, 18.881986], [77.900435, 18.881947], [77.898975, 18.88219], [77.897471, 18.882497], [77.897439, 18.882504], [77.897353, 18.882499], [77.895954, 18.882426], [77.895557, 18.882406], [77.892809, 18.882136], [77.892724, 18.882127], [77.892401, 18.882072], [77.892401, 18.882123], [77.89094, 18.88215], [77.890894, 18.883536], [77.890571, 18.884918], [77.889891, 18.886701], [77.888744, 18.889482], [77.887751, 18.892002], [77.886485, 18.894303], [77.885388, 18.897037], [77.885379, 18.897634], [77.885371, 18.898136], [77.885364, 18.89859], [77.885359, 18.898948], [77.885053, 18.899255], [77.884232, 18.900367], [77.884118, 18.901575], [77.884267, 18.903008], [77.884815, 18.904896], [77.884916, 18.905244], [77.884793, 18.905276], [77.884597, 18.905346], [77.883545, 18.905721], [77.882576, 18.906023], [77.882112, 18.906157], [77.880699, 18.906564], [77.879792, 18.906868], [77.879494, 18.906968], [77.878578, 18.907274], [77.878508, 18.907288], [77.877662, 18.907453], [77.876762, 18.907623], [77.875115, 18.908063], [77.875092, 18.908026], [77.874794, 18.908257], [77.873661, 18.908452], [77.873509, 18.908478], [77.872715, 18.906244], [77.872706, 18.905192], [77.871265, 18.905159], [77.870171, 18.905133], [77.869029, 18.905272], [77.868057, 18.90539], [77.867348, 18.905228], [77.866793, 18.905101], [77.86628, 18.904983], [77.862884, 18.90374], [77.860475, 18.903587], [77.859334, 18.903548], [77.859348, 18.903528], [77.85892, 18.90347], [77.858746, 18.903464], [77.857565, 18.903427], [77.857316, 18.903464], [77.855548, 18.903729], [77.855526, 18.903733], [77.855049, 18.903775], [77.854492, 18.903824], [77.853501, 18.90418], [77.853469, 18.904197], [77.852895, 18.904491], [77.852535, 18.904579], [77.851995, 18.904711], [77.850931, 18.905246], [77.850856, 18.905245], [77.849517, 18.905951], [77.849514, 18.905943], [77.847329, 18.907561], [77.846497, 18.908122], [77.846286, 18.908264], [77.846031, 18.908358], [77.845868, 18.908397], [77.845529, 18.908476], [77.845167, 18.908702], [77.84472, 18.908983], [77.844442, 18.909015], [77.844195, 18.909043], [77.844195, 18.909049], [77.844038, 18.909084], [77.843626, 18.909221], [77.843378, 18.909436], [77.843302, 18.909502], [77.843184, 18.909513], [77.842862, 18.909543], [77.842845, 18.910009], [77.842702, 18.910796], [77.842727, 18.911167], [77.842618, 18.911699], [77.842673, 18.912023], [77.843216, 18.913776], [77.843368, 18.914253], [77.843758, 18.915505], [77.844445, 18.917611], [77.844536, 18.918174], [77.844617, 18.918765], [77.844734, 18.919622], [77.845395, 18.921458], [77.846318, 18.923759], [77.846584, 18.925299], [77.846773, 18.925977], [77.847214, 18.92722], [77.847338, 18.927593], [77.847458, 18.927574], [77.84837, 18.927436], [77.848579, 18.92741], [77.84858, 18.92742], [77.84885, 18.927405], [77.850385, 18.927036], [77.850378, 18.927007], [77.850824, 18.926955], [77.850956, 18.92694], [77.851028, 18.927423], [77.85135, 18.928616], [77.851517, 18.929436], [77.851837, 18.931319], [77.851986, 18.932035], [77.852147, 18.932739], [77.852183, 18.932893], [77.852329, 18.933761], [77.85247, 18.934324], [77.852836, 18.935204], [77.853741, 18.937442], [77.854354, 18.939144], [77.855539, 18.94201], [77.856005, 18.943557], [77.856955, 18.946086], [77.857297, 18.947241], [77.857589, 18.948253], [77.857917, 18.949391], [77.857909, 18.949392], [77.858035, 18.949911], [77.855677, 18.95003], [77.855677, 18.950028], [77.855304, 18.950063], [77.853852, 18.950242], [77.852923, 18.950305], [77.852925, 18.950307], [77.852461, 18.950361], [77.851598, 18.950397], [77.849127, 18.950499], [77.845531, 18.950818], [77.842456, 18.950867], [77.840819, 18.950467], [77.840716, 18.950442], [77.839351, 18.949887], [77.838755, 18.949645], [77.83845, 18.949554], [77.837922, 18.949396], [77.837563, 18.949289], [77.837118, 18.94879], [77.83706, 18.948733], [77.836704, 18.948384], [77.836427, 18.948457], [77.836152, 18.94853], [77.836044, 18.948475], [77.835569, 18.948228], [77.83555, 18.94824], [77.835052, 18.947736], [77.83502, 18.947772], [77.835005, 18.947789], [77.834871, 18.94761], [77.834808, 18.947526], [77.83478, 18.947488], [77.834402, 18.94697], [77.833605, 18.945878], [77.832841, 18.94452], [77.831842, 18.942744], [77.830511, 18.943063], [77.830312, 18.943102], [77.828814, 18.94339], [77.827649, 18.943899], [77.826792, 18.944273], [77.825428, 18.944672], [77.823781, 18.945154], [77.821082, 18.946008], [77.82056, 18.946479], [77.820472, 18.946558], [77.820075, 18.946666], [77.819473, 18.946828], [77.81832, 18.94734], [77.817774, 18.947583], [77.817537, 18.947565], [77.817144, 18.947534], [77.816024, 18.947998], [77.815909, 18.948045], [77.815776, 18.9481], [77.818446, 18.953395], [77.818589, 18.953679], [77.818874, 18.954245], [77.819394, 18.955276], [77.819335, 18.955312], [77.818972, 18.955531], [77.818469, 18.955834], [77.81775, 18.956317], [77.815553, 18.958163], [77.81587, 18.958568], [77.816345, 18.959252], [77.817358, 18.960822], [77.817387, 18.960867], [77.817399, 18.960917], [77.818296, 18.964821], [77.819137, 18.968927], [77.819502, 18.9709], [77.819644, 18.971674], [77.81978, 18.972698], [77.820107, 18.975177], [77.820316, 18.976067], [77.820414, 18.976482], [77.820623, 18.97737], [77.821025, 18.978546], [77.821279, 18.979295], [77.81991, 18.979457], [77.818743, 18.979704], [77.818547, 18.979745], [77.817051, 18.980216], [77.8154, 18.980254], [77.813682, 18.980445], [77.812936, 18.980558], [77.810857, 18.981113], [77.808855, 18.981342], [77.808418, 18.981475], [77.807526, 18.981762], [77.806522, 18.981906], [77.806016, 18.982306], [77.804688, 18.98238], [77.803263, 18.982513], [77.800893, 18.983003], [77.799208, 18.983102], [77.797007, 18.983194], [77.795453, 18.983202], [77.794416, 18.983344], [77.794026, 18.983397], [77.792441, 18.983374], [77.791253, 18.983231], [77.790697, 18.983165], [77.790569, 18.982456], [77.790541, 18.9823], [77.790429, 18.981683], [77.790223, 18.980418], [77.790052, 18.979669], [77.789684, 18.978057], [77.789497, 18.977237], [77.7889, 18.974747], [77.78889, 18.974704], [77.787914, 18.974286], [77.787701, 18.974195], [77.78734, 18.973452], [77.787325, 18.97342], [77.78686, 18.973347], [77.78653, 18.973518], [77.785343, 18.974061], [77.784432, 18.97424], [77.782835, 18.974925], [77.781661, 18.975493], [77.779317, 18.976486], [77.779244, 18.976509], [77.777557, 18.977152], [77.776085, 18.977692], [77.775238, 18.978048], [77.774132, 18.978436], [77.773231, 18.978661], [77.773031, 18.979022], [77.771046, 18.979681], [77.771286, 18.980738], [77.771409, 18.981277], [77.771399, 18.981899], [77.771389, 18.982539], [77.771569, 18.983653], [77.771654, 18.984175], [77.771883, 18.986056], [77.771993, 18.987289], [77.772167, 18.988553], [77.772491, 18.990546], [77.772949, 18.992246], [77.773092, 18.992874], [77.773252, 18.993574], [77.773261, 18.995052], [77.773399, 18.996501], [77.773601, 18.998073], [77.77407, 18.999096], [77.774448, 18.999748], [77.774487, 18.999857], [77.774758, 19.000614], [77.774245, 19.001234], [77.77423, 19.001253], [77.773275, 19.002286], [77.772379, 19.003689], [77.771872, 19.005036], [77.7715, 19.006047], [77.770841, 19.008761], [77.770331, 19.010324], [77.770158, 19.010999], [77.770147, 19.011707], [77.770019, 19.012414], [77.76997, 19.012689], [77.769863, 19.013303], [77.769712, 19.014502], [77.769677, 19.014778], [77.769659, 19.015928], [77.769649, 19.016563], [77.769527, 19.018131], [77.769411, 19.01933], [77.7694, 19.020002], [77.76939, 19.020653], [77.76956, 19.021723], [77.768517, 19.021881], [77.767762, 19.022616], [77.767403, 19.022966], [77.767241, 19.023213], [77.766626, 19.023445], [77.765571, 19.024661], [77.765347, 19.024923], [77.765076, 19.025239], [77.764968, 19.025976], [77.765011, 19.026732], [77.765014, 19.026793], [77.765043, 19.0273], [77.765037, 19.027304], [77.764409, 19.028032], [77.763469, 19.028602], [77.762874, 19.029363], [77.762395, 19.030987], [77.762155, 19.031877], [77.761936, 19.032256], [77.761855, 19.032396], [77.761872, 19.03335], [77.761887, 19.034458], [77.762036, 19.037262], [77.762707, 19.039826], [77.763413, 19.042268], [77.764218, 19.044558], [77.764281, 19.044629], [77.764985, 19.047194], [77.765088, 19.047896], [77.765131, 19.048182], [77.765136, 19.049121], [77.765139, 19.04969], [77.765278, 19.051108], [77.765351, 19.052648], [77.765372, 19.053356], [77.765313, 19.05366], [77.765307, 19.053692], [77.765269, 19.053693], [77.765429, 19.055227], [77.765466, 19.055574], [77.765071, 19.057969], [77.764803, 19.059293], [77.764685, 19.059872], [77.76468, 19.060173], [77.764672, 19.060657], [77.764664, 19.061195], [77.764623, 19.061749], [77.764766, 19.06289], [77.765477, 19.062465], [77.766074, 19.062108], [77.767132, 19.061219], [77.767585, 19.061036], [77.767746, 19.06097], [77.769211, 19.059981], [77.769295, 19.059923], [77.770137, 19.059345], [77.770584, 19.059039], [77.771286, 19.058607], [77.772294, 19.058029], [77.774898, 19.056371], [77.777317, 19.055972], [77.778244, 19.055886], [77.780778, 19.05565], [77.782279, 19.055547], [77.782278, 19.055529], [77.7845, 19.055561], [77.787846, 19.055905], [77.789956, 19.055565], [77.790502, 19.055499], [77.790348, 19.055035], [77.790324, 19.054962], [77.790429, 19.054948], [77.790527, 19.054958], [77.790783, 19.054984], [77.790833, 19.054895], [77.791304, 19.054065], [77.792648, 19.052861], [77.79359, 19.052467], [77.793612, 19.052452], [77.79364, 19.052426], [77.793708, 19.052395], [77.796054, 19.051873], [77.798629, 19.051146], [77.798676, 19.051132], [77.800095, 19.050573], [77.800127, 19.05056], [77.800072, 19.052858], [77.800011, 19.055449], [77.799822, 19.057011], [77.799787, 19.057299], [77.79978, 19.057369], [77.799648, 19.058705], [77.799201, 19.059847], [77.798757, 19.060804], [77.798612, 19.061303], [77.79851, 19.061653], [77.799592, 19.064706], [77.799955, 19.066357], [77.799435, 19.067771], [77.799304, 19.068126], [77.798019, 19.069142], [77.797923, 19.069218], [77.797415, 19.069742], [77.797159, 19.070005], [77.796576, 19.070607], [77.796579, 19.072867], [77.797559, 19.074956], [77.798106, 19.074852], [77.798964, 19.074865], [77.800085, 19.075399], [77.801592, 19.076199], [77.801923, 19.077501], [77.802363, 19.078859], [77.802568, 19.081067], [77.802651, 19.081359], [77.803042, 19.082739], [77.803059, 19.082799], [77.803528, 19.084452], [77.803489, 19.08506], [77.803435, 19.085908], [77.803426, 19.086048], [77.803424, 19.086081], [77.803485, 19.087094], [77.803578, 19.08864], [77.803905, 19.090163], [77.804196, 19.091501], [77.804216, 19.091501], [77.80413, 19.091976], [77.804108, 19.092093], [77.80372, 19.092863], [77.803523, 19.093253], [77.803143, 19.094006], [77.803028, 19.095713], [77.80299, 19.096264], [77.803095, 19.097043], [77.803142, 19.097024], [77.803773, 19.098535], [77.804364, 19.100618], [77.804898, 19.10133], [77.804992, 19.10138], [77.806058, 19.101939], [77.807527, 19.102664], [77.80968, 19.104548], [77.810452, 19.10504], [77.811662, 19.104946], [77.811852, 19.104642], [77.811911, 19.104548], [77.811951, 19.104574], [77.812106, 19.104558], [77.813355, 19.104426], [77.813356, 19.104425], [77.813408, 19.104409], [77.813536, 19.104445], [77.814419, 19.104692], [77.81455, 19.104728], [77.81476, 19.104805], [77.816022, 19.105268], [77.816917, 19.105391], [77.81708, 19.105076], [77.817157, 19.104927], [77.817406, 19.104958], [77.817963, 19.104777], [77.818157, 19.104714], [77.818821, 19.10402], [77.820848, 19.101904], [77.820957, 19.10179], [77.82115, 19.101612], [77.821963, 19.100862], [77.822524, 19.099982], [77.822654, 19.099779], [77.822734, 19.09951], [77.822734, 19.09951], [77.82286, 19.099214], [77.82335, 19.097813], [77.82352, 19.097693], [77.82402, 19.097341], [77.824527, 19.097274], [77.824801, 19.097241], [77.824954, 19.097207], [77.824957, 19.097206], [77.824957, 19.097205], [77.824987, 19.097187], [77.825783, 19.09671], [77.826576, 19.096426], [77.826791, 19.096305], [77.826803, 19.096238], [77.826758, 19.095855], [77.826713, 19.095568], [77.826688, 19.09555], [77.826637, 19.095515], [77.827144, 19.094458], [77.827368, 19.093538], [77.827602, 19.092575], [77.82777, 19.091538], [77.827818, 19.091244], [77.828806, 19.090332], [77.82923, 19.088152], [77.829249, 19.086967], [77.829529, 19.086789], [77.829878, 19.086568], [77.830193, 19.086278], [77.830244, 19.08623], [77.830393, 19.086093], [77.830943, 19.085805], [77.831162, 19.085808], [77.831256, 19.085809], [77.831263, 19.08582], [77.831292, 19.085921], [77.831329, 19.085917], [77.831449, 19.085903], [77.83241, 19.085795], [77.832463, 19.085789], [77.832527, 19.085826], [77.833467, 19.086359], [77.834127, 19.086554], [77.836142, 19.087286], [77.839454, 19.087333], [77.84171, 19.087587], [77.841892, 19.087597], [77.842606, 19.087637], [77.844109, 19.087394], [77.844716, 19.087296], [77.846397, 19.086949], [77.847826, 19.086459], [77.848121, 19.086357], [77.84812, 19.086381], [77.849128, 19.086765], [77.849388, 19.087431], [77.849271, 19.087545], [77.849413, 19.087598], [77.849891, 19.087776], [77.850027, 19.088212], [77.850077, 19.088372], [77.850671, 19.09027], [77.850587, 19.090952], [77.850453, 19.092042], [77.850449, 19.092041], [77.850175, 19.092075], [77.850089, 19.092592], [77.849913, 19.093923], [77.849548, 19.094845], [77.848172, 19.095603], [77.847594, 19.09767], [77.847059, 19.099504], [77.845904, 19.101081], [77.846676, 19.104056], [77.846121, 19.104678], [77.846341, 19.10557], [77.847268, 19.108621], [77.847268, 19.108633], [77.848225, 19.10972], [77.848051, 19.110904], [77.847772, 19.113119], [77.84765, 19.114084], [77.847554, 19.115269], [77.847463, 19.115793], [77.847438, 19.115935], [77.847397, 19.115948], [77.847136, 19.116029], [77.845367, 19.116574], [77.84364, 19.117061], [77.843565, 19.117108], [77.84288, 19.117537], [77.842773, 19.117555], [77.841745, 19.117729], [77.841669, 19.117742], [77.841594, 19.117874], [77.841108, 19.118735], [77.839129, 19.123116], [77.838798, 19.124334], [77.83811, 19.125954], [77.837659, 19.127393], [77.837601, 19.128652], [77.8376, 19.128689], [77.837552, 19.129281], [77.837575, 19.130319], [77.837557, 19.131467], [77.83715, 19.132573], [77.8369, 19.133569], [77.836758, 19.133621], [77.835599, 19.133913], [77.835572, 19.133923], [77.835295, 19.134028], [77.835293, 19.134028], [77.83418, 19.134013], [77.834086, 19.134011], [77.834641, 19.135946], [77.835467, 19.137958], [77.836874, 19.137719], [77.836928, 19.137608], [77.836955, 19.137553], [77.837113, 19.137389], [77.83727, 19.137366], [77.837817, 19.137287], [77.837821, 19.137292], [77.837924, 19.137379], [77.840433, 19.13951], [77.842481, 19.140651], [77.844751, 19.143319], [77.844946, 19.143548], [77.84553, 19.144235], [77.845505, 19.14425], [77.846957, 19.146086], [77.848325, 19.148402], [77.849734, 19.150571], [77.851681, 19.153191], [77.852483, 19.154277], [77.852373, 19.156313], [77.852302, 19.156363], [77.852184, 19.157488], [77.852158, 19.157731], [77.852056, 19.158702], [77.851868, 19.160486], [77.852413, 19.164096], [77.852697, 19.166648], [77.85287, 19.166804], [77.85298, 19.166903], [77.853837, 19.167674], [77.854504, 19.169558], [77.854526, 19.16962], [77.854634, 19.169926], [77.854694, 19.169949], [77.856105, 19.170504], [77.856707, 19.170641], [77.85693, 19.170691], [77.856827, 19.171613], [77.856809, 19.171683], [77.856775, 19.171814], [77.856066, 19.173008], [77.855253, 19.17471], [77.855774, 19.176914], [77.856237, 19.177168], [77.857745, 19.177995], [77.859489, 19.178855], [77.860303, 19.179431], [77.860279, 19.179529], [77.860247, 19.179657], [77.859869, 19.181188], [77.859731, 19.181482], [77.859295, 19.18241], [77.859298, 19.182411], [77.858859, 19.182853], [77.858825, 19.182887], [77.858737, 19.182965], [77.857278, 19.184271], [77.856718, 19.184818], [77.855716, 19.185796], [77.854416, 19.186954], [77.852832, 19.187723], [77.852211, 19.187788], [77.85135, 19.187878], [77.850852, 19.188065], [77.850126, 19.188337], [77.848978, 19.188767], [77.84852, 19.189093], [77.848338, 19.189222], [77.84795, 19.189499], [77.84804, 19.189687], [77.848087, 19.189785], [77.848393, 19.19042], [77.84922, 19.192137], [77.849221, 19.192136], [77.849299, 19.192306], [77.849919, 19.193647], [77.850036, 19.193783], [77.850228, 19.194008], [77.850787, 19.194661], [77.850838, 19.194721], [77.851327, 19.195293], [77.851305, 19.195502], [77.851219, 19.196301], [77.85121, 19.196861], [77.851206, 19.197136], [77.851159, 19.198282], [77.851132, 19.198932], [77.851132, 19.198936], [77.852307, 19.200154], [77.852679, 19.200539], [77.8543, 19.201319], [77.854561, 19.201444], [77.854963, 19.202944], [77.855129, 19.203561], [77.855278, 19.205891], [77.856628, 19.208282], [77.857953, 19.212254], [77.85805, 19.212543], [77.858567, 19.214092], [77.85866, 19.214372], [77.859376, 19.21592], [77.860651, 19.217212], [77.860697, 19.217158], [77.860713, 19.217141], [77.860729, 19.217204], [77.861047, 19.218495], [77.861095, 19.218579], [77.862353, 19.220798], [77.862417, 19.22114], [77.862609, 19.222163], [77.862816, 19.222372], [77.864157, 19.223722], [77.864874, 19.225097], [77.86501, 19.22536], [77.866209, 19.22633], [77.866335, 19.226432], [77.866281, 19.226733], [77.86598, 19.228404], [77.866229, 19.230252], [77.865974, 19.231786], [77.866249, 19.232258], [77.866875, 19.233336], [77.866926, 19.233547], [77.867223, 19.234791], [77.867444, 19.235409], [77.867532, 19.235345], [77.867232, 19.237189], [77.867175, 19.238577], [77.867158, 19.238989], [77.868295, 19.240235], [77.868804, 19.240657], [77.86884, 19.240687], [77.868888, 19.240727], [77.868895, 19.240813], [77.868924, 19.241216], [77.868957, 19.241678], [77.868965, 19.241782], [77.868991, 19.241826], [77.869866, 19.243288], [77.869867, 19.243475], [77.869879, 19.245441], [77.86939, 19.247191], [77.869788, 19.248338], [77.870577, 19.250794], [77.870537, 19.250782], [77.87075, 19.251927], [77.870753, 19.251935], [77.870808, 19.252077], [77.870813, 19.252089], [77.870973, 19.252502], [77.871063, 19.252815], [77.871455, 19.254177], [77.871617, 19.254086], [77.872668, 19.253492], [77.872702, 19.253465], [77.872723, 19.253522], [77.872752, 19.25348], [77.874536, 19.252981], [77.8745, 19.25309], [77.874618, 19.253035], [77.874619, 19.253073], [77.874629, 19.253446], [77.874707, 19.256287], [77.87477, 19.258177], [77.874947, 19.258219], [77.879056, 19.259203], [77.882329, 19.259907], [77.883576, 19.259969], [77.884825, 19.259986], [77.88552, 19.259908], [77.885558, 19.259708], [77.885666, 19.259716], [77.887238, 19.259824], [77.890053, 19.260079], [77.890256, 19.258699], [77.89495, 19.257227], [77.898806, 19.256094], [77.900151, 19.255893], [77.900815, 19.255879], [77.900977, 19.255876], [77.9014, 19.255867], [77.902455, 19.255849], [77.903174, 19.255932], [77.904056, 19.258113], [77.904089, 19.258194], [77.906675, 19.264586], [77.906605, 19.26459], [77.906586, 19.264591], [77.906749, 19.26498], [77.906969, 19.265501], [77.907032, 19.265652], [77.907658, 19.267066], [77.907496, 19.26732], [77.90652, 19.268851], [77.906314, 19.269557], [77.906241, 19.270165], [77.906254, 19.270423], [77.906268, 19.270544], [77.906314, 19.270922], [77.906427, 19.27126], [77.906421, 19.271678], [77.906433, 19.271967], [77.90643, 19.272208], [77.906366, 19.272353], [77.906359, 19.272368], [77.906018, 19.272791], [77.904889, 19.273833], [77.904559, 19.274136], [77.903832, 19.275203], [77.903555, 19.275633], [77.903616, 19.277208], [77.90189, 19.277168], [77.900398, 19.277373], [77.900388, 19.277374], [77.897126, 19.277858], [77.896202, 19.278317], [77.896185, 19.278326], [77.89601, 19.278412], [77.894288, 19.279268], [77.891288, 19.278831], [77.889535, 19.278524], [77.888855, 19.278496], [77.88656, 19.278402], [77.885546, 19.278292], [77.884802, 19.278298], [77.884327, 19.278339], [77.8838, 19.278508], [77.883057, 19.278717], [77.880843, 19.279383], [77.878292, 19.280232], [77.876865, 19.280549], [77.87429, 19.281113], [77.873421, 19.281176], [77.872946, 19.28125], [77.870212, 19.281918], [77.869679, 19.281913], [77.869675, 19.281913], [77.869547, 19.281912], [77.869512, 19.281925], [77.865591, 19.283438], [77.866151, 19.286125], [77.864783, 19.287819], [77.865061, 19.288569], [77.865049, 19.288569], [77.865084, 19.288632], [77.865099, 19.288657], [77.865991, 19.290236], [77.866625, 19.291359], [77.866584, 19.291452], [77.864227, 19.296816], [77.863745, 19.301069], [77.863447, 19.302383], [77.863377, 19.303919], [77.863517, 19.303898], [77.864539, 19.303739], [77.865047, 19.303635], [77.865197, 19.303676], [77.867443, 19.304284], [77.871878, 19.304653], [77.873351, 19.305113], [77.875998, 19.307477], [77.878241, 19.309002], [77.881422, 19.309749], [77.883766, 19.310748], [77.884639, 19.310694], [77.884998, 19.310554], [77.885018, 19.310546], [77.887685, 19.311637], [77.891359, 19.313401], [77.892696, 19.316757], [77.892903, 19.318341], [77.892981, 19.31826], [77.892949, 19.318298], [77.893901, 19.319585], [77.895098, 19.319997], [77.89556, 19.320047], [77.896071, 19.319879], [77.896387, 19.319802], [77.896414, 19.3198], [77.898351, 19.319032], [77.900448, 19.318094], [77.902173, 19.317196], [77.903246, 19.316639], [77.903985, 19.316613], [77.904125, 19.316608], [77.904652, 19.316394], [77.905815, 19.316225], [77.907402, 19.315977], [77.90863, 19.315445], [77.910366, 19.315418], [77.911181, 19.315406], [77.911699, 19.315398], [77.911778, 19.315395], [77.911779, 19.315396], [77.913362, 19.317701], [77.916499, 19.321346], [77.918234, 19.322863], [77.920073, 19.323591], [77.921297, 19.323706], [77.922661, 19.324141], [77.92339, 19.324439], [77.92398, 19.32527], [77.925426, 19.327573], [77.928468, 19.331392], [77.929839, 19.332066], [77.929846, 19.33207], [77.929954, 19.332134], [77.930379, 19.332328], [77.931587, 19.332875], [77.931846, 19.333064], [77.932507, 19.333545], [77.933665, 19.333484], [77.936357, 19.332905], [77.937837, 19.332926], [77.938189, 19.333463], [77.938492, 19.333447], [77.939236, 19.33375], [77.939351, 19.333781], [77.939369, 19.333804], [77.941528, 19.336709], [77.942218, 19.340057], [77.942661, 19.34138], [77.943206, 19.341261], [77.943491, 19.341461], [77.943858, 19.341748], [77.943887, 19.341738], [77.951115, 19.339211], [77.957211, 19.336922], [77.957922, 19.336548], [77.958317, 19.336478], [77.958464, 19.336263], [77.961361, 19.334738], [77.96314, 19.333357], [77.964327, 19.331352], [77.965091, 19.329161], [77.965342, 19.328441], [77.965419, 19.328154], [77.96593, 19.326253], [77.968129, 19.324613], [77.973866, 19.321572], [77.975216, 19.321019], [77.977846, 19.32145], [77.979028, 19.319797], [77.980413, 19.316872], [77.982382, 19.315098], [77.984151, 19.31174], [77.984334, 19.311391], [77.984407, 19.311082], [77.984927, 19.308851], [77.985585, 19.308277], [77.98582, 19.308177], [77.985809, 19.308081], [77.986662, 19.307337], [77.991184, 19.304982], [77.993457, 19.304573], [77.995293, 19.303732], [77.998115, 19.29932], [77.998823, 19.29832], [77.99895, 19.299221], [77.998991, 19.299508], [77.999477, 19.299514], [77.999592, 19.29956], [78.001643, 19.298489], [78.004203, 19.297425], [78.006002, 19.297756], [78.008655, 19.29665], [78.010563, 19.295928], [78.011908, 19.295683], [78.01331, 19.294685], [78.01425, 19.293693], [78.014319, 19.293583], [78.014564, 19.293188], [78.014629, 19.293083], [78.015141, 19.291506], [78.015453, 19.290547], [78.015883, 19.287613], [78.015916, 19.28739], [78.01584, 19.287327], [78.014225, 19.285962], [78.014236, 19.285837], [78.014391, 19.28412], [78.014509, 19.282364], [78.01461, 19.281795], [78.014615, 19.281732], [78.014668, 19.281731], [78.014785, 19.281505], [78.015086, 19.280923], [78.01502, 19.279121], [78.015668, 19.279042], [78.016484, 19.278971], [78.01651, 19.278969], [78.016791, 19.278901], [78.016873, 19.278882], [78.020539, 19.278096], [78.02514, 19.276619], [78.031601, 19.274465], [78.034017, 19.27375], [78.036018, 19.272898], [78.036658, 19.27215], [78.036717, 19.272064], [78.036772, 19.271985], [78.038443, 19.271568], [78.039397, 19.271355], [78.041398, 19.270907], [78.041599, 19.270863], [78.042251, 19.270564], [78.042334, 19.269733], [78.042755, 19.269253], [78.042934, 19.268724], [78.042653, 19.268601], [78.042649, 19.268597], [78.042646, 19.268546], [78.04265, 19.268548], [78.042769, 19.266749], [78.042888, 19.264906], [78.042013, 19.261468], [78.037376, 19.254112], [78.037267, 19.253938], [78.037102, 19.253491], [78.036913, 19.253196], [78.036907, 19.253187], [78.03687, 19.252799], [78.036827, 19.252351], [78.036525, 19.250854], [78.038128, 19.248767], [78.037944, 19.248368], [78.037949, 19.248369], [78.037968, 19.248345], [78.038449, 19.24773], [78.039174, 19.246804], [78.040262, 19.245149], [78.041064, 19.244061], [78.041186, 19.243967], [78.041647, 19.243973], [78.041847, 19.243615], [78.043579, 19.242688], [78.044817, 19.2423], [78.045952, 19.241944], [78.050102, 19.240134], [78.050682, 19.239846], [78.052315, 19.239034], [78.053711, 19.238336], [78.055411, 19.237501], [78.055651, 19.237349], [78.055727, 19.237301], [78.055777, 19.23727], [78.055801, 19.237309], [78.057133, 19.23944], [78.057329, 19.239809], [78.057767, 19.240633], [78.058709, 19.242404], [78.059949, 19.24368], [78.060395, 19.244139], [78.064734, 19.247885], [78.065538, 19.248583], [78.065556, 19.248599], [78.066083, 19.248651], [78.066595, 19.248702], [78.06708, 19.24875], [78.067773, 19.248803], [78.067866, 19.248805], [78.071004, 19.249241], [78.072675, 19.24941], [78.073857, 19.250244], [78.075575, 19.251542], [78.076496, 19.252237], [78.076534, 19.252266], [78.078295, 19.253596], [78.07913, 19.254119], [78.079441, 19.254314], [78.080035, 19.253504], [78.08089, 19.252314], [78.0818, 19.251047], [78.082456, 19.250488], [78.082733, 19.250168], [78.082854, 19.249997], [78.082854, 19.249892], [78.083513, 19.248557], [78.083411, 19.247809], [78.083361, 19.247435], [78.082647, 19.243171], [78.083567, 19.242685], [78.083866, 19.242467], [78.084005, 19.242429], [78.084934, 19.242174], [78.089032, 19.240206], [78.089684, 19.239907], [78.095363, 19.243802], [78.096099, 19.244031], [78.101966, 19.244502], [78.105577, 19.244285], [78.108711, 19.245028], [78.113787, 19.244624], [78.113943, 19.244612], [78.114201, 19.245156], [78.114601, 19.245999], [78.11579, 19.248502], [78.115874, 19.248678], [78.116145, 19.249077], [78.118514, 19.24836], [78.121501, 19.246466], [78.123085, 19.245651], [78.124438, 19.244834], [78.125774, 19.24412], [78.125862, 19.244042], [78.12696, 19.243065], [78.127984, 19.242283], [78.128364, 19.241897], [78.128494, 19.241853], [78.12999, 19.241347], [78.132227, 19.240145], [78.134228, 19.239292], [78.134878, 19.239125], [78.135248, 19.23913], [78.135589, 19.23786], [78.136051, 19.237163], [78.136123, 19.237164], [78.136225, 19.237165], [78.136756, 19.236443], [78.137394, 19.235464], [78.137204, 19.23541], [78.137014, 19.235407], [78.137105, 19.235288], [78.137556, 19.234775], [78.137947, 19.234613], [78.138526, 19.233795], [78.138689, 19.233564], [78.138902, 19.233263], [78.138941, 19.233027], [78.139153, 19.232908], [78.141784, 19.231438], [78.145234, 19.229417], [78.149025, 19.229509], [78.151544, 19.229712], [78.151612, 19.229717], [78.152151, 19.230244], [78.15254, 19.230623], [78.153574, 19.231631], [78.156089, 19.234402], [78.156397, 19.234741], [78.158602, 19.235779], [78.162345, 19.236046], [78.163384, 19.23574], [78.164202, 19.235499], [78.164855, 19.235111], [78.164806, 19.235067], [78.166066, 19.234468], [78.168275, 19.235242], [78.171494, 19.236557], [78.174629, 19.237255], [78.175693, 19.237563], [78.176057, 19.237668], [78.177359, 19.240496], [78.177387, 19.240523], [78.177682, 19.240811], [78.177678, 19.240851], [78.178391, 19.242793], [78.179525, 19.244388], [78.180933, 19.246251], [78.182165, 19.247408], [78.182477, 19.24829], [78.182613, 19.248424], [78.182151, 19.249367], [78.182109, 19.249464], [78.181816, 19.250137], [78.181259, 19.250747], [78.180731, 19.251183], [78.180443, 19.25142], [78.18035, 19.251531], [78.17988, 19.252123], [78.179742, 19.252276], [78.178894, 19.253209], [78.17888, 19.254219], [78.178861, 19.255537], [78.179085, 19.256111], [78.179176, 19.2562], [78.180218, 19.25775], [78.180248, 19.258936], [78.179356, 19.259892], [78.178741, 19.26085], [78.178784, 19.260999], [78.17874, 19.260938], [78.178174, 19.261765], [78.177514, 19.26268], [78.177489, 19.26448], [78.177697, 19.266152], [78.178041, 19.268001], [78.178251, 19.269497], [78.178656, 19.270381], [78.179011, 19.271395], [78.179045, 19.272046], [78.17891, 19.272053], [78.17881, 19.272637], [78.178848, 19.273194], [78.17883, 19.273245], [78.178125, 19.275294], [78.177399, 19.277569], [78.177621, 19.278274], [78.178167, 19.278888], [78.178213, 19.27894], [78.178978, 19.279158], [78.179181, 19.279216], [78.179681, 19.279837], [78.179634, 19.279837], [78.179807, 19.280761], [78.18015, 19.282373], [78.180154, 19.282391], [78.18054, 19.282513], [78.182457, 19.283122], [78.183095, 19.283833], [78.183262, 19.284292], [78.184476, 19.28761], [78.185357, 19.290827], [78.185406, 19.290795], [78.185568, 19.291608], [78.186626, 19.295515], [78.186698, 19.29553], [78.186633, 19.295543], [78.186708, 19.295726], [78.188557, 19.300267], [78.191514, 19.307244], [78.193215, 19.31135], [78.193227, 19.311349], [78.19326, 19.311438], [78.193795, 19.312894], [78.194321, 19.315053], [78.194351, 19.316239], [78.194177, 19.316712], [78.194079, 19.316981], [78.193143, 19.317202], [78.19307, 19.317219], [78.193053, 19.317259], [78.192973, 19.317446], [78.1921, 19.318407], [78.191011, 19.320194], [78.190942, 19.321819], [78.192294, 19.324471], [78.192689, 19.325969], [78.191562, 19.327185], [78.190866, 19.328149], [78.19078, 19.328153], [78.190433, 19.328532], [78.187467, 19.328935], [78.185428, 19.329129], [78.184357, 19.329599], [78.183711, 19.329797], [78.182892, 19.330434], [78.182464, 19.330793], [78.181862, 19.331299], [78.180794, 19.331987], [78.180702, 19.332046], [78.179809, 19.332578], [78.178798, 19.332982], [78.178666, 19.332988], [78.177778, 19.333592], [78.17727, 19.333944], [78.177218, 19.333981], [78.177055, 19.334181], [78.176512, 19.33485], [78.175653, 19.336684], [78.174529, 19.340974], [78.173547, 19.345047], [78.173209, 19.346096], [78.173262, 19.346248], [78.172468, 19.349469], [78.172917, 19.350441], [78.172441, 19.351401], [78.172415, 19.351983], [78.172015, 19.355432], [78.1724, 19.359413], [78.172419, 19.35961], [78.173799, 19.360198], [78.17923, 19.363009], [78.179451, 19.363123], [78.178791, 19.363994], [78.176955, 19.367492], [78.176937, 19.367528], [78.176941, 19.367528], [78.176937, 19.367532], [78.177161, 19.368062], [78.177788, 19.369563], [78.179169, 19.373402], [78.181721, 19.379582], [78.183862, 19.385433], [78.185388, 19.388877], [78.187905, 19.394267], [78.187974, 19.394341], [78.18808, 19.394452], [78.18771, 19.394941], [78.18596, 19.397642], [78.183647, 19.400907], [78.181567, 19.404043], [78.179624, 19.407356], [78.177592, 19.410317], [78.176561, 19.411969], [78.176314, 19.412366], [78.180994, 19.412029], [78.184137, 19.412332], [78.186615, 19.410562], [78.187964, 19.409549], [78.188101, 19.409482], [78.188347, 19.409361], [78.189331, 19.408737], [78.190392, 19.407944], [78.191437, 19.407274], [78.192246, 19.406704], [78.192282, 19.406674], [78.195465, 19.406544], [78.199165, 19.410103], [78.199268, 19.411019], [78.199288, 19.411202], [78.199293, 19.411584], [78.199309, 19.412854], [78.199314, 19.413267], [78.199418, 19.413929], [78.199461, 19.414204], [78.199562, 19.414851], [78.201346, 19.41641], [78.202062, 19.41744], [78.202208, 19.417651], [78.202554, 19.418827], [78.202739, 19.419458], [78.204525, 19.420841], [78.206315, 19.422104], [78.206642, 19.422334], [78.20668, 19.422361], [78.206776, 19.422495], [78.207806, 19.42392], [78.208054, 19.424264], [78.208088, 19.424311], [78.208409, 19.424578], [78.21014, 19.42662], [78.212059, 19.4284], [78.214492, 19.429924], [78.217807, 19.431194], [78.220137, 19.432764], [78.22033, 19.432938], [78.223222, 19.431305], [78.224762, 19.430401], [78.228559, 19.429981], [78.22861, 19.430009], [78.22949, 19.429932], [78.230701, 19.42942], [78.231963, 19.428513], [78.232382, 19.427982], [78.232434, 19.427904], [78.232637, 19.427855], [78.234153, 19.427486], [78.236107, 19.42672], [78.237701, 19.428628], [78.242238, 19.428595], [78.244689, 19.428801], [78.246192, 19.43062], [78.246904, 19.431919], [78.247186, 19.432432], [78.246937, 19.433747], [78.246961, 19.435094], [78.246963, 19.435196], [78.248388, 19.436004], [78.248799, 19.436404], [78.253328, 19.436986], [78.255062, 19.438808], [78.258167, 19.442008], [78.260701, 19.442917], [78.26254, 19.443314], [78.262602, 19.443327], [78.2625, 19.443422], [78.262982, 19.445404], [78.263577, 19.449363], [78.268445, 19.448851], [78.268936, 19.451065], [78.2691, 19.451802], [78.269567, 19.454969], [78.270241, 19.45647], [78.274282, 19.455509], [78.275676, 19.455131], [78.277122, 19.45427], [78.277489, 19.453914], [78.278099, 19.453726], [78.279275, 19.4531], [78.280655, 19.452279], [78.281883, 19.451608], [78.282722, 19.451209], [78.283501, 19.450716], [78.284592, 19.44999], [78.285438, 19.449486], [78.285513, 19.44943], [78.287151, 19.448637], [78.293646, 19.45113], [78.29794, 19.451972], [78.299556, 19.452343], [78.304685, 19.456532], [78.306358, 19.463095], [78.308141, 19.475325], [78.309277, 19.48129], [78.30931, 19.48146], [78.306881, 19.484765], [78.305726, 19.486336], [78.305224, 19.487126], [78.303646, 19.489605], [78.303677, 19.489616], [78.302036, 19.49222], [78.299719, 19.495838], [78.299023, 19.496878], [78.298727, 19.497319], [78.298792, 19.499449], [78.298146, 19.502735], [78.298146, 19.502779], [78.297869, 19.503853], [78.29756, 19.505056], [78.295739, 19.511084], [78.295089, 19.513238], [78.297033, 19.513305], [78.29708, 19.513305], [78.296146, 19.517378], [78.294694, 19.518546], [78.293462, 19.521536], [78.293163, 19.522261], [78.292335, 19.523047], [78.291474, 19.523865], [78.291221, 19.525487], [78.290449, 19.527805], [78.292656, 19.529061], [78.294339, 19.53479], [78.293145, 19.537524], [78.292851, 19.539353], [78.292864, 19.539409], [78.29315, 19.540598], [78.293161, 19.540739], [78.293186, 19.541389], [78.293199, 19.541483], [78.29328, 19.542071], [78.293313, 19.542313], [78.288736, 19.542299], [78.287754, 19.542378], [78.287652, 19.54238], [78.286596, 19.542408], [78.286574, 19.542404], [78.285899, 19.542275], [78.28565, 19.542244], [78.285272, 19.542196], [78.285098, 19.542173], [78.284522, 19.541571], [78.284153, 19.541406], [78.284016, 19.541345], [78.280118, 19.545382], [78.277457, 19.549114], [78.275135, 19.55237], [78.274406, 19.553393], [78.275342, 19.556126], [78.275441, 19.562582], [78.279065, 19.562184], [78.279227, 19.562166], [78.281564, 19.56191], [78.28153, 19.561577], [78.281516, 19.561447], [78.28222, 19.561377], [78.282682, 19.56135], [78.283471, 19.561305], [78.29397, 19.559059], [78.298463, 19.564178], [78.298488, 19.564207], [78.2979, 19.564622], [78.297693, 19.564768], [78.297371, 19.568101], [78.300885, 19.568538], [78.304023, 19.569498], [78.303825, 19.570462], [78.304043, 19.57143], [78.304635, 19.572884], [78.304672, 19.572975], [78.304385, 19.573484], [78.303296, 19.575417], [78.302388, 19.576994], [78.301983, 19.577698], [78.301162, 19.579124], [78.302765, 19.584017], [78.303957, 19.584909], [78.304722, 19.590144], [78.304931, 19.595354], [78.305345, 19.599091], [78.305716, 19.602564], [78.305743, 19.602554], [78.305099, 19.603654], [78.304803, 19.605012], [78.304975, 19.606024], [78.305861, 19.606542], [78.305894, 19.606562], [78.305861, 19.606659], [78.305702, 19.60713], [78.304486, 19.608069], [78.303127, 19.609119], [78.303069, 19.609172], [78.299985, 19.611936], [78.298891, 19.612947], [78.298866, 19.613034], [78.298858, 19.613064], [78.297166, 19.614844], [78.295655, 19.617021], [78.293901, 19.619986], [78.292742, 19.623485], [78.292438, 19.625413], [78.292315, 19.634694], [78.29226, 19.638776], [78.292457, 19.641413], [78.291974, 19.6429], [78.291397, 19.644474], [78.291276, 19.644925], [78.291055, 19.645743], [78.290814, 19.64592], [78.290632, 19.646053], [78.289932, 19.646564], [78.288296, 19.646807], [78.288029, 19.646892], [78.288028, 19.646892], [78.287036, 19.647114], [78.286912, 19.647142], [78.285221, 19.648834], [78.28476, 19.649852], [78.283271, 19.65033], [78.282854, 19.650465], [78.28193, 19.650762], [78.281919, 19.65081], [78.281904, 19.650814], [78.281292, 19.650807], [78.28107, 19.650804], [78.279705, 19.655837], [78.27954, 19.656765], [78.279524, 19.656822], [78.279457, 19.657063], [78.279335, 19.657608], [78.279309, 19.65772], [78.276146, 19.657969], [78.275923, 19.657987], [78.275827, 19.658005], [78.274361, 19.658289], [78.274203, 19.658361], [78.274198, 19.658361], [78.273007, 19.658434], [78.272997, 19.65842], [78.272904, 19.658433], [78.272694, 19.658451], [78.271559, 19.658549], [78.271486, 19.658623], [78.271136, 19.658983], [78.271655, 19.661711], [78.270611, 19.662868], [78.270244, 19.663275], [78.269775, 19.663664], [78.269639, 19.663751], [78.269167, 19.664052], [78.269063, 19.664075], [78.268099, 19.664259], [78.267269, 19.664322], [78.266104, 19.66441], [78.264247, 19.664651], [78.263322, 19.664852], [78.263002, 19.664921], [78.262713, 19.664984], [78.263295, 19.666484], [78.263399, 19.666471], [78.26464, 19.669881], [78.265313, 19.672118], [78.265212, 19.672149], [78.265898, 19.672816], [78.267081, 19.674454], [78.269563, 19.676021], [78.270065, 19.676554], [78.271185, 19.678834], [78.271147, 19.67885], [78.271867, 19.680483], [78.273754, 19.68494], [78.273768, 19.68494], [78.275759, 19.69111], [78.275757, 19.691111], [78.275801, 19.691243], [78.276158, 19.692301], [78.276521, 19.692202], [78.277088, 19.692049], [78.277339, 19.691926], [78.277457, 19.691993], [78.277644, 19.692099], [78.280763, 19.691083], [78.285144, 19.689336], [78.28593, 19.68888], [78.287254, 19.688112], [78.287665, 19.687947], [78.287943, 19.687964], [78.288157, 19.687971], [78.291882, 19.688099], [78.300365, 19.688025], [78.300365, 19.688069], [78.303289, 19.691221], [78.307557, 19.691008], [78.312189, 19.691239], [78.313735, 19.69354], [78.314928, 19.70009], [78.3149, 19.700095], [78.315883, 19.702829], [78.316944, 19.703215], [78.318809, 19.705915], [78.321523, 19.707527], [78.322582, 19.708111], [78.324034, 19.708257], [78.324016, 19.708303], [78.326236, 19.708724], [78.329986, 19.709076], [78.329993, 19.709029], [78.331558, 19.709441], [78.331572, 19.709391], [78.33364, 19.709729], [78.338346, 19.711453], [78.341713, 19.712765], [78.342443, 19.713111], [78.342403, 19.713169], [78.34277, 19.71348], [78.343532, 19.715465], [78.342308, 19.716899], [78.339331, 19.724767], [78.340176, 19.727455], [78.341046, 19.728343], [78.342841, 19.730043], [78.342923, 19.730121], [78.34135, 19.732861], [78.34112, 19.733261], [78.34115, 19.734534], [78.341518, 19.735242], [78.342081, 19.736325], [78.342643, 19.737405], [78.346295, 19.738238], [78.348257, 19.738208], [78.349541, 19.738188], [78.352361, 19.745904], [78.354481, 19.75045], [78.354628, 19.750425], [78.355902, 19.75353], [78.355832, 19.753561], [78.356394, 19.756685], [78.356996, 19.760335], [78.357167, 19.761435], [78.357264, 19.76141], [78.358175, 19.765968], [78.358622, 19.767203], [78.35864, 19.767241], [78.359208, 19.768526], [78.359214, 19.768537], [78.360706, 19.771046], [78.360841, 19.771027], [78.362752, 19.774187], [78.363949, 19.778415], [78.364379, 19.78101], [78.36436, 19.782518], [78.364313, 19.782519], [78.363437, 19.785714], [78.362322, 19.789476], [78.362073, 19.79079], [78.360934, 19.792796], [78.360121, 19.794674], [78.359049, 19.798613], [78.358628, 19.802471], [78.358104, 19.803518], [78.357625, 19.804698], [78.356497, 19.805826], [78.3551, 19.806293], [78.354764, 19.806642], [78.354724, 19.806684], [78.354706, 19.806809], [78.354656, 19.806822], [78.354571, 19.806655], [78.354449, 19.806417], [78.352398, 19.807183], [78.351175, 19.808486], [78.350279, 19.809617], [78.349201, 19.810526], [78.347242, 19.811337], [78.345793, 19.812198], [78.345136, 19.812805], [78.344788, 19.813304], [78.344726, 19.813323], [78.344711, 19.813327], [78.340928, 19.814039], [78.340759, 19.814071], [78.339684, 19.81411], [78.338021, 19.81417], [78.33766, 19.814213], [78.337116, 19.814276], [78.33712, 19.814212], [78.33712, 19.814208], [78.33689, 19.81422], [78.336055, 19.814262], [78.335654, 19.814274], [78.335068, 19.814315], [78.33403, 19.814387], [78.334609, 19.819749], [78.334786, 19.823921], [78.335562, 19.82839], [78.336085, 19.830986], [78.336084, 19.83103], [78.336738, 19.834242], [78.336902, 19.835912], [78.336893, 19.836571], [78.33693, 19.837317], [78.336915, 19.837364], [78.335198, 19.838013], [78.335009, 19.83806], [78.334644, 19.8383], [78.331756, 19.839188], [78.33127, 19.839246], [78.329926, 19.839804], [78.328071, 19.840436], [78.327622, 19.840589], [78.325814, 19.841037], [78.324302, 19.841474], [78.323013, 19.841714], [78.320953, 19.841969], [78.31974, 19.842129], [78.317379, 19.84237], [78.317354, 19.842318], [78.317354, 19.842317], [78.317292, 19.842229], [78.317143, 19.842142], [78.316953, 19.842106], [78.316835, 19.842118], [78.316739, 19.842165], [78.31664, 19.842259], [78.316611, 19.842314], [78.316359, 19.842289], [78.316278, 19.842397], [78.316124, 19.842603], [78.31478, 19.842499], [78.311073, 19.842192], [78.306914, 19.841001], [78.303586, 19.840084], [78.302254, 19.840184], [78.300661, 19.840304], [78.299545, 19.840957], [78.29923, 19.841178], [78.298302, 19.841831], [78.296661, 19.842548], [78.29592, 19.842926], [78.294854, 19.84347], [78.294476, 19.843754], [78.293602, 19.844411], [78.292473, 19.845265], [78.291987, 19.845432], [78.291213, 19.845998], [78.290745, 19.84634], [78.289868, 19.846562], [78.28893, 19.846801], [78.288466, 19.84693], [78.288325, 19.846969], [78.287022, 19.847261], [78.286257, 19.847425], [78.285859, 19.84751], [78.28561, 19.84878], [78.28555, 19.849789], [78.285496, 19.850536], [78.285493, 19.850535], [78.285391, 19.851236], [78.285104, 19.855402], [78.285087, 19.856675], [78.285637, 19.857165], [78.285711, 19.857148], [78.286004, 19.857432], [78.287663, 19.85833], [78.290812, 19.860593], [78.291535, 19.861344], [78.291703, 19.861495], [78.292387, 19.862381], [78.293074, 19.863048], [78.293515, 19.864308], [78.293901, 19.864597], [78.293922, 19.864551], [78.293939, 19.864532], [78.293948, 19.864632], [78.294017, 19.865385], [78.296379, 19.869188], [78.297555, 19.871485], [78.297914, 19.872147], [78.29787, 19.872191], [78.298899, 19.8751], [78.298862, 19.877821], [78.298943, 19.878744], [78.298988, 19.878832], [78.299564, 19.880902], [78.299727, 19.881362], [78.299877, 19.881784], [78.299925, 19.881742], [78.300029, 19.881979], [78.300646, 19.88338], [78.300915, 19.883991], [78.30113, 19.884873], [78.302323, 19.889758], [78.302604, 19.890187], [78.302583, 19.890186], [78.303492, 19.896233], [78.304673, 19.90238], [78.306083, 19.906713], [78.306583, 19.907655], [78.306605, 19.908256], [78.306575, 19.908268], [78.306707, 19.908592], [78.306666, 19.909076], [78.306754, 19.910174], [78.306801, 19.911757], [78.306784, 19.913048], [78.3068, 19.913301], [78.30684, 19.913952], [78.306938, 19.914341], [78.307891, 19.914481], [78.309596, 19.914598], [78.310888, 19.915001], [78.312626, 19.915215], [78.31388, 19.915875], [78.317182, 19.916495], [78.31719, 19.916467], [78.318341, 19.916574], [78.321, 19.916831], [78.322603, 19.916914], [78.32267, 19.91698], [78.324172, 19.916965], [78.327248, 19.916614]]]}}]}